#VRML V2.0 utf8
# 3D model generated by easyeda2kicad.py (https://github.com/uPesy/easyeda2kicad.py)

Shape{
    appearance Appearance {
        material  Material 	{
            diffuseColor 1.0 0.9215686274509803 0.8117647058823529
            specularColor 0.5019607843137255 0.4588235294117647 0.403921568627451
            ambientIntensity 0.2
            transparency 0
            shininess 0.5
        }
    }
    geometry IndexedFaceSet {
        ccw TRUE
        solid FALSE
        coord DEF co Coordinate {
            point [
                0.0164 1.0492 0.397, 0.0164 1.0492 0.3775, -0.0478 1.0492 0.3775, -0.0733 1.0492 0.4643, -0.0784 1.0492 0.4649, -0.0518 1.0492 0.4649, 0.8071 1.0492 0.1575, 0.7637 1.0492 0.1575, 0.7637 1.0492 0.2648, 0.0164 1.0492 0.2648, 0.0164 1.0492 0.1575, -0.0478 1.0492 0.1575, -0.1208 1.0492 0.4567, -0.1208 1.0492 0.4353, -0.1388 1.0492 0.4353, -0.1249 1.0492 0.2915, -0.1221 1.0492 0.2912, -0.1388 1.0492 0.2912, -0.1103 1.0492 0.2914, -0.1083 1.0492 0.2921, -0.1083 1.0492 0.2912, -0.2043 1.0492 0.3508, -0.2043 1.0492 0.3295, -0.2168 1.0492 0.3295, 0.0742 1.0492 0.4123, 0.0614 1.0492 0.4014, 0.0164 1.0492 0.4649, 0.1268 1.0492 0.4649, 0.1163 1.0492 0.4576, 0.0994 1.0492 0.4376, 0.0907 1.0492 0.4201, 0.0883 1.0492 0.4193, 0.2014 1.0492 0.48, 0.1808 1.0492 0.4822, 0.0164 1.0492 1.9685, 0.1575 1.0492 0.4793, 0.134 1.0492 0.47, 0.2235 1.0492 0.4723, 0.4134 1.0492 1.378, 0.7283 1.0492 1.378, 0.7637 1.0492 1.9685, 0.7637 1.0492 0.4649, 0.2358 1.0492 0.4649, 0.4134 1.0492 0.4649, 0.2378 1.0492 0.4637, 0.4134 1.0492 0.397, 0.3397 1.0492 0.397, 0.3354 1.0492 0.4066, 0.3241 1.0492 0.421, 0.2879 1.0492 0.4416, 0.2695 1.0492 0.4438, 0.2489 1.0492 0.4542, 0.2641 1.0492 0.4435, 0.2586 1.0492 0.4429, 0.3206 1.0492 0.4243, 0.3055 1.0492 0.4349, 0.2885 1.0492 0.2925, 0.2951 1.0492 0.2945, 0.4134 1.0492 0.2912, 0.3122 1.0492 0.303, 0.3265 1.0492 0.3152, 0.3375 1.0492 0.331, 0.3442 1.0492 0.3487, 0.4134 1.0492 0.3775, 0.3464 1.0492 0.367, 0.3462 1.0492 0.3718, 0.3452 1.0492 0.3775, 0.343 1.0492 0.3896, 0.2674 1.0492 0.2666, 0.2767 1.0492 0.2736, 0.4134 1.0492 0.2648, 0.2838 1.0492 0.2823, 0.2879 1.0492 0.2912, 0.2238 1.0492 0.2648, 0.232 1.0492 0.2616, 0.4134 1.0492 0.1575, 0.2434 1.0492 0.2602, 0.2453 1.0492 0.2603, 0.2565 1.0492 0.262, 0.2631 1.0492 0.2648, 0.199 1.0492 0.2912, 0.199 1.0492 0.291, 0.2046 1.0492 0.2805, 0.2119 1.0492 0.2723, 0.2214 1.0492 0.2657, 0.0459 1.0492 0.3734, 0.0437 1.0492 0.3579, 0.1384 1.0492 0.3192, 0.1352 1.0492 0.3205, 0.1296 1.0492 0.3475, 0.2079 1.0492 0.3394, 0.1443 1.0492 0.3727, 0.2161 1.0492 0.347, 0.2262 1.0492 0.3524, 0.1413 1.0492 0.3171, 0.0519 1.0492 0.326, 0.0613 1.0492 0.3129, 0.0164 1.0492 0.2912, 0.0734 1.0492 0.3616, 0.0756 1.0492 0.3707, 0.0792 1.0492 0.3775, 0.3153 1.0492 0.3775, 0.0459 1.0492 0.341, 0.1315 1.0492 0.3209, 0.131 1.0492 0.3209, 0.1296 1.0492 0.3206, 0.3125 1.0492 0.349, 0.3069 1.0492 0.3394, 0.2828 1.0492 0.3345, 0.2984 1.0492 0.3306, 0.288 1.0492 0.3243, 0.2652 1.0492 0.3502, 0.2749 1.0492 0.3434, 0.3165 1.0492 0.3679, 0.3159 1.0492 0.3606, 0.2548 1.0492 0.3542, 0.2434 1.0492 0.3556, 0.2377 1.0492 0.3552, 0.0742 1.0492 0.3019, 0.0887 1.0492 0.2949, 0.1044 1.0492 0.2915, 0.1462 1.0492 0.3062, 0.1461 1.0492 0.3081, 0.196 1.0492 0.3124, 0.1451 1.0492 0.3117, 0.1433 1.0492 0.315, 0.0828 1.0492 0.3324, 0.0775 1.0492 0.3398, 0.0743 1.0492 0.3482, 0.0731 1.0492 0.3575, 0.1324 1.0492 0.2915, 0.1351 1.0492 0.292, 0.1382 1.0492 0.2932, 0.1413 1.0492 0.2954, 0.1424 1.0492 0.2965, 0.1445 1.0492 0.2995, 0.1457 1.0492 0.3027, 0.1963 1.0492 0.3028, 0.196 1.0492 0.3077, 0.1286 1.0492 0.3205, 0.1073 1.0492 0.3205, 0.0988 1.0492 0.3221, 0.0904 1.0492 0.326, 0.0834 1.0492 0.3317, 0.1139 1.0492 0.3945, 0.311 1.0492 0.39, 0.3151 1.0492 0.3794, 0.1101 1.0492 0.3945, 0.08 1.0492 0.3789, 0.0855 1.0492 0.385, 0.0928 1.0492 0.3902, 0.1011 1.0492 0.3934, 0.1241 1.0492 0.4229, 0.1348 1.0492 0.4357, 0.2439 1.0492 0.4082, 0.1361 1.0492 0.4369, 0.1494 1.0492 0.4461, 0.2367 1.0492 0.4232, 0.3061 1.0492 0.397, 0.2473 1.0492 0.4101, 0.1145 1.0492 0.397, 0.1168 1.0492 0.4077, 0.258 1.0492 0.414, 0.2691 1.0492 0.4153, 0.274 1.0492 0.4151, 0.226 1.0492 0.4359, 0.1643 1.0492 0.4518, 0.2133 1.0492 0.4452, 0.1803 1.0492 0.4538, 0.1978 1.0492 0.4515, 0.2857 1.0492 0.4123, 0.2963 1.0492 0.4067, 0.3045 1.0492 0.3994, 0.0582 1.0492 0.397, 0.0517 1.0492 0.3879, 0.0475 1.0492 0.3775, -0.2301 1.0492 0.3585, -0.2301 1.0492 0.3508, -0.2379 1.0492 0.3775, -0.2316 1.0492 0.2994, -0.2379 1.0492 0.2912, -0.2316 1.0492 0.2918, -0.2168 1.0492 0.2912, -0.2043 1.0492 0.2994, -0.2168 1.0492 0.2994, -0.2043 1.0492 0.3218, -0.2168 1.0492 0.3218, -0.2282 1.0492 0.3218, -0.2282 1.0492 0.3295, -0.2168 1.0492 0.3508, -0.2168 1.0492 0.2918, -0.1957 1.0492 0.2918, -0.1912 1.0492 0.2912, -0.1957 1.0492 0.3585, -0.0579 1.0492 0.3142, -0.0595 1.0492 0.328, -0.0562 1.0492 0.3115, -0.0552 1.0492 0.3084, -0.0779 1.0492 0.3334, -0.0751 1.0492 0.3337, -0.0706 1.0492 0.3201, -0.1044 1.0492 0.3021, -0.0931 1.0492 0.3224, -0.1044 1.0492 0.2934, -0.0931 1.0492 0.2918, -0.08 1.0492 0.2938, -0.0778 1.0492 0.2925, -0.0847 1.0492 0.2918, -0.0746 1.0492 0.2912, -0.0604 1.0492 0.3164, -0.0638 1.0492 0.3183, -0.0652 1.0492 0.3316, -0.0705 1.0492 0.3333, -0.0518 1.0492 0.2648, -0.0651 1.0492 0.2912, -0.0518 1.0492 0.2912, -0.0649 1.0492 0.2912, -0.0617 1.0492 0.2924, -0.0589 1.0492 0.2944, -0.058 1.0492 0.2953, -0.0562 1.0492 0.2979, -0.108 1.0492 0.2999, -0.1083 1.0492 0.2998, -0.1083 1.0492 0.3175, -0.0847 1.0492 0.2991, -0.0845 1.0492 0.2991, -0.0827 1.0492 0.2965, -0.0552 1.0492 0.3007, -0.0548 1.0492 0.3045, -0.0518 1.0492 0.3775, -0.0595 1.0492 0.3361, -0.1048 1.0492 0.3233, -0.0923 1.0492 0.3294, -0.1045 1.0492 0.3266, -0.0847 1.0492 0.3221, -0.0845 1.0492 0.3257, -0.0836 1.0492 0.3287, -0.0826 1.0492 0.3304, -0.0612 1.0492 0.3371, -0.0674 1.0492 0.3395, -0.0759 1.0492 0.3405, -0.0876 1.0492 0.3371, -0.1074 1.0492 0.3345, -0.0849 1.0492 0.3388, -0.0816 1.0492 0.3399, -0.1048 1.0492 0.3295, -0.1058 1.0492 0.3322, -0.0909 1.0492 0.333, -0.0892 1.0492 0.3356, -0.1082 1.0492 0.3176, -0.1069 1.0492 0.319, -0.1058 1.0492 0.3208, -0.0813 1.0492 0.3318, -0.0799 1.0492 0.3327, -0.1119 1.0492 0.2912, -0.1083 1.0492 0.2648, -0.1174 1.0492 0.2906, -0.1343 1.0492 0.3384, -0.1343 1.0492 0.3303, -0.1083 1.0492 0.3353, -0.1083 1.0492 0.3775, -0.1098 1.0492 0.3367, -0.1119 1.0492 0.338, -0.1362 1.0492 0.3014, -0.1352 1.0492 0.2987, -0.1336 1.0492 0.2965, -0.1164 1.0492 0.3397, -0.123 1.0492 0.3405, -0.1388 1.0492 0.3775, -0.1289 1.0492 0.34, -0.1338 1.0492 0.3126, -0.1354 1.0492 0.3103, -0.1363 1.0492 0.3078, -0.1366 1.0492 0.3047, -0.1312 1.0492 0.2944, -0.1293 1.0492 0.2932, -0.1222 1.0492 0.3337, -0.1197 1.0492 0.3335, -0.1131 1.0492 0.3273, -0.1175 1.0492 0.3329, -0.1156 1.0492 0.3319, -0.1132 1.0492 0.3262, -0.1135 1.0492 0.3249, -0.1141 1.0492 0.3238, -0.1149 1.0492 0.3229, -0.1179 1.0492 0.321, -0.1274 1.0492 0.3332, -0.123 1.0492 0.3188, -0.1321 1.0492 0.3315, -0.1263 1.0492 0.3175, -0.1318 1.0492 0.3144, -0.1144 1.0492 0.3308, -0.1137 1.0492 0.3298, -0.1132 1.0492 0.3286, -0.1132 1.0492 0.298, -0.1171 1.0492 0.3127, -0.1122 1.0492 0.315, -0.1182 1.0492 0.2975, -0.1185 1.0492 0.2975, -0.1226 1.0492 0.3104, -0.1228 1.0492 0.2979, -0.128 1.0492 0.3039, -0.128 1.0492 0.3049, -0.125 1.0492 0.2987, -0.1257 1.0492 0.2992, -0.1267 1.0492 0.3, -0.1274 1.0492 0.3011, -0.1279 1.0492 0.3023, -0.1276 1.0492 0.3062, -0.1269 1.0492 0.3074, -0.1259 1.0492 0.3084, -0.2624 1.0492 0.4159, -0.2379 1.0492 0.4159, -0.2692 1.0492 0.3976, -0.2379 1.0492 0.397, -0.2787 1.0492 0.3976, -0.2346 1.0492 0.4159, -0.2282 1.0492 0.3976, -0.2168 1.0492 0.397, -0.2187 1.0492 0.3976, -0.2168 1.0492 0.4649, -0.2379 1.0492 0.4481, -0.2379 1.0492 0.4649, -0.2441 1.0492 0.4643, -0.2533 1.0492 0.4643, -0.1912 1.0492 0.397, -0.1903 1.0492 0.399, -0.179 1.0492 0.3976, -0.1797 1.0492 0.4643, -0.1912 1.0492 0.4649, -0.1543 1.0492 0.4649, -0.1543 1.0492 0.397, -0.1606 1.0492 0.3976, -0.1606 1.0492 0.4643, -0.2132 1.0492 0.4198, -0.2099 1.0492 0.4129, -0.2073 1.0492 0.4532, -0.2114 1.0492 0.4474, -0.2049 1.0492 0.407, -0.198 1.0492 0.402, -0.1912 1.0492 0.3993, -0.2049 1.0492 0.4555, -0.1899 1.0492 0.4632, -0.1912 1.0492 0.4627, -0.1979 1.0492 0.4603, -0.2139 1.0492 0.441, -0.215 1.0492 0.4318, -0.2148 1.0492 0.4276, -0.1388 1.0492 0.4649, -0.1465 1.0492 0.4643, -0.1388 1.0492 0.4643, -0.1208 1.0492 0.4052, -0.1388 1.0492 0.4052, -0.1208 1.0492 0.4277, -0.1388 1.0492 0.4277, -0.1446 1.0492 0.4277, -0.148 1.0492 0.4052, -0.1446 1.0492 0.4353, -0.1465 1.0492 0.4567, -0.1388 1.0492 0.4567, -0.1122 1.0492 0.3976, -0.1083 1.0492 0.397, -0.1388 1.0492 0.397, -0.148 1.0492 0.3976, -0.1388 1.0492 0.3976, -0.1122 1.0492 0.4643, -0.1083 1.0492 0.4649, -0.8071 1.0492 0.0, -1.1811 1.0492 0.0, -0.8071 1.0492 0.1575, -1.1811 1.0492 0.2648, -0.4134 1.0492 1.378, -0.4134 1.0492 0.4649, -0.4134 1.0492 0.397, -0.4134 1.0492 0.3775, -0.3118 1.0492 0.2918, -0.3022 1.0492 0.2918, -0.2983 1.0492 0.3217, -0.2967 1.0492 0.3139, -0.3276 1.0492 0.3585, -0.3369 1.0492 0.3585, -0.4134 1.0492 0.2912, -0.3623 1.0492 0.2918, -0.3528 1.0492 0.2918, -0.2934 1.0492 0.307, -0.2885 1.0492 0.3011, -0.2815 1.0492 0.2961, -0.2442 1.0492 0.3585, -0.2442 1.0492 0.2918, -0.2626 1.0492 0.2918, -0.2739 1.0492 0.2931, -0.2985 1.0492 0.326, -0.2974 1.0492 0.3352, -0.2885 1.0492 0.3496, -0.2908 1.0492 0.3474, -0.2949 1.0492 0.3415, -0.2632 1.0492 0.3585, -0.2734 1.0492 0.3574, -0.2815 1.0492 0.3544, -0.3459 1.0492 0.31, -0.3182 1.0492 0.31, -0.4134 1.0492 0.2648, -0.4134 1.0492 0.1575, -0.2379 1.0492 0.2648, -0.2379 1.0492 0.1575, -0.2168 1.0492 0.2648, -0.2168 1.0492 0.1575, -0.1912 1.0492 0.2648, -0.1912 1.0492 0.1575, -0.1543 1.0492 0.2648, -0.1543 1.0492 0.1575, -0.1388 1.0492 0.2648, -0.1388 1.0492 0.1575, -0.1083 1.0492 0.1575, -0.0518 1.0492 0.1575, -0.0478 1.0492 0.2648, 0.7283 1.0492 0.1575, 0.7283 1.0492 0.2648, 0.7637 1.0492 0.2912, 0.7283 1.0492 0.2912, 0.7637 1.0492 0.3775, 0.7283 1.0492 0.3775, 0.7637 1.0492 0.397, 0.7283 1.0492 0.397, 0.7283 1.0492 0.4649, 1.1811 1.0492 0.2648, 1.1811 1.0492 0.0, 0.8071 1.0492 0.0, -0.0917 1.0492 0.4648, -0.0988 1.0492 0.4627, -0.0988 1.0492 0.4537, -0.0988 1.0492 0.4086, -0.0988 1.0492 0.4004, -0.0977 1.0492 0.3998, -0.0905 1.0492 0.3975, -0.0862 1.0492 0.397, -0.0913 1.0492 0.4567, -0.0831 1.0492 0.4577, -0.0981 1.0492 0.4541, -0.0797 1.0492 0.4575, -0.074 1.0492 0.4562, -0.0688 1.0492 0.4536, -0.0649 1.0492 0.4503, -0.0645 1.0492 0.4498, -0.0612 1.0492 0.4452, -0.059 1.0492 0.4394, -0.0579 1.0492 0.4302, -0.058 1.0492 0.4269, -0.0592 1.0492 0.4204, -0.0847 1.0492 0.4043, -0.0922 1.0492 0.4057, -0.0701 1.0492 0.4068, -0.0749 1.0492 0.405, -0.0816 1.0492 0.4042, -0.0615 1.0492 0.4152, -0.0644 1.0492 0.4112, -0.0658 1.0492 0.4099, -0.083 1.0492 0.4655, -0.0518 1.0492 1.9685, -0.0902 1.0492 0.4649, -0.1083 1.0492 1.9685, -0.0536 1.0492 0.4493, -0.0585 1.0492 0.4556, -0.0601 1.0492 0.4572, -0.0664 1.0492 0.4616, -0.0518 1.0492 0.4146, -0.0502 1.0492 0.4188, -0.0478 1.0492 0.397, -0.0488 1.0492 0.4297, -0.049 1.0492 0.4332, -0.0478 1.0492 0.4649, -0.0505 1.0492 0.4419, -0.0518 1.0492 0.4451, -0.0691 1.0492 0.3982, -0.0628 1.0492 0.4011, -0.0518 1.0492 0.397, -0.0574 1.0492 0.4056, -0.0569 1.0492 0.4062, -0.0529 1.0492 0.4119, -0.0745 1.0492 0.397, -0.0763 1.0492 0.3967, -0.0803 1.0492 0.3965, -0.0745 1.0492 0.2912, -0.0699 1.0492 0.2906, -0.178 1.0492 0.3394, -0.1867 1.0492 0.3394, -0.1912 1.0492 0.3775, -0.2168 1.0492 0.3585, -0.2168 1.0492 0.3775, -0.1677 1.0492 0.2912, -0.1628 1.0492 0.3036, -0.1638 1.0492 0.2997, -0.164 1.0492 0.2997, -0.1543 1.0492 0.3775, -0.1543 1.0492 0.3278, -0.165 1.0492 0.3035, -0.1644 1.0492 0.3013, -0.1543 1.0492 0.2912, -0.1543 1.0492 0.3054, -0.141 1.0492 0.3394, -0.1503 1.0492 0.3394, -0.1597 1.0492 0.2919, -0.1594 1.0492 0.2912, -0.156 1.0492 0.2832, -0.1427 1.0492 0.27, -0.1427 1.0492 0.2774, -0.1528 1.0492 0.2784, -0.1543 1.0492 0.2801, -0.1543 1.0492 0.2802, -0.1444 1.0492 0.2769, -0.1474 1.0492 0.2765, -0.1543 1.0492 0.2708, -0.1515 1.0492 0.2697, -0.1481 1.0492 0.2693, -0.1462 1.0492 0.2694, -0.1496 1.0492 0.2767, -0.1514 1.0492 0.2775, -0.1651 1.0492 0.2846, -0.1613 1.0492 0.2772, -0.1582 1.0492 0.2735, -0.1577 1.0492 0.273, -0.1548 1.0492 0.271, 1.1811 1.0492 0.2912, 1.1811 1.0492 0.3775, 1.1811 1.0492 0.397, 1.1811 1.0492 0.4649, 1.1811 1.0492 1.9685, -0.0461 1.0492 0.4052, -0.0461 1.0492 0.3976, -0.0109 1.0492 0.3976, -0.0195 1.0492 0.4643, -0.0195 1.0492 0.4052, -0.0109 1.0492 0.4643, -0.0478 1.0492 0.2912, -0.0468 1.0492 0.2918, -0.0109 1.0492 0.2918, -0.0468 1.0492 0.2994, -0.0453 1.0492 0.3508, -0.0195 1.0492 0.3218, -0.0195 1.0492 0.2994, -0.0434 1.0492 0.3218, -0.0434 1.0492 0.3295, -0.0195 1.0492 0.3295, -0.0195 1.0492 0.3508, -0.0109 1.0492 0.3585, -0.0453 1.0492 0.3585, -0.0478 1.0492 1.9685, -0.7283 1.0492 0.1575, -0.7283 1.0492 0.2648, -0.7283 1.0492 0.2912, -1.1811 1.0492 0.2912, -0.7283 1.0492 0.3775, -1.1811 1.0492 0.3775, -0.7283 1.0492 0.397, -1.1811 1.0492 0.397, -0.7283 1.0492 0.4649, -1.1811 1.0492 0.4649, -0.7283 1.0492 1.378, -1.1811 1.0492 1.9685, -0.2379 1.0492 1.9685, -0.2168 1.0492 1.9685, -0.1912 1.0492 1.9685, -0.1543 1.0492 1.9685, -0.1388 1.0492 1.9685, -0.1388 1.0492 1.9685
            ]
        }
        coordIndex [
            0,1,2,-1,3,4,5,-1,6,7,8,-1,9,10,11,-1,12,13,14,-1,15,16,17,-1,18,19,20,-1,21,22,23,-1,24,25,26,-1,26,25,0,-1,27,28,26,-1,26,28,29,-1,29,30,26,-1,26,30,31,-1,26,31,24,-1,32,33,34,-1,34,33,35,-1,34,35,36,-1,37,32,38,-1,38,32,34,-1,38,34,39,-1,39,34,40,-1,39,40,41,-1,37,38,42,-1,42,38,43,-1,42,43,44,-1,45,46,43,-1,43,46,47,-1,43,47,48,-1,43,49,44,-1,44,49,50,-1,44,50,51,-1,51,50,52,-1,51,52,53,-1,48,54,43,-1,43,54,55,-1,43,55,49,-1,56,57,58,-1,58,57,59,-1,58,59,60,-1,60,61,58,-1,58,61,62,-1,58,62,63,-1,63,62,64,-1,64,65,63,-1,63,65,66,-1,63,66,45,-1,45,66,67,-1,45,67,46,-1,68,69,70,-1,70,69,71,-1,70,71,58,-1,58,71,72,-1,58,72,56,-1,9,73,10,-1,10,73,74,-1,10,74,75,-1,75,74,76,-1,76,77,75,-1,75,77,78,-1,75,78,70,-1,70,78,79,-1,70,79,68,-1,80,81,9,-1,9,81,82,-1,82,83,9,-1,9,83,84,-1,9,84,73,-1,85,86,1,-1,87,88,89,-1,90,91,92,-1,92,91,93,-1,87,89,94,-1,95,96,97,-1,98,99,91,-1,91,99,100,-1,91,100,101,-1,1,86,97,-1,97,86,102,-1,97,102,95,-1,88,103,89,-1,89,103,104,-1,89,104,105,-1,106,107,108,-1,108,107,109,-1,108,109,110,-1,111,101,112,-1,112,101,113,-1,112,113,108,-1,108,113,114,-1,108,114,106,-1,111,115,101,-1,101,115,116,-1,101,116,91,-1,91,116,117,-1,91,117,93,-1,96,118,97,-1,97,118,119,-1,97,119,120,-1,121,122,123,-1,123,122,124,-1,123,124,89,-1,89,124,125,-1,89,125,94,-1,126,127,89,-1,89,127,128,-1,89,128,91,-1,91,128,129,-1,91,129,98,-1,130,131,80,-1,131,132,80,-1,80,132,133,-1,80,133,134,-1,134,135,80,-1,80,135,136,-1,80,136,137,-1,137,136,121,-1,137,121,138,-1,138,121,123,-1,105,139,89,-1,89,139,140,-1,89,140,141,-1,141,142,89,-1,89,142,143,-1,89,143,126,-1,144,145,146,-1,146,101,144,-1,144,101,100,-1,144,100,147,-1,147,100,148,-1,148,149,147,-1,147,149,150,-1,147,150,151,-1,152,153,154,-1,153,155,154,-1,154,155,156,-1,154,156,157,-1,158,154,159,-1,145,144,158,-1,158,144,160,-1,158,160,154,-1,154,160,161,-1,154,161,152,-1,159,162,158,-1,158,162,163,-1,158,163,164,-1,157,156,165,-1,165,156,166,-1,165,166,167,-1,167,166,168,-1,167,168,169,-1,170,171,164,-1,164,171,172,-1,164,172,158,-1,25,173,0,-1,0,173,174,-1,0,174,1,-1,1,174,175,-1,1,175,85,-1,176,177,178,-1,178,177,179,-1,178,179,180,-1,180,179,181,-1,180,181,182,-1,183,184,185,-1,185,184,186,-1,186,184,187,-1,187,184,179,-1,187,179,188,-1,188,179,177,-1,188,177,23,-1,23,177,189,-1,23,189,21,-1,181,190,182,-1,182,190,191,-1,182,191,192,-1,192,191,193,-1,194,195,196,-1,196,195,197,-1,198,199,200,-1,201,202,203,-1,203,202,204,-1,203,204,19,-1,205,206,207,-1,207,206,208,-1,207,208,204,-1,194,209,195,-1,195,209,210,-1,195,210,211,-1,211,210,200,-1,211,200,212,-1,212,200,199,-1,213,214,215,-1,215,214,216,-1,215,216,217,-1,217,218,215,-1,215,218,219,-1,215,219,220,-1,221,222,223,-1,224,225,207,-1,207,225,226,-1,207,226,205,-1,220,227,215,-1,215,227,228,-1,215,228,229,-1,229,228,197,-1,229,197,230,-1,230,197,195,-1,202,231,232,-1,232,231,233,-1,234,235,200,-1,200,235,236,-1,200,236,237,-1,221,223,201,-1,230,238,229,-1,229,238,239,-1,229,239,240,-1,241,242,243,-1,243,242,229,-1,243,229,244,-1,244,229,240,-1,233,245,232,-1,232,245,246,-1,232,246,247,-1,247,246,242,-1,247,242,248,-1,248,242,241,-1,223,249,201,-1,201,249,250,-1,201,250,202,-1,202,250,251,-1,202,251,231,-1,237,252,200,-1,200,252,253,-1,200,253,198,-1,18,20,254,-1,254,20,255,-1,254,255,256,-1,257,258,17,-1,242,259,260,-1,260,259,261,-1,260,261,262,-1,263,264,17,-1,17,264,265,-1,262,266,260,-1,260,266,267,-1,260,267,268,-1,268,267,269,-1,268,269,257,-1,270,271,258,-1,258,271,272,-1,258,272,17,-1,17,272,273,-1,17,273,263,-1,265,274,17,-1,17,274,275,-1,17,275,15,-1,276,277,278,-1,278,277,279,-1,278,279,280,-1,278,281,276,-1,276,281,282,-1,276,282,283,-1,283,284,276,-1,276,284,285,-1,276,285,286,-1,286,285,287,-1,286,287,288,-1,288,287,289,-1,288,289,258,-1,258,289,290,-1,258,290,270,-1,291,292,280,-1,280,292,293,-1,280,293,278,-1,294,295,222,-1,222,295,296,-1,222,296,223,-1,294,297,295,-1,295,297,298,-1,295,298,299,-1,299,298,300,-1,299,301,302,-1,300,303,299,-1,299,303,304,-1,299,304,305,-1,305,306,299,-1,299,306,307,-1,299,307,301,-1,302,308,299,-1,299,308,309,-1,299,309,310,-1,311,312,313,-1,313,312,314,-1,313,314,315,-1,312,316,314,-1,314,316,317,-1,314,317,318,-1,318,317,319,-1,318,319,320,-1,320,319,321,-1,320,321,322,-1,322,321,323,-1,322,323,324,-1,325,326,327,-1,328,329,330,-1,325,327,331,-1,331,327,332,-1,331,332,330,-1,330,332,333,-1,330,333,328,-1,334,335,318,-1,336,337,320,-1,335,338,318,-1,318,338,339,-1,318,339,325,-1,325,339,340,-1,325,340,326,-1,336,320,341,-1,328,342,329,-1,329,342,343,-1,329,343,320,-1,320,343,344,-1,320,344,341,-1,337,345,320,-1,320,345,346,-1,320,346,318,-1,318,346,347,-1,318,347,334,-1,330,348,349,-1,349,348,350,-1,351,352,353,-1,353,352,354,-1,354,352,355,-1,355,352,356,-1,355,356,357,-1,357,356,358,-1,357,358,14,-1,14,358,359,-1,14,359,12,-1,360,361,362,-1,349,358,330,-1,330,358,356,-1,330,356,331,-1,331,356,363,-1,331,363,362,-1,362,363,364,-1,362,364,360,-1,350,348,365,-1,365,348,366,-1,365,366,360,-1,367,368,369,-1,369,368,370,-1,371,322,372,-1,372,322,324,-1,372,324,373,-1,324,315,373,-1,373,315,314,-1,373,314,374,-1,375,376,180,-1,377,378,376,-1,178,379,374,-1,374,379,380,-1,374,380,381,-1,381,380,382,-1,381,382,383,-1,378,384,376,-1,376,384,385,-1,376,385,386,-1,387,178,388,-1,388,178,180,-1,388,180,389,-1,389,180,376,-1,389,376,390,-1,390,376,386,-1,377,376,391,-1,391,376,379,-1,391,379,392,-1,393,394,379,-1,379,394,395,-1,379,395,392,-1,387,396,178,-1,178,396,397,-1,178,397,379,-1,379,397,398,-1,379,398,393,-1,399,400,383,-1,383,400,375,-1,383,375,381,-1,381,375,180,-1,381,180,401,-1,402,401,403,-1,402,403,404,-1,404,403,405,-1,404,405,406,-1,406,405,407,-1,406,407,408,-1,408,407,409,-1,408,409,410,-1,410,409,411,-1,410,411,412,-1,412,411,255,-1,412,255,413,-1,413,255,213,-1,413,213,414,-1,11,415,9,-1,9,415,97,-1,9,97,80,-1,80,97,120,-1,80,120,130,-1,7,416,8,-1,8,416,417,-1,8,417,418,-1,418,417,419,-1,418,419,420,-1,420,419,421,-1,420,421,422,-1,422,421,423,-1,422,423,41,-1,41,423,424,-1,41,424,39,-1,425,426,427,-1,428,429,366,-1,366,429,430,-1,431,432,361,-1,432,433,361,-1,361,433,434,-1,361,434,435,-1,436,437,431,-1,360,366,361,-1,361,366,430,-1,361,430,431,-1,431,430,438,-1,431,438,436,-1,437,439,431,-1,431,439,440,-1,431,440,441,-1,441,442,431,-1,431,442,443,-1,431,443,444,-1,444,445,431,-1,431,445,446,-1,431,446,447,-1,448,449,447,-1,447,449,450,-1,447,450,431,-1,451,452,453,-1,448,454,449,-1,449,454,455,-1,449,455,453,-1,453,455,456,-1,453,456,451,-1,4,457,458,-1,458,457,459,-1,458,459,460,-1,5,461,462,-1,462,463,5,-1,5,463,464,-1,5,464,3,-1,465,466,467,-1,468,469,470,-1,470,469,471,-1,470,471,5,-1,5,471,472,-1,5,472,461,-1,473,474,475,-1,474,476,475,-1,475,476,477,-1,475,477,478,-1,473,475,479,-1,479,475,229,-1,479,229,480,-1,242,260,229,-1,229,260,481,-1,229,481,480,-1,19,204,20,-1,20,204,208,-1,20,208,255,-1,255,208,482,-1,255,482,213,-1,213,482,483,-1,213,483,214,-1,484,485,486,-1,176,178,487,-1,487,178,488,-1,487,488,193,-1,193,488,486,-1,193,486,192,-1,192,486,485,-1,192,485,489,-1,490,491,492,-1,486,493,484,-1,484,493,494,-1,484,494,495,-1,495,494,490,-1,495,490,496,-1,496,490,492,-1,497,498,17,-1,17,498,499,-1,257,17,268,-1,268,17,499,-1,268,499,493,-1,493,499,500,-1,493,500,494,-1,501,498,502,-1,502,498,497,-1,502,497,503,-1,411,504,505,-1,506,507,497,-1,497,507,508,-1,497,508,503,-1,256,255,16,-1,16,255,411,-1,16,411,17,-1,17,411,505,-1,17,505,497,-1,497,505,509,-1,497,509,510,-1,511,512,409,-1,409,512,513,-1,409,513,411,-1,411,513,514,-1,411,514,504,-1,510,515,497,-1,497,515,516,-1,497,516,506,-1,517,518,407,-1,518,519,407,-1,407,519,520,-1,407,520,409,-1,409,520,521,-1,409,521,511,-1,427,6,425,-1,425,6,8,-1,425,8,522,-1,522,8,418,-1,522,418,523,-1,523,418,420,-1,523,420,524,-1,524,420,422,-1,524,422,525,-1,525,422,41,-1,525,41,526,-1,526,41,40,-1,527,528,467,-1,467,528,529,-1,530,470,26,-1,466,468,467,-1,467,468,470,-1,467,470,527,-1,527,470,530,-1,527,530,531,-1,2,467,0,-1,0,467,529,-1,0,529,26,-1,26,529,532,-1,26,532,530,-1,533,534,535,-1,534,533,536,-1,536,533,2,-1,536,2,537,-1,538,539,540,-1,540,539,536,-1,540,536,541,-1,541,536,537,-1,541,537,542,-1,542,537,543,-1,415,533,97,-1,97,533,535,-1,97,535,1,-1,1,535,544,-1,1,544,2,-1,2,544,545,-1,2,545,537,-1,4,458,5,-1,5,458,546,-1,5,546,470,-1,470,546,34,-1,470,34,26,-1,26,34,36,-1,26,36,27,-1,11,414,415,-1,415,414,213,-1,415,213,533,-1,533,213,215,-1,533,215,2,-1,2,215,229,-1,2,229,467,-1,467,229,475,-1,467,475,465,-1,465,475,478,-1,547,369,548,-1,548,369,370,-1,548,370,549,-1,549,370,550,-1,549,550,551,-1,551,550,552,-1,551,552,553,-1,553,552,554,-1,553,554,555,-1,555,554,556,-1,555,556,557,-1,557,556,558,-1,557,558,371,-1,371,558,559,-1,371,559,322,-1,322,559,560,-1,322,560,320,-1,320,560,561,-1,320,561,329,-1,329,561,562,-1,329,562,330,-1,330,562,563,-1,330,563,348,-1,348,563,460,-1,348,460,366,-1,366,460,459,-1,366,459,428,-1,374,314,178,-1,178,314,318,-1,178,318,488,-1,488,318,325,-1,488,325,486,-1,486,325,331,-1,486,331,493,-1,493,331,362,-1,493,362,268,-1,268,362,361,-1,268,361,260,-1,260,361,435,-1,260,435,481,-1,401,180,403,-1,403,180,182,-1,403,182,405,-1,405,182,192,-1,405,192,407,-1,407,192,489,-1,407,489,517,-1,
        ]
    }
}
Shape{
    appearance Appearance {
        material  Material 	{
            diffuseColor 0.7529411764705882 0.7529411764705882 0.7529411764705882
            specularColor 0.3764705882352941 0.3764705882352941 0.3764705882352941
            ambientIntensity 0.2
            transparency 0
            shininess 0.5
        }
    }
    geometry IndexedFaceSet {
        ccw TRUE
        solid FALSE
        coord DEF co Coordinate {
            point [
                1.0236 0.4783 0.0787, 1.1811 0.4783 0.0787, 1.0236 0.6752 0.0787, 1.1811 0.6358 0.0787, 1.1417 0.6752 0.0787, 1.1798 0.646 0.0787, 1.1758 0.6555 0.0787, 1.1696 0.6637 0.0787, 1.1614 0.6699 0.0787, 1.1519 0.6739 0.0787, 1.1811 0.6358 0.0, 1.1811 0.4783 0.0, 1.0236 0.4783 0.0, 1.1696 0.6637 0.0, 1.1758 0.6555 0.0, 1.1798 0.646 0.0, 1.1614 0.6699 0.0, 1.0236 0.6752 0.0, 1.1417 0.6752 0.0, 1.1519 0.6739 0.0, -1.0236 0.6752 0.0, -1.0236 0.4783 0.0, -1.1417 0.6752 0.0, -1.1811 0.4783 0.0, -1.1772 0.6529 0.0, -1.1725 0.6604 0.0, -1.1801 0.6446 0.0, -1.1663 0.6666 0.0, -1.1588 0.6713 0.0, -1.1811 0.6358 0.0, -1.1505 0.6742 0.0, -1.1811 0.4783 0.0787, -1.1811 0.6358 0.0787, -1.0236 0.4783 0.0787, -1.0236 0.6752 0.0787, -1.1417 0.6752 0.0787, -1.1588 0.6713 0.0787, -1.1663 0.6666 0.0787, -1.1801 0.6446 0.0787, -1.1725 0.6604 0.0787, -1.1772 0.6529 0.0787, -1.1505 0.6742 0.0787, -1.1505 0.6742 0.0787
            ]
        }
        coordIndex [
            0,1,2,-1,2,1,3,-1,2,3,4,-1,4,3,5,-1,5,6,7,-1,7,8,5,-1,5,8,9,-1,5,9,4,-1,10,3,11,-1,11,3,1,-1,10,11,12,-1,13,14,15,-1,13,15,16,-1,12,17,10,-1,10,17,18,-1,10,18,15,-1,15,18,19,-1,15,19,16,-1,20,21,22,-1,22,21,23,-1,24,25,26,-1,26,25,27,-1,26,27,28,-1,23,29,22,-1,22,29,26,-1,22,26,30,-1,30,26,28,-1,31,32,23,-1,23,32,29,-1,33,34,31,-1,31,34,35,-1,31,35,32,-1,36,37,38,-1,38,37,39,-1,38,39,40,-1,32,35,38,-1,38,35,41,-1,38,41,36,-1,
        ]
    }
}
Shape{
    appearance Appearance {
        material  Material 	{
            diffuseColor 1.0 0.9215686274509803 0.8117647058823529
            specularColor 0.5019607843137255 0.4588235294117647 0.403921568627451
            ambientIntensity 0.2
            transparency 0
            shininess 0.5
        }
    }
    geometry IndexedFaceSet {
        ccw TRUE
        solid FALSE
        coord DEF co Coordinate {
            point [
                -1.063 1.0098 2.0079, -1.1417 1.0098 2.0079, -1.063 0.7736 2.0079, -1.1417 0.7736 2.0079, 1.063 1.0098 2.0079, 1.063 0.7736 2.0079, 1.1417 1.0098 2.0079, 1.1417 0.7736 2.0079, -0.9449 -0.0728 0.315, -0.9449 -0.2106 0.0, -0.9449 -0.0728 1.5748, -0.9449 -0.2106 1.9685, -0.9449 0.4193 1.5748, -0.9449 0.4193 1.9685, -0.9449 0.6752 0.0787, -0.9449 0.9705 0.0, -0.9449 0.0846 0.0787, -0.9449 0.0846 0.315, -0.9449 0.6161 1.5748, -0.9449 0.6161 1.9685, -0.9449 0.8327 1.5748, -0.9449 0.9705 1.9685, -0.9449 0.8327 0.315, -0.9449 0.6752 0.315, -1.0236 0.7343 0.315, -1.0236 0.7343 0.0, -1.0236 0.8327 0.315, -1.0236 0.9705 0.0, -1.0236 0.8327 1.5748, -1.0236 0.9705 1.9685, -1.0236 0.7343 1.5748, -1.0236 0.7343 1.9685, -1.0236 0.0256 1.5748, -1.0236 0.0256 1.9685, -1.0236 -0.0728 1.5748, -1.0236 -0.2106 1.9685, -1.0236 -0.0728 0.315, -1.0236 -0.2106 0.0, -1.0236 0.0256 0.315, -1.0236 0.0256 0.0, -1.0236 0.0256 0.0
            ]
        }
        coordIndex [
            0,1,2,-1,2,1,3,-1,4,5,6,-1,6,5,7,-1,8,9,10,-1,10,9,11,-1,10,11,12,-1,12,11,13,-1,14,15,16,-1,16,15,9,-1,16,9,17,-1,17,9,8,-1,18,19,20,-1,20,19,21,-1,20,21,22,-1,22,21,15,-1,22,15,23,-1,23,15,14,-1,24,25,26,-1,26,25,27,-1,26,27,28,-1,28,27,29,-1,28,29,30,-1,30,29,31,-1,32,33,34,-1,34,33,35,-1,34,35,36,-1,36,35,37,-1,36,37,38,-1,38,37,39,-1,
        ]
    }
}
Shape{
    appearance Appearance {
        material  Material 	{
            diffuseColor 0.7529411764705882 0.7529411764705882 0.7529411764705882
            specularColor 0.3764705882352941 0.3764705882352941 0.3764705882352941
            ambientIntensity 0.2
            transparency 0
            shininess 0.5
        }
    }
    geometry IndexedFaceSet {
        ccw TRUE
        solid FALSE
        coord DEF co Coordinate {
            point [
                -1.1417 0.6752 0.0, -1.1417 0.6752 0.0787, -1.0236 0.6752 0.0, -1.0236 0.6752 0.0787, -1.0236 0.6752 0.315, -0.9449 0.6752 0.315, -0.9449 0.6752 0.0787, -0.9679 0.6752 0.0231, -0.9843 0.6752 0.0105, -1.0032 0.6752 0.0027, -0.9476 0.6752 0.0584, -0.9554 0.6752 0.0394, -0.9449 0.0846 0.315, -1.0236 0.0846 0.315, -0.9449 0.0846 0.0787, -1.0236 0.0846 0.0787, -0.9476 0.0846 0.0584, -0.9554 0.0846 0.0394, -1.1417 0.0846 0.0787, -1.1417 0.0846 0.0, -1.0236 0.0846 0.0, -1.0032 0.0846 0.0027, -0.9843 0.0846 0.0105, -0.9679 0.0846 0.0231, -0.9679 0.0846 0.0231
            ]
        }
        coordIndex [
            0,1,2,-1,2,1,3,-1,4,5,3,-1,3,5,6,-1,7,8,3,-1,3,8,9,-1,3,9,2,-1,6,10,3,-1,3,10,11,-1,3,11,7,-1,12,13,14,-1,14,13,15,-1,14,15,16,-1,16,15,17,-1,18,19,15,-1,15,19,20,-1,15,20,21,-1,21,22,15,-1,15,22,23,-1,15,23,17,-1,
        ]
    }
}
Shape{
    appearance Appearance {
        material  Material 	{
            diffuseColor 1.0 0.9215686274509803 0.8117647058823529
            specularColor 0.5019607843137255 0.4588235294117647 0.403921568627451
            ambientIntensity 0.2
            transparency 0
            shininess 0.5
        }
    }
    geometry IndexedFaceSet {
        ccw TRUE
        solid FALSE
        coord DEF co Coordinate {
            point [
                -0.4134 -0.4075 0.1575, -0.8071 -0.4075 0.1575, -0.4134 -0.0531 0.1575, -0.8071 -0.0531 0.1575, -0.1772 -0.0531 0.1575, 0.1772 -0.0531 0.1575, -0.1772 -0.4075 0.1575, 0.1772 -0.4075 0.1575, 0.4134 -0.0531 0.1575, 0.8071 -0.0531 0.1575, 0.4134 -0.4075 0.1575, 0.8071 -0.4075 0.1575, -1.0236 0.7343 0.0, -1.1811 0.7343 0.0, -1.0236 0.9705 0.0, -1.1811 1.0492 0.0, -0.9449 0.9705 0.0, -0.8071 1.0492 0.0, -0.9449 -0.2106 0.0, -0.8071 -0.4075 0.0, -1.0236 -0.2106 0.0, -1.1811 -0.4075 0.0, -1.0236 0.0256 0.0, -1.1811 0.0256 0.0, 1.0236 0.0256 0.0, 1.1811 0.0256 0.0, 1.0236 -0.2106 0.0, 1.1811 -0.4075 0.0, 0.9449 -0.2106 0.0, 0.8071 -0.4075 0.0, 0.9449 0.9705 0.0, 0.8071 1.0492 0.0, 1.0236 0.9705 0.0, 1.1811 1.0492 0.0, 1.0236 0.7343 0.0, 1.1811 0.7343 0.0, -0.7874 0.8524 1.9685, -0.7874 0.8524 0.8268, -0.7283 0.8524 1.378, -0.7283 0.8524 0.8268, -0.4134 0.8524 0.8268, 0.4134 0.8524 0.8268, -0.4134 0.8524 1.378, 0.4134 0.8524 1.378, 0.7283 0.8524 0.8268, 0.7874 0.8524 0.8268, 0.7283 0.8524 1.378, 0.7874 0.8524 1.9685, 0.8268 0.6555 2.0079, 0.9055 0.6555 2.0079, 0.8268 0.8917 2.0079, 0.9055 1.0098 2.0079, -0.8268 0.8917 2.0079, -0.9055 1.0098 2.0079, -0.8268 0.6555 2.0079, -0.9055 0.6555 2.0079, -1.1811 0.7343 1.9685, -1.1811 1.0492 1.9685, -1.1811 1.0492 0.4649, -1.1811 1.0492 0.397, -1.1811 1.0492 0.3775, -1.1811 1.0492 0.2912, -1.1811 1.0492 0.2648, 1.1811 1.0492 0.2648, 1.1811 1.0492 0.2912, 1.1811 1.0492 0.3775, 1.1811 1.0492 1.9685, 1.1811 0.7343 1.9685, 1.1811 1.0492 0.4649, 1.1811 1.0492 0.397, -1.1811 0.0256 1.9685, -1.1811 -0.4075 1.9685, -0.1772 -0.4075 0.315, 0.1772 -0.4075 0.315, 0.4134 -0.4075 0.315, 1.1811 -0.4075 1.9685, -0.4134 -0.4075 0.315, 1.1811 0.0256 1.9685, 1.1417 -0.3681 2.0079, 1.1417 -0.0138 2.0079, 1.063 -0.0138 2.0079, 0.9055 0.3799 2.0079, 0.8268 0.3799 2.0079, 0.9055 -0.25 2.0079, 0.8268 -0.25 2.0079, 1.063 -0.25 2.0079, -1.1417 -0.3681 2.0079, -0.8268 -0.25 2.0079, -1.063 -0.0138 2.0079, -1.1417 -0.0138 2.0079, -1.063 -0.25 2.0079, -0.9055 -0.25 2.0079, -0.9055 0.3799 2.0079, -0.8268 0.3799 2.0079, -0.7874 0.4193 1.9685, -0.7874 -0.2106 1.9685, -0.7874 0.4193 1.2205, -0.7874 -0.2106 0.748, -0.7874 0.6161 1.9685, -0.7874 0.6161 1.2205, -0.7874 0.4193 0.8268, -0.7874 0.3406 0.748, 0.7874 -0.2106 1.9685, 0.7874 0.4193 1.9685, 0.7874 -0.2106 0.748, 0.7874 0.4193 1.2205, 0.7874 0.3406 0.748, 0.7874 0.4193 0.8268, 0.7874 0.6161 1.2205, 0.7874 0.6161 1.9685, -0.2953 0.4193 0.8268, -0.3207 0.4226 0.8268, 0.2953 0.4193 0.8268, -0.2698 0.4226 0.8268, 0.2698 0.4226 0.8268, 0.3903 0.4922 0.8268, 0.3805 0.4685 0.8268, 0.3649 0.4481 0.8268, -0.3207 0.6128 0.8268, -0.2953 0.6161 0.8268, 0.3445 0.4325 0.8268, 0.3207 0.4226 0.8268, -0.3445 0.4325 0.8268, -0.3649 0.4481 0.8268, -0.3805 0.4685 0.8268, -0.2461 0.603 0.8268, -0.2257 0.5873 0.8268, 0.2461 0.603 0.8268, 0.2953 0.6161 0.8268, 0.3207 0.6128 0.8268, 0.3445 0.603 0.8268, 0.3649 0.5873 0.8268, -0.3903 0.4922 0.8268, -0.3937 0.5177 0.8268, -0.2698 0.6128 0.8268, 0.2698 0.6128 0.8268, 0.3805 0.5669 0.8268, 0.3903 0.5432 0.8268, 0.3937 0.5177 0.8268, -0.3903 0.5432 0.8268, -0.3805 0.5669 0.8268, -0.3649 0.5873 0.8268, -0.3445 0.603 0.8268, 0.2257 0.4481 0.8268, -0.21 0.4685 0.8268, -0.2257 0.4481 0.8268, -0.2002 0.4922 0.8268, -0.21 0.5669 0.8268, -0.2002 0.5432 0.8268, 0.2257 0.5873 0.8268, 0.21 0.5669 0.8268, 0.2461 0.4325 0.8268, -0.2461 0.4325 0.8268, 0.21 0.4685 0.8268, 0.2002 0.4922 0.8268, -0.1969 0.5177 0.8268, 0.1969 0.5177 0.8268, 0.2002 0.5432 0.8268, -1.0236 0.7343 0.315, -1.0236 0.7343 1.5748, -1.0236 0.7343 1.9685, -1.0236 0.0256 1.9685, -1.0236 0.0256 1.5748, -1.0236 0.0256 0.315, 1.0236 0.7343 1.9685, 1.0236 0.7343 1.5748, 1.0236 0.7343 0.315, 1.0236 0.0256 1.5748, 1.0236 0.0256 1.9685, 1.0236 0.0256 0.315, 1.0236 0.8327 1.5748, 1.0236 0.9705 1.9685, 1.0236 0.8327 0.315, 1.0236 -0.0728 0.315, 1.0236 -0.0728 1.5748, 1.0236 -0.2106 1.9685, 0.9449 -0.2106 1.9685, 0.9449 0.8327 0.315, 0.9449 0.8327 1.5748, 0.9449 0.9705 1.9685, 0.9449 0.6161 1.5748, 0.9449 0.6161 1.9685, 0.9449 0.0846 0.0787, 0.9449 0.6752 0.0787, 0.9449 0.6752 0.315, 0.9449 0.4193 1.5748, 0.9449 0.4193 1.9685, 0.9449 -0.0728 1.5748, 0.9449 -0.0728 0.315, 0.9449 0.0846 0.315, -0.9449 -0.2106 1.9685, -1.0236 -0.2106 1.9685, -1.0236 0.9705 1.9685, -0.9449 0.9705 1.9685, -0.9449 0.4193 1.9685, -0.9449 0.4193 1.5748, -0.9449 0.4193 1.2205, -0.9449 0.6161 1.2205, -0.9449 0.6161 1.9685, -0.9449 0.6161 1.5748, 0.9449 0.6161 1.2205, 0.9449 0.4193 1.2205, 0.4134 1.0492 0.1575, 0.4134 1.0492 0.2648, 0.4134 0.8524 0.1575, 0.4134 1.0492 0.2912, 0.4134 1.0492 0.3775, 0.4134 1.0492 0.4649, 0.4134 1.0492 1.378, 0.4134 1.0492 0.397, 0.7283 1.0492 1.378, 0.7283 1.0492 0.4649, 0.7283 0.8524 0.1575, 0.7283 1.0492 0.397, 0.7283 1.0492 0.3775, 0.7283 1.0492 0.2912, 0.7283 1.0492 0.2648, 0.7283 1.0492 0.1575, -0.7283 1.0492 0.1575, -0.7283 1.0492 0.2648, -0.7283 0.8524 0.1575, -0.7283 1.0492 0.2912, -0.7283 1.0492 0.3775, -0.7283 1.0492 0.4649, -0.7283 1.0492 1.378, -0.7283 1.0492 0.397, -0.4134 1.0492 1.378, -0.4134 1.0492 0.4649, -0.4134 0.8524 0.1575, -0.4134 1.0492 0.397, -0.4134 1.0492 0.3775, -0.4134 1.0492 0.2912, -0.4134 1.0492 0.2648, -0.4134 1.0492 0.1575, -0.8071 1.0492 0.1575, -0.8071 0.7343 0.1575, 0.8071 0.7343 0.1575, 0.7637 1.0492 0.1575, 0.8071 1.0492 0.1575, -0.2379 1.0492 0.1575, -0.2168 1.0492 0.1575, -0.1912 1.0492 0.1575, -0.1543 1.0492 0.1575, -0.1388 1.0492 0.1575, -0.1083 1.0492 0.1575, -0.0518 1.0492 0.1575, -0.0478 1.0492 0.1575, 0.0164 1.0492 0.1575, -0.9055 -0.0531 0.1575, -0.9055 0.7343 0.1575, 0.9055 0.7343 0.1575, 0.9055 -0.0531 0.1575, -0.9055 0.7343 0.4724, -0.9055 -0.0531 0.4724, 0.4134 -0.0531 0.315, 0.9055 -0.0531 0.4724, 0.1772 -0.0531 0.315, -0.4134 -0.0531 0.315, -0.1772 -0.0531 0.315, 0.9055 0.7343 0.4724, -0.3903 0.5432 0.4724, -0.3937 0.5177 0.4724, 0.21 0.4685 0.4724, 0.2257 0.4481 0.4724, -0.3903 0.4922 0.4724, -0.3805 0.4685 0.4724, -0.3649 0.4481 0.4724, -0.3445 0.4325 0.4724, -0.3207 0.4226 0.4724, 0.2461 0.4325 0.4724, 0.2698 0.4226 0.4724, 0.2953 0.4193 0.4724, 0.3207 0.4226 0.4724, 0.3445 0.4325 0.4724, 0.3649 0.4481 0.4724, 0.3937 0.5177 0.4724, 0.3903 0.4922 0.4724, 0.3805 0.4685 0.4724, 0.3903 0.5432 0.4724, 0.3805 0.5669 0.4724, 0.3649 0.5873 0.4724, 0.3445 0.603 0.4724, 0.3207 0.6128 0.4724, 0.2953 0.6161 0.4724, -0.2257 0.4481 0.4724, -0.21 0.4685 0.4724, 0.1969 0.5177 0.4724, 0.2002 0.4922 0.4724, -0.2698 0.4226 0.4724, -0.2953 0.4193 0.4724, -0.2698 0.6128 0.4724, -0.2953 0.6161 0.4724, -0.3207 0.6128 0.4724, -0.3445 0.603 0.4724, -0.2461 0.4325 0.4724, -0.3649 0.5873 0.4724, -0.3805 0.5669 0.4724, 0.2257 0.5873 0.4724, -0.2002 0.5432 0.4724, 0.2461 0.603 0.4724, -0.21 0.5669 0.4724, -0.2257 0.5873 0.4724, 0.2698 0.6128 0.4724, -0.2461 0.603 0.4724, -0.2002 0.4922 0.4724, -0.1969 0.5177 0.4724, 0.2002 0.5432 0.4724, 0.21 0.5669 0.4724, 0.21 0.5669 0.4724
            ]
        }
        coordIndex [
            0,1,2,-1,2,1,3,-1,4,5,6,-1,6,5,7,-1,8,9,10,-1,10,9,11,-1,12,13,14,-1,14,13,15,-1,14,15,16,-1,16,15,17,-1,16,17,18,-1,18,17,19,-1,18,19,20,-1,20,19,21,-1,20,21,22,-1,22,21,23,-1,24,25,26,-1,26,25,27,-1,26,27,28,-1,28,27,29,-1,28,29,30,-1,30,29,31,-1,30,31,32,-1,32,31,33,-1,32,33,34,-1,34,33,35,-1,36,37,38,-1,38,37,39,-1,40,41,42,-1,42,41,43,-1,44,45,46,-1,46,45,47,-1,46,47,43,-1,43,47,36,-1,43,36,42,-1,42,36,38,-1,48,49,50,-1,50,49,51,-1,50,51,52,-1,52,51,53,-1,52,53,54,-1,54,53,55,-1,13,56,57,-1,57,58,13,-1,13,58,59,-1,13,59,60,-1,60,61,13,-1,13,61,62,-1,13,62,15,-1,33,63,35,-1,35,63,64,-1,35,64,65,-1,66,67,68,-1,68,67,35,-1,68,35,69,-1,69,35,65,-1,70,23,71,-1,71,23,21,-1,71,21,1,-1,1,21,19,-1,72,6,7,-1,73,74,75,-1,7,73,72,-1,72,73,75,-1,72,75,76,-1,76,75,71,-1,76,71,0,-1,0,71,1,-1,29,27,11,-1,11,27,75,-1,11,75,10,-1,10,75,74,-1,75,27,77,-1,77,27,25,-1,78,79,80,-1,81,82,83,-1,83,82,84,-1,80,85,78,-1,78,85,83,-1,78,83,86,-1,86,83,84,-1,86,84,87,-1,88,89,90,-1,90,89,86,-1,90,86,91,-1,91,86,87,-1,91,87,92,-1,92,87,93,-1,94,95,96,-1,96,95,97,-1,36,98,37,-1,37,98,99,-1,37,99,100,-1,100,99,96,-1,100,96,101,-1,101,96,97,-1,102,103,104,-1,104,103,105,-1,106,104,107,-1,107,104,105,-1,107,105,45,-1,45,105,108,-1,45,108,47,-1,47,108,109,-1,102,104,95,-1,95,104,97,-1,100,110,111,-1,110,112,113,-1,113,112,114,-1,115,116,107,-1,107,116,117,-1,118,119,40,-1,117,120,107,-1,107,120,121,-1,107,121,112,-1,111,122,100,-1,100,122,123,-1,100,123,124,-1,125,126,127,-1,128,129,41,-1,41,129,130,-1,41,130,44,-1,44,130,131,-1,44,131,45,-1,124,132,100,-1,100,132,133,-1,100,133,37,-1,125,127,134,-1,119,134,40,-1,40,134,127,-1,40,127,41,-1,41,127,135,-1,41,135,128,-1,131,136,45,-1,45,136,137,-1,45,137,107,-1,107,137,138,-1,107,138,115,-1,133,139,37,-1,37,139,140,-1,37,140,39,-1,39,140,141,-1,39,141,40,-1,40,141,142,-1,40,142,118,-1,143,144,145,-1,144,143,146,-1,126,147,127,-1,127,147,148,-1,127,148,149,-1,149,148,150,-1,114,151,113,-1,113,151,143,-1,113,143,152,-1,152,143,145,-1,143,153,146,-1,146,153,154,-1,146,154,155,-1,155,154,156,-1,155,156,148,-1,148,156,157,-1,148,157,150,-1,13,12,158,-1,13,158,56,-1,56,158,159,-1,56,159,160,-1,70,161,162,-1,70,162,23,-1,23,162,163,-1,23,163,22,-1,67,164,165,-1,67,165,35,-1,35,165,166,-1,35,166,34,-1,167,168,77,-1,167,77,169,-1,169,77,25,-1,169,25,24,-1,165,164,170,-1,170,164,171,-1,170,171,172,-1,172,171,32,-1,172,32,166,-1,166,32,34,-1,169,24,173,-1,173,24,26,-1,173,26,174,-1,174,26,175,-1,174,175,167,-1,167,175,168,-1,175,26,176,-1,176,26,28,-1,177,30,178,-1,178,30,179,-1,178,179,180,-1,180,179,181,-1,182,28,183,-1,183,28,30,-1,183,30,184,-1,184,30,177,-1,185,186,187,-1,187,186,176,-1,187,176,188,-1,188,176,28,-1,188,28,189,-1,189,28,182,-1,179,30,171,-1,171,30,32,-1,190,18,191,-1,191,18,20,-1,192,14,193,-1,193,14,16,-1,194,94,195,-1,195,94,96,-1,195,96,196,-1,196,96,197,-1,197,96,99,-1,98,198,99,-1,99,198,199,-1,99,199,197,-1,181,109,180,-1,180,109,108,-1,180,108,200,-1,200,108,201,-1,201,108,105,-1,103,186,105,-1,105,186,185,-1,105,185,201,-1,202,203,204,-1,204,203,205,-1,204,205,206,-1,207,208,43,-1,206,209,204,-1,204,209,207,-1,204,207,41,-1,41,207,43,-1,46,210,44,-1,44,210,211,-1,44,211,212,-1,212,211,213,-1,212,213,214,-1,214,215,212,-1,212,215,216,-1,212,216,217,-1,41,44,204,-1,204,44,212,-1,208,210,43,-1,43,210,46,-1,218,219,220,-1,220,219,221,-1,220,221,222,-1,223,224,38,-1,222,225,220,-1,220,225,223,-1,220,223,39,-1,39,223,38,-1,42,226,40,-1,40,226,227,-1,40,227,228,-1,228,227,229,-1,228,229,230,-1,230,231,228,-1,228,231,232,-1,228,232,233,-1,39,40,220,-1,220,40,228,-1,226,42,224,-1,224,42,38,-1,234,218,235,-1,235,218,220,-1,212,236,204,-1,204,236,235,-1,204,235,228,-1,228,235,220,-1,212,217,236,-1,236,217,237,-1,236,237,238,-1,233,239,228,-1,228,239,240,-1,228,240,241,-1,241,242,228,-1,228,242,243,-1,228,243,244,-1,244,245,228,-1,228,245,246,-1,228,246,204,-1,204,246,247,-1,204,247,202,-1,17,234,235,-1,17,235,19,-1,19,235,3,-1,19,3,1,-1,29,11,9,-1,29,9,31,-1,31,9,236,-1,31,236,238,-1,248,3,249,-1,249,3,235,-1,250,236,251,-1,251,236,9,-1,252,253,249,-1,249,253,248,-1,3,248,253,-1,9,8,254,-1,255,251,9,-1,9,254,255,-1,255,254,256,-1,255,256,253,-1,2,3,257,-1,257,3,253,-1,257,253,258,-1,258,253,256,-1,258,256,4,-1,4,256,5,-1,255,259,251,-1,251,259,250,-1,250,259,236,-1,236,259,252,-1,236,252,235,-1,235,252,249,-1,260,261,252,-1,262,263,253,-1,252,261,253,-1,253,261,264,-1,253,264,265,-1,265,266,253,-1,253,266,267,-1,253,267,268,-1,263,269,253,-1,253,269,270,-1,253,270,255,-1,255,270,271,-1,271,272,255,-1,255,272,273,-1,255,273,274,-1,275,259,276,-1,276,259,255,-1,276,255,277,-1,277,255,274,-1,275,278,259,-1,259,278,279,-1,259,279,280,-1,280,281,259,-1,259,281,282,-1,259,282,283,-1,284,285,286,-1,287,262,288,-1,288,262,253,-1,288,253,289,-1,289,253,268,-1,283,290,259,-1,259,290,291,-1,259,291,252,-1,252,291,292,-1,252,292,293,-1,287,288,286,-1,286,288,294,-1,286,294,284,-1,293,295,252,-1,252,295,296,-1,252,296,260,-1,297,298,299,-1,299,298,300,-1,299,300,301,-1,283,302,290,-1,290,302,299,-1,290,299,303,-1,303,299,301,-1,285,304,286,-1,286,304,305,-1,286,305,306,-1,306,305,298,-1,306,298,307,-1,307,298,297,-1,256,73,5,-1,5,73,7,-1,74,254,10,-1,10,254,8,-1,254,74,256,-1,256,74,73,-1,257,76,2,-1,2,76,0,-1,72,258,6,-1,6,258,4,-1,258,72,257,-1,257,72,76,-1,
        ]
    }
}
Shape{
    appearance Appearance {
        material  Material 	{
            diffuseColor 0.7529411764705882 0.7529411764705882 0.7529411764705882
            specularColor 0.3764705882352941 0.3764705882352941 0.3764705882352941
            ambientIntensity 0.2
            transparency 0
            shininess 0.5
        }
    }
    geometry IndexedFaceSet {
        ccw TRUE
        solid FALSE
        coord DEF co Coordinate {
            point [
                -0.2953 -0.9193 0.1969, -0.3207 0.3996 0.1935, -0.3207 -0.9193 0.1935, -0.3445 0.3996 0.1837, -0.3445 -0.9193 0.1837, -0.3649 0.3996 0.168, -0.3649 -0.9193 0.168, -0.3805 0.3996 0.1476, -0.3805 -0.9193 0.1476, -0.3903 0.3996 0.1239, -0.3903 -0.9193 0.1239, -0.3937 0.3996 0.0984, -0.3937 -0.9193 0.0984, -0.3903 0.3996 0.073, -0.3903 -0.9193 0.073, -0.3805 0.3996 0.0492, -0.3805 -0.9193 0.0492, -0.3649 0.3996 0.0288, -0.3649 -0.9193 0.0288, -0.3445 0.3996 0.0132, -0.3445 -0.9193 0.0132, -0.3207 0.3996 0.0034, -0.3207 -0.9193 0.0034, -0.2953 0.3996 0.0, -0.2953 -0.9193 0.0, -0.2698 0.3996 0.0034, -0.2698 -0.9193 0.0034, -0.2461 0.3996 0.0132, -0.2461 -0.9193 0.0132, -0.2257 0.3996 0.0288, -0.2257 -0.9193 0.0288, -0.21 0.3996 0.0492, -0.21 -0.9193 0.0492, -0.2002 0.3996 0.073, -0.2002 -0.9193 0.073, -0.1969 0.3996 0.0984, -0.1969 -0.9193 0.0984, -0.2002 0.3996 0.1239, -0.2002 -0.9193 0.1239, -0.21 0.3996 0.1476, -0.21 -0.9193 0.1476, -0.2257 0.3996 0.168, -0.2257 -0.9193 0.168, -0.2461 0.3996 0.1837, -0.2461 -0.9193 0.1837, -0.2698 0.3996 0.1935, -0.2698 -0.9193 0.1935, -0.2953 0.3996 0.1969, -0.2953 0.4034 0.1972, -0.3207 0.4041 0.1939, -0.3445 0.406 0.1843, -0.3649 0.4091 0.169, -0.3805 0.413 0.149, -0.3903 0.4177 0.1257, -0.3937 0.4226 0.1007, -0.3903 0.4276 0.0757, -0.3805 0.4322 0.0524, -0.3649 0.4362 0.0324, -0.3445 0.4393 0.0171, -0.3207 0.4412 0.0074, -0.2953 0.4419 0.0042, -0.2698 0.4412 0.0074, -0.2461 0.4393 0.0171, -0.2257 0.4362 0.0324, -0.21 0.4322 0.0524, -0.2002 0.4276 0.0757, -0.1969 0.4226 0.1007, -0.2002 0.4177 0.1257, -0.21 0.413 0.149, -0.2257 0.4091 0.169, -0.2461 0.406 0.1843, -0.2698 0.4041 0.1939, -0.2953 0.4071 0.1983, -0.3207 0.4084 0.1953, -0.3445 0.4122 0.1862, -0.3649 0.4182 0.1717, -0.3805 0.426 0.1529, -0.3903 0.4351 0.131, -0.3937 0.4448 0.1074, -0.3903 0.4546 0.0839, -0.3805 0.4636 0.0619, -0.3649 0.4714 0.0431, -0.3445 0.4774 0.0287, -0.3207 0.4812 0.0196, -0.2953 0.4825 0.0165, -0.2698 0.4812 0.0196, -0.2461 0.4774 0.0287, -0.2257 0.4714 0.0431, -0.21 0.4636 0.0619, -0.2002 0.4546 0.0839, -0.1969 0.4448 0.1074, -0.2002 0.4351 0.131, -0.21 0.426 0.1529, -0.2257 0.4182 0.1717, -0.2461 0.4122 0.1862, -0.2698 0.4084 0.1953, -0.2953 0.4105 0.2002, -0.3207 0.4124 0.1974, -0.3445 0.4179 0.1892, -0.3649 0.4266 0.1762, -0.3805 0.4379 0.1592, -0.3903 0.4511 0.1395, -0.3937 0.4652 0.1183, -0.3903 0.4794 0.0971, -0.3805 0.4926 0.0774, -0.3649 0.5039 0.0605, -0.3445 0.5126 0.0475, -0.3207 0.518 0.0393, -0.2953 0.5199 0.0365, -0.2698 0.518 0.0393, -0.2461 0.5126 0.0475, -0.2257 0.5039 0.0605, -0.21 0.4926 0.0774, -0.2002 0.4794 0.0971, -0.1969 0.4652 0.1183, -0.2002 0.4511 0.1395, -0.21 0.4379 0.1592, -0.2257 0.4266 0.1762, -0.2461 0.4179 0.1892, -0.2698 0.4124 0.1974, -0.2953 0.4135 0.2026, -0.3207 0.4159 0.2002, -0.3445 0.4229 0.1933, -0.3649 0.4339 0.1822, -0.3805 0.4483 0.1678, -0.3903 0.4651 0.151, -0.3937 0.4831 0.133, -0.3903 0.5011 0.115, -0.3805 0.5179 0.0982, -0.3649 0.5323 0.0838, -0.3445 0.5434 0.0727, -0.3207 0.5503 0.0658, -0.2953 0.5527 0.0634, -0.2698 0.5503 0.0658, -0.2461 0.5434 0.0727, -0.2257 0.5323 0.0838, -0.21 0.5179 0.0982, -0.2002 0.5011 0.115, -0.1969 0.4831 0.133, -0.2002 0.4651 0.151, -0.21 0.4483 0.1678, -0.2257 0.4339 0.1822, -0.2461 0.4229 0.1933, -0.2698 0.4159 0.2002, -0.2953 0.416 0.2056, -0.3207 0.4188 0.2037, -0.3445 0.4269 0.1983, -0.3649 0.4399 0.1896, -0.3805 0.4569 0.1783, -0.3903 0.4766 0.1651, -0.3937 0.4978 0.1509, -0.3903 0.519 0.1368, -0.3805 0.5387 0.1236, -0.3649 0.5557 0.1123, -0.3445 0.5687 0.1036, -0.3207 0.5769 0.0981, -0.2953 0.5796 0.0962, -0.2698 0.5769 0.0981, -0.2461 0.5687 0.1036, -0.2257 0.5557 0.1123, -0.21 0.5387 0.1236, -0.2002 0.519 0.1368, -0.1969 0.4978 0.1509, -0.2002 0.4766 0.1651, -0.21 0.4569 0.1783, -0.2257 0.4399 0.1896, -0.2461 0.4269 0.1983, -0.2698 0.4188 0.2037, -0.2953 0.4178 0.209, -0.3207 0.4209 0.2077, -0.3445 0.43 0.204, -0.3649 0.4444 0.198, -0.3805 0.4633 0.1902, -0.3903 0.4852 0.1811, -0.3937 0.5087 0.1713, -0.3903 0.5323 0.1616, -0.3805 0.5542 0.1525, -0.3649 0.573 0.1447, -0.3445 0.5875 0.1387, -0.3207 0.5966 0.135, -0.2953 0.5997 0.1337, -0.2698 0.5966 0.135, -0.2461 0.5875 0.1387, -0.2257 0.573 0.1447, -0.21 0.5542 0.1525, -0.2002 0.5323 0.1616, -0.1969 0.5087 0.1713, -0.2002 0.4852 0.1811, -0.21 0.4633 0.1902, -0.2257 0.4444 0.198, -0.2461 0.43 0.204, -0.2698 0.4209 0.2077, -0.2953 0.4189 0.2127, -0.3207 0.4222 0.212, -0.3445 0.4318 0.2101, -0.3649 0.4472 0.2071, -0.3805 0.4672 0.2031, -0.3903 0.4905 0.1985, -0.3937 0.5154 0.1935, -0.3903 0.5404 0.1885, -0.3805 0.5637 0.1839, -0.3649 0.5837 0.1799, -0.3445 0.599 0.1769, -0.3207 0.6087 0.1749, -0.2953 0.612 0.1743, -0.2698 0.6087 0.1749, -0.2461 0.599 0.1769, -0.2257 0.5837 0.1799, -0.21 0.5637 0.1839, -0.2002 0.5404 0.1885, -0.1969 0.5154 0.1935, -0.2002 0.4905 0.1985, -0.21 0.4672 0.2031, -0.2257 0.4472 0.2071, -0.2461 0.4318 0.2101, -0.2698 0.4222 0.212, -0.2953 0.4193 0.2165, -0.3207 0.4226 0.2165, -0.3445 0.4325 0.2165, -0.3649 0.4481 0.2165, -0.3805 0.4685 0.2165, -0.3903 0.4922 0.2165, -0.3937 0.5177 0.2165, -0.3903 0.5432 0.2165, -0.3805 0.5669 0.2165, -0.3649 0.5873 0.2165, -0.3445 0.603 0.2165, -0.3207 0.6128 0.2165, -0.2953 0.6161 0.2165, -0.2698 0.6128 0.2165, -0.2461 0.603 0.2165, -0.2257 0.5873 0.2165, -0.21 0.5669 0.2165, -0.2002 0.5432 0.2165, -0.1969 0.5177 0.2165, -0.2002 0.4922 0.2165, -0.21 0.4685 0.2165, -0.2257 0.4481 0.2165, -0.2461 0.4325 0.2165, -0.2698 0.4226 0.2165, -0.2002 0.4922 0.4724, -0.21 0.4685 0.4724, -0.2257 0.4481 0.4724, -0.2461 0.4325 0.4724, -0.2698 0.4226 0.4724, -0.2953 0.4193 0.4724, -0.3207 0.4226 0.4724, -0.3445 0.4325 0.4724, -0.3649 0.4481 0.4724, -0.3805 0.4685 0.4724, -0.3903 0.4922 0.4724, -0.3937 0.5177 0.4724, -0.3903 0.5432 0.4724, -0.3805 0.5669 0.4724, -0.3649 0.5873 0.4724, -0.3445 0.603 0.4724, -0.3207 0.6128 0.4724, -0.2953 0.6161 0.4724, -0.2698 0.6128 0.4724, -0.2461 0.603 0.4724, -0.2257 0.5873 0.4724, -0.21 0.5669 0.4724, -0.2002 0.5432 0.4724, -0.1969 0.5177 0.4724, -0.3218 -0.998 0.0526, -0.309 -0.998 0.0473, -0.2953 -0.998 0.0984, -0.2953 -0.998 0.0455, -0.2816 -0.998 0.0473, -0.3464 -0.998 0.0847, -0.3411 -0.998 0.0719, -0.3327 -0.998 0.061, -0.3411 -0.998 0.1249, -0.3464 -0.998 0.1121, -0.3482 -0.998 0.0984, -0.309 -0.998 0.1496, -0.3218 -0.998 0.1443, -0.3327 -0.998 0.1359, -0.2688 -0.998 0.1443, -0.2816 -0.998 0.1496, -0.2953 -0.998 0.1514, -0.2441 -0.998 0.1121, -0.2494 -0.998 0.1249, -0.2578 -0.998 0.1359, -0.2494 -0.998 0.0719, -0.2441 -0.998 0.0847, -0.2423 -0.998 0.0984, -0.2688 -0.998 0.0526, -0.2578 -0.998 0.061, -0.1969 0.5177 0.8268, -0.2002 0.4922 1.7323, -0.2002 0.4922 0.8268, -0.21 0.4685 1.7323, -0.21 0.4685 0.8268, -0.2257 0.4481 1.7323, -0.2257 0.4481 0.8268, -0.2461 0.4325 1.7323, -0.2461 0.4325 0.8268, -0.2698 0.4226 1.7323, -0.2698 0.4226 0.8268, -0.2953 0.4193 1.7323, -0.2953 0.4193 0.8268, -0.3207 0.4226 1.7323, -0.3207 0.4226 0.8268, -0.3445 0.4325 1.7323, -0.3445 0.4325 0.8268, -0.3649 0.4481 1.7323, -0.3649 0.4481 0.8268, -0.3805 0.4685 1.7323, -0.3805 0.4685 0.8268, -0.3903 0.4922 1.7323, -0.3903 0.4922 0.8268, -0.3937 0.5177 1.7323, -0.3937 0.5177 0.8268, -0.3903 0.5432 1.7323, -0.3903 0.5432 0.8268, -0.3805 0.5669 1.7323, -0.3805 0.5669 0.8268, -0.3649 0.5873 1.7323, -0.3649 0.5873 0.8268, -0.3445 0.603 1.7323, -0.3445 0.603 0.8268, -0.3207 0.6128 1.7323, -0.3207 0.6128 0.8268, -0.2953 0.6161 1.7323, -0.2953 0.6161 0.8268, -0.2698 0.6128 1.7323, -0.2698 0.6128 0.8268, -0.2461 0.603 1.7323, -0.2461 0.603 0.8268, -0.2257 0.5873 1.7323, -0.2257 0.5873 0.8268, -0.21 0.5669 1.7323, -0.21 0.5669 0.8268, -0.2002 0.5432 1.7323, -0.2002 0.5432 0.8268, -0.1969 0.5177 1.7323, -0.3411 0.5442 1.811, -0.3464 0.5314 1.811, -0.2953 0.5177 1.811, -0.3482 0.5177 1.811, -0.3464 0.504 1.811, -0.309 0.5689 1.811, -0.3218 0.5636 1.811, -0.3327 0.5552 1.811, -0.2688 0.5636 1.811, -0.2816 0.5689 1.811, -0.2953 0.5707 1.811, -0.2441 0.5314 1.811, -0.2494 0.5442 1.811, -0.2578 0.5552 1.811, -0.2494 0.4912 1.811, -0.2441 0.504 1.811, -0.2423 0.5177 1.811, -0.2816 0.4666 1.811, -0.2688 0.4718 1.811, -0.2578 0.4803 1.811, -0.3218 0.4718 1.811, -0.309 0.4666 1.811, -0.2953 0.4648 1.811, -0.3411 0.4912 1.811, -0.3327 0.4803 1.811, 0.3937 0.5177 0.2165, 0.3903 0.4922 0.4724, 0.3903 0.4922 0.2165, 0.3805 0.4685 0.4724, 0.3805 0.4685 0.2165, 0.3649 0.4481 0.4724, 0.3649 0.4481 0.2165, 0.3445 0.4325 0.4724, 0.3445 0.4325 0.2165, 0.3207 0.4226 0.4724, 0.3207 0.4226 0.2165, 0.2953 0.4193 0.4724, 0.2953 0.4193 0.2165, 0.2698 0.4226 0.4724, 0.2698 0.4226 0.2165, 0.2461 0.4325 0.4724, 0.2461 0.4325 0.2165, 0.2257 0.4481 0.4724, 0.2257 0.4481 0.2165, 0.21 0.4685 0.4724, 0.21 0.4685 0.2165, 0.2002 0.4922 0.4724, 0.2002 0.4922 0.2165, 0.1969 0.5177 0.4724, 0.1969 0.5177 0.2165, 0.2002 0.5432 0.4724, 0.2002 0.5432 0.2165, 0.21 0.5669 0.4724, 0.21 0.5669 0.2165, 0.2257 0.5873 0.4724, 0.2257 0.5873 0.2165, 0.2461 0.603 0.4724, 0.2461 0.603 0.2165, 0.2698 0.6128 0.4724, 0.2698 0.6128 0.2165, 0.2953 0.6161 0.4724, 0.2953 0.6161 0.2165, 0.3207 0.6128 0.4724, 0.3207 0.6128 0.2165, 0.3445 0.603 0.4724, 0.3445 0.603 0.2165, 0.3649 0.5873 0.4724, 0.3649 0.5873 0.2165, 0.3805 0.5669 0.4724, 0.3805 0.5669 0.2165, 0.3903 0.5432 0.4724, 0.3903 0.5432 0.2165, 0.3937 0.5177 0.4724, 0.2953 0.3996 0.1969, 0.2953 0.4034 0.1972, 0.2698 0.3996 0.1935, 0.2698 0.4041 0.1939, 0.2461 0.3996 0.1837, 0.2461 0.406 0.1843, 0.2257 0.3996 0.168, 0.2257 0.4091 0.169, 0.21 0.3996 0.1476, 0.21 0.413 0.149, 0.2002 0.3996 0.1239, 0.2002 0.4177 0.1257, 0.1969 0.3996 0.0984, 0.1969 0.4226 0.1007, 0.2002 0.3996 0.073, 0.2002 0.4276 0.0757, 0.21 0.3996 0.0492, 0.21 0.4322 0.0524, 0.2257 0.3996 0.0288, 0.2257 0.4362 0.0324, 0.2461 0.3996 0.0132, 0.2461 0.4393 0.0171, 0.2698 0.3996 0.0034, 0.2698 0.4412 0.0074, 0.2953 0.3996 0.0, 0.2953 0.4419 0.0042, 0.3207 0.3996 0.0034, 0.3207 0.4412 0.0074, 0.3445 0.3996 0.0132, 0.3445 0.4393 0.0171, 0.3649 0.3996 0.0288, 0.3649 0.4362 0.0324, 0.3805 0.3996 0.0492, 0.3805 0.4322 0.0524, 0.3903 0.3996 0.073, 0.3903 0.4276 0.0757, 0.3937 0.3996 0.0984, 0.3937 0.4226 0.1007, 0.3903 0.3996 0.1239, 0.3903 0.4177 0.1257, 0.3805 0.3996 0.1476, 0.3805 0.413 0.149, 0.3649 0.3996 0.168, 0.3649 0.4091 0.169, 0.3445 0.3996 0.1837, 0.3445 0.406 0.1843, 0.3207 0.3996 0.1935, 0.3207 0.4041 0.1939, 0.2953 0.4071 0.1983, 0.2698 0.4084 0.1953, 0.2461 0.4122 0.1862, 0.2257 0.4182 0.1717, 0.21 0.426 0.1529, 0.2002 0.4351 0.131, 0.1969 0.4448 0.1074, 0.2002 0.4546 0.0839, 0.21 0.4636 0.0619, 0.2257 0.4714 0.0431, 0.2461 0.4774 0.0287, 0.2698 0.4812 0.0196, 0.2953 0.4825 0.0165, 0.3207 0.4812 0.0196, 0.3445 0.4774 0.0287, 0.3649 0.4714 0.0431, 0.3805 0.4636 0.0619, 0.3903 0.4546 0.0839, 0.3937 0.4448 0.1074, 0.3903 0.4351 0.131, 0.3805 0.426 0.1529, 0.3649 0.4182 0.1717, 0.3445 0.4122 0.1862, 0.3207 0.4084 0.1953, 0.2953 0.4105 0.2002, 0.2698 0.4124 0.1974, 0.2461 0.4179 0.1892, 0.2257 0.4266 0.1762, 0.21 0.4379 0.1592, 0.2002 0.4511 0.1395, 0.1969 0.4652 0.1183, 0.2002 0.4794 0.0971, 0.21 0.4926 0.0774, 0.2257 0.5039 0.0605, 0.2461 0.5126 0.0475, 0.2698 0.518 0.0393, 0.2953 0.5199 0.0365, 0.3207 0.518 0.0393, 0.3445 0.5126 0.0475, 0.3649 0.5039 0.0605, 0.3805 0.4926 0.0774, 0.3903 0.4794 0.0971, 0.3937 0.4652 0.1183, 0.3903 0.4511 0.1395, 0.3805 0.4379 0.1592, 0.3649 0.4266 0.1762, 0.3445 0.4179 0.1892, 0.3207 0.4124 0.1974, 0.2953 0.4135 0.2026, 0.2698 0.4159 0.2002, 0.2461 0.4229 0.1933, 0.2257 0.4339 0.1822, 0.21 0.4483 0.1678, 0.2002 0.4651 0.151, 0.1969 0.4831 0.133, 0.2002 0.5011 0.115, 0.21 0.5179 0.0982, 0.2257 0.5323 0.0838, 0.2461 0.5434 0.0727, 0.2698 0.5503 0.0658, 0.2953 0.5527 0.0634, 0.3207 0.5503 0.0658, 0.3445 0.5434 0.0727, 0.3649 0.5323 0.0838, 0.3805 0.5179 0.0982, 0.3903 0.5011 0.115, 0.3937 0.4831 0.133, 0.3903 0.4651 0.151, 0.3805 0.4483 0.1678, 0.3649 0.4339 0.1822, 0.3445 0.4229 0.1933, 0.3207 0.4159 0.2002, 0.2953 0.416 0.2056, 0.2698 0.4188 0.2037, 0.2461 0.4269 0.1983, 0.2257 0.4399 0.1896, 0.21 0.4569 0.1783, 0.2002 0.4766 0.1651, 0.1969 0.4978 0.1509, 0.2002 0.519 0.1368, 0.21 0.5387 0.1236, 0.2257 0.5557 0.1123, 0.2461 0.5687 0.1036, 0.2698 0.5769 0.0981, 0.2953 0.5796 0.0962, 0.3207 0.5769 0.0981, 0.3445 0.5687 0.1036, 0.3649 0.5557 0.1123, 0.3805 0.5387 0.1236, 0.3903 0.519 0.1368, 0.3937 0.4978 0.1509, 0.3903 0.4766 0.1651, 0.3805 0.4569 0.1783, 0.3649 0.4399 0.1896, 0.3445 0.4269 0.1983, 0.3207 0.4188 0.2037, 0.2953 0.4178 0.209, 0.2698 0.4209 0.2077, 0.2461 0.43 0.204, 0.2257 0.4444 0.198, 0.21 0.4633 0.1902, 0.2002 0.4852 0.1811, 0.1969 0.5087 0.1713, 0.2002 0.5323 0.1616, 0.21 0.5542 0.1525, 0.2257 0.573 0.1447, 0.2461 0.5875 0.1387, 0.2698 0.5966 0.135, 0.2953 0.5997 0.1337, 0.3207 0.5966 0.135, 0.3445 0.5875 0.1387, 0.3649 0.573 0.1447, 0.3805 0.5542 0.1525, 0.3903 0.5323 0.1616, 0.3937 0.5087 0.1713, 0.3903 0.4852 0.1811, 0.3805 0.4633 0.1902, 0.3649 0.4444 0.198, 0.3445 0.43 0.204, 0.3207 0.4209 0.2077, 0.2953 0.4189 0.2127, 0.2698 0.4222 0.212, 0.2461 0.4318 0.2101, 0.2257 0.4472 0.2071, 0.21 0.4672 0.2031, 0.2002 0.4905 0.1985, 0.1969 0.5154 0.1935, 0.2002 0.5404 0.1885, 0.21 0.5637 0.1839, 0.2257 0.5837 0.1799, 0.2461 0.599 0.1769, 0.2698 0.6087 0.1749, 0.2953 0.612 0.1743, 0.3207 0.6087 0.1749, 0.3445 0.599 0.1769, 0.3649 0.5837 0.1799, 0.3805 0.5637 0.1839, 0.3903 0.5404 0.1885, 0.3937 0.5154 0.1935, 0.3903 0.4905 0.1985, 0.3805 0.4672 0.2031, 0.3649 0.4472 0.2071, 0.3445 0.4318 0.2101, 0.3207 0.4222 0.212, 0.2953 -0.9193 0.1969, 0.2698 -0.9193 0.1935, 0.2461 -0.9193 0.1837, 0.2257 -0.9193 0.168, 0.21 -0.9193 0.1476, 0.2002 -0.9193 0.1239, 0.1969 -0.9193 0.0984, 0.2002 -0.9193 0.073, 0.21 -0.9193 0.0492, 0.2257 -0.9193 0.0288, 0.2461 -0.9193 0.0132, 0.2698 -0.9193 0.0034, 0.2953 -0.9193 0.0, 0.3207 -0.9193 0.0034, 0.3445 -0.9193 0.0132, 0.3649 -0.9193 0.0288, 0.3805 -0.9193 0.0492, 0.3903 -0.9193 0.073, 0.3937 -0.9193 0.0984, 0.3903 -0.9193 0.1239, 0.3805 -0.9193 0.1476, 0.3649 -0.9193 0.168, 0.3445 -0.9193 0.1837, 0.3207 -0.9193 0.1935, 0.2688 -0.998 0.0526, 0.2816 -0.998 0.0473, 0.2953 -0.998 0.0984, 0.2953 -0.998 0.0455, 0.309 -0.998 0.0473, 0.2441 -0.998 0.0847, 0.2494 -0.998 0.0719, 0.2578 -0.998 0.061, 0.2494 -0.998 0.1249, 0.2441 -0.998 0.1121, 0.2423 -0.998 0.0984, 0.2816 -0.998 0.1496, 0.2688 -0.998 0.1443, 0.2578 -0.998 0.1359, 0.3218 -0.998 0.1443, 0.309 -0.998 0.1496, 0.2953 -0.998 0.1514, 0.3464 -0.998 0.1121, 0.3411 -0.998 0.1249, 0.3327 -0.998 0.1359, 0.3411 -0.998 0.0719, 0.3464 -0.998 0.0847, 0.3482 -0.998 0.0984, 0.3218 -0.998 0.0526, 0.3327 -0.998 0.061, 0.3937 0.5177 0.8268, 0.3903 0.4922 1.7323, 0.3903 0.4922 0.8268, 0.3805 0.4685 1.7323, 0.3805 0.4685 0.8268, 0.3649 0.4481 1.7323, 0.3649 0.4481 0.8268, 0.3445 0.4325 1.7323, 0.3445 0.4325 0.8268, 0.3207 0.4226 1.7323, 0.3207 0.4226 0.8268, 0.2953 0.4193 1.7323, 0.2953 0.4193 0.8268, 0.2698 0.4226 1.7323, 0.2698 0.4226 0.8268, 0.2461 0.4325 1.7323, 0.2461 0.4325 0.8268, 0.2257 0.4481 1.7323, 0.2257 0.4481 0.8268, 0.21 0.4685 1.7323, 0.21 0.4685 0.8268, 0.2002 0.4922 1.7323, 0.2002 0.4922 0.8268, 0.1969 0.5177 1.7323, 0.1969 0.5177 0.8268, 0.2002 0.5432 1.7323, 0.2002 0.5432 0.8268, 0.21 0.5669 1.7323, 0.21 0.5669 0.8268, 0.2257 0.5873 1.7323, 0.2257 0.5873 0.8268, 0.2461 0.603 1.7323, 0.2461 0.603 0.8268, 0.2698 0.6128 1.7323, 0.2698 0.6128 0.8268, 0.2953 0.6161 1.7323, 0.2953 0.6161 0.8268, 0.3207 0.6128 1.7323, 0.3207 0.6128 0.8268, 0.3445 0.603 1.7323, 0.3445 0.603 0.8268, 0.3649 0.5873 1.7323, 0.3649 0.5873 0.8268, 0.3805 0.5669 1.7323, 0.3805 0.5669 0.8268, 0.3903 0.5432 1.7323, 0.3903 0.5432 0.8268, 0.3937 0.5177 1.7323, 0.2494 0.5442 1.811, 0.2441 0.5314 1.811, 0.2953 0.5177 1.811, 0.2423 0.5177 1.811, 0.2441 0.504 1.811, 0.2816 0.5689 1.811, 0.2688 0.5636 1.811, 0.2578 0.5552 1.811, 0.3218 0.5636 1.811, 0.309 0.5689 1.811, 0.2953 0.5707 1.811, 0.3464 0.5314 1.811, 0.3411 0.5442 1.811, 0.3327 0.5552 1.811, 0.3411 0.4912 1.811, 0.3464 0.504 1.811, 0.3482 0.5177 1.811, 0.309 0.4666 1.811, 0.3218 0.4718 1.811, 0.3327 0.4803 1.811, 0.2688 0.4718 1.811, 0.2816 0.4666 1.811, 0.2953 0.4648 1.811, 0.2494 0.4912 1.811, 0.2578 0.4803 1.811, 0.2578 0.4803 1.811
            ]
        }
        coordIndex [
            0,1,2,-1,2,1,3,-1,2,3,4,-1,4,3,5,-1,4,5,6,-1,6,5,7,-1,6,7,8,-1,8,7,9,-1,8,9,10,-1,10,9,11,-1,10,11,12,-1,12,11,13,-1,12,13,14,-1,14,13,15,-1,14,15,16,-1,16,15,17,-1,16,17,18,-1,18,17,19,-1,18,19,20,-1,20,19,21,-1,20,21,22,-1,22,21,23,-1,22,23,24,-1,24,23,25,-1,24,25,26,-1,26,25,27,-1,26,27,28,-1,28,27,29,-1,28,29,30,-1,30,29,31,-1,30,31,32,-1,32,31,33,-1,32,33,34,-1,34,33,35,-1,34,35,36,-1,36,35,37,-1,36,37,38,-1,38,37,39,-1,38,39,40,-1,40,39,41,-1,40,41,42,-1,42,41,43,-1,42,43,44,-1,44,43,45,-1,44,45,46,-1,46,45,47,-1,46,47,0,-1,0,47,1,-1,47,48,1,-1,1,48,49,-1,1,49,3,-1,3,49,50,-1,3,50,5,-1,5,50,51,-1,5,51,7,-1,7,51,52,-1,7,52,9,-1,9,52,53,-1,9,53,11,-1,11,53,54,-1,11,54,13,-1,13,54,55,-1,13,55,15,-1,15,55,56,-1,15,56,17,-1,17,56,57,-1,17,57,19,-1,19,57,58,-1,19,58,21,-1,21,58,59,-1,21,59,23,-1,23,59,60,-1,23,60,25,-1,25,60,61,-1,25,61,27,-1,27,61,62,-1,27,62,29,-1,29,62,63,-1,29,63,31,-1,31,63,64,-1,31,64,33,-1,33,64,65,-1,33,65,35,-1,35,65,66,-1,35,66,37,-1,37,66,67,-1,37,67,39,-1,39,67,68,-1,39,68,41,-1,41,68,69,-1,41,69,43,-1,43,69,70,-1,43,70,45,-1,45,70,71,-1,45,71,47,-1,47,71,48,-1,48,72,49,-1,49,72,73,-1,49,73,50,-1,50,73,74,-1,50,74,51,-1,51,74,75,-1,51,75,52,-1,52,75,76,-1,52,76,53,-1,53,76,77,-1,53,77,54,-1,54,77,78,-1,54,78,55,-1,55,78,79,-1,55,79,56,-1,56,79,80,-1,56,80,57,-1,57,80,81,-1,57,81,58,-1,58,81,82,-1,58,82,59,-1,59,82,83,-1,59,83,60,-1,60,83,84,-1,60,84,61,-1,61,84,85,-1,61,85,62,-1,62,85,86,-1,62,86,63,-1,63,86,87,-1,63,87,64,-1,64,87,88,-1,64,88,65,-1,65,88,89,-1,65,89,66,-1,66,89,90,-1,66,90,67,-1,67,90,91,-1,67,91,68,-1,68,91,92,-1,68,92,69,-1,69,92,93,-1,69,93,70,-1,70,93,94,-1,70,94,71,-1,71,94,95,-1,71,95,48,-1,48,95,72,-1,72,96,73,-1,73,96,97,-1,73,97,74,-1,74,97,98,-1,74,98,75,-1,75,98,99,-1,75,99,76,-1,76,99,100,-1,76,100,77,-1,77,100,101,-1,77,101,78,-1,78,101,102,-1,78,102,79,-1,79,102,103,-1,79,103,80,-1,80,103,104,-1,80,104,81,-1,81,104,105,-1,81,105,82,-1,82,105,106,-1,82,106,83,-1,83,106,107,-1,83,107,84,-1,84,107,108,-1,84,108,85,-1,85,108,109,-1,85,109,86,-1,86,109,110,-1,86,110,87,-1,87,110,111,-1,87,111,88,-1,88,111,112,-1,88,112,89,-1,89,112,113,-1,89,113,90,-1,90,113,114,-1,90,114,91,-1,91,114,115,-1,91,115,92,-1,92,115,116,-1,92,116,93,-1,93,116,117,-1,93,117,94,-1,94,117,118,-1,94,118,95,-1,95,118,119,-1,95,119,72,-1,72,119,96,-1,96,120,97,-1,97,120,121,-1,97,121,98,-1,98,121,122,-1,98,122,99,-1,99,122,123,-1,99,123,100,-1,100,123,124,-1,100,124,101,-1,101,124,125,-1,101,125,102,-1,102,125,126,-1,102,126,103,-1,103,126,127,-1,103,127,104,-1,104,127,128,-1,104,128,105,-1,105,128,129,-1,105,129,106,-1,106,129,130,-1,106,130,107,-1,107,130,131,-1,107,131,108,-1,108,131,132,-1,108,132,109,-1,109,132,133,-1,109,133,110,-1,110,133,134,-1,110,134,111,-1,111,134,135,-1,111,135,112,-1,112,135,136,-1,112,136,113,-1,113,136,137,-1,113,137,114,-1,114,137,138,-1,114,138,115,-1,115,138,139,-1,115,139,116,-1,116,139,140,-1,116,140,117,-1,117,140,141,-1,117,141,118,-1,118,141,142,-1,118,142,119,-1,119,142,143,-1,119,143,96,-1,96,143,120,-1,120,144,121,-1,121,144,145,-1,121,145,122,-1,122,145,146,-1,122,146,123,-1,123,146,147,-1,123,147,124,-1,124,147,148,-1,124,148,125,-1,125,148,149,-1,125,149,126,-1,126,149,150,-1,126,150,127,-1,127,150,151,-1,127,151,128,-1,128,151,152,-1,128,152,129,-1,129,152,153,-1,129,153,130,-1,130,153,154,-1,130,154,131,-1,131,154,155,-1,131,155,132,-1,132,155,156,-1,132,156,133,-1,133,156,157,-1,133,157,134,-1,134,157,158,-1,134,158,135,-1,135,158,159,-1,135,159,136,-1,136,159,160,-1,136,160,137,-1,137,160,161,-1,137,161,138,-1,138,161,162,-1,138,162,139,-1,139,162,163,-1,139,163,140,-1,140,163,164,-1,140,164,141,-1,141,164,165,-1,141,165,142,-1,142,165,166,-1,142,166,143,-1,143,166,167,-1,143,167,120,-1,120,167,144,-1,144,168,145,-1,145,168,169,-1,145,169,146,-1,146,169,170,-1,146,170,147,-1,147,170,171,-1,147,171,148,-1,148,171,172,-1,148,172,149,-1,149,172,173,-1,149,173,150,-1,150,173,174,-1,150,174,151,-1,151,174,175,-1,151,175,152,-1,152,175,176,-1,152,176,153,-1,153,176,177,-1,153,177,154,-1,154,177,178,-1,154,178,155,-1,155,178,179,-1,155,179,156,-1,156,179,180,-1,156,180,157,-1,157,180,181,-1,157,181,158,-1,158,181,182,-1,158,182,159,-1,159,182,183,-1,159,183,160,-1,160,183,184,-1,160,184,161,-1,161,184,185,-1,161,185,162,-1,162,185,186,-1,162,186,163,-1,163,186,187,-1,163,187,164,-1,164,187,188,-1,164,188,165,-1,165,188,189,-1,165,189,166,-1,166,189,190,-1,166,190,167,-1,167,190,191,-1,167,191,144,-1,144,191,168,-1,168,192,169,-1,169,192,193,-1,169,193,170,-1,170,193,194,-1,170,194,171,-1,171,194,195,-1,171,195,172,-1,172,195,196,-1,172,196,173,-1,173,196,197,-1,173,197,174,-1,174,197,198,-1,174,198,175,-1,175,198,199,-1,175,199,176,-1,176,199,200,-1,176,200,177,-1,177,200,201,-1,177,201,178,-1,178,201,202,-1,178,202,179,-1,179,202,203,-1,179,203,180,-1,180,203,204,-1,180,204,181,-1,181,204,205,-1,181,205,182,-1,182,205,206,-1,182,206,183,-1,183,206,207,-1,183,207,184,-1,184,207,208,-1,184,208,185,-1,185,208,209,-1,185,209,186,-1,186,209,210,-1,186,210,187,-1,187,210,211,-1,187,211,188,-1,188,211,212,-1,188,212,189,-1,189,212,213,-1,189,213,190,-1,190,213,214,-1,190,214,191,-1,191,214,215,-1,191,215,168,-1,168,215,192,-1,192,216,193,-1,193,216,217,-1,193,217,194,-1,194,217,218,-1,194,218,195,-1,195,218,219,-1,195,219,196,-1,196,219,220,-1,196,220,197,-1,197,220,221,-1,197,221,198,-1,198,221,222,-1,198,222,199,-1,199,222,223,-1,199,223,200,-1,200,223,224,-1,200,224,201,-1,201,224,225,-1,201,225,202,-1,202,225,226,-1,202,226,203,-1,203,226,227,-1,203,227,204,-1,204,227,228,-1,204,228,205,-1,205,228,229,-1,205,229,206,-1,206,229,230,-1,206,230,207,-1,207,230,231,-1,207,231,208,-1,208,231,232,-1,208,232,209,-1,209,232,233,-1,209,233,210,-1,210,233,234,-1,210,234,211,-1,211,234,235,-1,211,235,212,-1,212,235,236,-1,212,236,213,-1,213,236,237,-1,213,237,214,-1,214,237,238,-1,214,238,215,-1,215,238,239,-1,215,239,192,-1,192,239,216,-1,234,240,235,-1,235,240,241,-1,235,241,236,-1,236,241,242,-1,236,242,237,-1,237,242,243,-1,237,243,238,-1,238,243,244,-1,238,244,239,-1,239,244,245,-1,239,245,216,-1,216,245,246,-1,216,246,217,-1,217,246,247,-1,217,247,218,-1,218,247,248,-1,218,248,219,-1,219,248,249,-1,219,249,220,-1,220,249,250,-1,220,250,221,-1,221,250,251,-1,221,251,222,-1,222,251,252,-1,222,252,223,-1,223,252,253,-1,223,253,224,-1,224,253,254,-1,224,254,225,-1,225,254,255,-1,225,255,226,-1,226,255,256,-1,226,256,227,-1,227,256,257,-1,227,257,228,-1,228,257,258,-1,228,258,229,-1,229,258,259,-1,229,259,230,-1,230,259,260,-1,230,260,231,-1,231,260,261,-1,231,261,232,-1,232,261,262,-1,232,262,233,-1,233,262,263,-1,233,263,234,-1,234,263,240,-1,264,265,266,-1,266,265,267,-1,266,267,268,-1,269,270,266,-1,266,270,271,-1,266,271,264,-1,272,273,266,-1,266,273,274,-1,266,274,269,-1,275,276,266,-1,266,276,277,-1,266,277,272,-1,278,279,266,-1,266,279,280,-1,266,280,275,-1,281,282,266,-1,266,282,283,-1,266,283,278,-1,284,285,266,-1,266,285,286,-1,266,286,281,-1,268,287,266,-1,266,287,288,-1,266,288,284,-1,289,290,291,-1,291,290,292,-1,291,292,293,-1,293,292,294,-1,293,294,295,-1,295,294,296,-1,295,296,297,-1,297,296,298,-1,297,298,299,-1,299,298,300,-1,299,300,301,-1,301,300,302,-1,301,302,303,-1,303,302,304,-1,303,304,305,-1,305,304,306,-1,305,306,307,-1,307,306,308,-1,307,308,309,-1,309,308,310,-1,309,310,311,-1,311,310,312,-1,311,312,313,-1,313,312,314,-1,313,314,315,-1,315,314,316,-1,315,316,317,-1,317,316,318,-1,317,318,319,-1,319,318,320,-1,319,320,321,-1,321,320,322,-1,321,322,323,-1,323,322,324,-1,323,324,325,-1,325,324,326,-1,325,326,327,-1,327,326,328,-1,327,328,329,-1,329,328,330,-1,329,330,331,-1,331,330,332,-1,331,332,333,-1,333,332,334,-1,333,334,335,-1,335,334,336,-1,335,336,289,-1,289,336,290,-1,337,338,339,-1,339,338,340,-1,339,340,341,-1,342,343,339,-1,339,343,344,-1,339,344,337,-1,345,346,339,-1,339,346,347,-1,339,347,342,-1,348,349,339,-1,339,349,350,-1,339,350,345,-1,351,352,339,-1,339,352,353,-1,339,353,348,-1,354,355,339,-1,339,355,356,-1,339,356,351,-1,357,358,339,-1,339,358,359,-1,339,359,354,-1,341,360,339,-1,339,360,361,-1,339,361,357,-1,336,352,290,-1,290,352,351,-1,290,351,292,-1,292,351,356,-1,292,356,294,-1,294,356,355,-1,294,355,296,-1,296,355,354,-1,296,354,298,-1,298,354,359,-1,298,359,300,-1,300,359,358,-1,300,358,302,-1,302,358,357,-1,302,357,304,-1,304,357,361,-1,304,361,306,-1,306,361,360,-1,306,360,308,-1,308,360,341,-1,308,341,310,-1,310,341,340,-1,310,340,312,-1,312,340,338,-1,312,338,314,-1,314,338,337,-1,314,337,316,-1,316,337,344,-1,316,344,318,-1,318,344,343,-1,318,343,320,-1,320,343,342,-1,320,342,322,-1,322,342,347,-1,322,347,324,-1,324,347,346,-1,324,346,326,-1,326,346,345,-1,326,345,328,-1,328,345,350,-1,328,350,330,-1,330,350,349,-1,330,349,332,-1,332,349,348,-1,332,348,334,-1,334,348,353,-1,334,353,336,-1,336,353,352,-1,24,265,22,-1,22,265,264,-1,22,264,20,-1,20,264,271,-1,20,271,18,-1,18,271,270,-1,18,270,16,-1,16,270,269,-1,16,269,14,-1,14,269,274,-1,14,274,12,-1,12,274,273,-1,12,273,10,-1,10,273,272,-1,10,272,8,-1,8,272,277,-1,8,277,6,-1,6,277,276,-1,6,276,4,-1,4,276,275,-1,4,275,2,-1,2,275,280,-1,2,280,0,-1,0,280,279,-1,0,279,46,-1,46,279,278,-1,46,278,44,-1,44,278,283,-1,44,283,42,-1,42,283,282,-1,42,282,40,-1,40,282,281,-1,40,281,38,-1,38,281,286,-1,38,286,36,-1,36,286,285,-1,36,285,34,-1,34,285,284,-1,34,284,32,-1,32,284,288,-1,32,288,30,-1,30,288,287,-1,30,287,28,-1,28,287,268,-1,28,268,26,-1,26,268,267,-1,26,267,24,-1,24,267,265,-1,362,363,364,-1,364,363,365,-1,364,365,366,-1,366,365,367,-1,366,367,368,-1,368,367,369,-1,368,369,370,-1,370,369,371,-1,370,371,372,-1,372,371,373,-1,372,373,374,-1,374,373,375,-1,374,375,376,-1,376,375,377,-1,376,377,378,-1,378,377,379,-1,378,379,380,-1,380,379,381,-1,380,381,382,-1,382,381,383,-1,382,383,384,-1,384,383,385,-1,384,385,386,-1,386,385,387,-1,386,387,388,-1,388,387,389,-1,388,389,390,-1,390,389,391,-1,390,391,392,-1,392,391,393,-1,392,393,394,-1,394,393,395,-1,394,395,396,-1,396,395,397,-1,396,397,398,-1,398,397,399,-1,398,399,400,-1,400,399,401,-1,400,401,402,-1,402,401,403,-1,402,403,404,-1,404,403,405,-1,404,405,406,-1,406,405,407,-1,406,407,408,-1,408,407,409,-1,408,409,362,-1,362,409,363,-1,410,411,412,-1,412,411,413,-1,412,413,414,-1,414,413,415,-1,414,415,416,-1,416,415,417,-1,416,417,418,-1,418,417,419,-1,418,419,420,-1,420,419,421,-1,420,421,422,-1,422,421,423,-1,422,423,424,-1,424,423,425,-1,424,425,426,-1,426,425,427,-1,426,427,428,-1,428,427,429,-1,428,429,430,-1,430,429,431,-1,430,431,432,-1,432,431,433,-1,432,433,434,-1,434,433,435,-1,434,435,436,-1,436,435,437,-1,436,437,438,-1,438,437,439,-1,438,439,440,-1,440,439,441,-1,440,441,442,-1,442,441,443,-1,442,443,444,-1,444,443,445,-1,444,445,446,-1,446,445,447,-1,446,447,448,-1,448,447,449,-1,448,449,450,-1,450,449,451,-1,450,451,452,-1,452,451,453,-1,452,453,454,-1,454,453,455,-1,454,455,456,-1,456,455,457,-1,456,457,410,-1,410,457,411,-1,411,458,413,-1,413,458,459,-1,413,459,415,-1,415,459,460,-1,415,460,417,-1,417,460,461,-1,417,461,419,-1,419,461,462,-1,419,462,421,-1,421,462,463,-1,421,463,423,-1,423,463,464,-1,423,464,425,-1,425,464,465,-1,425,465,427,-1,427,465,466,-1,427,466,429,-1,429,466,467,-1,429,467,431,-1,431,467,468,-1,431,468,433,-1,433,468,469,-1,433,469,435,-1,435,469,470,-1,435,470,437,-1,437,470,471,-1,437,471,439,-1,439,471,472,-1,439,472,441,-1,441,472,473,-1,441,473,443,-1,443,473,474,-1,443,474,445,-1,445,474,475,-1,445,475,447,-1,447,475,476,-1,447,476,449,-1,449,476,477,-1,449,477,451,-1,451,477,478,-1,451,478,453,-1,453,478,479,-1,453,479,455,-1,455,479,480,-1,455,480,457,-1,457,480,481,-1,457,481,411,-1,411,481,458,-1,458,482,459,-1,459,482,483,-1,459,483,460,-1,460,483,484,-1,460,484,461,-1,461,484,485,-1,461,485,462,-1,462,485,486,-1,462,486,463,-1,463,486,487,-1,463,487,464,-1,464,487,488,-1,464,488,465,-1,465,488,489,-1,465,489,466,-1,466,489,490,-1,466,490,467,-1,467,490,491,-1,467,491,468,-1,468,491,492,-1,468,492,469,-1,469,492,493,-1,469,493,470,-1,470,493,494,-1,470,494,471,-1,471,494,495,-1,471,495,472,-1,472,495,496,-1,472,496,473,-1,473,496,497,-1,473,497,474,-1,474,497,498,-1,474,498,475,-1,475,498,499,-1,475,499,476,-1,476,499,500,-1,476,500,477,-1,477,500,501,-1,477,501,478,-1,478,501,502,-1,478,502,479,-1,479,502,503,-1,479,503,480,-1,480,503,504,-1,480,504,481,-1,481,504,505,-1,481,505,458,-1,458,505,482,-1,482,506,483,-1,483,506,507,-1,483,507,484,-1,484,507,508,-1,484,508,485,-1,485,508,509,-1,485,509,486,-1,486,509,510,-1,486,510,487,-1,487,510,511,-1,487,511,488,-1,488,511,512,-1,488,512,489,-1,489,512,513,-1,489,513,490,-1,490,513,514,-1,490,514,491,-1,491,514,515,-1,491,515,492,-1,492,515,516,-1,492,516,493,-1,493,516,517,-1,493,517,494,-1,494,517,518,-1,494,518,495,-1,495,518,519,-1,495,519,496,-1,496,519,520,-1,496,520,497,-1,497,520,521,-1,497,521,498,-1,498,521,522,-1,498,522,499,-1,499,522,523,-1,499,523,500,-1,500,523,524,-1,500,524,501,-1,501,524,525,-1,501,525,502,-1,502,525,526,-1,502,526,503,-1,503,526,527,-1,503,527,504,-1,504,527,528,-1,504,528,505,-1,505,528,529,-1,505,529,482,-1,482,529,506,-1,506,530,507,-1,507,530,531,-1,507,531,508,-1,508,531,532,-1,508,532,509,-1,509,532,533,-1,509,533,510,-1,510,533,534,-1,510,534,511,-1,511,534,535,-1,511,535,512,-1,512,535,536,-1,512,536,513,-1,513,536,537,-1,513,537,514,-1,514,537,538,-1,514,538,515,-1,515,538,539,-1,515,539,516,-1,516,539,540,-1,516,540,517,-1,517,540,541,-1,517,541,518,-1,518,541,542,-1,518,542,519,-1,519,542,543,-1,519,543,520,-1,520,543,544,-1,520,544,521,-1,521,544,545,-1,521,545,522,-1,522,545,546,-1,522,546,523,-1,523,546,547,-1,523,547,524,-1,524,547,548,-1,524,548,525,-1,525,548,549,-1,525,549,526,-1,526,549,550,-1,526,550,527,-1,527,550,551,-1,527,551,528,-1,528,551,552,-1,528,552,529,-1,529,552,553,-1,529,553,506,-1,506,553,530,-1,530,554,531,-1,531,554,555,-1,531,555,532,-1,532,555,556,-1,532,556,533,-1,533,556,557,-1,533,557,534,-1,534,557,558,-1,534,558,535,-1,535,558,559,-1,535,559,536,-1,536,559,560,-1,536,560,537,-1,537,560,561,-1,537,561,538,-1,538,561,562,-1,538,562,539,-1,539,562,563,-1,539,563,540,-1,540,563,564,-1,540,564,541,-1,541,564,565,-1,541,565,542,-1,542,565,566,-1,542,566,543,-1,543,566,567,-1,543,567,544,-1,544,567,568,-1,544,568,545,-1,545,568,569,-1,545,569,546,-1,546,569,570,-1,546,570,547,-1,547,570,571,-1,547,571,548,-1,548,571,572,-1,548,572,549,-1,549,572,573,-1,549,573,550,-1,550,573,574,-1,550,574,551,-1,551,574,575,-1,551,575,552,-1,552,575,576,-1,552,576,553,-1,553,576,577,-1,553,577,530,-1,530,577,554,-1,554,578,555,-1,555,578,579,-1,555,579,556,-1,556,579,580,-1,556,580,557,-1,557,580,581,-1,557,581,558,-1,558,581,582,-1,558,582,559,-1,559,582,583,-1,559,583,560,-1,560,583,584,-1,560,584,561,-1,561,584,585,-1,561,585,562,-1,562,585,586,-1,562,586,563,-1,563,586,587,-1,563,587,564,-1,564,587,588,-1,564,588,565,-1,565,588,589,-1,565,589,566,-1,566,589,590,-1,566,590,567,-1,567,590,591,-1,567,591,568,-1,568,591,592,-1,568,592,569,-1,569,592,593,-1,569,593,570,-1,570,593,594,-1,570,594,571,-1,571,594,595,-1,571,595,572,-1,572,595,596,-1,572,596,573,-1,573,596,597,-1,573,597,574,-1,574,597,598,-1,574,598,575,-1,575,598,599,-1,575,599,576,-1,576,599,600,-1,576,600,577,-1,577,600,601,-1,577,601,554,-1,554,601,578,-1,578,374,579,-1,579,374,376,-1,579,376,580,-1,580,376,378,-1,580,378,581,-1,581,378,380,-1,581,380,582,-1,582,380,382,-1,582,382,583,-1,583,382,384,-1,583,384,584,-1,584,384,386,-1,584,386,585,-1,585,386,388,-1,585,388,586,-1,586,388,390,-1,586,390,587,-1,587,390,392,-1,587,392,588,-1,588,392,394,-1,588,394,589,-1,589,394,396,-1,589,396,590,-1,590,396,398,-1,590,398,591,-1,591,398,400,-1,591,400,592,-1,592,400,402,-1,592,402,593,-1,593,402,404,-1,593,404,594,-1,594,404,406,-1,594,406,595,-1,595,406,408,-1,595,408,596,-1,596,408,362,-1,596,362,597,-1,597,362,364,-1,597,364,598,-1,598,364,366,-1,598,366,599,-1,599,366,368,-1,599,368,600,-1,600,368,370,-1,600,370,601,-1,601,370,372,-1,601,372,578,-1,578,372,374,-1,602,412,603,-1,603,412,414,-1,603,414,604,-1,604,414,416,-1,604,416,605,-1,605,416,418,-1,605,418,606,-1,606,418,420,-1,606,420,607,-1,607,420,422,-1,607,422,608,-1,608,422,424,-1,608,424,609,-1,609,424,426,-1,609,426,610,-1,610,426,428,-1,610,428,611,-1,611,428,430,-1,611,430,612,-1,612,430,432,-1,612,432,613,-1,613,432,434,-1,613,434,614,-1,614,434,436,-1,614,436,615,-1,615,436,438,-1,615,438,616,-1,616,438,440,-1,616,440,617,-1,617,440,442,-1,617,442,618,-1,618,442,444,-1,618,444,619,-1,619,444,446,-1,619,446,620,-1,620,446,448,-1,620,448,621,-1,621,448,450,-1,621,450,622,-1,622,450,452,-1,622,452,623,-1,623,452,454,-1,623,454,624,-1,624,454,456,-1,624,456,625,-1,625,456,410,-1,625,410,602,-1,602,410,412,-1,626,627,628,-1,628,627,629,-1,628,629,630,-1,631,632,628,-1,628,632,633,-1,628,633,626,-1,634,635,628,-1,628,635,636,-1,628,636,631,-1,637,638,628,-1,628,638,639,-1,628,639,634,-1,640,641,628,-1,628,641,642,-1,628,642,637,-1,643,644,628,-1,628,644,645,-1,628,645,640,-1,646,647,628,-1,628,647,648,-1,628,648,643,-1,630,649,628,-1,628,649,650,-1,628,650,646,-1,614,627,613,-1,613,627,626,-1,613,626,612,-1,612,626,633,-1,612,633,611,-1,611,633,632,-1,611,632,610,-1,610,632,631,-1,610,631,609,-1,609,631,636,-1,609,636,608,-1,608,636,635,-1,608,635,607,-1,607,635,634,-1,607,634,606,-1,606,634,639,-1,606,639,605,-1,605,639,638,-1,605,638,604,-1,604,638,637,-1,604,637,603,-1,603,637,642,-1,603,642,602,-1,602,642,641,-1,602,641,625,-1,625,641,640,-1,625,640,624,-1,624,640,645,-1,624,645,623,-1,623,645,644,-1,623,644,622,-1,622,644,643,-1,622,643,621,-1,621,643,648,-1,621,648,620,-1,620,648,647,-1,620,647,619,-1,619,647,646,-1,619,646,618,-1,618,646,650,-1,618,650,617,-1,617,650,649,-1,617,649,616,-1,616,649,630,-1,616,630,615,-1,615,630,629,-1,615,629,614,-1,614,629,627,-1,651,652,653,-1,653,652,654,-1,653,654,655,-1,655,654,656,-1,655,656,657,-1,657,656,658,-1,657,658,659,-1,659,658,660,-1,659,660,661,-1,661,660,662,-1,661,662,663,-1,663,662,664,-1,663,664,665,-1,665,664,666,-1,665,666,667,-1,667,666,668,-1,667,668,669,-1,669,668,670,-1,669,670,671,-1,671,670,672,-1,671,672,673,-1,673,672,674,-1,673,674,675,-1,675,674,676,-1,675,676,677,-1,677,676,678,-1,677,678,679,-1,679,678,680,-1,679,680,681,-1,681,680,682,-1,681,682,683,-1,683,682,684,-1,683,684,685,-1,685,684,686,-1,685,686,687,-1,687,686,688,-1,687,688,689,-1,689,688,690,-1,689,690,691,-1,691,690,692,-1,691,692,693,-1,693,692,694,-1,693,694,695,-1,695,694,696,-1,695,696,697,-1,697,696,698,-1,697,698,651,-1,651,698,652,-1,699,700,701,-1,701,700,702,-1,701,702,703,-1,704,705,701,-1,701,705,706,-1,701,706,699,-1,707,708,701,-1,701,708,709,-1,701,709,704,-1,710,711,701,-1,701,711,712,-1,701,712,707,-1,713,714,701,-1,701,714,715,-1,701,715,710,-1,716,717,701,-1,701,717,718,-1,701,718,713,-1,719,720,701,-1,701,720,721,-1,701,721,716,-1,703,722,701,-1,701,722,723,-1,701,723,719,-1,698,714,652,-1,652,714,713,-1,652,713,654,-1,654,713,718,-1,654,718,656,-1,656,718,717,-1,656,717,658,-1,658,717,716,-1,658,716,660,-1,660,716,721,-1,660,721,662,-1,662,721,720,-1,662,720,664,-1,664,720,719,-1,664,719,666,-1,666,719,723,-1,666,723,668,-1,668,723,722,-1,668,722,670,-1,670,722,703,-1,670,703,672,-1,672,703,702,-1,672,702,674,-1,674,702,700,-1,674,700,676,-1,676,700,699,-1,676,699,678,-1,678,699,706,-1,678,706,680,-1,680,706,705,-1,680,705,682,-1,682,705,704,-1,682,704,684,-1,684,704,709,-1,684,709,686,-1,686,709,708,-1,686,708,688,-1,688,708,707,-1,688,707,690,-1,690,707,712,-1,690,712,692,-1,692,712,711,-1,692,711,694,-1,694,711,710,-1,694,710,696,-1,696,710,715,-1,696,715,698,-1,698,715,714,-1,
        ]
    }
}
Shape{
    appearance Appearance {
        material  Material 	{
            diffuseColor 1.0 0.9215686274509803 0.8117647058823529
            specularColor 0.5019607843137255 0.4588235294117647 0.403921568627451
            ambientIntensity 0.2
            transparency 0
            shininess 0.5
        }
    }
    geometry IndexedFaceSet {
        ccw TRUE
        solid FALSE
        coord DEF co Coordinate {
            point [
                0.7874 -0.2106 0.748, 0.7874 0.3406 0.748, -0.7874 -0.2106 0.748, -0.7874 0.3406 0.748, 0.7874 0.4193 0.8268, 0.2953 0.4193 0.8268, -0.2953 0.4193 0.8268, -0.7874 0.4193 0.8268, -0.7874 0.4193 0.8268
            ]
        }
        coordIndex [
            0,1,2,-1,2,1,3,-1,4,5,1,-1,1,5,6,-1,1,6,3,-1,3,6,7,-1,
        ]
    }
}
Shape{
    appearance Appearance {
        material  Material 	{
            diffuseColor 0.7529411764705882 0.7529411764705882 0.7529411764705882
            specularColor 0.3764705882352941 0.3764705882352941 0.3764705882352941
            ambientIntensity 0.2
            transparency 0
            shininess 0.5
        }
    }
    geometry IndexedFaceSet {
        ccw TRUE
        solid FALSE
        coord DEF co Coordinate {
            point [
                0.9449 0.6161 1.2205, 0.9449 0.4193 1.2205, 0.9449 0.6161 1.5748, 0.9449 0.4193 1.5748, 1.0236 0.7343 1.5748, 1.0236 0.8327 1.5748, 0.9449 0.8327 1.5748, 1.0236 0.0256 1.5748, 0.9449 -0.0728 1.5748, 1.0236 -0.0728 1.5748, 1.0236 0.4783 0.0787, 1.0236 0.6752 0.0787, 1.0236 0.6752 0.315, 1.0236 0.7343 0.315, 1.0236 0.2815 0.0787, 1.0236 0.2815 0.0, 1.0236 0.4783 0.0, 1.0236 0.0846 0.315, 1.0236 0.0846 0.0787, 1.0236 0.0256 0.315, 1.1798 0.1138 0.0787, 1.1811 0.124 0.0787, 1.1417 0.0846 0.0787, 1.1811 0.2815 0.0787, 1.1614 0.0899 0.0787, 1.1696 0.0962 0.0787, 1.1758 0.1043 0.0787, 1.1519 0.086 0.0787, 1.1811 0.124 0.0, 1.1811 0.2815 0.0, 1.0236 0.0846 0.0, 1.1417 0.0846 0.0, 1.1519 0.086 0.0, 1.1798 0.1138 0.0, 1.1758 0.1043 0.0, 1.1614 0.0899 0.0, 1.1696 0.0962 0.0, 1.0032 0.0846 0.0027, 1.0032 0.6752 0.0027, 1.0236 0.6752 0.0, 0.9843 0.0846 0.0105, 0.9843 0.6752 0.0105, 0.9679 0.0846 0.0231, 0.9679 0.6752 0.0231, 0.9554 0.0846 0.0394, 0.9554 0.6752 0.0394, 0.9476 0.0846 0.0584, 0.9476 0.6752 0.0584, 0.9449 0.0846 0.0787, 0.9449 0.6752 0.0787, 0.9449 0.6752 0.315, 1.1417 0.6752 0.0787, 1.1417 0.6752 0.0, 0.9449 0.0846 0.315, 1.0236 -0.0728 0.315, 0.9449 -0.0728 0.315, 0.9449 0.8327 0.315, 1.0236 0.8327 0.315, 1.1519 0.6739 0.0787, 1.1519 0.6739 0.0, 1.1614 0.6699 0.0787, 1.1614 0.6699 0.0, 1.1696 0.6637 0.0787, 1.1696 0.6637 0.0, 1.1758 0.6555 0.0787, 1.1758 0.6555 0.0, 1.1798 0.646 0.0787, 1.1798 0.646 0.0, 1.1811 0.6358 0.0787, 1.1811 0.6358 0.0, -0.9449 0.6161 1.2205, -0.9449 0.6161 1.5748, -0.9449 0.4193 1.2205, -0.9449 0.4193 1.5748, -1.0236 0.4783 0.0, -1.0236 0.6752 0.0, -1.0032 0.6752 0.0027, -0.9449 0.6752 0.0787, -0.9449 0.0846 0.0787, -0.9476 0.0846 0.0584, -1.0032 0.0846 0.0027, -1.0236 0.0846 0.0, -1.0236 0.2815 0.0, -0.9476 0.6752 0.0584, -0.9554 0.0846 0.0394, -0.9554 0.6752 0.0394, -0.9679 0.0846 0.0231, -0.9679 0.6752 0.0231, -0.9843 0.0846 0.0105, -0.9843 0.6752 0.0105, -1.1798 0.1138 0.0, -1.1811 0.124 0.0, -1.1417 0.0846 0.0, -1.1811 0.2815 0.0, -1.1614 0.0899 0.0, -1.1696 0.0962 0.0, -1.1758 0.1043 0.0, -1.1519 0.086 0.0, -1.1811 0.2815 0.0787, -1.1811 0.124 0.0787, -1.0236 0.2815 0.0787, -1.0236 0.0846 0.0787, -1.1417 0.0846 0.0787, -1.1798 0.1138 0.0787, -1.1758 0.1043 0.0787, -1.1696 0.0962 0.0787, -1.1614 0.0899 0.0787, -1.1519 0.086 0.0787, -1.0236 0.0846 0.315, -1.0236 0.0256 0.315, -1.0236 0.0256 1.5748, -1.0236 0.4783 0.0787, -1.0236 0.6752 0.315, -1.0236 0.6752 0.0787, -1.0236 0.7343 1.5748, -1.0236 0.7343 0.315, -0.9449 0.8327 1.5748, -1.0236 0.8327 1.5748, -1.0236 -0.0728 1.5748, -0.9449 -0.0728 1.5748, -0.9449 -0.0728 0.315, -1.0236 -0.0728 0.315, -0.9449 0.0846 0.315, -1.0236 0.8327 0.315, -0.9449 0.8327 0.315, -0.9449 0.6752 0.315, -1.1417 0.6752 0.0787, -1.1417 0.6752 0.0, -1.1505 0.6742 0.0, -1.1505 0.6742 0.0787, -1.1588 0.6713 0.0, -1.1588 0.6713 0.0787, -1.1663 0.6666 0.0, -1.1663 0.6666 0.0787, -1.1725 0.6604 0.0, -1.1725 0.6604 0.0787, -1.1772 0.6529 0.0, -1.1772 0.6529 0.0787, -1.1801 0.6446 0.0, -1.1801 0.6446 0.0787, -1.1811 0.6358 0.0, -1.1811 0.6358 0.0787, -1.1811 0.6358 0.0787
            ]
        }
        coordIndex [
            0,1,2,-1,2,1,3,-1,4,5,6,-1,6,2,4,-1,4,2,3,-1,4,3,7,-1,7,3,8,-1,7,8,9,-1,10,11,12,-1,12,13,4,-1,14,15,16,-1,17,18,14,-1,7,19,4,-1,4,19,17,-1,4,17,12,-1,12,17,14,-1,12,14,10,-1,10,14,16,-1,20,21,22,-1,23,14,21,-1,21,14,18,-1,21,18,22,-1,24,25,26,-1,20,22,26,-1,26,22,27,-1,26,27,24,-1,21,28,23,-1,23,28,29,-1,15,29,30,-1,30,29,28,-1,30,28,31,-1,31,28,32,-1,28,33,32,-1,32,33,34,-1,32,34,35,-1,35,34,36,-1,15,30,37,-1,38,39,16,-1,15,37,16,-1,16,37,38,-1,38,37,40,-1,38,40,41,-1,41,40,42,-1,41,42,43,-1,43,42,44,-1,43,44,45,-1,45,44,46,-1,45,46,47,-1,47,46,48,-1,47,48,49,-1,50,12,49,-1,49,12,11,-1,49,11,47,-1,47,11,45,-1,51,52,11,-1,11,52,39,-1,11,39,38,-1,38,41,11,-1,11,41,43,-1,11,43,45,-1,31,22,30,-1,30,22,18,-1,30,18,37,-1,37,18,40,-1,17,53,18,-1,18,53,48,-1,18,48,46,-1,46,44,18,-1,18,44,42,-1,18,42,40,-1,54,55,19,-1,19,55,53,-1,19,53,17,-1,8,55,9,-1,9,55,54,-1,56,6,57,-1,57,6,5,-1,56,57,50,-1,50,57,13,-1,50,13,12,-1,22,31,32,-1,22,32,27,-1,27,32,35,-1,27,35,24,-1,24,35,36,-1,24,36,25,-1,25,36,34,-1,25,34,26,-1,26,34,33,-1,26,33,20,-1,20,33,28,-1,20,28,21,-1,52,51,58,-1,52,58,59,-1,59,58,60,-1,59,60,61,-1,61,60,62,-1,61,62,63,-1,63,62,64,-1,63,64,65,-1,65,64,66,-1,65,66,67,-1,67,66,68,-1,67,68,69,-1,70,71,72,-1,72,71,73,-1,74,75,76,-1,77,78,79,-1,80,81,82,-1,77,79,83,-1,83,79,84,-1,83,84,85,-1,85,84,86,-1,85,86,87,-1,87,86,88,-1,87,88,89,-1,89,88,80,-1,89,80,76,-1,76,80,82,-1,76,82,74,-1,90,91,92,-1,93,82,91,-1,91,82,81,-1,91,81,92,-1,94,95,96,-1,90,92,96,-1,96,92,97,-1,96,97,94,-1,93,91,98,-1,98,91,99,-1,100,98,101,-1,101,98,99,-1,101,99,102,-1,102,99,103,-1,102,103,104,-1,105,106,104,-1,104,106,107,-1,104,107,102,-1,100,101,108,-1,108,109,110,-1,111,74,82,-1,112,113,111,-1,114,115,110,-1,110,115,112,-1,110,112,108,-1,108,112,111,-1,108,111,100,-1,100,111,82,-1,116,117,114,-1,118,119,110,-1,110,119,73,-1,110,73,114,-1,114,73,71,-1,114,71,116,-1,120,121,122,-1,122,121,109,-1,122,109,108,-1,120,119,121,-1,121,119,118,-1,123,124,115,-1,115,124,125,-1,115,125,112,-1,116,124,117,-1,117,124,123,-1,92,102,107,-1,92,107,97,-1,97,107,106,-1,97,106,94,-1,94,106,105,-1,94,105,95,-1,95,105,104,-1,95,104,96,-1,96,104,103,-1,96,103,90,-1,90,103,99,-1,90,99,91,-1,126,127,128,-1,126,128,129,-1,129,128,130,-1,129,130,131,-1,131,130,132,-1,131,132,133,-1,133,132,134,-1,133,134,135,-1,135,134,136,-1,135,136,137,-1,137,136,138,-1,137,138,139,-1,139,138,140,-1,139,140,141,-1,
        ]
    }
}
Shape{
    appearance Appearance {
        material  Material 	{
            diffuseColor 1.0 0.9215686274509803 0.8117647058823529
            specularColor 0.5019607843137255 0.4588235294117647 0.403921568627451
            ambientIntensity 0.2
            transparency 0
            shininess 0.5
        }
    }
    geometry IndexedFaceSet {
        ccw TRUE
        solid FALSE
        coord DEF co Coordinate {
            point [
                -1.0236 0.7343 1.9685, -1.063 0.7736 2.0079, -1.1811 0.7343 1.9685, -1.1417 0.7736 2.0079, -1.0236 0.9705 1.9685, -1.063 1.0098 2.0079, -1.1417 1.0098 2.0079, -1.1811 1.0492 1.9685, 1.1417 0.7736 2.0079, 1.1811 0.7343 1.9685, 1.1417 1.0098 2.0079, 1.1811 1.0492 1.9685, 1.063 0.7736 2.0079, 1.0236 0.7343 1.9685, -0.9055 1.0098 2.0079, -0.9449 0.9705 1.9685, 1.063 1.0098 2.0079, 0.9055 1.0098 2.0079, -0.1083 1.0492 1.9685, -0.1388 1.0492 1.9685, -0.0518 1.0492 1.9685, -0.1543 1.0492 1.9685, -0.1912 1.0492 1.9685, -0.2168 1.0492 1.9685, -0.2379 1.0492 1.9685, 0.7637 1.0492 1.9685, 0.0164 1.0492 1.9685, -0.0478 1.0492 1.9685, 1.0236 0.9705 1.9685, -0.9449 0.6161 1.9685, -0.9055 0.6555 2.0079, 0.9449 0.9705 1.9685, -0.7874 0.6161 1.9685, -0.8268 0.6555 2.0079, 0.9055 0.6555 2.0079, 0.9449 0.6161 1.9685, -0.7874 0.8524 1.9685, -0.8268 0.8917 2.0079, 0.8268 0.6555 2.0079, 0.7874 0.6161 1.9685, 0.7874 0.8524 1.9685, 0.8268 0.8917 2.0079, 1.1417 -0.3681 2.0079, 1.1811 -0.4075 1.9685, 1.1417 -0.0138 2.0079, 1.1811 0.0256 1.9685, -1.1417 -0.3681 2.0079, -1.1811 -0.4075 1.9685, 1.0236 0.0256 1.9685, 1.063 -0.0138 2.0079, -1.1417 -0.0138 2.0079, -1.1811 0.0256 1.9685, 1.0236 -0.2106 1.9685, 1.063 -0.25 2.0079, -1.063 -0.0138 2.0079, -1.0236 0.0256 1.9685, 0.9449 -0.2106 1.9685, 0.9055 -0.25 2.0079, -1.063 -0.25 2.0079, -1.0236 -0.2106 1.9685, 0.9449 0.4193 1.9685, 0.9055 0.3799 2.0079, -0.9055 -0.25 2.0079, -0.9449 -0.2106 1.9685, 0.7874 0.4193 1.9685, 0.8268 0.3799 2.0079, -0.9055 0.3799 2.0079, -0.9449 0.4193 1.9685, 0.7874 -0.2106 1.9685, 0.8268 -0.25 2.0079, -0.8268 0.3799 2.0079, -0.7874 0.4193 1.9685, -0.7874 -0.2106 1.9685, -0.8268 -0.25 2.0079, -0.8268 -0.25 2.0079
            ]
        }
        coordIndex [
            0,1,2,-1,2,1,3,-1,4,5,0,-1,0,5,1,-1,6,7,3,-1,3,7,2,-1,8,9,10,-1,10,9,11,-1,12,13,8,-1,8,13,9,-1,5,4,14,-1,14,4,15,-1,16,10,11,-1,16,11,17,-1,18,19,14,-1,18,14,20,-1,19,21,14,-1,14,21,22,-1,14,22,23,-1,6,5,7,-1,7,5,14,-1,7,14,24,-1,24,14,23,-1,11,25,17,-1,17,25,26,-1,17,26,14,-1,14,26,27,-1,14,27,20,-1,16,28,12,-1,12,28,13,-1,29,30,15,-1,15,30,14,-1,17,31,16,-1,16,31,28,-1,32,33,29,-1,29,33,30,-1,34,35,17,-1,17,35,31,-1,36,37,32,-1,32,37,33,-1,38,39,34,-1,34,39,35,-1,40,41,36,-1,36,41,37,-1,41,40,38,-1,38,40,39,-1,42,43,44,-1,44,43,45,-1,46,47,42,-1,42,47,43,-1,48,49,45,-1,45,49,44,-1,50,51,46,-1,46,51,47,-1,52,53,48,-1,48,53,49,-1,54,55,50,-1,50,55,51,-1,56,57,52,-1,52,57,53,-1,58,59,54,-1,54,59,55,-1,60,61,56,-1,56,61,57,-1,62,63,58,-1,58,63,59,-1,64,65,60,-1,60,65,61,-1,66,67,62,-1,62,67,63,-1,68,69,64,-1,64,69,65,-1,70,71,66,-1,66,71,67,-1,72,73,68,-1,68,73,69,-1,73,72,70,-1,70,72,71,-1,
        ]
    }
}
Shape{
    appearance Appearance {
        material  Material 	{
            diffuseColor 0.7529411764705882 0.7529411764705882 0.7529411764705882
            specularColor 0.3764705882352941 0.3764705882352941 0.3764705882352941
            ambientIntensity 0.2
            transparency 0
            shininess 0.5
        }
    }
    geometry IndexedFaceSet {
        ccw TRUE
        solid FALSE
        coord DEF co Coordinate {
            point [
                -1.0236 0.4783 0.0787, -1.1811 0.4783 0.0787, -1.0236 0.4783 0.0, -1.1811 0.4783 0.0, -1.0236 0.2815 0.0, -1.1811 0.2815 0.0, -1.0236 0.2815 0.0787, -1.1811 0.2815 0.0787, 1.0236 0.4783 0.0, 1.1811 0.4783 0.0, 1.0236 0.4783 0.0787, 1.1811 0.4783 0.0787, 1.1811 0.2815 0.0, 1.0236 0.2815 0.0, 1.1811 0.2815 0.0787, 1.0236 0.2815 0.0787, 1.0236 0.2815 0.0787
            ]
        }
        coordIndex [
            0,1,2,-1,2,1,3,-1,4,5,6,-1,6,5,7,-1,8,9,10,-1,10,9,11,-1,12,13,14,-1,14,13,15,-1,
        ]
    }
}
Shape{
    appearance Appearance {
        material  Material 	{
            diffuseColor 0.0 0.0 0.0
            specularColor 0.0 0.0 0.0
            ambientIntensity 0.2
            transparency 0
            shininess 0.5
        }
    }
    geometry IndexedFaceSet {
        ccw TRUE
        solid FALSE
        coord DEF co Coordinate {
            point [
                -0.0461 1.0531 0.4052, -0.0461 1.0531 0.3976, -0.0461 1.0492 0.4052, -0.0461 1.0492 0.3976, -0.0195 1.0531 0.4052, -0.0195 1.0492 0.4052, -0.0195 1.0531 0.4643, -0.0195 1.0492 0.4643, -0.0109 1.0531 0.4643, -0.0109 1.0492 0.4643, -0.0109 1.0531 0.3976, -0.0109 1.0492 0.3976, -0.0803 1.0531 0.3965, -0.0803 1.0492 0.3965, -0.0905 1.0531 0.3975, -0.0862 1.0492 0.397, -0.0905 1.0492 0.3975, -0.0977 1.0492 0.3998, -0.0977 1.0531 0.3998, -0.0988 1.0492 0.4004, -0.0988 1.0531 0.4004, -0.0988 1.0531 0.4086, -0.0988 1.0492 0.4086, -0.0922 1.0492 0.4057, -0.0922 1.0531 0.4057, -0.0847 1.0492 0.4043, -0.0847 1.0531 0.4043, -0.0816 1.0492 0.4042, -0.0816 1.0531 0.4042, -0.0749 1.0492 0.405, -0.0749 1.0531 0.405, -0.0701 1.0492 0.4068, -0.0701 1.0531 0.4068, -0.0658 1.0492 0.4099, -0.0658 1.0531 0.4099, -0.0644 1.0492 0.4112, -0.0644 1.0531 0.4112, -0.0615 1.0492 0.4152, -0.0615 1.0531 0.4152, -0.0592 1.0492 0.4204, -0.0592 1.0531 0.4204, -0.058 1.0492 0.4269, -0.058 1.0531 0.4269, -0.0579 1.0492 0.4302, -0.0579 1.0531 0.4302, -0.059 1.0492 0.4394, -0.059 1.0531 0.4394, -0.0612 1.0492 0.4452, -0.0612 1.0531 0.4452, -0.0645 1.0492 0.4498, -0.0645 1.0531 0.4498, -0.0649 1.0492 0.4503, -0.0649 1.0531 0.4503, -0.0688 1.0492 0.4536, -0.0688 1.0531 0.4536, -0.074 1.0492 0.4562, -0.074 1.0531 0.4562, -0.0797 1.0492 0.4575, -0.0797 1.0531 0.4575, -0.0831 1.0492 0.4577, -0.0831 1.0531 0.4577, -0.0913 1.0492 0.4567, -0.0913 1.0531 0.4567, -0.0981 1.0492 0.4541, -0.0981 1.0531 0.4541, -0.0988 1.0492 0.4537, -0.0988 1.0531 0.4537, -0.0988 1.0531 0.4627, -0.0988 1.0492 0.4627, -0.083 1.0492 0.4655, -0.083 1.0531 0.4655, -0.0902 1.0492 0.4649, -0.0917 1.0531 0.4648, -0.0917 1.0492 0.4648, -0.0784 1.0492 0.4649, -0.0733 1.0531 0.4643, -0.0733 1.0492 0.4643, -0.0664 1.0492 0.4616, -0.0664 1.0531 0.4616, -0.0601 1.0492 0.4572, -0.0601 1.0531 0.4572, -0.0585 1.0492 0.4556, -0.0585 1.0531 0.4556, -0.0536 1.0492 0.4493, -0.0518 1.0492 0.4451, -0.0505 1.0531 0.4419, -0.0536 1.0531 0.4493, -0.0505 1.0492 0.4419, -0.049 1.0492 0.4332, -0.049 1.0531 0.4332, -0.0488 1.0492 0.4297, -0.0488 1.0531 0.4297, -0.0502 1.0492 0.4188, -0.0518 1.0492 0.4146, -0.0529 1.0531 0.4119, -0.0502 1.0531 0.4188, -0.0529 1.0492 0.4119, -0.0569 1.0492 0.4062, -0.0569 1.0531 0.4062, -0.0574 1.0492 0.4056, -0.0574 1.0531 0.4056, -0.0763 1.0531 0.3967, -0.0628 1.0492 0.4011, -0.0628 1.0531 0.4011, -0.0691 1.0492 0.3982, -0.0691 1.0531 0.3982, -0.0745 1.0492 0.397, -0.0763 1.0492 0.3967, -0.148 1.0531 0.4052, -0.148 1.0531 0.3976, -0.148 1.0492 0.4052, -0.148 1.0492 0.3976, -0.1208 1.0492 0.4052, -0.1208 1.0531 0.4052, -0.1388 1.0492 0.4052, -0.1208 1.0531 0.4277, -0.1208 1.0492 0.4277, -0.1446 1.0531 0.4277, -0.1388 1.0492 0.4277, -0.1446 1.0492 0.4277, -0.1446 1.0531 0.4353, -0.1446 1.0492 0.4353, -0.1208 1.0492 0.4353, -0.1208 1.0531 0.4353, -0.1388 1.0492 0.4353, -0.1208 1.0531 0.4567, -0.1208 1.0492 0.4567, -0.1465 1.0531 0.4567, -0.1388 1.0492 0.4567, -0.1465 1.0492 0.4567, -0.1465 1.0531 0.4643, -0.1465 1.0492 0.4643, -0.1122 1.0492 0.4643, -0.1122 1.0531 0.4643, -0.1388 1.0492 0.4643, -0.1122 1.0531 0.3976, -0.1122 1.0492 0.3976, -0.1388 1.0492 0.3976, -0.2049 1.0531 0.407, -0.198 1.0531 0.4115, -0.198 1.0531 0.402, -0.1937 1.0531 0.4085, -0.1903 1.0531 0.399, -0.1882 1.0531 0.4063, -0.179 1.0531 0.3976, -0.1789 1.0531 0.4052, -0.1606 1.0531 0.3976, -0.1693 1.0531 0.4052, -0.1606 1.0531 0.4643, -0.1693 1.0531 0.4567, -0.1797 1.0531 0.4643, -0.1793 1.0531 0.4567, -0.1818 1.0531 0.4566, -0.1899 1.0531 0.4632, -0.1888 1.0531 0.4555, -0.1979 1.0531 0.4603, -0.1944 1.0531 0.4533, -0.2049 1.0531 0.4555, -0.1986 1.0531 0.4504, -0.2073 1.0531 0.4532, -0.2004 1.0531 0.4486, -0.2114 1.0531 0.4474, -0.203 1.0531 0.4448, -0.2139 1.0531 0.441, -0.2049 1.0531 0.44, -0.215 1.0531 0.4318, -0.2059 1.0531 0.4316, -0.2148 1.0531 0.4276, -0.2056 1.0531 0.4268, -0.2132 1.0531 0.4198, -0.2042 1.0531 0.4208, -0.2099 1.0531 0.4129, -0.2019 1.0531 0.4159, -0.1988 1.0531 0.4122, -0.179 1.0492 0.3976, -0.1606 1.0492 0.3976, -0.2049 1.0492 0.407, -0.1903 1.0492 0.399, -0.1912 1.0492 0.3993, -0.198 1.0492 0.402, -0.2099 1.0492 0.4129, -0.2132 1.0492 0.4198, -0.2148 1.0492 0.4276, -0.215 1.0492 0.4318, -0.2139 1.0492 0.441, -0.2114 1.0492 0.4474, -0.2073 1.0492 0.4532, -0.2049 1.0492 0.4555, -0.1797 1.0492 0.4643, -0.1979 1.0492 0.4603, -0.1912 1.0492 0.4627, -0.1899 1.0492 0.4632, -0.1606 1.0492 0.4643, -0.1793 1.0492 0.4567, -0.1693 1.0492 0.4567, -0.1693 1.0492 0.4052, -0.1789 1.0492 0.4052, -0.1988 1.0492 0.4122, -0.198 1.0492 0.4115, -0.1937 1.0492 0.4085, -0.1882 1.0492 0.4063, -0.2059 1.0492 0.4316, -0.2056 1.0492 0.4268, -0.2042 1.0492 0.4208, -0.2019 1.0492 0.4159, -0.1986 1.0492 0.4504, -0.2004 1.0492 0.4486, -0.203 1.0492 0.4448, -0.2049 1.0492 0.44, -0.1818 1.0492 0.4566, -0.1888 1.0492 0.4555, -0.1944 1.0492 0.4533, -0.1944 1.0492 0.4533
            ]
        }
        coordIndex [
            0,1,2,-1,2,1,3,-1,4,0,5,-1,5,0,2,-1,6,4,7,-1,7,4,5,-1,8,6,9,-1,9,6,7,-1,10,8,11,-1,11,8,9,-1,1,10,3,-1,3,10,11,-1,6,8,4,-1,4,8,10,-1,4,10,0,-1,0,10,1,-1,12,13,14,-1,14,13,15,-1,15,16,14,-1,14,16,17,-1,14,17,18,-1,18,17,19,-1,18,19,20,-1,21,20,22,-1,22,20,19,-1,21,22,23,-1,21,23,24,-1,24,23,25,-1,24,25,26,-1,26,25,27,-1,26,27,28,-1,28,27,29,-1,28,29,30,-1,30,29,31,-1,30,31,32,-1,32,31,33,-1,32,33,34,-1,34,33,35,-1,34,35,36,-1,36,35,37,-1,36,37,38,-1,38,37,39,-1,38,39,40,-1,40,39,41,-1,40,41,42,-1,42,41,43,-1,42,43,44,-1,44,43,45,-1,44,45,46,-1,46,45,47,-1,46,47,48,-1,48,47,49,-1,48,49,50,-1,50,49,51,-1,50,51,52,-1,52,51,53,-1,52,53,54,-1,54,53,55,-1,54,55,56,-1,56,55,57,-1,56,57,58,-1,58,57,59,-1,58,59,60,-1,60,59,61,-1,60,61,62,-1,62,61,63,-1,62,63,64,-1,64,63,65,-1,64,65,66,-1,67,66,68,-1,68,66,65,-1,69,70,71,-1,71,70,72,-1,71,72,73,-1,73,72,67,-1,73,67,68,-1,70,69,74,-1,70,74,75,-1,74,76,75,-1,75,76,77,-1,75,77,78,-1,78,77,79,-1,78,79,80,-1,80,79,81,-1,80,81,82,-1,82,81,83,-1,84,85,83,-1,83,85,86,-1,83,86,82,-1,84,87,85,-1,85,87,88,-1,85,88,89,-1,89,88,90,-1,89,90,91,-1,91,90,92,-1,93,94,92,-1,92,94,95,-1,92,95,91,-1,93,96,94,-1,94,96,97,-1,94,97,98,-1,98,97,99,-1,98,99,100,-1,13,12,101,-1,100,99,102,-1,100,102,103,-1,103,102,104,-1,103,104,105,-1,105,104,106,-1,105,106,101,-1,101,106,107,-1,101,107,13,-1,54,56,75,-1,46,48,86,-1,86,48,82,-1,75,56,70,-1,56,58,70,-1,70,58,60,-1,70,60,72,-1,72,60,62,-1,72,62,67,-1,67,62,64,-1,67,64,66,-1,20,21,18,-1,18,21,24,-1,18,24,14,-1,14,24,26,-1,14,26,12,-1,12,26,28,-1,12,28,101,-1,101,28,30,-1,101,30,105,-1,105,30,32,-1,105,32,103,-1,103,32,34,-1,103,34,100,-1,100,34,36,-1,100,36,98,-1,98,36,38,-1,98,38,94,-1,91,44,89,-1,89,44,46,-1,89,46,85,-1,85,46,86,-1,48,50,82,-1,82,50,52,-1,82,52,80,-1,80,52,54,-1,80,54,78,-1,78,54,75,-1,94,38,95,-1,95,38,40,-1,95,40,91,-1,91,40,42,-1,91,42,44,-1,108,109,110,-1,110,109,111,-1,112,113,114,-1,114,113,108,-1,114,108,110,-1,115,113,116,-1,116,113,112,-1,115,116,117,-1,117,116,118,-1,117,118,119,-1,120,117,121,-1,121,117,119,-1,122,123,124,-1,124,123,120,-1,124,120,121,-1,125,123,126,-1,126,123,122,-1,125,126,127,-1,127,126,128,-1,127,128,129,-1,130,127,131,-1,131,127,129,-1,132,133,134,-1,134,133,130,-1,134,130,131,-1,135,133,136,-1,136,133,132,-1,135,136,109,-1,109,136,137,-1,109,137,111,-1,135,109,108,-1,108,113,135,-1,135,113,115,-1,135,115,133,-1,127,130,125,-1,125,130,133,-1,125,133,123,-1,123,133,115,-1,123,115,120,-1,120,115,117,-1,138,139,140,-1,140,139,141,-1,140,141,142,-1,142,141,143,-1,142,143,144,-1,144,143,145,-1,144,145,146,-1,146,145,147,-1,146,147,148,-1,148,147,149,-1,148,149,150,-1,149,151,150,-1,150,151,152,-1,150,152,153,-1,153,152,154,-1,153,154,155,-1,155,154,156,-1,155,156,157,-1,157,156,158,-1,157,158,159,-1,159,158,160,-1,159,160,161,-1,161,160,162,-1,161,162,163,-1,163,162,164,-1,163,164,165,-1,165,164,166,-1,165,166,167,-1,167,166,168,-1,167,168,169,-1,169,168,170,-1,169,170,171,-1,171,170,172,-1,171,172,138,-1,138,172,173,-1,138,173,139,-1,144,146,174,-1,174,146,175,-1,176,138,140,-1,144,174,177,-1,144,177,142,-1,142,177,178,-1,142,178,140,-1,140,178,179,-1,140,179,176,-1,138,176,180,-1,138,180,171,-1,171,180,181,-1,171,181,169,-1,169,181,182,-1,169,182,167,-1,167,182,183,-1,167,183,165,-1,165,183,184,-1,165,184,163,-1,163,184,185,-1,163,185,161,-1,161,185,186,-1,161,186,159,-1,159,186,187,-1,159,187,157,-1,188,150,153,-1,157,187,189,-1,157,189,155,-1,155,189,190,-1,155,190,153,-1,153,190,191,-1,153,191,188,-1,148,150,192,-1,192,150,188,-1,146,148,175,-1,175,148,192,-1,151,149,193,-1,193,149,194,-1,149,147,194,-1,194,147,195,-1,147,145,195,-1,195,145,196,-1,173,197,198,-1,173,198,139,-1,139,198,199,-1,139,199,141,-1,141,199,200,-1,141,200,143,-1,143,200,196,-1,143,196,145,-1,166,201,202,-1,166,202,168,-1,168,202,203,-1,168,203,170,-1,170,203,204,-1,170,204,172,-1,172,204,197,-1,172,197,173,-1,158,205,206,-1,158,206,160,-1,160,206,207,-1,160,207,162,-1,162,207,208,-1,162,208,164,-1,164,208,201,-1,164,201,166,-1,151,193,209,-1,151,209,152,-1,152,209,210,-1,152,210,154,-1,154,210,211,-1,154,211,156,-1,156,211,205,-1,156,205,158,-1,
        ]
    }
}
Shape{
    appearance Appearance {
        material  Material 	{
            diffuseColor 1.0 0.9215686274509803 0.8117647058823529
            specularColor 0.5019607843137255 0.4588235294117647 0.403921568627451
            ambientIntensity 0.2
            transparency 0
            shininess 0.5
        }
    }
    geometry IndexedFaceSet {
        ccw TRUE
        solid FALSE
        coord DEF co Coordinate {
            point [
                -0.198 1.0492 0.4115, -0.1988 1.0492 0.4122, -0.1818 1.0492 0.4566, -0.1937 1.0492 0.4085, -0.1693 1.0492 0.4567, -0.1693 1.0492 0.4052, -0.1793 1.0492 0.4567, -0.1789 1.0492 0.4052, -0.1882 1.0492 0.4063, -0.2019 1.0492 0.4159, -0.2042 1.0492 0.4208, -0.2056 1.0492 0.4268, -0.1986 1.0492 0.4504, -0.2059 1.0492 0.4316, -0.1944 1.0492 0.4533, -0.1888 1.0492 0.4555, -0.2049 1.0492 0.44, -0.203 1.0492 0.4448, -0.2004 1.0492 0.4486, -0.2004 1.0492 0.4486
            ]
        }
        coordIndex [
            0,1,2,-1,0,2,3,-1,4,5,6,-1,6,5,7,-1,6,7,2,-1,2,7,8,-1,2,8,3,-1,1,9,2,-1,2,9,10,-1,2,10,11,-1,12,11,13,-1,12,14,11,-1,11,14,15,-1,11,15,2,-1,16,17,13,-1,13,17,18,-1,13,18,12,-1,
        ]
    }
}
Shape{
    appearance Appearance {
        material  Material 	{
            diffuseColor 0.0 0.0 0.0
            specularColor 0.0 0.0 0.0
            ambientIntensity 0.2
            transparency 0
            shininess 0.5
        }
    }
    geometry IndexedFaceSet {
        ccw TRUE
        solid FALSE
        coord DEF co Coordinate {
            point [
                -0.2373 1.0531 0.4234, -0.2346 1.0531 0.4159, -0.2597 1.0531 0.4234, -0.2624 1.0531 0.4159, -0.2473 1.0531 0.4511, -0.2441 1.0531 0.4643, -0.2187 1.0531 0.3976, -0.2282 1.0531 0.3976, -0.2479 1.0531 0.4531, -0.2484 1.0531 0.4558, -0.2533 1.0531 0.4643, -0.2486 1.0531 0.4558, -0.2491 1.0531 0.453, -0.2496 1.0531 0.4511, -0.2787 1.0531 0.3976, -0.2692 1.0531 0.3976, -0.2533 1.0492 0.4643, -0.2787 1.0492 0.3976, -0.2441 1.0492 0.4643, -0.2187 1.0492 0.3976, -0.2379 1.0492 0.4481, -0.2282 1.0492 0.3976, -0.2346 1.0492 0.4159, -0.2624 1.0492 0.4159, -0.2379 1.0492 0.4159, -0.2692 1.0492 0.3976, -0.2373 1.0492 0.4234, -0.2597 1.0492 0.4234, -0.2496 1.0492 0.4511, -0.2486 1.0492 0.4558, -0.2491 1.0492 0.453, -0.2484 1.0492 0.4558, -0.2473 1.0492 0.4511, -0.2479 1.0492 0.4531, -0.2479 1.0492 0.4531
            ]
        }
        coordIndex [
            0,1,2,-1,2,1,3,-1,4,5,0,-1,0,5,6,-1,0,6,1,-1,1,6,7,-1,4,8,5,-1,5,8,9,-1,5,9,10,-1,10,9,11,-1,10,11,12,-1,12,13,10,-1,10,13,2,-1,10,2,14,-1,14,2,3,-1,14,3,15,-1,10,14,16,-1,16,14,17,-1,5,10,18,-1,18,10,16,-1,19,6,20,-1,20,6,5,-1,20,5,18,-1,7,6,21,-1,21,6,19,-1,1,7,22,-1,22,7,21,-1,23,3,24,-1,24,3,1,-1,24,1,22,-1,15,3,25,-1,25,3,23,-1,14,15,17,-1,17,15,25,-1,0,2,26,-1,26,2,27,-1,2,13,27,-1,27,13,28,-1,11,29,30,-1,11,30,12,-1,12,30,28,-1,12,28,13,-1,11,9,29,-1,29,9,31,-1,4,32,33,-1,4,33,8,-1,8,33,31,-1,8,31,9,-1,4,0,32,-1,32,0,26,-1,
        ]
    }
}
Shape{
    appearance Appearance {
        material  Material 	{
            diffuseColor 1.0 0.9215686274509803 0.8117647058823529
            specularColor 0.5019607843137255 0.4588235294117647 0.403921568627451
            ambientIntensity 0.2
            transparency 0
            shininess 0.5
        }
    }
    geometry IndexedFaceSet {
        ccw TRUE
        solid FALSE
        coord DEF co Coordinate {
            point [
                -0.2486 1.0492 0.4558, -0.2484 1.0492 0.4558, -0.2491 1.0492 0.453, -0.2479 1.0492 0.4531, -0.2496 1.0492 0.4511, -0.2473 1.0492 0.4511, -0.2597 1.0492 0.4234, -0.2373 1.0492 0.4234, -0.2373 1.0492 0.4234
            ]
        }
        coordIndex [
            0,1,2,-1,2,1,3,-1,2,3,4,-1,4,3,5,-1,4,5,6,-1,6,5,7,-1,
        ]
    }
}
Shape{
    appearance Appearance {
        material  Material 	{
            diffuseColor 0.0 0.0 0.0
            specularColor 0.0 0.0 0.0
            ambientIntensity 0.2
            transparency 0
            shininess 0.5
        }
    }
    geometry IndexedFaceSet {
        ccw TRUE
        solid FALSE
        coord DEF co Coordinate {
            point [
                -0.0468 1.0531 0.2994, -0.0468 1.0531 0.2918, -0.0468 1.0492 0.2994, -0.0468 1.0492 0.2918, -0.0195 1.0531 0.2994, -0.0195 1.0492 0.2994, -0.0195 1.0531 0.3218, -0.0195 1.0492 0.3218, -0.0434 1.0531 0.3218, -0.0434 1.0492 0.3218, -0.0434 1.0531 0.3295, -0.0434 1.0492 0.3295, -0.0195 1.0531 0.3295, -0.0195 1.0492 0.3295, -0.0195 1.0531 0.3508, -0.0195 1.0492 0.3508, -0.0453 1.0531 0.3508, -0.0453 1.0492 0.3508, -0.0453 1.0531 0.3585, -0.0453 1.0492 0.3585, -0.0109 1.0531 0.3585, -0.0109 1.0492 0.3585, -0.0109 1.0531 0.2918, -0.0109 1.0492 0.2918, -0.0847 1.0531 0.2918, -0.0931 1.0531 0.2918, -0.0847 1.0531 0.2991, -0.0931 1.0531 0.3224, -0.0681 1.0531 0.3128, -0.0736 1.0531 0.3142, -0.0847 1.0531 0.3157, -0.0847 1.0531 0.3111, -0.0845 1.0531 0.2991, -0.0801 1.0531 0.3004, -0.0827 1.0531 0.2965, -0.0778 1.0531 0.2988, -0.0847 1.0531 0.3105, -0.0842 1.0531 0.3068, -0.083 1.0531 0.3038, -0.0812 1.0531 0.3014, -0.0816 1.0531 0.3399, -0.0799 1.0531 0.3327, -0.0849 1.0531 0.3388, -0.0813 1.0531 0.3318, -0.0663 1.0531 0.3119, -0.0847 1.0531 0.3221, -0.0845 1.0531 0.3257, -0.0923 1.0531 0.3294, -0.0836 1.0531 0.3287, -0.0909 1.0531 0.333, -0.0826 1.0531 0.3304, -0.0892 1.0531 0.3356, -0.0876 1.0531 0.3371, -0.0595 1.0531 0.3361, -0.0595 1.0531 0.328, -0.0612 1.0531 0.3371, -0.0652 1.0531 0.3316, -0.0674 1.0531 0.3395, -0.0705 1.0531 0.3333, -0.0759 1.0531 0.3405, -0.0751 1.0531 0.3337, -0.0779 1.0531 0.3334, -0.065 1.0531 0.3004, -0.0589 1.0531 0.2944, -0.0657 1.0531 0.2996, -0.0617 1.0531 0.2924, -0.0674 1.0531 0.2985, -0.0649 1.0531 0.2912, -0.0693 1.0531 0.2978, -0.0699 1.0531 0.2906, -0.0721 1.0531 0.2975, -0.0745 1.0531 0.2912, -0.0752 1.0531 0.2978, -0.0778 1.0531 0.2925, -0.08 1.0531 0.2938, -0.0706 1.0531 0.3201, -0.0638 1.0531 0.3183, -0.0655 1.0531 0.3112, -0.0604 1.0531 0.3164, -0.0645 1.0531 0.31, -0.0579 1.0531 0.3142, -0.0638 1.0531 0.3084, -0.0562 1.0531 0.3115, -0.0634 1.0531 0.3065, -0.0552 1.0531 0.3084, -0.0633 1.0531 0.3052, -0.0548 1.0531 0.3045, -0.0635 1.0531 0.3033, -0.0552 1.0531 0.3007, -0.0641 1.0531 0.3018, -0.0562 1.0531 0.2979, -0.058 1.0531 0.2953, -0.0759 1.0492 0.3405, -0.0674 1.0492 0.3395, -0.0612 1.0492 0.3371, -0.0595 1.0492 0.3361, -0.0595 1.0492 0.328, -0.0652 1.0492 0.3316, -0.0705 1.0492 0.3333, -0.0751 1.0492 0.3337, -0.0779 1.0492 0.3334, -0.0799 1.0492 0.3327, -0.0813 1.0492 0.3318, -0.0826 1.0492 0.3304, -0.0836 1.0492 0.3287, -0.0845 1.0492 0.3257, -0.0847 1.0492 0.3221, -0.0706 1.0492 0.3201, -0.0638 1.0492 0.3183, -0.0604 1.0492 0.3164, -0.0579 1.0492 0.3142, -0.0562 1.0492 0.3115, -0.0552 1.0492 0.3084, -0.0548 1.0492 0.3045, -0.0552 1.0492 0.3007, -0.0562 1.0492 0.2979, -0.058 1.0492 0.2953, -0.0589 1.0492 0.2944, -0.0699 1.0492 0.2906, -0.0651 1.0492 0.2912, -0.0649 1.0492 0.2912, -0.0617 1.0492 0.2924, -0.0745 1.0492 0.2912, -0.0746 1.0492 0.2912, -0.0778 1.0492 0.2925, -0.08 1.0492 0.2938, -0.0827 1.0492 0.2965, -0.0845 1.0492 0.2991, -0.0847 1.0492 0.2991, -0.0847 1.0492 0.2918, -0.0931 1.0492 0.2918, -0.0931 1.0492 0.3224, -0.0923 1.0492 0.3294, -0.0909 1.0492 0.333, -0.0892 1.0492 0.3356, -0.0876 1.0492 0.3371, -0.0849 1.0492 0.3388, -0.0816 1.0492 0.3399, -0.0655 1.0492 0.3112, -0.0663 1.0492 0.3119, -0.0681 1.0492 0.3128, -0.0736 1.0492 0.3142, -0.0633 1.0492 0.3052, -0.0634 1.0492 0.3065, -0.0638 1.0492 0.3084, -0.0645 1.0492 0.31, -0.0657 1.0492 0.2996, -0.065 1.0492 0.3004, -0.0641 1.0492 0.3018, -0.0635 1.0492 0.3033, -0.0721 1.0492 0.2975, -0.0693 1.0492 0.2978, -0.0674 1.0492 0.2985, -0.0812 1.0492 0.3014, -0.0801 1.0492 0.3004, -0.0778 1.0492 0.2988, -0.0752 1.0492 0.2978, -0.0847 1.0492 0.3111, -0.0847 1.0492 0.3105, -0.0842 1.0492 0.3068, -0.083 1.0492 0.3038, -0.0847 1.0492 0.3157, -0.0847 1.0492 0.3157
            ]
        }
        coordIndex [
            0,1,2,-1,2,1,3,-1,4,0,5,-1,5,0,2,-1,6,4,7,-1,7,4,5,-1,8,6,9,-1,9,6,7,-1,10,8,11,-1,11,8,9,-1,12,10,13,-1,13,10,11,-1,14,12,15,-1,15,12,13,-1,16,14,17,-1,17,14,15,-1,18,16,19,-1,19,16,17,-1,20,18,21,-1,21,18,19,-1,22,20,23,-1,23,20,21,-1,1,22,3,-1,3,22,23,-1,22,1,0,-1,0,4,22,-1,22,4,6,-1,22,6,20,-1,16,18,14,-1,14,18,20,-1,14,20,12,-1,12,20,6,-1,12,6,10,-1,10,6,8,-1,24,25,26,-1,26,25,27,-1,28,29,27,-1,27,29,30,-1,27,30,31,-1,32,33,34,-1,34,33,35,-1,31,36,27,-1,27,36,37,-1,27,37,26,-1,26,37,38,-1,26,38,32,-1,32,38,39,-1,32,39,33,-1,40,41,42,-1,42,41,43,-1,44,28,45,-1,45,28,27,-1,45,27,46,-1,46,27,47,-1,46,47,48,-1,48,47,49,-1,48,49,50,-1,50,49,51,-1,50,51,43,-1,43,51,52,-1,43,52,42,-1,53,54,55,-1,55,54,56,-1,55,56,57,-1,57,56,58,-1,57,58,59,-1,59,58,60,-1,59,60,40,-1,40,60,61,-1,40,61,41,-1,62,63,64,-1,64,63,65,-1,64,65,66,-1,66,65,67,-1,66,67,68,-1,68,67,69,-1,68,69,70,-1,70,69,71,-1,70,71,72,-1,72,71,73,-1,72,73,35,-1,35,73,74,-1,35,74,34,-1,45,75,44,-1,44,75,76,-1,44,76,77,-1,77,76,78,-1,77,78,79,-1,79,78,80,-1,79,80,81,-1,81,80,82,-1,81,82,83,-1,83,82,84,-1,83,84,85,-1,85,84,86,-1,85,86,87,-1,87,86,88,-1,87,88,89,-1,89,88,90,-1,89,90,62,-1,62,90,91,-1,62,91,63,-1,59,92,93,-1,59,93,57,-1,57,93,94,-1,57,94,55,-1,55,94,95,-1,55,95,53,-1,54,53,96,-1,96,53,95,-1,54,96,97,-1,54,97,56,-1,56,97,98,-1,56,98,58,-1,58,98,99,-1,58,99,60,-1,60,99,100,-1,60,100,61,-1,61,100,101,-1,61,101,41,-1,41,101,102,-1,41,102,43,-1,43,102,103,-1,43,103,50,-1,50,103,104,-1,50,104,48,-1,48,104,105,-1,48,105,46,-1,46,105,106,-1,46,106,45,-1,75,45,107,-1,107,45,106,-1,75,107,108,-1,75,108,76,-1,76,108,109,-1,76,109,78,-1,78,109,110,-1,78,110,80,-1,80,110,111,-1,80,111,82,-1,82,111,112,-1,82,112,84,-1,84,112,113,-1,84,113,86,-1,86,113,114,-1,86,114,88,-1,88,114,115,-1,88,115,90,-1,90,115,116,-1,90,116,91,-1,91,116,117,-1,91,117,63,-1,118,69,119,-1,119,69,67,-1,119,67,120,-1,120,67,65,-1,120,65,121,-1,121,65,63,-1,121,63,117,-1,69,118,122,-1,69,122,71,-1,71,122,123,-1,71,123,73,-1,123,124,73,-1,73,124,125,-1,73,125,74,-1,74,125,126,-1,74,126,34,-1,34,126,127,-1,34,127,32,-1,26,32,128,-1,128,32,127,-1,24,26,129,-1,129,26,128,-1,25,24,130,-1,130,24,129,-1,27,25,131,-1,131,25,130,-1,27,131,132,-1,27,132,47,-1,47,132,133,-1,47,133,49,-1,49,133,134,-1,49,134,51,-1,51,134,135,-1,51,135,52,-1,52,135,136,-1,52,136,42,-1,42,136,137,-1,42,137,40,-1,40,137,92,-1,40,92,59,-1,77,138,139,-1,77,139,44,-1,44,139,140,-1,44,140,28,-1,28,140,141,-1,28,141,29,-1,85,142,143,-1,85,143,83,-1,83,143,144,-1,83,144,81,-1,81,144,145,-1,81,145,79,-1,79,145,138,-1,79,138,77,-1,64,146,147,-1,64,147,62,-1,62,147,148,-1,62,148,89,-1,89,148,149,-1,89,149,87,-1,87,149,142,-1,87,142,85,-1,70,150,151,-1,70,151,68,-1,68,151,152,-1,68,152,66,-1,66,152,146,-1,66,146,64,-1,39,153,154,-1,39,154,33,-1,33,154,155,-1,33,155,35,-1,35,155,156,-1,35,156,72,-1,72,156,150,-1,72,150,70,-1,31,157,158,-1,31,158,36,-1,36,158,159,-1,36,159,37,-1,37,159,160,-1,37,160,38,-1,38,160,153,-1,38,153,39,-1,31,30,157,-1,157,30,161,-1,30,29,161,-1,161,29,141,-1,
        ]
    }
}
Shape{
    appearance Appearance {
        material  Material 	{
            diffuseColor 1.0 0.9215686274509803 0.8117647058823529
            specularColor 0.5019607843137255 0.4588235294117647 0.403921568627451
            ambientIntensity 0.2
            transparency 0
            shininess 0.5
        }
    }
    geometry IndexedFaceSet {
        ccw TRUE
        solid FALSE
        coord DEF co Coordinate {
            point [
                -0.0847 1.0492 0.3105, -0.0847 1.0492 0.3111, -0.0655 1.0492 0.3112, -0.0847 1.0492 0.3157, -0.0736 1.0492 0.3142, -0.0681 1.0492 0.3128, -0.0663 1.0492 0.3119, -0.0842 1.0492 0.3068, -0.0645 1.0492 0.31, -0.083 1.0492 0.3038, -0.065 1.0492 0.3004, -0.0657 1.0492 0.2996, -0.0801 1.0492 0.3004, -0.0641 1.0492 0.3018, -0.0778 1.0492 0.2988, -0.0752 1.0492 0.2978, -0.0721 1.0492 0.2975, -0.0638 1.0492 0.3084, -0.0634 1.0492 0.3065, -0.0812 1.0492 0.3014, -0.0633 1.0492 0.3052, -0.0635 1.0492 0.3033, -0.0674 1.0492 0.2985, -0.0693 1.0492 0.2978, -0.0693 1.0492 0.2978
            ]
        }
        coordIndex [
            0,1,2,-1,1,3,4,-1,4,5,1,-1,1,5,6,-1,1,6,2,-1,0,2,7,-1,7,2,8,-1,7,8,9,-1,10,11,12,-1,10,12,13,-1,14,12,15,-1,15,12,16,-1,8,17,9,-1,9,17,18,-1,9,18,19,-1,19,18,20,-1,19,20,12,-1,12,20,21,-1,12,21,13,-1,11,22,12,-1,12,22,23,-1,12,23,16,-1,
        ]
    }
}
Shape{
    appearance Appearance {
        material  Material 	{
            diffuseColor 0.0 0.0 0.0
            specularColor 0.0 0.0 0.0
            ambientIntensity 0.2
            transparency 0
            shininess 0.5
        }
    }
    geometry IndexedFaceSet {
        ccw TRUE
        solid FALSE
        coord DEF co Coordinate {
            point [
                -0.1044 1.0492 0.3021, -0.1044 1.0531 0.3021, -0.108 1.0531 0.2999, -0.1182 1.0531 0.2975, -0.1182 1.0492 0.2975, -0.1132 1.0492 0.298, -0.1132 1.0531 0.298, -0.1083 1.0492 0.2998, -0.108 1.0492 0.2999, -0.1044 1.0531 0.2934, -0.1044 1.0492 0.2934, -0.1083 1.0492 0.2921, -0.1103 1.0531 0.2914, -0.1174 1.0492 0.2906, -0.1174 1.0531 0.2906, -0.1119 1.0492 0.2912, -0.1103 1.0492 0.2914, -0.1249 1.0531 0.2915, -0.1221 1.0492 0.2912, -0.1249 1.0492 0.2915, -0.1293 1.0492 0.2932, -0.1293 1.0531 0.2932, -0.1312 1.0492 0.2944, -0.1312 1.0531 0.2944, -0.1336 1.0492 0.2965, -0.1336 1.0531 0.2965, -0.1352 1.0492 0.2987, -0.1352 1.0531 0.2987, -0.1362 1.0492 0.3014, -0.1362 1.0531 0.3014, -0.1366 1.0492 0.3047, -0.1366 1.0531 0.3047, -0.1363 1.0492 0.3078, -0.1363 1.0531 0.3078, -0.1354 1.0492 0.3103, -0.1354 1.0531 0.3103, -0.1338 1.0492 0.3126, -0.1338 1.0531 0.3126, -0.1318 1.0492 0.3144, -0.1318 1.0531 0.3144, -0.1263 1.0492 0.3175, -0.1263 1.0531 0.3175, -0.123 1.0492 0.3188, -0.123 1.0531 0.3188, -0.1179 1.0492 0.321, -0.1179 1.0531 0.321, -0.1149 1.0492 0.3229, -0.1149 1.0531 0.3229, -0.1141 1.0492 0.3238, -0.1141 1.0531 0.3238, -0.1135 1.0492 0.3249, -0.1135 1.0531 0.3249, -0.1132 1.0492 0.3262, -0.1132 1.0531 0.3262, -0.1131 1.0492 0.3273, -0.1131 1.0531 0.3273, -0.1132 1.0492 0.3286, -0.1132 1.0531 0.3286, -0.1137 1.0492 0.3298, -0.1137 1.0531 0.3298, -0.1144 1.0492 0.3308, -0.1144 1.0531 0.3308, -0.1156 1.0492 0.3319, -0.1156 1.0531 0.3319, -0.1175 1.0492 0.3329, -0.1175 1.0531 0.3329, -0.1197 1.0492 0.3335, -0.1197 1.0531 0.3335, -0.1222 1.0492 0.3337, -0.1222 1.0531 0.3337, -0.1274 1.0492 0.3332, -0.1274 1.0531 0.3332, -0.1321 1.0492 0.3315, -0.1321 1.0531 0.3315, -0.1343 1.0492 0.3303, -0.1343 1.0531 0.3303, -0.1343 1.0531 0.3384, -0.1343 1.0492 0.3384, -0.1289 1.0492 0.34, -0.1289 1.0531 0.34, -0.123 1.0492 0.3405, -0.123 1.0531 0.3405, -0.1164 1.0492 0.3397, -0.1164 1.0531 0.3397, -0.1119 1.0492 0.338, -0.1119 1.0531 0.338, -0.1098 1.0492 0.3367, -0.1098 1.0531 0.3367, -0.1083 1.0492 0.3353, -0.1074 1.0531 0.3345, -0.1074 1.0492 0.3345, -0.1058 1.0492 0.3322, -0.1058 1.0531 0.3322, -0.1048 1.0492 0.3295, -0.1048 1.0531 0.3295, -0.1045 1.0492 0.3266, -0.1045 1.0531 0.3266, -0.1048 1.0492 0.3233, -0.1048 1.0531 0.3233, -0.1058 1.0492 0.3208, -0.1058 1.0531 0.3208, -0.1069 1.0492 0.319, -0.1069 1.0531 0.319, -0.1171 1.0492 0.3127, -0.1171 1.0531 0.3127, -0.1122 1.0531 0.315, -0.1082 1.0492 0.3176, -0.1082 1.0531 0.3176, -0.1083 1.0492 0.3175, -0.1122 1.0492 0.315, -0.1226 1.0492 0.3104, -0.1226 1.0531 0.3104, -0.1259 1.0492 0.3084, -0.1259 1.0531 0.3084, -0.1269 1.0492 0.3074, -0.1269 1.0531 0.3074, -0.1276 1.0492 0.3062, -0.1276 1.0531 0.3062, -0.128 1.0492 0.3049, -0.128 1.0531 0.3049, -0.128 1.0492 0.3039, -0.128 1.0531 0.3039, -0.1279 1.0492 0.3023, -0.1279 1.0531 0.3023, -0.1274 1.0492 0.3011, -0.1274 1.0531 0.3011, -0.1267 1.0492 0.3, -0.1267 1.0531 0.3, -0.1257 1.0492 0.2992, -0.1257 1.0531 0.2992, -0.125 1.0492 0.2987, -0.125 1.0531 0.2987, -0.1228 1.0492 0.2979, -0.1228 1.0531 0.2979, -0.1185 1.0492 0.2975, -0.1185 1.0531 0.2975, -0.178 1.0531 0.3394, -0.1867 1.0531 0.3394, -0.178 1.0492 0.3394, -0.1867 1.0492 0.3394, -0.165 1.0531 0.3035, -0.165 1.0492 0.3035, -0.1644 1.0492 0.3013, -0.1644 1.0531 0.3013, -0.164 1.0492 0.2997, -0.164 1.0531 0.2997, -0.1638 1.0531 0.2997, -0.1638 1.0492 0.2997, -0.1628 1.0531 0.3036, -0.1628 1.0492 0.3036, -0.1503 1.0492 0.3394, -0.1503 1.0531 0.3394, -0.1543 1.0492 0.3278, -0.141 1.0531 0.3394, -0.141 1.0492 0.3394, -0.1597 1.0492 0.2919, -0.1597 1.0531 0.2919, -0.1543 1.0492 0.3054, -0.156 1.0492 0.2832, -0.156 1.0531 0.2832, -0.1594 1.0492 0.2912, -0.1543 1.0492 0.2802, -0.1543 1.0531 0.2801, -0.1543 1.0492 0.2801, -0.1528 1.0492 0.2784, -0.1528 1.0531 0.2784, -0.1514 1.0492 0.2775, -0.1514 1.0531 0.2775, -0.1496 1.0492 0.2767, -0.1496 1.0531 0.2767, -0.1474 1.0492 0.2765, -0.1474 1.0531 0.2765, -0.1444 1.0492 0.2769, -0.1444 1.0531 0.2769, -0.1427 1.0492 0.2774, -0.1427 1.0531 0.2774, -0.1427 1.0531 0.27, -0.1427 1.0492 0.27, -0.1462 1.0492 0.2694, -0.1462 1.0531 0.2694, -0.1481 1.0492 0.2693, -0.1481 1.0531 0.2693, -0.1515 1.0492 0.2697, -0.1515 1.0531 0.2697, -0.1543 1.0492 0.2708, -0.1548 1.0531 0.271, -0.1548 1.0492 0.271, -0.1577 1.0492 0.273, -0.1577 1.0531 0.273, -0.1582 1.0492 0.2735, -0.1582 1.0531 0.2735, -0.1613 1.0492 0.2772, -0.1613 1.0531 0.2772, -0.1651 1.0492 0.2846, -0.1651 1.0531 0.2846, -0.1677 1.0492 0.2912, -0.2316 1.0531 0.2994, -0.2316 1.0531 0.2918, -0.2316 1.0492 0.2994, -0.2316 1.0492 0.2918, -0.2043 1.0492 0.2994, -0.2043 1.0531 0.2994, -0.2168 1.0492 0.2994, -0.2043 1.0531 0.3218, -0.2043 1.0492 0.3218, -0.2282 1.0531 0.3218, -0.2168 1.0492 0.3218, -0.2282 1.0492 0.3218, -0.2282 1.0531 0.3295, -0.2282 1.0492 0.3295, -0.2043 1.0492 0.3295, -0.2043 1.0531 0.3295, -0.2168 1.0492 0.3295, -0.2043 1.0531 0.3508, -0.2043 1.0492 0.3508, -0.2301 1.0492 0.3508, -0.2301 1.0531 0.3508, -0.2168 1.0492 0.3508, -0.2301 1.0531 0.3585, -0.2301 1.0492 0.3585, -0.1957 1.0492 0.3585, -0.1957 1.0531 0.3585, -0.2168 1.0492 0.3585, -0.1957 1.0531 0.2918, -0.1957 1.0492 0.2918, -0.2168 1.0492 0.2918, -0.2885 1.0531 0.3011, -0.2816 1.0531 0.3056, -0.2815 1.0531 0.2961, -0.2773 1.0531 0.3026, -0.2739 1.0531 0.2931, -0.2718 1.0531 0.3005, -0.2626 1.0531 0.2918, -0.2625 1.0531 0.2994, -0.2442 1.0531 0.2918, -0.2528 1.0531 0.2994, -0.2442 1.0531 0.3585, -0.2528 1.0531 0.3508, -0.2632 1.0531 0.3585, -0.2629 1.0531 0.3508, -0.2653 1.0531 0.3507, -0.2734 1.0531 0.3574, -0.2723 1.0531 0.3496, -0.2815 1.0531 0.3544, -0.278 1.0531 0.3474, -0.2885 1.0531 0.3496, -0.2822 1.0531 0.3445, -0.2908 1.0531 0.3474, -0.284 1.0531 0.3427, -0.2949 1.0531 0.3415, -0.2866 1.0531 0.339, -0.2974 1.0531 0.3352, -0.2885 1.0531 0.3341, -0.2985 1.0531 0.326, -0.2895 1.0531 0.3257, -0.2983 1.0531 0.3217, -0.2892 1.0531 0.3209, -0.2967 1.0531 0.3139, -0.2878 1.0531 0.3149, -0.2934 1.0531 0.307, -0.2854 1.0531 0.3101, -0.2823 1.0531 0.3063, -0.2626 1.0492 0.2918, -0.2442 1.0492 0.2918, -0.2739 1.0492 0.2931, -0.2815 1.0492 0.2961, -0.2885 1.0492 0.3011, -0.2934 1.0492 0.307, -0.2967 1.0492 0.3139, -0.2983 1.0492 0.3217, -0.2985 1.0492 0.326, -0.2974 1.0492 0.3352, -0.2949 1.0492 0.3415, -0.2908 1.0492 0.3474, -0.2885 1.0492 0.3496, -0.2815 1.0492 0.3544, -0.2734 1.0492 0.3574, -0.2632 1.0492 0.3585, -0.2442 1.0492 0.3585, -0.2629 1.0492 0.3508, -0.2528 1.0492 0.3508, -0.2528 1.0492 0.2994, -0.2625 1.0492 0.2994, -0.2823 1.0492 0.3063, -0.2816 1.0492 0.3056, -0.2773 1.0492 0.3026, -0.2718 1.0492 0.3005, -0.2895 1.0492 0.3257, -0.2892 1.0492 0.3209, -0.2878 1.0492 0.3149, -0.2854 1.0492 0.3101, -0.2822 1.0492 0.3445, -0.284 1.0492 0.3427, -0.2866 1.0492 0.339, -0.2885 1.0492 0.3341, -0.2653 1.0492 0.3507, -0.2723 1.0492 0.3496, -0.278 1.0492 0.3474, -0.278 1.0492 0.3474
            ]
        }
        coordIndex [
            0,1,2,-1,3,4,5,-1,3,5,6,-1,6,5,7,-1,6,7,2,-1,2,7,8,-1,2,8,0,-1,9,1,10,-1,10,1,0,-1,10,11,9,-1,9,11,12,-1,13,14,15,-1,15,14,12,-1,15,12,16,-1,16,12,11,-1,14,13,17,-1,17,13,18,-1,18,19,17,-1,17,19,20,-1,17,20,21,-1,21,20,22,-1,21,22,23,-1,23,22,24,-1,23,24,25,-1,25,24,26,-1,25,26,27,-1,27,26,28,-1,27,28,29,-1,29,28,30,-1,29,30,31,-1,31,30,32,-1,31,32,33,-1,33,32,34,-1,33,34,35,-1,35,34,36,-1,35,36,37,-1,37,36,38,-1,37,38,39,-1,39,38,40,-1,39,40,41,-1,41,40,42,-1,41,42,43,-1,43,42,44,-1,43,44,45,-1,45,44,46,-1,45,46,47,-1,47,46,48,-1,47,48,49,-1,49,48,50,-1,49,50,51,-1,51,50,52,-1,51,52,53,-1,53,52,54,-1,53,54,55,-1,55,54,56,-1,55,56,57,-1,57,56,58,-1,57,58,59,-1,59,58,60,-1,59,60,61,-1,61,60,62,-1,61,62,63,-1,63,62,64,-1,63,64,65,-1,65,64,66,-1,65,66,67,-1,67,66,68,-1,67,68,69,-1,69,68,70,-1,69,70,71,-1,71,70,72,-1,71,72,73,-1,73,72,74,-1,73,74,75,-1,76,75,77,-1,77,75,74,-1,76,77,78,-1,76,78,79,-1,79,78,80,-1,79,80,81,-1,81,80,82,-1,81,82,83,-1,83,82,84,-1,83,84,85,-1,85,84,86,-1,85,86,87,-1,86,88,87,-1,87,88,89,-1,88,90,89,-1,89,90,91,-1,89,91,92,-1,92,91,93,-1,92,93,94,-1,94,93,95,-1,94,95,96,-1,96,95,97,-1,96,97,98,-1,98,97,99,-1,98,99,100,-1,100,99,101,-1,100,101,102,-1,103,104,105,-1,102,101,106,-1,102,106,107,-1,107,106,108,-1,107,108,105,-1,105,108,109,-1,105,109,103,-1,104,103,110,-1,104,110,111,-1,111,110,112,-1,111,112,113,-1,113,112,114,-1,113,114,115,-1,115,114,116,-1,115,116,117,-1,117,116,118,-1,117,118,119,-1,119,118,120,-1,119,120,121,-1,121,120,122,-1,121,122,123,-1,123,122,124,-1,123,124,125,-1,125,124,126,-1,125,126,127,-1,127,126,128,-1,127,128,129,-1,129,128,130,-1,129,130,131,-1,131,130,132,-1,131,132,133,-1,133,132,134,-1,133,134,135,-1,135,134,4,-1,135,4,3,-1,61,63,85,-1,85,63,83,-1,111,43,104,-1,104,43,45,-1,21,23,127,-1,127,23,25,-1,127,25,125,-1,125,25,27,-1,125,27,123,-1,123,27,29,-1,123,29,121,-1,121,29,31,-1,121,31,119,-1,119,31,33,-1,119,33,117,-1,117,33,35,-1,117,35,115,-1,115,35,37,-1,115,37,113,-1,113,37,39,-1,113,39,111,-1,111,39,41,-1,111,41,43,-1,14,3,12,-1,12,3,6,-1,12,6,9,-1,9,6,2,-1,9,2,1,-1,63,65,83,-1,83,65,67,-1,83,67,81,-1,81,67,69,-1,81,69,79,-1,79,69,71,-1,79,71,76,-1,76,71,73,-1,76,73,75,-1,127,129,21,-1,21,129,131,-1,21,131,17,-1,17,131,133,-1,17,133,14,-1,14,133,135,-1,14,135,3,-1,85,87,61,-1,61,87,89,-1,61,89,59,-1,59,89,92,-1,59,92,57,-1,57,92,94,-1,57,94,55,-1,55,94,96,-1,55,96,53,-1,53,96,98,-1,53,98,51,-1,51,98,100,-1,51,100,49,-1,49,100,102,-1,49,102,47,-1,47,102,107,-1,47,107,45,-1,45,107,105,-1,45,105,104,-1,136,137,138,-1,138,137,139,-1,140,136,141,-1,141,136,138,-1,140,141,142,-1,140,142,143,-1,143,142,144,-1,143,144,145,-1,146,145,147,-1,147,145,144,-1,148,146,149,-1,149,146,147,-1,150,151,152,-1,152,151,148,-1,152,148,149,-1,153,151,154,-1,154,151,150,-1,155,156,157,-1,157,156,153,-1,157,153,154,-1,158,159,160,-1,160,159,156,-1,160,156,155,-1,158,161,159,-1,159,161,162,-1,161,163,162,-1,162,163,164,-1,162,164,165,-1,165,164,166,-1,165,166,167,-1,167,166,168,-1,167,168,169,-1,169,168,170,-1,169,170,171,-1,171,170,172,-1,171,172,173,-1,173,172,174,-1,173,174,175,-1,176,175,177,-1,177,175,174,-1,176,177,178,-1,176,178,179,-1,179,178,180,-1,179,180,181,-1,181,180,182,-1,181,182,183,-1,183,182,184,-1,183,184,185,-1,184,186,185,-1,185,186,187,-1,185,187,188,-1,188,187,189,-1,188,189,190,-1,190,189,191,-1,190,191,192,-1,192,191,193,-1,192,193,194,-1,139,137,195,-1,195,137,194,-1,195,194,193,-1,143,145,194,-1,137,136,194,-1,194,136,140,-1,194,140,143,-1,151,153,148,-1,148,153,156,-1,148,156,146,-1,175,176,173,-1,173,176,179,-1,173,179,171,-1,171,179,181,-1,171,181,169,-1,169,181,183,-1,169,183,167,-1,167,183,185,-1,167,185,165,-1,145,146,194,-1,194,146,156,-1,194,156,192,-1,156,159,192,-1,192,159,162,-1,192,162,190,-1,190,162,165,-1,190,165,188,-1,188,165,185,-1,196,197,198,-1,198,197,199,-1,200,201,202,-1,202,201,196,-1,202,196,198,-1,203,201,204,-1,204,201,200,-1,203,204,205,-1,205,204,206,-1,205,206,207,-1,208,205,209,-1,209,205,207,-1,210,211,212,-1,212,211,208,-1,212,208,209,-1,213,211,214,-1,214,211,210,-1,215,216,217,-1,217,216,213,-1,217,213,214,-1,218,216,219,-1,219,216,215,-1,220,221,222,-1,222,221,218,-1,222,218,219,-1,223,221,224,-1,224,221,220,-1,199,197,225,-1,225,197,223,-1,225,223,224,-1,223,197,196,-1,196,201,223,-1,223,201,203,-1,223,203,221,-1,216,218,213,-1,213,218,221,-1,213,221,211,-1,211,221,203,-1,211,203,208,-1,208,203,205,-1,226,227,228,-1,228,227,229,-1,228,229,230,-1,230,229,231,-1,230,231,232,-1,232,231,233,-1,232,233,234,-1,234,233,235,-1,234,235,236,-1,236,235,237,-1,236,237,238,-1,237,239,238,-1,238,239,240,-1,238,240,241,-1,241,240,242,-1,241,242,243,-1,243,242,244,-1,243,244,245,-1,245,244,246,-1,245,246,247,-1,247,246,248,-1,247,248,249,-1,249,248,250,-1,249,250,251,-1,251,250,252,-1,251,252,253,-1,253,252,254,-1,253,254,255,-1,255,254,256,-1,255,256,257,-1,257,256,258,-1,257,258,259,-1,259,258,260,-1,259,260,226,-1,226,260,261,-1,226,261,227,-1,232,234,262,-1,262,234,263,-1,232,262,264,-1,232,264,230,-1,230,264,265,-1,230,265,228,-1,228,265,266,-1,228,266,226,-1,226,266,267,-1,226,267,259,-1,259,267,268,-1,259,268,257,-1,257,268,269,-1,257,269,255,-1,255,269,270,-1,255,270,253,-1,253,270,271,-1,253,271,251,-1,251,271,272,-1,251,272,249,-1,249,272,273,-1,249,273,247,-1,247,273,274,-1,247,274,245,-1,245,274,275,-1,245,275,243,-1,243,275,276,-1,243,276,241,-1,241,276,277,-1,241,277,238,-1,236,238,278,-1,278,238,277,-1,234,236,263,-1,263,236,278,-1,239,237,279,-1,279,237,280,-1,237,235,280,-1,280,235,281,-1,235,233,281,-1,281,233,282,-1,261,283,284,-1,261,284,227,-1,227,284,285,-1,227,285,229,-1,229,285,286,-1,229,286,231,-1,231,286,282,-1,231,282,233,-1,254,287,288,-1,254,288,256,-1,256,288,289,-1,256,289,258,-1,258,289,290,-1,258,290,260,-1,260,290,283,-1,260,283,261,-1,246,291,292,-1,246,292,248,-1,248,292,293,-1,248,293,250,-1,250,293,294,-1,250,294,252,-1,252,294,287,-1,252,287,254,-1,239,279,295,-1,239,295,240,-1,240,295,296,-1,240,296,242,-1,242,296,297,-1,242,297,244,-1,244,297,291,-1,244,291,246,-1,
        ]
    }
}
Shape{
    appearance Appearance {
        material  Material 	{
            diffuseColor 1.0 0.9215686274509803 0.8117647058823529
            specularColor 0.5019607843137255 0.4588235294117647 0.403921568627451
            ambientIntensity 0.2
            transparency 0
            shininess 0.5
        }
    }
    geometry IndexedFaceSet {
        ccw TRUE
        solid FALSE
        coord DEF co Coordinate {
            point [
                -0.2816 1.0492 0.3056, -0.2823 1.0492 0.3063, -0.2653 1.0492 0.3507, -0.2773 1.0492 0.3026, -0.2528 1.0492 0.3508, -0.2528 1.0492 0.2994, -0.2629 1.0492 0.3508, -0.2625 1.0492 0.2994, -0.2718 1.0492 0.3005, -0.2854 1.0492 0.3101, -0.2878 1.0492 0.3149, -0.2892 1.0492 0.3209, -0.2822 1.0492 0.3445, -0.2895 1.0492 0.3257, -0.278 1.0492 0.3474, -0.2723 1.0492 0.3496, -0.2885 1.0492 0.3341, -0.2866 1.0492 0.339, -0.284 1.0492 0.3427, -0.284 1.0492 0.3427
            ]
        }
        coordIndex [
            0,1,2,-1,0,2,3,-1,4,5,6,-1,6,5,7,-1,6,7,2,-1,2,7,8,-1,2,8,3,-1,1,9,2,-1,2,9,10,-1,2,10,11,-1,12,11,13,-1,12,14,11,-1,11,14,15,-1,11,15,2,-1,16,17,13,-1,13,17,18,-1,13,18,12,-1,
        ]
    }
}
Shape{
    appearance Appearance {
        material  Material 	{
            diffuseColor 0.0 0.0 0.0
            specularColor 0.0 0.0 0.0
            ambientIntensity 0.2
            transparency 0
            shininess 0.5
        }
    }
    geometry IndexedFaceSet {
        ccw TRUE
        solid FALSE
        coord DEF co Coordinate {
            point [
                -0.3209 1.0531 0.3175, -0.3182 1.0531 0.31, -0.3433 1.0531 0.3175, -0.3459 1.0531 0.31, -0.3309 1.0531 0.3453, -0.3276 1.0531 0.3585, -0.3022 1.0531 0.2918, -0.3118 1.0531 0.2918, -0.3314 1.0531 0.3473, -0.332 1.0531 0.35, -0.3369 1.0531 0.3585, -0.3322 1.0531 0.35, -0.3327 1.0531 0.3471, -0.3332 1.0531 0.3453, -0.3623 1.0531 0.2918, -0.3528 1.0531 0.2918, -0.3369 1.0492 0.3585, -0.3623 1.0492 0.2918, -0.3276 1.0492 0.3585, -0.3022 1.0492 0.2918, -0.3118 1.0492 0.2918, -0.3182 1.0492 0.31, -0.3459 1.0492 0.31, -0.3528 1.0492 0.2918, -0.3209 1.0492 0.3175, -0.3433 1.0492 0.3175, -0.3332 1.0492 0.3453, -0.3322 1.0492 0.35, -0.3327 1.0492 0.3471, -0.332 1.0492 0.35, -0.3309 1.0492 0.3453, -0.3314 1.0492 0.3473, -0.3314 1.0492 0.3473
            ]
        }
        coordIndex [
            0,1,2,-1,2,1,3,-1,4,5,0,-1,0,5,6,-1,0,6,1,-1,1,6,7,-1,4,8,5,-1,5,8,9,-1,5,9,10,-1,10,9,11,-1,10,11,12,-1,12,13,10,-1,10,13,2,-1,10,2,14,-1,14,2,3,-1,14,3,15,-1,10,14,16,-1,16,14,17,-1,5,10,18,-1,18,10,16,-1,6,5,19,-1,19,5,18,-1,7,6,20,-1,20,6,19,-1,1,7,21,-1,21,7,20,-1,3,1,22,-1,22,1,21,-1,15,3,23,-1,23,3,22,-1,14,15,17,-1,17,15,23,-1,0,2,24,-1,24,2,25,-1,2,13,25,-1,25,13,26,-1,11,27,28,-1,11,28,12,-1,12,28,26,-1,12,26,13,-1,11,9,27,-1,27,9,29,-1,4,30,31,-1,4,31,8,-1,8,31,29,-1,8,29,9,-1,4,0,30,-1,30,0,24,-1,
        ]
    }
}
Shape{
    appearance Appearance {
        material  Material 	{
            diffuseColor 1.0 0.9215686274509803 0.8117647058823529
            specularColor 0.5019607843137255 0.4588235294117647 0.403921568627451
            ambientIntensity 0.2
            transparency 0
            shininess 0.5
        }
    }
    geometry IndexedFaceSet {
        ccw TRUE
        solid FALSE
        coord DEF co Coordinate {
            point [
                -0.3322 1.0492 0.35, -0.332 1.0492 0.35, -0.3327 1.0492 0.3471, -0.3314 1.0492 0.3473, -0.3332 1.0492 0.3453, -0.3309 1.0492 0.3453, -0.3433 1.0492 0.3175, -0.3209 1.0492 0.3175, -0.3209 1.0492 0.3175
            ]
        }
        coordIndex [
            0,1,2,-1,2,1,3,-1,2,3,4,-1,4,3,5,-1,4,5,6,-1,6,5,7,-1,
        ]
    }
}
Shape{
    appearance Appearance {
        material  Material 	{
            diffuseColor 0.0 0.0 0.0
            specularColor 0.0 0.0 0.0
            ambientIntensity 0.2
            transparency 0
            shininess 0.5
        }
    }
    geometry IndexedFaceSet {
        ccw TRUE
        solid FALSE
        coord DEF co Coordinate {
            point [
                0.2838 1.0531 0.2823, 0.2767 1.0531 0.2736, 0.288 1.0531 0.3243, 0.2963 1.0531 0.4067, 0.2857 1.0531 0.4123, 0.2879 1.0531 0.4416, 0.2586 1.0531 0.4429, 0.2439 1.0531 0.4082, 0.2367 1.0531 0.4232, 0.196 1.0531 0.3077, 0.196 1.0531 0.3124, 0.2361 1.0531 0.3239, 0.2405 1.0531 0.3254, 0.2984 1.0531 0.3306, 0.2951 1.0531 0.2945, 0.2885 1.0531 0.2925, 0.2695 1.0531 0.4438, 0.229 1.0531 0.3182, 0.2268 1.0531 0.3143, 0.1963 1.0531 0.3028, 0.1296 1.0531 0.3475, 0.1443 1.0531 0.3727, 0.2079 1.0531 0.3394, 0.2439 1.0531 0.3257, 0.2483 1.0531 0.3252, 0.2548 1.0531 0.3542, 0.2524 1.0531 0.3236, 0.2652 1.0531 0.3502, 0.2562 1.0531 0.321, 0.2749 1.0531 0.3434, 0.2589 1.0531 0.3181, 0.2828 1.0531 0.3345, 0.2611 1.0531 0.314, 0.2623 1.0531 0.3094, 0.2262 1.0531 0.3524, 0.2377 1.0531 0.3552, 0.2434 1.0531 0.3556, 0.2322 1.0531 0.3215, 0.2561 1.0531 0.2933, 0.2523 1.0531 0.2907, 0.2674 1.0531 0.2666, 0.2479 1.0531 0.2891, 0.1139 1.0531 0.3945, 0.1101 1.0531 0.3945, 0.0907 1.0531 0.4201, 0.1011 1.0531 0.3934, 0.0883 1.0531 0.4193, 0.0928 1.0531 0.3902, 0.0742 1.0531 0.4123, 0.0614 1.0531 0.4014, 0.2489 1.0531 0.4542, 0.226 1.0531 0.4359, 0.2378 1.0531 0.4637, 0.2133 1.0531 0.4452, 0.2235 1.0531 0.4723, 0.274 1.0531 0.4151, 0.2691 1.0531 0.4153, 0.2641 1.0531 0.4435, 0.258 1.0531 0.414, 0.2473 1.0531 0.4101, 0.2161 1.0531 0.347, 0.0613 1.0531 0.3129, 0.0834 1.0531 0.3317, 0.0742 1.0531 0.3019, 0.0904 1.0531 0.326, 0.0887 1.0531 0.2949, 0.0988 1.0531 0.3221, 0.1044 1.0531 0.2915, 0.1073 1.0531 0.3205, 0.1324 1.0531 0.2915, 0.1286 1.0531 0.3205, 0.1351 1.0531 0.292, 0.2591 1.0531 0.2967, 0.2612 1.0531 0.3006, 0.2623 1.0531 0.3049, 0.0855 1.0531 0.385, 0.08 1.0531 0.3789, 0.0517 1.0531 0.3879, 0.0756 1.0531 0.3707, 0.0459 1.0531 0.3734, 0.0734 1.0531 0.3616, 0.0437 1.0531 0.3579, 0.0731 1.0531 0.3575, 0.0459 1.0531 0.341, 0.0743 1.0531 0.3482, 0.0519 1.0531 0.326, 0.0775 1.0531 0.3398, 0.0828 1.0531 0.3324, 0.1163 1.0531 0.4576, 0.1348 1.0531 0.4357, 0.0994 1.0531 0.4376, 0.1241 1.0531 0.4229, 0.1168 1.0531 0.4077, 0.3151 1.0531 0.3794, 0.3462 1.0531 0.3718, 0.3165 1.0531 0.3679, 0.3464 1.0531 0.367, 0.3159 1.0531 0.3606, 0.3442 1.0531 0.3487, 0.3125 1.0531 0.349, 0.3375 1.0531 0.331, 0.3069 1.0531 0.3394, 0.3265 1.0531 0.3152, 0.3122 1.0531 0.303, 0.2014 1.0531 0.48, 0.1978 1.0531 0.4515, 0.1808 1.0531 0.4822, 0.1803 1.0531 0.4538, 0.1575 1.0531 0.4793, 0.1643 1.0531 0.4518, 0.134 1.0531 0.47, 0.1494 1.0531 0.4461, 0.1361 1.0531 0.4369, 0.3055 1.0531 0.4349, 0.3206 1.0531 0.4243, 0.3045 1.0531 0.3994, 0.3241 1.0531 0.421, 0.311 1.0531 0.39, 0.3354 1.0531 0.4066, 0.343 1.0531 0.3896, 0.2256 1.0531 0.31, 0.2255 1.0531 0.3054, 0.199 1.0531 0.291, 0.2266 1.0531 0.3008, 0.2046 1.0531 0.2805, 0.2287 1.0531 0.2967, 0.2119 1.0531 0.2723, 0.2317 1.0531 0.2933, 0.2214 1.0531 0.2657, 0.2354 1.0531 0.2908, 0.232 1.0531 0.2616, 0.2395 1.0531 0.2892, 0.2434 1.0531 0.2602, 0.2439 1.0531 0.2887, 0.2453 1.0531 0.2603, 0.2565 1.0531 0.262, 0.131 1.0531 0.3209, 0.1424 1.0531 0.2965, 0.1413 1.0531 0.2954, 0.1296 1.0531 0.3206, 0.1382 1.0531 0.2932, 0.1462 1.0531 0.3062, 0.1457 1.0531 0.3027, 0.1445 1.0531 0.2995, 0.1352 1.0531 0.3205, 0.1384 1.0531 0.3192, 0.1461 1.0531 0.3081, 0.1413 1.0531 0.3171, 0.1433 1.0531 0.315, 0.1451 1.0531 0.3117, 0.1315 1.0531 0.3209, 0.0582 1.0492 0.397, 0.0517 1.0492 0.3879, 0.0475 1.0492 0.3775, 0.0459 1.0492 0.3734, 0.0437 1.0492 0.3579, 0.0614 1.0492 0.4014, 0.0742 1.0492 0.4123, 0.0883 1.0492 0.4193, 0.0907 1.0492 0.4201, 0.0994 1.0492 0.4376, 0.1163 1.0492 0.4576, 0.1268 1.0492 0.4649, 0.134 1.0492 0.47, 0.1575 1.0492 0.4793, 0.1808 1.0492 0.4822, 0.2378 1.0492 0.4637, 0.2358 1.0492 0.4649, 0.2235 1.0492 0.4723, 0.2014 1.0492 0.48, 0.2489 1.0492 0.4542, 0.2586 1.0492 0.4429, 0.2641 1.0492 0.4435, 0.2695 1.0492 0.4438, 0.2879 1.0492 0.4416, 0.3055 1.0492 0.4349, 0.3206 1.0492 0.4243, 0.3241 1.0492 0.421, 0.3354 1.0492 0.4066, 0.3397 1.0492 0.397, 0.343 1.0492 0.3896, 0.3452 1.0492 0.3775, 0.3462 1.0492 0.3718, 0.3464 1.0492 0.367, 0.3442 1.0492 0.3487, 0.3375 1.0492 0.331, 0.3265 1.0492 0.3152, 0.3122 1.0492 0.303, 0.2951 1.0492 0.2945, 0.2885 1.0492 0.2925, 0.2879 1.0492 0.2912, 0.2838 1.0492 0.2823, 0.2767 1.0492 0.2736, 0.2674 1.0492 0.2666, 0.2631 1.0492 0.2648, 0.2565 1.0492 0.262, 0.2453 1.0492 0.2603, 0.2434 1.0492 0.2602, 0.196 1.0492 0.3077, 0.232 1.0492 0.2616, 0.2238 1.0492 0.2648, 0.2214 1.0492 0.2657, 0.2119 1.0492 0.2723, 0.2046 1.0492 0.2805, 0.199 1.0492 0.291, 0.199 1.0492 0.2912, 0.1963 1.0492 0.3028, 0.196 1.0492 0.3124, 0.1296 1.0492 0.3475, 0.1443 1.0492 0.3727, 0.2079 1.0492 0.3394, 0.2161 1.0492 0.347, 0.2262 1.0492 0.3524, 0.2377 1.0492 0.3552, 0.2434 1.0492 0.3556, 0.2548 1.0492 0.3542, 0.2652 1.0492 0.3502, 0.2749 1.0492 0.3434, 0.2828 1.0492 0.3345, 0.288 1.0492 0.3243, 0.2984 1.0492 0.3306, 0.3069 1.0492 0.3394, 0.3125 1.0492 0.349, 0.3159 1.0492 0.3606, 0.3165 1.0492 0.3679, 0.3153 1.0492 0.3775, 0.3151 1.0492 0.3794, 0.311 1.0492 0.39, 0.3061 1.0492 0.397, 0.3045 1.0492 0.3994, 0.2963 1.0492 0.4067, 0.2857 1.0492 0.4123, 0.274 1.0492 0.4151, 0.2691 1.0492 0.4153, 0.258 1.0492 0.414, 0.2473 1.0492 0.4101, 0.2439 1.0492 0.4082, 0.2367 1.0492 0.4232, 0.226 1.0492 0.4359, 0.2133 1.0492 0.4452, 0.1978 1.0492 0.4515, 0.1803 1.0492 0.4538, 0.1643 1.0492 0.4518, 0.1494 1.0492 0.4461, 0.1361 1.0492 0.4369, 0.1348 1.0492 0.4357, 0.1241 1.0492 0.4229, 0.1168 1.0492 0.4077, 0.1145 1.0492 0.397, 0.1139 1.0492 0.3945, 0.1101 1.0492 0.3945, 0.1011 1.0492 0.3934, 0.0928 1.0492 0.3902, 0.0855 1.0492 0.385, 0.08 1.0492 0.3789, 0.0792 1.0492 0.3775, 0.0756 1.0492 0.3707, 0.0734 1.0492 0.3616, 0.0731 1.0492 0.3575, 0.0743 1.0492 0.3482, 0.0775 1.0492 0.3398, 0.0828 1.0492 0.3324, 0.0834 1.0492 0.3317, 0.0904 1.0492 0.326, 0.0988 1.0492 0.3221, 0.1073 1.0492 0.3205, 0.1286 1.0492 0.3205, 0.1296 1.0492 0.3206, 0.131 1.0492 0.3209, 0.1315 1.0492 0.3209, 0.1352 1.0492 0.3205, 0.1384 1.0492 0.3192, 0.1413 1.0492 0.3171, 0.1433 1.0492 0.315, 0.1451 1.0492 0.3117, 0.1461 1.0492 0.3081, 0.1462 1.0492 0.3062, 0.1457 1.0492 0.3027, 0.1445 1.0492 0.2995, 0.1424 1.0492 0.2965, 0.1413 1.0492 0.2954, 0.1382 1.0492 0.2932, 0.1351 1.0492 0.292, 0.1324 1.0492 0.2915, 0.1044 1.0492 0.2915, 0.0887 1.0492 0.2949, 0.0742 1.0492 0.3019, 0.0613 1.0492 0.3129, 0.0519 1.0492 0.326, 0.0459 1.0492 0.341, 0.2439 1.0492 0.3257, 0.2405 1.0492 0.3254, 0.2361 1.0492 0.3239, 0.2322 1.0492 0.3215, 0.229 1.0492 0.3182, 0.2268 1.0492 0.3143, 0.2256 1.0492 0.31, 0.2255 1.0492 0.3054, 0.2266 1.0492 0.3008, 0.2287 1.0492 0.2967, 0.2317 1.0492 0.2933, 0.2354 1.0492 0.2908, 0.2395 1.0492 0.2892, 0.2439 1.0492 0.2887, 0.2479 1.0492 0.2891, 0.2523 1.0492 0.2907, 0.2561 1.0492 0.2933, 0.2591 1.0492 0.2967, 0.2612 1.0492 0.3006, 0.2623 1.0492 0.3049, 0.2623 1.0492 0.3094, 0.2611 1.0492 0.314, 0.2589 1.0492 0.3181, 0.2562 1.0492 0.321, 0.2524 1.0492 0.3236, 0.2483 1.0492 0.3252, 0.2483 1.0492 0.3252
            ]
        }
        coordIndex [
            0,1,2,-1,3,4,5,-1,6,7,8,-1,9,10,11,-1,11,10,12,-1,13,14,2,-1,2,14,15,-1,2,15,0,-1,5,4,16,-1,17,18,19,-1,20,21,10,-1,10,21,22,-1,10,22,12,-1,12,22,23,-1,24,25,26,-1,26,25,27,-1,26,27,28,-1,28,27,29,-1,28,29,30,-1,30,29,31,-1,30,31,32,-1,32,31,2,-1,32,2,33,-1,34,35,24,-1,24,35,36,-1,24,36,25,-1,9,11,19,-1,19,11,37,-1,19,37,17,-1,38,1,39,-1,39,1,40,-1,39,40,41,-1,42,43,44,-1,44,43,45,-1,44,45,46,-1,46,45,47,-1,46,47,48,-1,48,47,49,-1,6,8,50,-1,50,8,51,-1,50,51,52,-1,52,51,53,-1,52,53,54,-1,4,55,16,-1,16,55,56,-1,16,56,57,-1,57,56,58,-1,57,58,6,-1,6,58,59,-1,6,59,7,-1,23,22,24,-1,24,22,60,-1,24,60,34,-1,61,62,63,-1,63,62,64,-1,63,64,65,-1,65,64,66,-1,65,66,67,-1,67,66,68,-1,67,68,69,-1,69,68,70,-1,69,70,71,-1,38,72,1,-1,1,72,73,-1,1,73,2,-1,2,73,74,-1,2,74,33,-1,47,75,49,-1,49,75,76,-1,49,76,77,-1,77,76,78,-1,77,78,79,-1,79,78,80,-1,79,80,81,-1,81,80,82,-1,81,82,83,-1,83,82,84,-1,83,84,85,-1,85,84,86,-1,85,86,61,-1,61,86,87,-1,61,87,62,-1,88,89,90,-1,90,89,91,-1,90,91,44,-1,44,91,92,-1,44,92,42,-1,93,94,95,-1,95,94,96,-1,95,96,97,-1,97,96,98,-1,97,98,99,-1,99,98,100,-1,99,100,101,-1,101,100,102,-1,101,102,13,-1,13,102,103,-1,13,103,14,-1,54,53,104,-1,104,53,105,-1,104,105,106,-1,106,105,107,-1,106,107,108,-1,108,107,109,-1,108,109,110,-1,110,109,111,-1,110,111,88,-1,88,111,112,-1,88,112,89,-1,5,113,3,-1,3,113,114,-1,3,114,115,-1,115,114,116,-1,115,116,117,-1,117,116,118,-1,117,118,93,-1,93,118,119,-1,93,119,94,-1,18,120,19,-1,19,120,121,-1,19,121,122,-1,122,121,123,-1,122,123,124,-1,124,123,125,-1,124,125,126,-1,126,125,127,-1,126,127,128,-1,128,127,129,-1,128,129,130,-1,130,129,131,-1,130,131,132,-1,132,131,133,-1,132,133,134,-1,134,133,41,-1,134,41,135,-1,135,41,40,-1,136,137,138,-1,70,139,71,-1,71,139,136,-1,71,136,140,-1,140,136,138,-1,141,142,136,-1,136,142,143,-1,136,143,137,-1,144,145,146,-1,145,147,146,-1,146,147,148,-1,146,148,149,-1,141,136,146,-1,146,136,150,-1,146,150,144,-1,151,49,152,-1,152,49,77,-1,152,77,153,-1,153,77,79,-1,153,79,154,-1,154,79,81,-1,154,81,155,-1,151,156,49,-1,49,156,157,-1,49,157,48,-1,48,157,158,-1,48,158,46,-1,46,158,159,-1,46,159,44,-1,44,159,160,-1,44,160,90,-1,90,160,161,-1,90,161,88,-1,88,161,110,-1,110,161,162,-1,162,163,110,-1,110,163,164,-1,110,164,108,-1,108,164,165,-1,108,165,106,-1,166,52,167,-1,167,52,54,-1,167,54,168,-1,168,54,104,-1,168,104,169,-1,169,104,106,-1,169,106,165,-1,52,166,170,-1,52,170,50,-1,50,170,171,-1,50,171,6,-1,6,171,172,-1,6,172,57,-1,57,172,173,-1,57,173,16,-1,16,173,174,-1,16,174,5,-1,5,174,175,-1,5,175,113,-1,113,175,176,-1,113,176,114,-1,114,176,177,-1,114,177,116,-1,119,118,178,-1,178,118,116,-1,178,116,177,-1,178,179,119,-1,119,179,180,-1,119,180,94,-1,94,180,181,-1,181,182,94,-1,94,182,183,-1,94,183,96,-1,96,183,184,-1,96,184,98,-1,98,184,185,-1,98,185,100,-1,100,185,186,-1,100,186,102,-1,102,186,187,-1,102,187,103,-1,103,187,188,-1,103,188,14,-1,14,188,189,-1,14,189,15,-1,15,189,190,-1,15,190,0,-1,190,191,0,-1,0,191,192,-1,0,192,1,-1,1,192,193,-1,1,193,40,-1,40,193,194,-1,40,194,135,-1,194,195,135,-1,135,195,196,-1,135,196,134,-1,134,196,197,-1,134,197,132,-1,198,9,19,-1,132,197,199,-1,200,128,199,-1,199,128,130,-1,199,130,132,-1,200,201,128,-1,128,201,202,-1,128,202,126,-1,126,202,203,-1,126,203,124,-1,124,203,204,-1,124,204,122,-1,122,204,205,-1,122,205,19,-1,19,205,206,-1,19,206,198,-1,10,9,207,-1,207,9,198,-1,20,10,208,-1,208,10,207,-1,21,20,209,-1,209,20,208,-1,22,21,210,-1,210,21,209,-1,22,210,211,-1,22,211,60,-1,60,211,212,-1,60,212,34,-1,34,212,213,-1,34,213,35,-1,35,213,214,-1,35,214,36,-1,36,214,215,-1,36,215,25,-1,25,215,216,-1,25,216,27,-1,27,216,217,-1,27,217,29,-1,29,217,218,-1,29,218,31,-1,31,218,219,-1,31,219,2,-1,2,219,220,-1,2,220,13,-1,13,220,221,-1,13,221,101,-1,101,221,222,-1,101,222,99,-1,99,222,223,-1,99,223,97,-1,97,223,224,-1,97,224,95,-1,95,224,225,-1,95,225,93,-1,93,225,226,-1,93,226,227,-1,228,115,227,-1,227,115,117,-1,227,117,93,-1,228,229,115,-1,115,229,230,-1,115,230,3,-1,3,230,231,-1,3,231,4,-1,4,231,232,-1,4,232,55,-1,55,232,233,-1,55,233,56,-1,56,233,234,-1,56,234,58,-1,58,234,235,-1,58,235,59,-1,59,235,236,-1,59,236,7,-1,7,236,237,-1,7,237,8,-1,8,237,238,-1,8,238,51,-1,51,238,239,-1,51,239,53,-1,53,239,240,-1,53,240,105,-1,105,240,241,-1,105,241,107,-1,107,241,242,-1,107,242,109,-1,109,242,243,-1,109,243,111,-1,111,243,244,-1,111,244,112,-1,112,244,245,-1,112,245,89,-1,89,245,246,-1,89,246,91,-1,91,246,247,-1,91,247,92,-1,92,247,42,-1,42,247,248,-1,42,248,249,-1,43,42,250,-1,250,42,249,-1,43,250,251,-1,43,251,45,-1,45,251,252,-1,45,252,47,-1,47,252,253,-1,47,253,75,-1,75,253,254,-1,75,254,76,-1,76,254,255,-1,76,255,78,-1,255,256,78,-1,78,256,257,-1,78,257,80,-1,80,257,258,-1,80,258,82,-1,82,258,259,-1,82,259,84,-1,84,259,260,-1,84,260,86,-1,86,260,261,-1,86,261,87,-1,87,261,262,-1,87,262,62,-1,62,262,263,-1,62,263,64,-1,64,263,264,-1,64,264,66,-1,66,264,265,-1,66,265,68,-1,70,68,266,-1,266,68,265,-1,70,266,267,-1,70,267,139,-1,139,267,268,-1,139,268,136,-1,136,268,269,-1,136,269,150,-1,150,269,270,-1,150,270,144,-1,144,270,271,-1,144,271,145,-1,145,271,272,-1,145,272,147,-1,147,272,273,-1,147,273,148,-1,148,273,274,-1,148,274,149,-1,149,274,275,-1,149,275,146,-1,146,275,276,-1,146,276,141,-1,141,276,277,-1,141,277,142,-1,142,277,278,-1,142,278,143,-1,143,278,279,-1,143,279,137,-1,137,279,280,-1,137,280,138,-1,138,280,281,-1,138,281,140,-1,140,281,282,-1,140,282,71,-1,71,282,283,-1,71,283,69,-1,67,69,284,-1,284,69,283,-1,67,284,285,-1,67,285,65,-1,65,285,286,-1,65,286,63,-1,63,286,287,-1,63,287,61,-1,61,287,288,-1,61,288,85,-1,85,288,289,-1,85,289,83,-1,83,289,155,-1,83,155,81,-1,23,290,291,-1,23,291,12,-1,12,291,292,-1,12,292,11,-1,11,292,293,-1,11,293,37,-1,37,293,294,-1,37,294,17,-1,17,294,295,-1,17,295,18,-1,18,295,296,-1,18,296,120,-1,120,296,297,-1,120,297,121,-1,121,297,298,-1,121,298,123,-1,123,298,299,-1,123,299,125,-1,125,299,300,-1,125,300,127,-1,127,300,301,-1,127,301,129,-1,129,301,302,-1,129,302,131,-1,131,302,303,-1,131,303,133,-1,133,303,304,-1,133,304,41,-1,41,304,305,-1,41,305,39,-1,39,305,306,-1,39,306,38,-1,38,306,307,-1,38,307,72,-1,72,307,308,-1,72,308,73,-1,73,308,309,-1,73,309,74,-1,74,309,310,-1,74,310,33,-1,33,310,311,-1,33,311,32,-1,32,311,312,-1,32,312,30,-1,30,312,313,-1,30,313,28,-1,28,313,314,-1,28,314,26,-1,26,314,315,-1,26,315,24,-1,24,315,290,-1,24,290,23,-1,
        ]
    }
}
Shape{
    appearance Appearance {
        material  Material 	{
            diffuseColor 1.0 0.9215686274509803 0.8117647058823529
            specularColor 0.5019607843137255 0.4588235294117647 0.403921568627451
            ambientIntensity 0.2
            transparency 0
            shininess 0.5
        }
    }
    geometry IndexedFaceSet {
        ccw TRUE
        solid FALSE
        coord DEF co Coordinate {
            point [
                0.2395 1.0492 0.2892, 0.2405 1.0492 0.3254, 0.2439 1.0492 0.2887, 0.2439 1.0492 0.3257, 0.2483 1.0492 0.3252, 0.2317 1.0492 0.2933, 0.229 1.0492 0.3182, 0.2322 1.0492 0.3215, 0.2524 1.0492 0.3236, 0.2562 1.0492 0.321, 0.2479 1.0492 0.2891, 0.2589 1.0492 0.3181, 0.2611 1.0492 0.314, 0.2623 1.0492 0.3094, 0.2623 1.0492 0.3049, 0.2612 1.0492 0.3006, 0.2591 1.0492 0.2967, 0.2561 1.0492 0.2933, 0.2523 1.0492 0.2907, 0.2354 1.0492 0.2908, 0.2361 1.0492 0.3239, 0.2266 1.0492 0.3008, 0.2255 1.0492 0.3054, 0.2287 1.0492 0.2967, 0.2256 1.0492 0.31, 0.2268 1.0492 0.3143, 0.2268 1.0492 0.3143
            ]
        }
        coordIndex [
            0,1,2,-1,2,1,3,-1,2,3,4,-1,5,6,7,-1,4,8,2,-1,2,8,9,-1,2,9,10,-1,10,9,11,-1,10,11,12,-1,12,13,10,-1,10,13,14,-1,10,14,15,-1,15,16,10,-1,10,16,17,-1,10,17,18,-1,0,19,1,-1,1,19,5,-1,1,5,20,-1,20,5,7,-1,21,22,23,-1,23,22,24,-1,23,24,5,-1,5,24,25,-1,5,25,6,-1,
        ]
    }
}