#VRML V2.0 utf8
# 3D model generated by easyeda2kicad.py (https://github.com/uPesy/easyeda2kicad.py)

Shape{
    appearance Appearance {
        material  Material 	{
            diffuseColor 1.0 0.9215686274509803 0.8117647058823529
            specularColor 0.5019607843137255 0.4588235294117647 0.403921568627451
            ambientIntensity 0.2
            transparency 0
            shininess 0.5
        }
    }
    geometry IndexedFaceSet {
        ccw TRUE
        solid FALSE
        coord DEF co Coordinate {
            point [
                0.0608 1.0492 0.5099, 0.0608 1.0492 0.4864, -0.0162 1.0492 0.4864, -0.0469 1.0492 0.5906, -0.0529 1.0492 0.5913, -0.021 1.0492 0.5913, -0.0675 1.0492 0.5104, -0.0623 1.0492 0.5099, -0.0888 1.0492 0.5099, 1.6929 1.0492 0.1575, 1.6142 1.0492 0.1575, 1.6142 1.0492 0.3512, -0.1038 1.0492 0.5815, -0.1038 1.0492 0.5558, -0.1254 1.0492 0.5558, -0.1074 1.0492 0.383, -0.1066 1.0492 0.3829, -0.1254 1.0492 0.3829, -0.0904 1.0492 0.3833, -0.0888 1.0492 0.3839, -0.0888 1.0492 0.3829, -0.204 1.0492 0.4544, -0.204 1.0492 0.4288, -0.219 1.0492 0.4288, 0.1302 1.0492 0.5282, 0.1148 1.0492 0.5152, 0.0608 1.0492 0.5913, 0.1934 1.0492 0.5913, 0.1807 1.0492 0.5826, 0.1613 1.0492 0.5599, 0.15 1.0492 0.5376, 0.1472 1.0492 0.5366, 0.3107 1.0492 0.5995, 0.2843 1.0492 0.6092, 1.2619 1.0492 1.9685, 0.0608 1.0492 1.9685, 0.2317 1.0492 0.609, 0.2034 1.0492 0.5982, 0.2581 1.0492 0.6122, 0.3242 1.0492 0.5913, 1.2619 1.0492 0.5913, 0.3264 1.0492 0.59, 1.2619 1.0492 0.5099, 0.4487 1.0492 0.5099, 0.4437 1.0492 0.5212, 0.4301 1.0492 0.5387, 0.387 1.0492 0.5633, 0.3646 1.0492 0.566, 0.3398 1.0492 0.5785, 0.358 1.0492 0.5657, 0.3515 1.0492 0.5649, 0.4262 1.0492 0.5424, 0.4081 1.0492 0.5551, 0.4151 1.0492 0.3966, 0.4329 1.0492 0.4118, 1.2619 1.0492 0.3829, 0.3945 1.0492 0.3866, 0.4459 1.0492 0.4303, 0.4541 1.0492 0.4515, 1.2619 1.0492 0.4864, 0.4568 1.0492 0.4738, 0.4567 1.0492 0.4793, 0.4554 1.0492 0.4864, 0.4528 1.0492 0.5007, 0.3874 1.0492 0.3844, 0.3866 1.0492 0.3829, 0.3816 1.0492 0.3722, 0.3732 1.0492 0.3618, -0.0162 1.0492 0.1575, 0.0608 1.0492 0.3512, 0.0608 1.0492 0.1575, 0.3097 1.0492 0.3512, 0.3195 1.0492 0.3474, 0.3333 1.0492 0.3457, 0.3355 1.0492 0.3458, 1.2619 1.0492 0.1575, 0.3489 1.0492 0.3479, 1.2619 1.0492 0.3512, 0.3568 1.0492 0.3512, 0.362 1.0492 0.3534, 0.2799 1.0492 0.3829, 0.28 1.0492 0.3827, 0.2867 1.0492 0.37, 0.2955 1.0492 0.3602, 0.3068 1.0492 0.3523, 0.0962 1.0492 0.4816, 0.0936 1.0492 0.463, 0.2072 1.0492 0.4165, 0.2033 1.0492 0.418, 0.1966 1.0492 0.4505, 0.2906 1.0492 0.4408, 0.2143 1.0492 0.4806, 0.3005 1.0492 0.4499, 0.3126 1.0492 0.4563, 0.2107 1.0492 0.414, 0.1034 1.0492 0.4247, 0.1147 1.0492 0.4089, 0.0608 1.0492 0.3829, 0.1292 1.0492 0.4674, 0.1319 1.0492 0.4784, 0.1362 1.0492 0.4864, 0.4195 1.0492 0.4864, 0.0962 1.0492 0.4427, 0.1989 1.0492 0.4186, 0.1984 1.0492 0.4186, 0.1967 1.0492 0.4182, 0.4162 1.0492 0.4522, 0.4094 1.0492 0.4407, 0.3805 1.0492 0.4348, 0.3992 1.0492 0.4302, 0.3868 1.0492 0.4226, 0.3594 1.0492 0.4537, 0.3711 1.0492 0.4456, 0.4209 1.0492 0.475, 0.4203 1.0492 0.4662, 0.3469 1.0492 0.4585, 0.3333 1.0492 0.4602, 0.3264 1.0492 0.4597, 0.1302 1.0492 0.3958, 0.1475 1.0492 0.3873, 0.1665 1.0492 0.3833, 0.2166 1.0492 0.4009, 0.2164 1.0492 0.4032, 0.2763 1.0492 0.4083, 0.2153 1.0492 0.4075, 0.2131 1.0492 0.4114, 0.1405 1.0492 0.4323, 0.1342 1.0492 0.4412, 0.1303 1.0492 0.4513, 0.1289 1.0492 0.4624, 0.2001 1.0492 0.3833, 0.2033 1.0492 0.3838, 0.207 1.0492 0.3853, 0.2107 1.0492 0.3879, 0.2121 1.0492 0.3893, 0.2145 1.0492 0.3928, 0.216 1.0492 0.3967, 0.2767 1.0492 0.3967, 0.2763 1.0492 0.4027, 0.1955 1.0492 0.418, 0.1699 1.0492 0.418, 0.1597 1.0492 0.42, 0.1496 1.0492 0.4246, 0.1412 1.0492 0.4315, 0.1779 1.0492 0.5068, 0.4144 1.0492 0.5014, 0.4193 1.0492 0.4887, 0.1733 1.0492 0.5068, 0.1372 1.0492 0.4882, 0.1437 1.0492 0.4955, 0.1525 1.0492 0.5017, 0.1625 1.0492 0.5055, 0.1901 1.0492 0.541, 0.203 1.0492 0.5564, 0.3338 1.0492 0.5233, 0.2044 1.0492 0.5577, 0.2204 1.0492 0.5688, 0.3252 1.0492 0.5414, 0.4085 1.0492 0.5099, 0.3379 1.0492 0.5256, 0.1785 1.0492 0.5099, 0.1814 1.0492 0.5227, 0.3507 1.0492 0.5302, 0.364 1.0492 0.5319, 0.3699 1.0492 0.5316, 0.3124 1.0492 0.5566, 0.2383 1.0492 0.5756, 0.2971 1.0492 0.5678, 0.2576 1.0492 0.578, 0.2785 1.0492 0.5753, 0.384 1.0492 0.5282, 0.3967 1.0492 0.5215, 0.4065 1.0492 0.5128, 0.111 1.0492 0.5099, 0.1032 1.0492 0.499, 0.0982 1.0492 0.4864, -0.235 1.0492 0.4636, -0.235 1.0492 0.4544, -0.2443 1.0492 0.4864, -0.2368 1.0492 0.3927, -0.2443 1.0492 0.3829, -0.2368 1.0492 0.3836, -0.219 1.0492 0.3829, -0.204 1.0492 0.3927, -0.219 1.0492 0.3927, -0.204 1.0492 0.4196, -0.219 1.0492 0.4196, -0.2327 1.0492 0.4196, -0.2327 1.0492 0.4288, -0.219 1.0492 0.4544, -0.219 1.0492 0.3836, -0.1937 1.0492 0.3836, -0.1883 1.0492 0.3829, -0.1937 1.0492 0.4636, -0.0288 1.0492 0.4109, -0.0302 1.0492 0.427, -0.0267 1.0492 0.4081, -0.0253 1.0492 0.4046, -0.0842 1.0492 0.3959, -0.0706 1.0492 0.4204, -0.0842 1.0492 0.3856, -0.0706 1.0492 0.3836, -0.0555 1.0492 0.3866, -0.052 1.0492 0.3843, -0.0606 1.0492 0.3836, -0.0482 1.0492 0.3829, -0.021 1.0492 0.3829, -0.0263 1.0492 0.3909, -0.0251 1.0492 0.3943, -0.0398 1.0492 0.4409, -0.021 1.0492 0.4864, -0.0323 1.0492 0.438, -0.0302 1.0492 0.4368, -0.021 1.0492 0.3512, -0.0369 1.0492 0.3829, -0.0368 1.0492 0.3829, -0.0329 1.0492 0.3844, -0.0319 1.0492 0.4136, -0.0362 1.0492 0.4158, -0.0362 1.0492 0.4309, -0.0436 1.0492 0.4176, -0.0524 1.0492 0.4336, -0.049 1.0492 0.4339, -0.0425 1.0492 0.4332, -0.0295 1.0492 0.3867, -0.0284 1.0492 0.3879, -0.0606 1.0492 0.3924, -0.0603 1.0492 0.3924, -0.0587 1.0492 0.39, -0.0881 1.0492 0.3935, -0.0888 1.0492 0.3932, -0.0888 1.0492 0.4145, -0.0858 1.0492 0.4321, -0.0636 1.0492 0.4383, -0.0662 1.0492 0.4357, -0.0246 1.0492 0.3989, -0.0247 1.0492 0.4003, -0.0698 1.0492 0.4279, -0.0847 1.0492 0.4214, -0.0846 1.0492 0.4289, -0.0499 1.0492 0.4421, -0.056 1.0492 0.4415, -0.0602 1.0492 0.4402, -0.0606 1.0492 0.4199, -0.0602 1.0492 0.4244, -0.0592 1.0492 0.4279, -0.058 1.0492 0.43, -0.0683 1.0492 0.4325, -0.0842 1.0492 0.4253, -0.0887 1.0492 0.4146, -0.0871 1.0492 0.4163, -0.0858 1.0492 0.4184, -0.0565 1.0492 0.4316, -0.0547 1.0492 0.4328, -0.0938 1.0492 0.3829, -0.0888 1.0492 0.3512, -0.0997 1.0492 0.3822, -0.1201 1.0492 0.4395, -0.1201 1.0492 0.4298, -0.1223 1.0492 0.3951, -0.1211 1.0492 0.3919, -0.1192 1.0492 0.3893, -0.0877 1.0492 0.4349, -0.0888 1.0492 0.4359, -0.0888 1.0492 0.4864, -0.0907 1.0492 0.4375, -0.0938 1.0492 0.4394, -0.0994 1.0492 0.4413, -0.1065 1.0492 0.4421, -0.1254 1.0492 0.4864, -0.1134 1.0492 0.4415, -0.1194 1.0492 0.4086, -0.1213 1.0492 0.4058, -0.1224 1.0492 0.4029, -0.1228 1.0492 0.3991, -0.1163 1.0492 0.3868, -0.113 1.0492 0.3848, -0.1055 1.0492 0.4339, -0.1025 1.0492 0.4337, -0.0946 1.0492 0.4262, -0.0999 1.0492 0.433, -0.0976 1.0492 0.4318, -0.0947 1.0492 0.4249, -0.0951 1.0492 0.4233, -0.0958 1.0492 0.422, -0.0968 1.0492 0.4209, -0.1003 1.0492 0.4187, -0.112 1.0492 0.4332, -0.1065 1.0492 0.416, -0.1177 1.0492 0.4311, -0.1104 1.0492 0.4144, -0.117 1.0492 0.4107, -0.0961 1.0492 0.4305, -0.0952 1.0492 0.4292, -0.0947 1.0492 0.4278, -0.0944 1.0492 0.3911, -0.0994 1.0492 0.4087, -0.0934 1.0492 0.4115, -0.1007 1.0492 0.3904, -0.1011 1.0492 0.3904, -0.106 1.0492 0.406, -0.1063 1.0492 0.391, -0.1125 1.0492 0.3982, -0.1124 1.0492 0.3994, -0.1088 1.0492 0.3919, -0.1098 1.0492 0.3925, -0.1109 1.0492 0.3935, -0.1118 1.0492 0.3948, -0.1123 1.0492 0.3962, -0.1119 1.0492 0.401, -0.1112 1.0492 0.4023, -0.1099 1.0492 0.4036, -0.2737 1.0492 0.5325, -0.2443 1.0492 0.5325, -0.2819 1.0492 0.5106, -0.2443 1.0492 0.5099, -0.2933 1.0492 0.5106, -1.2992 1.0492 0.5099, -1.2992 1.0492 0.5913, -0.2628 1.0492 0.5907, -0.2443 1.0492 0.5913, -0.2404 1.0492 0.5325, -0.2327 1.0492 0.5106, -0.219 1.0492 0.5099, -0.2213 1.0492 0.5106, -0.219 1.0492 0.5913, -0.2443 1.0492 0.5712, -0.2518 1.0492 0.5907, -0.1883 1.0492 0.5099, -0.1872 1.0492 0.5122, -0.1737 1.0492 0.5106, -0.1745 1.0492 0.5907, -0.1883 1.0492 0.5913, -0.1441 1.0492 0.5913, -0.1441 1.0492 0.5099, -0.1516 1.0492 0.5106, -0.1516 1.0492 0.5907, -0.2146 1.0492 0.5372, -0.2107 1.0492 0.5289, -0.2076 1.0492 0.5773, -0.2125 1.0492 0.5703, -0.2047 1.0492 0.5218, -0.1964 1.0492 0.5158, -0.1883 1.0492 0.5127, -0.2047 1.0492 0.5801, -0.1867 1.0492 0.5893, -0.1883 1.0492 0.5887, -0.1964 1.0492 0.5858, -0.2155 1.0492 0.5627, -0.2168 1.0492 0.5517, -0.2166 1.0492 0.5466, -0.1254 1.0492 0.5913, -0.1347 1.0492 0.5907, -0.1254 1.0492 0.5907, -0.1347 1.0492 0.5815, -0.1365 1.0492 0.5197, -0.1365 1.0492 0.5106, -0.1254 1.0492 0.5099, -0.1038 1.0492 0.5197, -0.1254 1.0492 0.5197, -0.1038 1.0492 0.5467, -0.1254 1.0492 0.5467, -0.1324 1.0492 0.5467, -0.1324 1.0492 0.5558, -0.1254 1.0492 0.5815, -0.0934 1.0492 0.5907, -0.0888 1.0492 0.5913, -0.0934 1.0492 0.5106, -1.6929 1.0492 0.0, -2.0669 1.0492 0.0, -1.6929 1.0492 0.1575, -2.0669 1.0492 0.3512, -1.6142 1.0492 0.1575, -1.6142 1.0492 0.3512, -1.6142 1.0492 0.3829, -2.0669 1.0492 0.3829, -1.6142 1.0492 0.4864, -2.0669 1.0492 0.4864, -1.6142 1.0492 0.5099, -2.0669 1.0492 0.5099, -1.6142 1.0492 0.5913, -2.0669 1.0492 0.5913, -1.6142 1.0492 1.378, -2.0669 1.0492 1.9685, -1.2992 1.0492 1.378, -0.2443 1.0492 1.9685, -1.2992 1.0492 0.4864, -0.333 1.0492 0.3836, -0.3215 1.0492 0.3836, -0.3822 1.0492 0.3836, -0.374 1.0492 0.4055, -0.3407 1.0492 0.4055, -0.3169 1.0492 0.4195, -0.3149 1.0492 0.4102, -0.3936 1.0492 0.3836, -1.2992 1.0492 0.3829, -0.3631 1.0492 0.4636, -0.352 1.0492 0.4636, -0.311 1.0492 0.4019, -0.305 1.0492 0.3948, -0.2966 1.0492 0.3888, -0.2519 1.0492 0.4636, -0.2519 1.0492 0.3836, -0.2739 1.0492 0.3836, -0.2875 1.0492 0.3852, -0.3171 1.0492 0.4246, -0.3158 1.0492 0.4356, -0.305 1.0492 0.453, -0.3079 1.0492 0.4503, -0.3128 1.0492 0.4433, -0.2747 1.0492 0.4636, -0.287 1.0492 0.4623, -0.2966 1.0492 0.4588, -1.2992 1.0492 0.3512, -1.2992 1.0492 0.1575, -0.2443 1.0492 0.3512, -0.2443 1.0492 0.1575, -0.219 1.0492 0.3512, -0.219 1.0492 0.1575, -0.1883 1.0492 0.3512, -0.1883 1.0492 0.1575, -0.1441 1.0492 0.3512, -0.1441 1.0492 0.1575, -0.1254 1.0492 0.3512, -0.1254 1.0492 0.1575, -0.0888 1.0492 0.1575, -0.021 1.0492 0.1575, -0.0162 1.0492 0.3512, 2.0669 1.0492 0.3512, 2.0669 1.0492 0.0, 1.6929 1.0492 0.0, 2.0669 1.0492 0.3829, 1.6142 1.0492 0.3829, 2.0669 1.0492 0.4864, 1.6142 1.0492 0.4864, 2.0669 1.0492 0.5099, 1.6142 1.0492 0.5099, 2.0669 1.0492 0.5913, 1.6142 1.0492 0.5913, 2.0669 1.0492 1.9685, 1.6142 1.0492 1.378, 1.2992 1.0492 1.378, 1.2992 1.0492 0.5913, 1.2992 1.0492 0.5099, 1.2992 1.0492 0.4864, 1.2992 1.0492 0.3829, 1.2992 1.0492 0.3512, 1.2992 1.0492 0.1575, -0.0689 1.0492 0.5912, -0.0774 1.0492 0.5887, -0.1254 1.0492 0.5106, -0.0774 1.0492 0.5779, -0.076 1.0492 0.5132, -0.0585 1.0492 0.5827, -0.0549 1.0492 0.5825, -0.0496 1.0492 0.5192, -0.0567 1.0492 0.5185, -0.0605 1.0492 0.5186, -0.0765 1.0492 0.5784, -0.0695 1.0492 0.5203, -0.0774 1.0492 0.5238, -0.0774 1.0492 0.5139, -0.0684 1.0492 0.5815, -0.048 1.0492 0.5811, -0.0417 1.0492 0.578, -0.0367 1.0492 0.5738, -0.0384 1.0492 0.5248, -0.0284 1.0492 0.5463, -0.0362 1.0492 0.5269, -0.0298 1.0492 0.5384, -0.0325 1.0492 0.532, -0.0362 1.0492 0.5732, -0.0323 1.0492 0.5676, -0.0296 1.0492 0.5607, -0.0283 1.0492 0.5497, -0.0438 1.0492 0.5212, -0.0584 1.0492 0.592, -0.021 1.0492 1.9685, -0.067 1.0492 0.5913, -0.0888 1.0492 1.9685, -0.0232 1.0492 0.5726, -0.029 1.0492 0.5802, -0.031 1.0492 0.5821, -0.0385 1.0492 0.5874, -0.021 1.0492 0.531, -0.019 1.0492 0.5361, -0.0162 1.0492 0.5099, -0.0175 1.0492 0.5491, -0.0176 1.0492 0.5533, -0.0162 1.0492 0.5913, -0.0194 1.0492 0.5638, -0.021 1.0492 0.5676, -0.0332 1.0492 0.5155, -0.0277 1.0492 0.5202, -0.021 1.0492 0.5099, -0.0271 1.0492 0.5209, -0.0223 1.0492 0.5278, -0.0552 1.0492 0.5093, -0.049 1.0492 0.5096, -0.0478 1.0492 0.5099, -0.0406 1.0492 0.5117, -0.048 1.0492 0.3828, -0.0428 1.0492 0.3822, -0.1725 1.0492 0.4408, -0.1829 1.0492 0.4408, -0.1883 1.0492 0.4864, -0.219 1.0492 0.4636, -0.219 1.0492 0.4864, -0.1601 1.0492 0.3829, -0.1542 1.0492 0.3978, -0.1554 1.0492 0.3931, -0.1557 1.0492 0.3931, -0.1441 1.0492 0.4864, -0.1441 1.0492 0.4268, -0.1569 1.0492 0.3977, -0.1561 1.0492 0.395, -0.1441 1.0492 0.3829, -0.1441 1.0492 0.3999, -0.128 1.0492 0.4408, -0.1392 1.0492 0.4408, -0.1504 1.0492 0.3837, -0.1501 1.0492 0.3829, -0.146 1.0492 0.3733, -0.1301 1.0492 0.3575, -0.1301 1.0492 0.3664, -0.1422 1.0492 0.3676, -0.1441 1.0492 0.3697, -0.1441 1.0492 0.3697, -0.1321 1.0492 0.3657, -0.1358 1.0492 0.3652, -0.1441 1.0492 0.3584, -0.1406 1.0492 0.3571, -0.1365 1.0492 0.3566, -0.1343 1.0492 0.3567, -0.1383 1.0492 0.3655, -0.1405 1.0492 0.3664, -0.157 1.0492 0.3749, -0.1524 1.0492 0.3661, -0.1487 1.0492 0.3617, -0.1481 1.0492 0.3611, -0.1446 1.0492 0.3586, -0.0142 1.0492 0.5197, -0.0142 1.0492 0.5106, 0.028 1.0492 0.5106, 0.0177 1.0492 0.5907, 0.0177 1.0492 0.5197, 0.028 1.0492 0.5907, -0.0162 1.0492 0.3829, -0.015 1.0492 0.3836, 0.028 1.0492 0.3836, -0.015 1.0492 0.3927, -0.0132 1.0492 0.4544, 0.0177 1.0492 0.4196, 0.0177 1.0492 0.3927, -0.0109 1.0492 0.4196, -0.0109 1.0492 0.4288, 0.0177 1.0492 0.4288, 0.0177 1.0492 0.4544, 0.028 1.0492 0.4636, -0.0132 1.0492 0.4636, -0.0162 1.0492 1.9685, -0.219 1.0492 1.9685, -0.1883 1.0492 1.9685, -0.1441 1.0492 1.9685, -0.1254 1.0492 1.9685, -0.1254 1.0492 1.9685
            ]
        }
        coordIndex [
            0,1,2,-1,3,4,5,-1,6,7,8,-1,9,10,11,-1,12,13,14,-1,15,16,17,-1,18,19,20,-1,21,22,23,-1,24,25,26,-1,26,25,0,-1,27,28,26,-1,26,28,29,-1,29,30,26,-1,26,30,31,-1,26,31,24,-1,32,33,34,-1,35,36,37,-1,34,33,35,-1,35,33,38,-1,35,38,36,-1,32,34,39,-1,39,34,40,-1,39,40,41,-1,42,43,40,-1,40,43,44,-1,40,44,45,-1,40,46,41,-1,41,46,47,-1,41,47,48,-1,48,47,49,-1,48,49,50,-1,45,51,40,-1,40,51,52,-1,40,52,46,-1,53,54,55,-1,53,55,56,-1,54,57,55,-1,55,57,58,-1,55,58,59,-1,59,58,60,-1,60,61,59,-1,59,61,62,-1,59,62,42,-1,42,62,63,-1,42,63,43,-1,64,56,65,-1,65,56,55,-1,65,55,66,-1,66,55,67,-1,68,69,70,-1,70,69,71,-1,70,71,72,-1,72,73,70,-1,70,73,74,-1,70,74,75,-1,75,74,76,-1,75,76,77,-1,77,76,78,-1,77,78,55,-1,55,78,79,-1,55,79,67,-1,80,81,69,-1,69,81,82,-1,82,83,69,-1,69,83,84,-1,69,84,71,-1,85,86,1,-1,87,88,89,-1,90,91,92,-1,92,91,93,-1,87,89,94,-1,95,96,97,-1,98,99,91,-1,91,99,100,-1,91,100,101,-1,1,86,97,-1,97,86,102,-1,97,102,95,-1,88,103,89,-1,89,103,104,-1,89,104,105,-1,106,107,108,-1,108,107,109,-1,108,109,110,-1,111,101,112,-1,112,101,113,-1,112,113,108,-1,108,113,114,-1,108,114,106,-1,111,115,101,-1,101,115,116,-1,101,116,91,-1,91,116,117,-1,91,117,93,-1,96,118,97,-1,97,118,119,-1,97,119,120,-1,121,122,123,-1,123,122,124,-1,123,124,89,-1,89,124,125,-1,89,125,94,-1,126,127,89,-1,89,127,128,-1,89,128,91,-1,91,128,129,-1,91,129,98,-1,130,131,80,-1,131,132,80,-1,80,132,133,-1,80,133,134,-1,134,135,80,-1,80,135,136,-1,80,136,137,-1,137,136,121,-1,137,121,138,-1,138,121,123,-1,105,139,89,-1,89,139,140,-1,89,140,141,-1,141,142,89,-1,89,142,143,-1,89,143,126,-1,144,145,146,-1,146,101,144,-1,144,101,100,-1,144,100,147,-1,147,100,148,-1,148,149,147,-1,147,149,150,-1,147,150,151,-1,152,153,154,-1,153,155,154,-1,154,155,156,-1,154,156,157,-1,158,154,159,-1,145,144,158,-1,158,144,160,-1,158,160,154,-1,154,160,161,-1,154,161,152,-1,159,162,158,-1,158,162,163,-1,158,163,164,-1,157,156,165,-1,165,156,166,-1,165,166,167,-1,167,166,168,-1,167,168,169,-1,170,171,164,-1,164,171,172,-1,164,172,158,-1,25,173,0,-1,0,173,174,-1,0,174,1,-1,1,174,175,-1,1,175,85,-1,176,177,178,-1,178,177,179,-1,178,179,180,-1,180,179,181,-1,180,181,182,-1,183,184,185,-1,185,184,186,-1,186,184,187,-1,187,184,179,-1,187,179,188,-1,188,179,177,-1,188,177,23,-1,23,177,189,-1,23,189,21,-1,181,190,182,-1,182,190,191,-1,182,191,192,-1,192,191,193,-1,194,195,196,-1,196,195,197,-1,198,199,200,-1,200,199,201,-1,200,201,19,-1,202,203,204,-1,204,203,205,-1,204,205,201,-1,206,207,208,-1,209,210,211,-1,211,210,212,-1,213,214,206,-1,206,214,215,-1,206,215,216,-1,194,217,195,-1,195,217,218,-1,195,218,219,-1,219,218,220,-1,221,222,220,-1,220,222,223,-1,220,223,219,-1,216,224,206,-1,206,224,225,-1,206,225,207,-1,226,227,204,-1,204,227,228,-1,204,228,202,-1,229,230,231,-1,232,233,234,-1,208,235,206,-1,206,235,236,-1,206,236,210,-1,210,236,197,-1,210,197,212,-1,212,197,195,-1,237,199,238,-1,232,234,239,-1,209,240,210,-1,210,240,241,-1,210,241,242,-1,243,244,220,-1,220,244,245,-1,220,245,246,-1,229,231,198,-1,234,247,239,-1,239,247,237,-1,239,237,248,-1,248,237,238,-1,231,249,198,-1,198,249,250,-1,198,250,199,-1,199,250,251,-1,199,251,238,-1,246,252,220,-1,220,252,253,-1,220,253,221,-1,18,20,254,-1,254,20,255,-1,254,255,256,-1,257,258,17,-1,259,260,17,-1,17,260,261,-1,262,263,264,-1,264,263,265,-1,264,265,266,-1,266,267,264,-1,264,267,268,-1,264,268,269,-1,269,268,270,-1,269,270,257,-1,271,272,258,-1,258,272,273,-1,258,273,17,-1,17,273,274,-1,17,274,259,-1,261,275,17,-1,17,275,276,-1,17,276,15,-1,277,278,279,-1,279,278,280,-1,279,280,281,-1,279,282,277,-1,277,282,283,-1,277,283,284,-1,284,285,277,-1,277,285,286,-1,277,286,287,-1,287,286,288,-1,287,288,289,-1,289,288,290,-1,289,290,258,-1,258,290,291,-1,258,291,271,-1,292,293,281,-1,281,293,294,-1,281,294,279,-1,295,296,230,-1,230,296,297,-1,230,297,231,-1,295,298,296,-1,296,298,299,-1,296,299,300,-1,300,299,301,-1,300,302,303,-1,301,304,300,-1,300,304,305,-1,300,305,306,-1,306,307,300,-1,300,307,308,-1,300,308,302,-1,303,309,300,-1,300,309,310,-1,300,310,311,-1,312,313,314,-1,314,313,315,-1,314,315,316,-1,317,318,319,-1,319,318,320,-1,313,321,315,-1,315,321,322,-1,315,322,323,-1,323,322,324,-1,323,324,325,-1,325,324,326,-1,325,326,320,-1,320,326,327,-1,320,327,319,-1,328,329,330,-1,331,332,333,-1,328,330,334,-1,334,330,335,-1,334,335,333,-1,333,335,336,-1,333,336,331,-1,337,338,323,-1,339,340,325,-1,338,341,323,-1,323,341,342,-1,323,342,328,-1,328,342,343,-1,328,343,329,-1,339,325,344,-1,331,345,332,-1,332,345,346,-1,332,346,325,-1,325,346,347,-1,325,347,344,-1,340,348,325,-1,325,348,349,-1,325,349,323,-1,323,349,350,-1,323,350,337,-1,333,351,352,-1,352,351,353,-1,352,354,333,-1,333,354,355,-1,333,355,334,-1,334,355,356,-1,334,356,357,-1,358,359,360,-1,360,359,361,-1,361,359,362,-1,362,359,355,-1,362,355,363,-1,363,355,354,-1,363,354,14,-1,14,354,364,-1,14,364,12,-1,353,351,365,-1,365,351,366,-1,365,366,367,-1,368,369,370,-1,370,369,371,-1,370,371,372,-1,372,371,373,-1,373,371,374,-1,374,371,375,-1,374,375,376,-1,376,375,377,-1,376,377,378,-1,378,377,379,-1,378,379,380,-1,380,379,381,-1,380,381,382,-1,382,381,383,-1,382,383,384,-1,384,383,385,-1,384,385,318,-1,319,316,317,-1,317,316,315,-1,317,315,386,-1,387,388,180,-1,389,390,391,-1,392,393,388,-1,391,387,389,-1,389,387,180,-1,389,180,394,-1,395,386,396,-1,396,386,178,-1,396,178,397,-1,393,398,388,-1,388,398,399,-1,388,399,400,-1,401,178,402,-1,402,178,180,-1,402,180,403,-1,403,180,388,-1,403,388,404,-1,404,388,400,-1,392,388,405,-1,405,388,397,-1,405,397,406,-1,407,408,397,-1,397,408,409,-1,397,409,406,-1,401,410,178,-1,178,410,411,-1,178,411,397,-1,397,411,412,-1,397,412,407,-1,396,394,395,-1,395,394,180,-1,395,180,413,-1,414,413,415,-1,414,415,416,-1,416,415,417,-1,416,417,418,-1,418,417,419,-1,418,419,420,-1,420,419,421,-1,420,421,422,-1,422,421,423,-1,422,423,424,-1,424,423,255,-1,424,255,425,-1,425,255,213,-1,425,213,426,-1,68,427,69,-1,69,427,97,-1,69,97,80,-1,80,97,120,-1,80,120,130,-1,428,429,430,-1,430,9,428,-1,428,9,11,-1,428,11,431,-1,431,11,432,-1,431,432,433,-1,433,432,434,-1,433,434,435,-1,435,434,436,-1,435,436,437,-1,437,436,438,-1,437,438,439,-1,439,438,440,-1,439,440,34,-1,34,440,441,-1,34,441,40,-1,40,441,442,-1,40,442,42,-1,42,442,443,-1,42,443,59,-1,59,443,444,-1,59,444,55,-1,55,444,445,-1,55,445,77,-1,77,445,446,-1,77,446,75,-1,75,446,447,-1,448,449,366,-1,356,450,357,-1,357,450,367,-1,357,367,8,-1,8,367,366,-1,8,366,451,-1,451,366,449,-1,6,8,452,-1,453,454,455,-1,456,457,458,-1,458,457,459,-1,458,459,451,-1,451,459,460,-1,451,460,8,-1,8,460,461,-1,8,461,452,-1,456,458,455,-1,455,458,462,-1,455,462,453,-1,454,463,455,-1,455,463,464,-1,455,464,465,-1,466,467,468,-1,468,467,469,-1,468,469,470,-1,465,471,455,-1,455,471,472,-1,455,472,473,-1,473,474,455,-1,455,474,467,-1,455,467,475,-1,475,467,466,-1,4,476,477,-1,477,476,478,-1,477,478,479,-1,5,480,481,-1,481,482,5,-1,5,482,483,-1,5,483,3,-1,484,485,486,-1,487,488,489,-1,489,488,490,-1,489,490,5,-1,5,490,491,-1,5,491,480,-1,492,493,494,-1,494,493,495,-1,494,495,496,-1,497,498,210,-1,210,498,499,-1,210,499,494,-1,494,499,500,-1,494,500,492,-1,233,232,242,-1,242,232,262,-1,242,262,210,-1,210,262,264,-1,210,264,497,-1,19,201,20,-1,20,201,205,-1,20,205,255,-1,255,205,501,-1,255,501,213,-1,213,501,502,-1,213,502,214,-1,503,504,505,-1,176,178,506,-1,506,178,507,-1,506,507,193,-1,193,507,505,-1,193,505,192,-1,192,505,504,-1,192,504,508,-1,509,510,511,-1,505,512,503,-1,503,512,513,-1,503,513,514,-1,514,513,509,-1,514,509,515,-1,515,509,511,-1,516,517,17,-1,17,517,518,-1,257,17,269,-1,269,17,518,-1,269,518,512,-1,512,518,519,-1,512,519,513,-1,520,517,521,-1,521,517,516,-1,521,516,522,-1,423,523,524,-1,525,526,516,-1,516,526,527,-1,516,527,522,-1,256,255,16,-1,16,255,423,-1,16,423,17,-1,17,423,524,-1,17,524,516,-1,516,524,528,-1,516,528,529,-1,530,531,421,-1,421,531,532,-1,421,532,423,-1,423,532,533,-1,423,533,523,-1,529,534,516,-1,516,534,535,-1,516,535,525,-1,536,537,419,-1,537,538,419,-1,419,538,539,-1,419,539,421,-1,421,539,540,-1,421,540,530,-1,541,542,486,-1,486,542,543,-1,544,489,26,-1,485,487,486,-1,486,487,489,-1,486,489,541,-1,541,489,544,-1,541,544,545,-1,2,486,0,-1,0,486,543,-1,0,543,26,-1,26,543,546,-1,26,546,544,-1,547,548,549,-1,548,547,550,-1,550,547,2,-1,550,2,551,-1,552,553,554,-1,554,553,550,-1,554,550,555,-1,555,550,551,-1,555,551,556,-1,556,551,557,-1,427,547,97,-1,97,547,549,-1,97,549,1,-1,1,549,558,-1,1,558,2,-1,2,558,559,-1,2,559,551,-1,4,477,5,-1,5,477,560,-1,5,560,489,-1,489,560,35,-1,489,35,26,-1,26,35,37,-1,26,37,27,-1,68,426,427,-1,427,426,213,-1,427,213,547,-1,547,213,206,-1,547,206,2,-1,2,206,210,-1,2,210,486,-1,486,210,494,-1,486,494,484,-1,484,494,496,-1,318,385,320,-1,320,385,561,-1,320,561,325,-1,325,561,562,-1,325,562,332,-1,332,562,563,-1,332,563,333,-1,333,563,564,-1,333,564,351,-1,351,564,479,-1,351,479,366,-1,366,479,478,-1,366,478,448,-1,386,315,178,-1,178,315,323,-1,178,323,507,-1,507,323,328,-1,507,328,505,-1,505,328,334,-1,505,334,512,-1,512,334,357,-1,512,357,269,-1,269,357,8,-1,269,8,264,-1,264,8,7,-1,264,7,497,-1,413,180,415,-1,415,180,182,-1,415,182,417,-1,417,182,192,-1,417,192,419,-1,419,192,508,-1,419,508,536,-1,
        ]
    }
}
Shape{
    appearance Appearance {
        material  Material 	{
            diffuseColor 0.7529411764705882 0.7529411764705882 0.7529411764705882
            specularColor 0.3764705882352941 0.3764705882352941 0.3764705882352941
            ambientIntensity 0.2
            transparency 0
            shininess 0.5
        }
    }
    geometry IndexedFaceSet {
        ccw TRUE
        solid FALSE
        coord DEF co Coordinate {
            point [
                1.9094 0.6752 0.0787, 1.9094 0.4783 0.0787, 2.0276 0.6752 0.0787, 2.0669 0.4783 0.0787, 2.0554 0.6637 0.0787, 2.0472 0.6699 0.0787, 2.0377 0.6739 0.0787, 2.0669 0.6358 0.0787, 2.0656 0.646 0.0787, 2.0617 0.6555 0.0787, 2.0669 0.6358 0.0, 2.0669 0.4783 0.0, 1.9094 0.4783 0.0, 1.9094 0.6752 0.0, 2.0276 0.6752 0.0, 2.0377 0.6739 0.0, 2.0472 0.6699 0.0, 2.0554 0.6637 0.0, 2.0617 0.6555 0.0, 2.0656 0.646 0.0, -1.9094 0.4783 0.0, -2.0669 0.4783 0.0, -1.9094 0.6752 0.0, -2.0669 0.6358 0.0, -2.0276 0.6752 0.0, -2.0656 0.646 0.0, -2.0617 0.6555 0.0, -2.0554 0.6637 0.0, -2.0472 0.6699 0.0, -2.0377 0.6739 0.0, -2.0669 0.4783 0.0787, -2.0669 0.6358 0.0787, -2.0656 0.646 0.0787, -2.0276 0.6752 0.0787, -1.9094 0.4783 0.0787, -1.9094 0.6752 0.0787, -2.0472 0.6699 0.0787, -2.0554 0.6637 0.0787, -2.0617 0.6555 0.0787, -2.0377 0.6739 0.0787, -2.0377 0.6739 0.0787
            ]
        }
        coordIndex [
            0,1,2,-1,2,1,3,-1,4,5,6,-1,3,7,2,-1,2,7,8,-1,2,8,6,-1,6,8,9,-1,6,9,4,-1,10,7,11,-1,11,7,3,-1,12,13,11,-1,11,13,14,-1,15,16,17,-1,17,18,15,-1,15,18,19,-1,15,19,14,-1,14,19,10,-1,14,10,11,-1,20,21,22,-1,22,21,23,-1,22,23,24,-1,24,23,25,-1,24,25,26,-1,27,28,26,-1,26,28,29,-1,26,29,24,-1,30,31,21,-1,21,31,23,-1,32,31,33,-1,30,34,31,-1,31,34,35,-1,31,35,33,-1,36,37,38,-1,32,33,38,-1,38,33,39,-1,38,39,36,-1,
        ]
    }
}
Shape{
    appearance Appearance {
        material  Material 	{
            diffuseColor 1.0 0.9215686274509803 0.8117647058823529
            specularColor 0.5019607843137255 0.4588235294117647 0.403921568627451
            ambientIntensity 0.2
            transparency 0
            shininess 0.5
        }
    }
    geometry IndexedFaceSet {
        ccw TRUE
        solid FALSE
        coord DEF co Coordinate {
            point [
                -1.9488 1.0098 2.0079, -2.0276 1.0098 2.0079, -1.9488 0.7736 2.0079, -2.0276 0.7736 2.0079, 1.9488 1.0098 2.0079, 1.9488 0.7736 2.0079, 2.0276 1.0098 2.0079, 2.0276 0.7736 2.0079, -1.8307 -0.0728 0.315, -1.8307 -0.2106 0.0, -1.8307 -0.0728 1.5748, -1.8307 -0.2106 1.9685, -1.8307 0.4193 1.5748, -1.8307 0.4193 1.9685, -1.8307 0.6752 0.0787, -1.8307 0.9705 0.0, -1.8307 0.0846 0.0787, -1.8307 0.0846 0.315, -1.8307 0.6161 1.5748, -1.8307 0.6161 1.9685, -1.8307 0.8327 1.5748, -1.8307 0.9705 1.9685, -1.8307 0.8327 0.315, -1.8307 0.6752 0.315, -1.9094 0.7343 0.315, -1.9094 0.7343 0.0, -1.9094 0.8327 0.315, -1.9094 0.9705 0.0, -1.9094 0.8327 1.5748, -1.9094 0.9705 1.9685, -1.9094 0.7343 1.5748, -1.9094 0.7343 1.9685, -1.9094 0.0256 1.5748, -1.9094 0.0256 1.9685, -1.9094 -0.0728 1.5748, -1.9094 -0.2106 1.9685, -1.9094 -0.0728 0.315, -1.9094 -0.2106 0.0, -1.9094 0.0256 0.315, -1.9094 0.0256 0.0, -1.9094 0.0256 0.0
            ]
        }
        coordIndex [
            0,1,2,-1,2,1,3,-1,4,5,6,-1,6,5,7,-1,8,9,10,-1,10,9,11,-1,10,11,12,-1,12,11,13,-1,14,15,16,-1,16,15,9,-1,16,9,17,-1,17,9,8,-1,18,19,20,-1,20,19,21,-1,20,21,22,-1,22,21,15,-1,22,15,23,-1,23,15,14,-1,24,25,26,-1,26,25,27,-1,26,27,28,-1,28,27,29,-1,28,29,30,-1,30,29,31,-1,32,33,34,-1,34,33,35,-1,34,35,36,-1,36,35,37,-1,36,37,38,-1,38,37,39,-1,
        ]
    }
}
Shape{
    appearance Appearance {
        material  Material 	{
            diffuseColor 0.7529411764705882 0.7529411764705882 0.7529411764705882
            specularColor 0.3764705882352941 0.3764705882352941 0.3764705882352941
            ambientIntensity 0.2
            transparency 0
            shininess 0.5
        }
    }
    geometry IndexedFaceSet {
        ccw TRUE
        solid FALSE
        coord DEF co Coordinate {
            point [
                -1.8604 0.6752 0.0172, -1.8753 0.6752 0.0078, -1.9094 0.6752 0.0787, -1.9094 0.6752 0.315, -1.8307 0.6752 0.315, -1.8307 0.6752 0.0787, -1.8327 0.6752 0.0612, -2.0276 0.6752 0.0, -2.0276 0.6752 0.0787, -1.9094 0.6752 0.0, -1.8919 0.6752 0.002, -1.8385 0.6752 0.0446, -1.8479 0.6752 0.0296, -1.9094 0.0846 0.0787, -2.0276 0.0846 0.0787, -2.0276 0.0846 0.0, -1.8307 0.0846 0.315, -1.9094 0.0846 0.315, -1.8307 0.0846 0.0787, -1.8327 0.0846 0.0612, -1.8385 0.0846 0.0446, -1.9094 0.0846 0.0, -1.8919 0.0846 0.002, -1.8753 0.0846 0.0078, -1.8604 0.0846 0.0172, -1.8479 0.0846 0.0296, -1.8479 0.0846 0.0296
            ]
        }
        coordIndex [
            0,1,2,-1,3,4,2,-1,2,4,5,-1,2,5,6,-1,7,8,9,-1,9,8,2,-1,9,2,10,-1,10,2,1,-1,6,11,2,-1,2,11,12,-1,2,12,0,-1,13,14,15,-1,16,17,18,-1,18,17,13,-1,18,13,19,-1,19,13,20,-1,15,21,13,-1,13,21,22,-1,13,22,23,-1,23,24,13,-1,13,24,25,-1,13,25,20,-1,
        ]
    }
}
Shape{
    appearance Appearance {
        material  Material 	{
            diffuseColor 1.0 0.9215686274509803 0.8117647058823529
            specularColor 0.5019607843137255 0.4588235294117647 0.403921568627451
            ambientIntensity 0.2
            transparency 0
            shininess 0.5
        }
    }
    geometry IndexedFaceSet {
        ccw TRUE
        solid FALSE
        coord DEF co Coordinate {
            point [
                -0.7087 -0.4075 0.1575, -1.063 -0.4075 0.1575, -0.7087 -0.0531 0.1575, -1.063 -0.0531 0.1575, -0.4724 -0.0531 0.1575, -0.1181 -0.0531 0.1575, -0.4724 -0.4075 0.1575, -0.1181 -0.4075 0.1575, 0.1181 -0.0531 0.1575, 0.4724 -0.0531 0.1575, 0.1181 -0.4075 0.1575, 0.4724 -0.4075 0.1575, 0.7087 -0.0531 0.1575, 1.063 -0.0531 0.1575, 0.7087 -0.4075 0.1575, 1.063 -0.4075 0.1575, -1.9094 0.7343 0.0, -2.0669 0.7343 0.0, -1.9094 0.9705 0.0, -2.0669 1.0492 0.0, -1.8307 0.9705 0.0, -1.6929 1.0492 0.0, -1.8307 -0.2106 0.0, -1.6929 -0.4075 0.0, -1.9094 -0.2106 0.0, -2.0669 -0.4075 0.0, -1.9094 0.0256 0.0, -2.0669 0.0256 0.0, 1.9094 0.0256 0.0, 2.0669 0.0256 0.0, 1.9094 -0.2106 0.0, 2.0669 -0.4075 0.0, 1.8307 -0.2106 0.0, 1.6929 -0.4075 0.0, 1.8307 0.9705 0.0, 1.6929 1.0492 0.0, 1.9094 0.9705 0.0, 2.0669 1.0492 0.0, 1.9094 0.7343 0.0, 2.0669 0.7343 0.0, -1.6732 0.8524 1.9685, -1.6732 0.8524 0.8268, -1.6142 0.8524 1.378, -1.6142 0.8524 0.8268, -1.2992 0.8524 0.8268, 1.2992 0.8524 0.8268, -1.2992 0.8524 1.378, 1.2992 0.8524 1.378, 1.6142 0.8524 0.8268, 1.6732 0.8524 0.8268, 1.6142 0.8524 1.378, 1.6732 0.8524 1.9685, 1.7126 0.6555 2.0079, 1.7913 0.6555 2.0079, 1.7126 0.8917 2.0079, 1.7913 1.0098 2.0079, -1.7126 0.8917 2.0079, -1.7913 1.0098 2.0079, -1.7126 0.6555 2.0079, -1.7913 0.6555 2.0079, -2.0669 0.7343 1.9685, -2.0669 1.0492 1.9685, -2.0669 1.0492 0.5913, -2.0669 1.0492 0.5099, -2.0669 1.0492 0.4864, -2.0669 1.0492 0.3829, -2.0669 1.0492 0.3512, 2.0669 1.0492 0.3512, 2.0669 1.0492 0.3829, 2.0669 1.0492 0.4864, 2.0669 1.0492 1.9685, 2.0669 0.7343 1.9685, 2.0669 1.0492 0.5913, 2.0669 1.0492 0.5099, -2.0669 0.0256 1.9685, -2.0669 -0.4075 1.9685, -1.6929 -0.4075 0.1575, -1.2992 -0.4075 0.1575, -1.2992 -0.4075 0.315, 2.0669 -0.4075 1.9685, -1.063 -0.4075 0.315, -0.4724 -0.4075 0.315, -0.1181 -0.4075 0.315, 0.1181 -0.4075 0.315, -0.7087 -0.4075 0.315, 0.7087 -0.4075 0.315, 1.063 -0.4075 0.315, 1.2992 -0.4075 0.315, 0.4724 -0.4075 0.315, 1.6929 -0.4075 0.1575, 1.2992 -0.4075 0.1575, 2.0669 0.0256 1.9685, 2.0276 -0.3681 2.0079, 2.0276 -0.0138 2.0079, 1.9488 -0.0138 2.0079, -1.7126 -0.25 2.0079, -1.7126 0.3799 2.0079, -1.7913 0.3799 2.0079, 1.9488 -0.25 2.0079, 1.7913 -0.25 2.0079, -2.0276 -0.3681 2.0079, -1.9488 -0.0138 2.0079, -2.0276 -0.0138 2.0079, -1.9488 -0.25 2.0079, -1.7913 -0.25 2.0079, 1.7126 -0.25 2.0079, 1.7126 0.3799 2.0079, 1.7913 0.3799 2.0079, -1.6732 0.4193 1.9685, -1.6732 -0.2106 1.9685, -1.6732 0.4193 1.2205, -1.6732 -0.2106 0.748, -1.6732 0.6161 1.9685, -1.6732 0.6161 1.2205, -1.6732 0.4193 0.8268, -1.6732 0.3406 0.748, 1.6732 -0.2106 1.9685, 1.6732 0.4193 1.9685, 1.6732 -0.2106 0.748, 1.6732 0.4193 1.2205, 1.6732 0.3406 0.748, 1.6732 0.4193 0.8268, 1.6732 0.6161 1.2205, 1.6732 0.6161 1.9685, -1.1811 0.4193 0.8268, -1.2066 0.4226 0.8268, -1.2303 0.4325 0.8268, -1.2507 0.4481 0.8268, -1.2663 0.4685 0.8268, -1.2762 0.4922 0.8268, -1.2795 0.5177 0.8268, -1.2762 0.5432 0.8268, -1.2663 0.5669 0.8268, -1.2507 0.5873 0.8268, -1.2303 0.603 0.8268, -1.2066 0.6128 0.8268, 1.1319 0.4325 0.8268, 1.1115 0.4481 0.8268, 0.616 0.6128 0.8268, -0.5906 0.4193 0.8268, -1.1556 0.4226 0.8268, -1.1319 0.4325 0.8268, 1.1811 0.6161 0.8268, 1.2066 0.6128 0.8268, 1.2303 0.603 0.8268, 1.2507 0.5873 0.8268, 1.2507 0.4481 0.8268, 1.2663 0.4685 0.8268, 1.2762 0.4922 0.8268, 1.2303 0.4325 0.8268, 1.2066 0.4226 0.8268, 1.1811 0.4193 0.8268, 0.5906 0.4193 0.8268, 0.616 0.4226 0.8268, 0.6398 0.4325 0.8268, 1.0959 0.4685 0.8268, 1.086 0.4922 0.8268, 1.0827 0.5177 0.8268, 1.2663 0.5669 0.8268, 1.2762 0.5432 0.8268, 1.2795 0.5177 0.8268, 1.1556 0.4226 0.8268, 0.6398 0.603 0.8268, 0.6601 0.5873 0.8268, 0.6758 0.5669 0.8268, 0.6856 0.5432 0.8268, 0.689 0.5177 0.8268, -1.0827 0.5177 0.8268, -1.086 0.4922 0.8268, -0.616 0.4226 0.8268, -1.0959 0.4685 0.8268, -1.1115 0.4481 0.8268, 0.6856 0.4922 0.8268, 0.6758 0.4685 0.8268, 0.6601 0.4481 0.8268, -1.086 0.5432 0.8268, -0.6398 0.4325 0.8268, -0.6601 0.4481 0.8268, -0.6758 0.4685 0.8268, -0.6856 0.4922 0.8268, -0.689 0.5177 0.8268, -0.6856 0.5432 0.8268, -0.6758 0.5669 0.8268, -0.6601 0.5873 0.8268, 1.0959 0.5669 0.8268, 1.1115 0.5873 0.8268, 1.1319 0.603 0.8268, 1.1556 0.6128 0.8268, -0.521 0.4481 0.8268, -0.5413 0.4325 0.8268, -0.0 0.4193 0.8268, -0.5651 0.4226 0.8268, -0.6398 0.603 0.8268, -0.616 0.6128 0.8268, -1.0959 0.5669 0.8268, -0.5906 0.6161 0.8268, -1.1115 0.5873 0.8268, -0.0696 0.5873 0.8268, -0.0492 0.603 0.8268, -0.5651 0.6128 0.8268, -0.5413 0.603 0.8268, -0.521 0.5873 0.8268, -0.0951 0.5432 0.8268, -0.5053 0.4685 0.8268, -0.0255 0.4226 0.8268, -0.4955 0.4922 0.8268, -0.0492 0.4325 0.8268, -0.0696 0.4481 0.8268, -1.1811 0.6161 0.8268, -1.1556 0.6128 0.8268, -1.1319 0.603 0.8268, 0.4955 0.5432 0.8268, 0.0492 0.603 0.8268, 0.0696 0.5873 0.8268, 0.5053 0.5669 0.8268, 0.521 0.5873 0.8268, 0.5413 0.603 0.8268, -0.0852 0.5669 0.8268, 0.5651 0.4226 0.8268, 0.5413 0.4325 0.8268, -0.0852 0.4685 0.8268, -0.0951 0.4922 0.8268, -0.4921 0.5177 0.8268, -0.0984 0.5177 0.8268, -0.4955 0.5432 0.8268, -0.5053 0.5669 0.8268, 0.5651 0.6128 0.8268, 0.5906 0.6161 0.8268, 0.0255 0.6128 0.8268, -0.0 0.6161 0.8268, 0.0696 0.4481 0.8268, 0.0492 0.4325 0.8268, 0.5053 0.4685 0.8268, 0.521 0.4481 0.8268, 0.0255 0.4226 0.8268, 1.086 0.5432 0.8268, -0.0255 0.6128 0.8268, 0.0852 0.5669 0.8268, 0.0951 0.5432 0.8268, 0.4921 0.5177 0.8268, 0.0984 0.5177 0.8268, 0.4955 0.4922 0.8268, 0.0951 0.4922 0.8268, 0.0852 0.4685 0.8268, -1.9094 0.7343 0.315, -1.9094 0.7343 1.5748, -1.9094 0.7343 1.9685, -1.9094 0.0256 1.9685, -1.9094 0.0256 1.5748, -1.9094 0.0256 0.315, 1.9094 0.7343 1.9685, 1.9094 0.7343 1.5748, 1.9094 0.7343 0.315, 1.9094 0.0256 1.5748, 1.9094 0.0256 1.9685, 1.9094 0.0256 0.315, 1.9094 0.8327 1.5748, 1.9094 0.9705 1.9685, 1.9094 0.8327 0.315, 1.9094 -0.0728 0.315, 1.9094 -0.0728 1.5748, 1.9094 -0.2106 1.9685, 1.8307 -0.2106 1.9685, 1.8307 0.6161 1.9685, 1.8307 0.6161 1.5748, 1.8307 0.9705 1.9685, 1.8307 0.8327 1.5748, 1.8307 0.8327 0.315, 1.8307 0.6752 0.315, 1.8307 0.6752 0.0787, 1.8307 0.0846 0.0787, 1.8307 0.4193 1.5748, 1.8307 0.4193 1.9685, 1.8307 -0.0728 1.5748, 1.8307 -0.0728 0.315, 1.8307 0.0846 0.315, -1.8307 -0.2106 1.9685, -1.9094 -0.2106 1.9685, -1.9094 0.9705 1.9685, -1.8307 0.9705 1.9685, -1.8307 0.4193 1.9685, -1.8307 0.4193 1.5748, -1.8307 0.4193 1.2205, -1.8307 0.6161 1.2205, -1.8307 0.6161 1.9685, -1.8307 0.6161 1.5748, 1.8307 0.6161 1.2205, 1.8307 0.4193 1.2205, 1.2992 0.8524 0.1575, 1.2992 1.0492 0.1575, 1.2992 1.0492 0.3512, 1.2992 1.0492 0.3829, 1.2992 1.0492 0.4864, 1.2992 1.0492 1.378, 1.2992 1.0492 0.5913, 1.2992 1.0492 0.5099, 1.6142 1.0492 1.378, 1.6142 1.0492 0.5913, 1.6142 1.0492 0.5099, 1.6142 0.8524 0.1575, 1.6142 1.0492 0.4864, 1.6142 1.0492 0.3829, 1.6142 1.0492 0.3512, 1.6142 1.0492 0.1575, -1.6142 0.8524 0.1575, -1.6142 1.0492 0.1575, -1.6142 1.0492 0.3512, -1.6142 1.0492 0.3829, -1.6142 1.0492 0.4864, -1.6142 1.0492 1.378, -1.6142 1.0492 0.5913, -1.6142 1.0492 0.5099, -1.2992 1.0492 1.378, -1.2992 1.0492 0.5913, -1.2992 1.0492 0.5099, -1.2992 0.8524 0.1575, -1.2992 1.0492 0.4864, -1.2992 1.0492 0.3829, -1.2992 1.0492 0.3512, -1.2992 1.0492 0.1575, -1.4961 -0.0531 0.1575, -1.2992 -0.0531 0.1575, -0.2443 1.0492 0.1575, 1.6929 1.0492 0.1575, -1.6929 1.0492 0.1575, -1.4961 0.7343 0.1575, 1.4961 0.7343 0.1575, -0.219 1.0492 0.1575, -0.1883 1.0492 0.1575, -0.1441 1.0492 0.1575, -0.1254 1.0492 0.1575, -0.0888 1.0492 0.1575, -0.021 1.0492 0.1575, -0.0162 1.0492 0.1575, 0.0608 1.0492 0.1575, 1.2619 1.0492 0.1575, 1.2992 -0.0531 0.1575, 1.4961 -0.0531 0.1575, -1.4961 -0.0531 0.4724, -1.4961 0.6752 0.4724, -1.4961 0.7343 0.4724, 1.4961 -0.0531 0.4724, -1.2992 -0.0531 0.315, -0.7087 -0.0531 0.315, -1.063 -0.0531 0.315, 1.063 -0.0531 0.315, 0.7087 -0.0531 0.315, 1.2992 -0.0531 0.315, -0.2953 -0.0531 0.4724, 0.4724 -0.0531 0.315, -0.4724 -0.0531 0.315, -0.1181 -0.0531 0.315, 0.1181 -0.0531 0.315, 1.4961 0.7343 0.4724, 1.4961 0.6752 0.4724, -0.2953 0.7343 0.4724, 1.086 0.5432 0.4724, 0.616 0.4226 0.4724, 1.0959 0.5669 0.4724, 1.1115 0.5873 0.4724, 0.5906 0.4193 0.4724, -0.2953 0.6752 0.4724, -0.0984 0.5177 0.4724, -0.0951 0.4922 0.4724, -0.0852 0.4685 0.4724, 0.5053 0.4685 0.4724, 0.521 0.4481 0.4724, 1.0959 0.4685 0.4724, 1.086 0.4922 0.4724, 1.0827 0.5177 0.4724, 0.5413 0.4325 0.4724, 0.5651 0.4226 0.4724, 1.1115 0.4481 0.4724, 1.1319 0.4325 0.4724, 1.1556 0.4226 0.4724, 1.1811 0.4193 0.4724, 1.2762 0.5432 0.4724, 1.2663 0.5669 0.4724, 1.2507 0.5873 0.4724, 1.2303 0.603 0.4724, -0.0696 0.4481 0.4724, -0.0492 0.4325 0.4724, -0.0255 0.4226 0.4724, 1.2066 0.4226 0.4724, 1.2303 0.4325 0.4724, 1.2507 0.4481 0.4724, 1.2663 0.4685 0.4724, 1.2762 0.4922 0.4724, 1.2795 0.5177 0.4724, 0.6398 0.4325 0.4724, 0.6601 0.4481 0.4724, 0.6758 0.4685 0.4724, 0.4955 0.4922 0.4724, 0.0255 0.4226 0.4724, -0.0 0.4193 0.4724, 0.5906 0.6161 0.4724, 0.5651 0.6128 0.4724, 0.5413 0.603 0.4724, 0.0696 0.4481 0.4724, 0.0852 0.4685 0.4724, 0.4921 0.5177 0.4724, 0.521 0.5873 0.4724, 0.5053 0.5669 0.4724, 0.4955 0.5432 0.4724, 0.0852 0.5669 0.4724, 0.0696 0.5873 0.4724, -0.0255 0.6128 0.4724, -0.0492 0.603 0.4724, -0.0696 0.5873 0.4724, 0.6856 0.4922 0.4724, 0.689 0.5177 0.4724, 1.1319 0.603 0.4724, 0.6856 0.5432 0.4724, 1.1556 0.6128 0.4724, 0.6758 0.5669 0.4724, 0.6601 0.5873 0.4724, 1.2066 0.6128 0.4724, 1.1811 0.6161 0.4724, 0.616 0.6128 0.4724, 0.6398 0.603 0.4724, 0.0492 0.4325 0.4724, 0.0951 0.4922 0.4724, 0.0984 0.5177 0.4724, 0.0951 0.5432 0.4724, 0.0492 0.603 0.4724, 0.0255 0.6128 0.4724, -0.0 0.6161 0.4724, -0.0852 0.5669 0.4724, -0.0951 0.5432 0.4724, -1.2663 0.5669 0.4724, -1.2762 0.5432 0.4724, -1.2795 0.5177 0.4724, -1.2762 0.4922 0.4724, -1.2663 0.4685 0.4724, -1.2507 0.4481 0.4724, -1.2303 0.4325 0.4724, -1.0959 0.4685 0.4724, -1.086 0.4922 0.4724, -0.616 0.6128 0.4724, -0.6398 0.4325 0.4724, -0.616 0.4226 0.4724, -1.1556 0.6128 0.4724, -1.1319 0.603 0.4724, -1.1115 0.5873 0.4724, -1.1811 0.6161 0.4724, -1.2066 0.6128 0.4724, -1.1115 0.4481 0.4724, -0.6398 0.603 0.4724, -0.6601 0.5873 0.4724, -0.6758 0.5669 0.4724, -0.6856 0.5432 0.4724, -1.1319 0.4325 0.4724, -0.689 0.5177 0.4724, -1.1556 0.4226 0.4724, -1.2303 0.603 0.4724, -1.2507 0.5873 0.4724, -0.5651 0.4226 0.4724, -0.5413 0.4325 0.4724, -0.521 0.4481 0.4724, -1.2066 0.4226 0.4724, -1.1811 0.4193 0.4724, -0.5906 0.4193 0.4724, -0.6856 0.4922 0.4724, -0.6758 0.4685 0.4724, -0.6601 0.4481 0.4724, -0.5053 0.4685 0.4724, -0.4955 0.4922 0.4724, -0.4921 0.5177 0.4724, -0.4955 0.5432 0.4724, -0.5053 0.5669 0.4724, -0.521 0.5873 0.4724, -0.5906 0.6161 0.4724, -0.5413 0.603 0.4724, -0.5651 0.6128 0.4724, -1.0827 0.5177 0.4724, -1.086 0.5432 0.4724, -1.0959 0.5669 0.4724, -1.0959 0.5669 0.4724
            ]
        }
        coordIndex [
            0,1,2,-1,2,1,3,-1,4,5,6,-1,6,5,7,-1,8,9,10,-1,10,9,11,-1,12,13,14,-1,14,13,15,-1,16,17,18,-1,18,17,19,-1,18,19,20,-1,20,19,21,-1,20,21,22,-1,22,21,23,-1,22,23,24,-1,24,23,25,-1,24,25,26,-1,26,25,27,-1,28,29,30,-1,30,29,31,-1,30,31,32,-1,32,31,33,-1,32,33,34,-1,34,33,35,-1,34,35,36,-1,36,35,37,-1,36,37,38,-1,38,37,39,-1,40,41,42,-1,42,41,43,-1,44,45,46,-1,46,45,47,-1,48,49,50,-1,50,49,51,-1,50,51,47,-1,47,51,40,-1,47,40,46,-1,46,40,42,-1,52,53,54,-1,54,53,55,-1,54,55,56,-1,56,55,57,-1,56,57,58,-1,58,57,59,-1,17,60,61,-1,61,62,17,-1,17,62,63,-1,17,63,64,-1,64,65,17,-1,17,65,66,-1,17,66,19,-1,37,67,39,-1,39,67,68,-1,39,68,69,-1,70,71,72,-1,72,71,39,-1,72,39,73,-1,73,39,69,-1,74,27,75,-1,75,27,25,-1,75,25,76,-1,76,25,23,-1,76,77,75,-1,75,77,78,-1,75,78,79,-1,79,78,80,-1,81,6,7,-1,82,83,79,-1,7,82,81,-1,81,82,79,-1,81,79,84,-1,84,79,80,-1,84,80,0,-1,0,80,1,-1,85,14,15,-1,86,87,79,-1,15,86,85,-1,85,86,79,-1,85,79,88,-1,88,79,83,-1,88,83,11,-1,11,83,10,-1,33,31,89,-1,89,31,79,-1,89,79,90,-1,90,79,87,-1,79,31,91,-1,91,31,29,-1,92,93,94,-1,95,96,97,-1,94,98,92,-1,92,98,99,-1,92,99,100,-1,101,102,103,-1,103,102,100,-1,103,100,104,-1,97,104,95,-1,95,104,100,-1,95,100,105,-1,105,100,99,-1,105,99,106,-1,106,99,107,-1,108,109,110,-1,110,109,111,-1,40,112,41,-1,41,112,113,-1,41,113,114,-1,114,113,110,-1,114,110,115,-1,115,110,111,-1,116,117,118,-1,118,117,119,-1,120,118,121,-1,121,118,119,-1,121,119,49,-1,49,119,122,-1,49,122,51,-1,51,122,123,-1,116,118,109,-1,109,118,111,-1,114,124,125,-1,125,126,114,-1,114,126,127,-1,114,127,128,-1,128,129,114,-1,114,129,130,-1,114,130,41,-1,130,131,41,-1,41,131,132,-1,41,132,43,-1,43,132,133,-1,43,133,44,-1,44,133,134,-1,44,134,135,-1,136,137,138,-1,124,139,140,-1,140,139,141,-1,142,143,45,-1,45,143,144,-1,45,144,48,-1,48,144,145,-1,48,145,49,-1,146,121,147,-1,147,121,148,-1,146,149,121,-1,121,149,150,-1,121,150,151,-1,152,151,153,-1,153,151,154,-1,137,155,138,-1,138,155,156,-1,138,156,157,-1,145,158,49,-1,49,158,159,-1,49,159,121,-1,121,159,160,-1,121,160,148,-1,136,138,161,-1,161,138,162,-1,161,162,163,-1,163,164,161,-1,161,164,165,-1,161,165,166,-1,167,168,169,-1,169,168,170,-1,169,170,139,-1,139,170,171,-1,139,171,141,-1,166,172,161,-1,161,172,173,-1,161,173,151,-1,151,173,174,-1,151,174,154,-1,167,169,175,-1,175,169,176,-1,175,176,177,-1,177,178,175,-1,175,178,179,-1,175,179,180,-1,180,181,175,-1,175,181,182,-1,175,182,183,-1,184,185,44,-1,44,185,186,-1,44,186,45,-1,45,186,187,-1,45,187,142,-1,188,189,190,-1,190,189,191,-1,190,191,139,-1,183,192,175,-1,175,192,193,-1,175,193,194,-1,194,193,195,-1,194,195,196,-1,197,198,199,-1,200,201,202,-1,188,190,203,-1,203,190,204,-1,203,204,205,-1,205,204,206,-1,205,206,207,-1,135,208,44,-1,44,208,209,-1,44,209,210,-1,211,212,213,-1,211,214,212,-1,212,214,215,-1,212,215,216,-1,200,202,199,-1,199,202,217,-1,199,217,197,-1,152,218,190,-1,190,218,219,-1,207,220,205,-1,205,220,221,-1,205,221,222,-1,222,221,223,-1,222,223,224,-1,224,223,202,-1,224,202,225,-1,225,202,201,-1,199,44,195,-1,195,44,210,-1,195,210,196,-1,216,226,212,-1,212,226,227,-1,212,227,228,-1,228,227,229,-1,230,231,232,-1,219,233,190,-1,190,233,232,-1,190,232,234,-1,234,232,231,-1,157,235,138,-1,138,235,184,-1,138,184,227,-1,227,184,44,-1,227,44,229,-1,229,44,199,-1,229,199,236,-1,236,199,198,-1,213,237,211,-1,211,237,238,-1,211,238,239,-1,239,238,240,-1,239,240,241,-1,241,240,242,-1,241,242,232,-1,232,242,243,-1,232,243,230,-1,17,16,244,-1,17,244,60,-1,60,244,245,-1,60,245,246,-1,74,247,248,-1,74,248,27,-1,27,248,249,-1,27,249,26,-1,71,250,251,-1,71,251,39,-1,39,251,252,-1,39,252,38,-1,253,254,91,-1,253,91,255,-1,255,91,29,-1,255,29,28,-1,251,250,256,-1,256,250,257,-1,256,257,258,-1,258,257,36,-1,258,36,252,-1,252,36,38,-1,255,28,259,-1,259,28,30,-1,259,30,260,-1,260,30,261,-1,260,261,253,-1,253,261,254,-1,261,30,262,-1,262,30,32,-1,263,264,265,-1,265,264,266,-1,265,266,34,-1,34,266,267,-1,34,267,268,-1,268,269,34,-1,34,269,270,-1,34,270,32,-1,271,272,273,-1,273,272,262,-1,273,262,274,-1,274,262,32,-1,274,32,275,-1,275,32,270,-1,265,34,257,-1,257,34,36,-1,276,22,277,-1,277,22,24,-1,278,18,279,-1,279,18,20,-1,280,108,281,-1,281,108,110,-1,281,110,282,-1,282,110,283,-1,283,110,113,-1,112,284,113,-1,113,284,285,-1,113,285,283,-1,263,123,264,-1,264,123,122,-1,264,122,286,-1,286,122,287,-1,287,122,119,-1,117,272,119,-1,119,272,271,-1,119,271,287,-1,288,289,290,-1,290,291,288,-1,288,291,292,-1,288,292,45,-1,293,47,294,-1,294,47,45,-1,294,45,295,-1,295,45,292,-1,48,50,296,-1,296,297,48,-1,48,297,298,-1,48,298,299,-1,299,298,300,-1,300,301,299,-1,299,301,302,-1,299,302,303,-1,45,48,288,-1,288,48,299,-1,293,296,47,-1,47,296,50,-1,304,305,306,-1,306,307,304,-1,304,307,308,-1,304,308,43,-1,309,42,310,-1,310,42,43,-1,310,43,311,-1,311,43,308,-1,44,46,312,-1,312,313,44,-1,44,313,314,-1,44,314,315,-1,315,314,316,-1,316,317,315,-1,315,317,318,-1,315,318,319,-1,43,44,304,-1,304,44,315,-1,312,46,309,-1,309,46,42,-1,320,321,77,-1,315,319,322,-1,303,323,299,-1,299,323,89,-1,76,324,304,-1,304,324,305,-1,77,76,320,-1,320,76,304,-1,320,304,325,-1,325,304,315,-1,325,315,326,-1,322,327,315,-1,315,327,328,-1,315,328,329,-1,329,330,315,-1,315,330,331,-1,315,331,332,-1,333,334,288,-1,288,334,335,-1,288,335,289,-1,90,336,89,-1,89,336,337,-1,89,337,299,-1,299,337,326,-1,299,326,288,-1,288,326,315,-1,288,315,333,-1,333,315,332,-1,324,76,21,-1,21,76,23,-1,89,323,33,-1,33,323,35,-1,338,320,339,-1,339,320,325,-1,339,325,340,-1,341,337,336,-1,321,320,342,-1,342,320,338,-1,2,3,343,-1,343,3,344,-1,13,12,345,-1,345,12,346,-1,336,347,341,-1,341,347,345,-1,341,345,348,-1,348,345,346,-1,348,346,349,-1,4,350,348,-1,348,350,343,-1,348,343,338,-1,338,343,344,-1,338,344,342,-1,5,4,351,-1,351,4,348,-1,351,348,352,-1,352,348,349,-1,352,349,8,-1,8,349,9,-1,353,326,354,-1,354,326,337,-1,354,337,341,-1,340,325,355,-1,355,325,326,-1,355,326,353,-1,356,357,358,-1,358,357,359,-1,348,360,357,-1,361,362,348,-1,348,362,363,-1,348,363,364,-1,348,365,366,-1,367,348,368,-1,368,348,357,-1,368,357,369,-1,369,357,356,-1,366,370,348,-1,348,370,371,-1,348,371,360,-1,367,372,348,-1,348,372,373,-1,348,373,341,-1,341,373,374,-1,341,374,375,-1,376,377,354,-1,354,377,378,-1,354,378,379,-1,364,380,348,-1,348,380,381,-1,348,381,382,-1,375,383,341,-1,341,383,384,-1,341,384,385,-1,385,386,341,-1,341,386,387,-1,341,387,354,-1,354,387,388,-1,354,388,376,-1,357,389,359,-1,359,389,390,-1,359,390,391,-1,392,365,393,-1,393,365,348,-1,393,348,394,-1,394,348,382,-1,395,396,361,-1,361,396,397,-1,398,399,400,-1,397,401,361,-1,361,401,402,-1,361,402,403,-1,403,404,405,-1,406,407,361,-1,361,407,408,-1,391,409,359,-1,359,409,410,-1,359,410,411,-1,411,410,412,-1,411,412,413,-1,413,412,414,-1,413,414,415,-1,379,416,354,-1,354,416,417,-1,354,417,418,-1,418,417,413,-1,418,413,419,-1,419,413,415,-1,392,393,400,-1,400,393,420,-1,400,420,398,-1,399,421,400,-1,400,421,422,-1,400,422,403,-1,403,422,423,-1,403,423,404,-1,405,424,403,-1,403,424,425,-1,403,425,361,-1,361,425,426,-1,361,426,406,-1,408,427,361,-1,361,427,428,-1,361,428,362,-1,429,430,339,-1,339,430,431,-1,339,431,338,-1,338,431,432,-1,432,433,338,-1,338,433,434,-1,338,434,435,-1,436,437,438,-1,439,440,338,-1,441,361,442,-1,442,361,443,-1,339,444,445,-1,436,438,446,-1,446,438,447,-1,446,447,448,-1,448,449,446,-1,446,449,450,-1,446,450,451,-1,451,450,452,-1,451,452,453,-1,445,454,339,-1,339,454,455,-1,339,455,429,-1,456,457,348,-1,348,457,458,-1,435,459,338,-1,338,459,460,-1,338,460,453,-1,338,440,348,-1,348,440,461,-1,348,461,456,-1,452,462,453,-1,453,462,463,-1,453,463,338,-1,338,463,464,-1,338,464,439,-1,458,465,348,-1,348,465,466,-1,348,466,361,-1,361,466,467,-1,467,468,361,-1,361,468,469,-1,361,469,470,-1,361,471,438,-1,470,472,361,-1,361,472,473,-1,361,473,471,-1,437,474,438,-1,438,474,475,-1,438,475,361,-1,361,475,476,-1,361,476,443,-1,418,395,354,-1,354,395,361,-1,354,361,353,-1,353,361,355,-1,441,444,361,-1,361,444,339,-1,361,339,355,-1,355,339,340,-1,342,78,321,-1,321,78,77,-1,80,344,1,-1,1,344,3,-1,344,80,342,-1,342,80,78,-1,
        ]
    }
}
Shape{
    appearance Appearance {
        material  Material 	{
            diffuseColor 0.7529411764705882 0.7529411764705882 0.7529411764705882
            specularColor 0.3764705882352941 0.3764705882352941 0.3764705882352941
            ambientIntensity 0.2
            transparency 0
            shininess 0.5
        }
    }
    geometry IndexedFaceSet {
        ccw TRUE
        solid FALSE
        coord DEF co Coordinate {
            point [
                -1.1811 -0.9193 0.1969, -1.2066 0.3996 0.1935, -1.2066 -0.9193 0.1935, -1.2303 0.3996 0.1837, -1.2303 -0.9193 0.1837, -1.2507 0.3996 0.168, -1.2507 -0.9193 0.168, -1.2663 0.3996 0.1476, -1.2663 -0.9193 0.1476, -1.2762 0.3996 0.1239, -1.2762 -0.9193 0.1239, -1.2795 0.3996 0.0984, -1.2795 -0.9193 0.0984, -1.2762 0.3996 0.073, -1.2762 -0.9193 0.073, -1.2663 0.3996 0.0492, -1.2663 -0.9193 0.0492, -1.2507 0.3996 0.0288, -1.2507 -0.9193 0.0288, -1.2303 0.3996 0.0132, -1.2303 -0.9193 0.0132, -1.2066 0.3996 0.0034, -1.2066 -0.9193 0.0034, -1.1811 0.3996 0.0, -1.1811 -0.9193 0.0, -1.1556 0.3996 0.0034, -1.1556 -0.9193 0.0034, -1.1319 0.3996 0.0132, -1.1319 -0.9193 0.0132, -1.1115 0.3996 0.0288, -1.1115 -0.9193 0.0288, -1.0959 0.3996 0.0492, -1.0959 -0.9193 0.0492, -1.086 0.3996 0.073, -1.086 -0.9193 0.073, -1.0827 0.3996 0.0984, -1.0827 -0.9193 0.0984, -1.086 0.3996 0.1239, -1.086 -0.9193 0.1239, -1.0959 0.3996 0.1476, -1.0959 -0.9193 0.1476, -1.1115 0.3996 0.168, -1.1115 -0.9193 0.168, -1.1319 0.3996 0.1837, -1.1319 -0.9193 0.1837, -1.1556 0.3996 0.1935, -1.1556 -0.9193 0.1935, -1.1811 0.3996 0.1969, -1.1811 0.404 0.1973, -1.2066 0.4047 0.1941, -1.2303 0.4069 0.1845, -1.2507 0.4104 0.1692, -1.2663 0.4149 0.1494, -1.2762 0.4202 0.1262, -1.2795 0.4259 0.1014, -1.2762 0.4316 0.0766, -1.2663 0.4368 0.0534, -1.2507 0.4414 0.0335, -1.2303 0.4449 0.0183, -1.2066 0.447 0.0087, -1.1811 0.4478 0.0054, -1.1556 0.447 0.0087, -1.1319 0.4449 0.0183, -1.1115 0.4414 0.0335, -1.0959 0.4368 0.0534, -1.086 0.4316 0.0766, -1.0827 0.4259 0.1014, -1.086 0.4202 0.1262, -1.0959 0.4149 0.1494, -1.1115 0.4104 0.1692, -1.1319 0.4069 0.1845, -1.1556 0.4047 0.1941, -1.1811 0.4081 0.1988, -1.2066 0.4096 0.1958, -1.2303 0.4139 0.1869, -1.2507 0.4207 0.1728, -1.2663 0.4295 0.1545, -1.2762 0.4398 0.1331, -1.2795 0.4509 0.1101, -1.2762 0.4619 0.0872, -1.2663 0.4722 0.0658, -1.2507 0.481 0.0474, -1.2303 0.4878 0.0333, -1.2066 0.4921 0.0245, -1.1811 0.4936 0.0214, -1.1556 0.4921 0.0245, -1.1319 0.4878 0.0333, -1.1115 0.481 0.0474, -1.0959 0.4722 0.0658, -1.086 0.4619 0.0872, -1.0827 0.4509 0.1101, -1.086 0.4398 0.1331, -1.0959 0.4295 0.1545, -1.1115 0.4207 0.1728, -1.1319 0.4139 0.1869, -1.1556 0.4096 0.1958, -1.1811 0.4119 0.2011, -1.2066 0.414 0.1985, -1.2303 0.4201 0.1908, -1.2507 0.4299 0.1786, -1.2663 0.4426 0.1627, -1.2762 0.4574 0.1441, -1.2795 0.4732 0.1242, -1.2762 0.4891 0.1043, -1.2663 0.5039 0.0857, -1.2507 0.5166 0.0698, -1.2303 0.5264 0.0576, -1.2066 0.5325 0.0499, -1.1811 0.5346 0.0472, -1.1556 0.5325 0.0499, -1.1319 0.5264 0.0576, -1.1115 0.5166 0.0698, -1.0959 0.5039 0.0857, -1.086 0.4891 0.1043, -1.0827 0.4732 0.1242, -1.086 0.4574 0.1441, -1.0959 0.4426 0.1627, -1.1115 0.4299 0.1786, -1.1319 0.4201 0.1908, -1.1556 0.414 0.1985, -1.1811 0.415 0.2043, -1.2066 0.4176 0.2022, -1.2303 0.4253 0.196, -1.2507 0.4375 0.1863, -1.2663 0.4535 0.1736, -1.2762 0.472 0.1588, -1.2795 0.4919 0.1429, -1.2762 0.5119 0.127, -1.2663 0.5304 0.1122, -1.2507 0.5464 0.0995, -1.2303 0.5586 0.0897, -1.2066 0.5663 0.0836, -1.1811 0.5689 0.0815, -1.1556 0.5663 0.0836, -1.1319 0.5586 0.0897, -1.1115 0.5464 0.0995, -1.0959 0.5304 0.1122, -1.086 0.5119 0.127, -1.0827 0.4919 0.1429, -1.086 0.472 0.1588, -1.0959 0.4535 0.1736, -1.1115 0.4375 0.1863, -1.1319 0.4253 0.196, -1.1556 0.4176 0.2022, -1.1811 0.4173 0.208, -1.2066 0.4204 0.2065, -1.2303 0.4292 0.2023, -1.2507 0.4433 0.1955, -1.2663 0.4617 0.1866, -1.2762 0.4831 0.1763, -1.2795 0.506 0.1653, -1.2762 0.529 0.1542, -1.2663 0.5504 0.1439, -1.2507 0.5687 0.1351, -1.2303 0.5828 0.1283, -1.2066 0.5917 0.124, -1.1811 0.5947 0.1226, -1.1556 0.5917 0.124, -1.1319 0.5828 0.1283, -1.1115 0.5687 0.1351, -1.0959 0.5504 0.1439, -1.086 0.529 0.1542, -1.0827 0.506 0.1653, -1.086 0.4831 0.1763, -1.0959 0.4617 0.1866, -1.1115 0.4433 0.1955, -1.1319 0.4292 0.2023, -1.1556 0.4204 0.2065, -1.1811 0.4188 0.2122, -1.2066 0.4221 0.2114, -1.2303 0.4317 0.2092, -1.2507 0.4469 0.2057, -1.2663 0.4668 0.2012, -1.2762 0.4899 0.1959, -1.2795 0.5148 0.1903, -1.2762 0.5396 0.1846, -1.2663 0.5627 0.1793, -1.2507 0.5826 0.1748, -1.2303 0.5979 0.1713, -1.2066 0.6074 0.1691, -1.1811 0.6107 0.1684, -1.1556 0.6074 0.1691, -1.1319 0.5979 0.1713, -1.1115 0.5826 0.1748, -1.0959 0.5627 0.1793, -1.086 0.5396 0.1846, -1.0827 0.5148 0.1903, -1.086 0.4899 0.1959, -1.0959 0.4668 0.2012, -1.1115 0.4469 0.2057, -1.1319 0.4317 0.2092, -1.1556 0.4221 0.2114, -1.1811 0.4193 0.2165, -1.2066 0.4226 0.2165, -1.2303 0.4325 0.2165, -1.2507 0.4481 0.2165, -1.2663 0.4685 0.2165, -1.2762 0.4922 0.2165, -1.2795 0.5177 0.2165, -1.2762 0.5432 0.2165, -1.2663 0.5669 0.2165, -1.2507 0.5873 0.2165, -1.2303 0.603 0.2165, -1.2066 0.6128 0.2165, -1.1811 0.6161 0.2165, -1.1556 0.6128 0.2165, -1.1319 0.603 0.2165, -1.1115 0.5873 0.2165, -1.0959 0.5669 0.2165, -1.086 0.5432 0.2165, -1.0827 0.5177 0.2165, -1.086 0.4922 0.2165, -1.0959 0.4685 0.2165, -1.1115 0.4481 0.2165, -1.1319 0.4325 0.2165, -1.1556 0.4226 0.2165, -1.086 0.4922 0.4724, -1.0959 0.4685 0.4724, -1.1115 0.4481 0.4724, -1.1319 0.4325 0.4724, -1.1556 0.4226 0.4724, -1.1811 0.4193 0.4724, -1.2066 0.4226 0.4724, -1.2303 0.4325 0.4724, -1.2507 0.4481 0.4724, -1.2663 0.4685 0.4724, -1.2762 0.4922 0.4724, -1.2795 0.5177 0.4724, -1.2762 0.5432 0.4724, -1.2663 0.5669 0.4724, -1.2507 0.5873 0.4724, -1.2303 0.603 0.4724, -1.2066 0.6128 0.4724, -1.1811 0.6161 0.4724, -1.1556 0.6128 0.4724, -1.1319 0.603 0.4724, -1.1115 0.5873 0.4724, -1.0959 0.5669 0.4724, -1.086 0.5432 0.4724, -1.0827 0.5177 0.4724, -1.2076 -0.998 0.0526, -1.1948 -0.998 0.0473, -1.1811 -0.998 0.0984, -1.1811 -0.998 0.0455, -1.1674 -0.998 0.0473, -1.2323 -0.998 0.0847, -1.227 -0.998 0.0719, -1.2186 -0.998 0.061, -1.227 -0.998 0.1249, -1.2323 -0.998 0.1121, -1.2341 -0.998 0.0984, -1.1948 -0.998 0.1496, -1.2076 -0.998 0.1443, -1.2186 -0.998 0.1359, -1.1546 -0.998 0.1443, -1.1674 -0.998 0.1496, -1.1811 -0.998 0.1514, -1.1299 -0.998 0.1121, -1.1352 -0.998 0.1249, -1.1437 -0.998 0.1359, -1.1352 -0.998 0.0719, -1.1299 -0.998 0.0847, -1.1281 -0.998 0.0984, -1.1546 -0.998 0.0526, -1.1437 -0.998 0.061, -1.0827 0.5177 0.8268, -1.086 0.4922 1.7323, -1.086 0.4922 0.8268, -1.0959 0.4685 1.7323, -1.0959 0.4685 0.8268, -1.1115 0.4481 1.7323, -1.1115 0.4481 0.8268, -1.1319 0.4325 1.7323, -1.1319 0.4325 0.8268, -1.1556 0.4226 1.7323, -1.1556 0.4226 0.8268, -1.1811 0.4193 1.7323, -1.1811 0.4193 0.8268, -1.2066 0.4226 1.7323, -1.2066 0.4226 0.8268, -1.2303 0.4325 1.7323, -1.2303 0.4325 0.8268, -1.2507 0.4481 1.7323, -1.2507 0.4481 0.8268, -1.2663 0.4685 1.7323, -1.2663 0.4685 0.8268, -1.2762 0.4922 1.7323, -1.2762 0.4922 0.8268, -1.2795 0.5177 1.7323, -1.2795 0.5177 0.8268, -1.2762 0.5432 1.7323, -1.2762 0.5432 0.8268, -1.2663 0.5669 1.7323, -1.2663 0.5669 0.8268, -1.2507 0.5873 1.7323, -1.2507 0.5873 0.8268, -1.2303 0.603 1.7323, -1.2303 0.603 0.8268, -1.2066 0.6128 1.7323, -1.2066 0.6128 0.8268, -1.1811 0.6161 1.7323, -1.1811 0.6161 0.8268, -1.1556 0.6128 1.7323, -1.1556 0.6128 0.8268, -1.1319 0.603 1.7323, -1.1319 0.603 0.8268, -1.1115 0.5873 1.7323, -1.1115 0.5873 0.8268, -1.0959 0.5669 1.7323, -1.0959 0.5669 0.8268, -1.086 0.5432 1.7323, -1.086 0.5432 0.8268, -1.0827 0.5177 1.7323, -1.227 0.5442 1.811, -1.2323 0.5314 1.811, -1.1811 0.5177 1.811, -1.2341 0.5177 1.811, -1.2323 0.504 1.811, -1.1948 0.5689 1.811, -1.2076 0.5636 1.811, -1.2186 0.5552 1.811, -1.1546 0.5636 1.811, -1.1674 0.5689 1.811, -1.1811 0.5707 1.811, -1.1299 0.5314 1.811, -1.1352 0.5442 1.811, -1.1437 0.5552 1.811, -1.1352 0.4912 1.811, -1.1299 0.504 1.811, -1.1281 0.5177 1.811, -1.1674 0.4666 1.811, -1.1546 0.4718 1.811, -1.1437 0.4803 1.811, -1.2076 0.4718 1.811, -1.1948 0.4666 1.811, -1.1811 0.4648 1.811, -1.227 0.4912 1.811, -1.2186 0.4803 1.811, -1.2186 0.4803 1.811
            ]
        }
        coordIndex [
            0,1,2,-1,2,1,3,-1,2,3,4,-1,4,3,5,-1,4,5,6,-1,6,5,7,-1,6,7,8,-1,8,7,9,-1,8,9,10,-1,10,9,11,-1,10,11,12,-1,12,11,13,-1,12,13,14,-1,14,13,15,-1,14,15,16,-1,16,15,17,-1,16,17,18,-1,18,17,19,-1,18,19,20,-1,20,19,21,-1,20,21,22,-1,22,21,23,-1,22,23,24,-1,24,23,25,-1,24,25,26,-1,26,25,27,-1,26,27,28,-1,28,27,29,-1,28,29,30,-1,30,29,31,-1,30,31,32,-1,32,31,33,-1,32,33,34,-1,34,33,35,-1,34,35,36,-1,36,35,37,-1,36,37,38,-1,38,37,39,-1,38,39,40,-1,40,39,41,-1,40,41,42,-1,42,41,43,-1,42,43,44,-1,44,43,45,-1,44,45,46,-1,46,45,47,-1,46,47,0,-1,0,47,1,-1,47,48,1,-1,1,48,49,-1,1,49,3,-1,3,49,50,-1,3,50,5,-1,5,50,51,-1,5,51,7,-1,7,51,52,-1,7,52,9,-1,9,52,53,-1,9,53,11,-1,11,53,54,-1,11,54,13,-1,13,54,55,-1,13,55,15,-1,15,55,56,-1,15,56,17,-1,17,56,57,-1,17,57,19,-1,19,57,58,-1,19,58,21,-1,21,58,59,-1,21,59,23,-1,23,59,60,-1,23,60,25,-1,25,60,61,-1,25,61,27,-1,27,61,62,-1,27,62,29,-1,29,62,63,-1,29,63,31,-1,31,63,64,-1,31,64,33,-1,33,64,65,-1,33,65,35,-1,35,65,66,-1,35,66,37,-1,37,66,67,-1,37,67,39,-1,39,67,68,-1,39,68,41,-1,41,68,69,-1,41,69,43,-1,43,69,70,-1,43,70,45,-1,45,70,71,-1,45,71,47,-1,47,71,48,-1,48,72,49,-1,49,72,73,-1,49,73,50,-1,50,73,74,-1,50,74,51,-1,51,74,75,-1,51,75,52,-1,52,75,76,-1,52,76,53,-1,53,76,77,-1,53,77,54,-1,54,77,78,-1,54,78,55,-1,55,78,79,-1,55,79,56,-1,56,79,80,-1,56,80,57,-1,57,80,81,-1,57,81,58,-1,58,81,82,-1,58,82,59,-1,59,82,83,-1,59,83,60,-1,60,83,84,-1,60,84,61,-1,61,84,85,-1,61,85,62,-1,62,85,86,-1,62,86,63,-1,63,86,87,-1,63,87,64,-1,64,87,88,-1,64,88,65,-1,65,88,89,-1,65,89,66,-1,66,89,90,-1,66,90,67,-1,67,90,91,-1,67,91,68,-1,68,91,92,-1,68,92,69,-1,69,92,93,-1,69,93,70,-1,70,93,94,-1,70,94,71,-1,71,94,95,-1,71,95,48,-1,48,95,72,-1,72,96,73,-1,73,96,97,-1,73,97,74,-1,74,97,98,-1,74,98,75,-1,75,98,99,-1,75,99,76,-1,76,99,100,-1,76,100,77,-1,77,100,101,-1,77,101,78,-1,78,101,102,-1,78,102,79,-1,79,102,103,-1,79,103,80,-1,80,103,104,-1,80,104,81,-1,81,104,105,-1,81,105,82,-1,82,105,106,-1,82,106,83,-1,83,106,107,-1,83,107,84,-1,84,107,108,-1,84,108,85,-1,85,108,109,-1,85,109,86,-1,86,109,110,-1,86,110,87,-1,87,110,111,-1,87,111,88,-1,88,111,112,-1,88,112,89,-1,89,112,113,-1,89,113,90,-1,90,113,114,-1,90,114,91,-1,91,114,115,-1,91,115,92,-1,92,115,116,-1,92,116,93,-1,93,116,117,-1,93,117,94,-1,94,117,118,-1,94,118,95,-1,95,118,119,-1,95,119,72,-1,72,119,96,-1,96,120,97,-1,97,120,121,-1,97,121,98,-1,98,121,122,-1,98,122,99,-1,99,122,123,-1,99,123,100,-1,100,123,124,-1,100,124,101,-1,101,124,125,-1,101,125,102,-1,102,125,126,-1,102,126,103,-1,103,126,127,-1,103,127,104,-1,104,127,128,-1,104,128,105,-1,105,128,129,-1,105,129,106,-1,106,129,130,-1,106,130,107,-1,107,130,131,-1,107,131,108,-1,108,131,132,-1,108,132,109,-1,109,132,133,-1,109,133,110,-1,110,133,134,-1,110,134,111,-1,111,134,135,-1,111,135,112,-1,112,135,136,-1,112,136,113,-1,113,136,137,-1,113,137,114,-1,114,137,138,-1,114,138,115,-1,115,138,139,-1,115,139,116,-1,116,139,140,-1,116,140,117,-1,117,140,141,-1,117,141,118,-1,118,141,142,-1,118,142,119,-1,119,142,143,-1,119,143,96,-1,96,143,120,-1,120,144,121,-1,121,144,145,-1,121,145,122,-1,122,145,146,-1,122,146,123,-1,123,146,147,-1,123,147,124,-1,124,147,148,-1,124,148,125,-1,125,148,149,-1,125,149,126,-1,126,149,150,-1,126,150,127,-1,127,150,151,-1,127,151,128,-1,128,151,152,-1,128,152,129,-1,129,152,153,-1,129,153,130,-1,130,153,154,-1,130,154,131,-1,131,154,155,-1,131,155,132,-1,132,155,156,-1,132,156,133,-1,133,156,157,-1,133,157,134,-1,134,157,158,-1,134,158,135,-1,135,158,159,-1,135,159,136,-1,136,159,160,-1,136,160,137,-1,137,160,161,-1,137,161,138,-1,138,161,162,-1,138,162,139,-1,139,162,163,-1,139,163,140,-1,140,163,164,-1,140,164,141,-1,141,164,165,-1,141,165,142,-1,142,165,166,-1,142,166,143,-1,143,166,167,-1,143,167,120,-1,120,167,144,-1,144,168,145,-1,145,168,169,-1,145,169,146,-1,146,169,170,-1,146,170,147,-1,147,170,171,-1,147,171,148,-1,148,171,172,-1,148,172,149,-1,149,172,173,-1,149,173,150,-1,150,173,174,-1,150,174,151,-1,151,174,175,-1,151,175,152,-1,152,175,176,-1,152,176,153,-1,153,176,177,-1,153,177,154,-1,154,177,178,-1,154,178,155,-1,155,178,179,-1,155,179,156,-1,156,179,180,-1,156,180,157,-1,157,180,181,-1,157,181,158,-1,158,181,182,-1,158,182,159,-1,159,182,183,-1,159,183,160,-1,160,183,184,-1,160,184,161,-1,161,184,185,-1,161,185,162,-1,162,185,186,-1,162,186,163,-1,163,186,187,-1,163,187,164,-1,164,187,188,-1,164,188,165,-1,165,188,189,-1,165,189,166,-1,166,189,190,-1,166,190,167,-1,167,190,191,-1,167,191,144,-1,144,191,168,-1,168,192,169,-1,169,192,193,-1,169,193,170,-1,170,193,194,-1,170,194,171,-1,171,194,195,-1,171,195,172,-1,172,195,196,-1,172,196,173,-1,173,196,197,-1,173,197,174,-1,174,197,198,-1,174,198,175,-1,175,198,199,-1,175,199,176,-1,176,199,200,-1,176,200,177,-1,177,200,201,-1,177,201,178,-1,178,201,202,-1,178,202,179,-1,179,202,203,-1,179,203,180,-1,180,203,204,-1,180,204,181,-1,181,204,205,-1,181,205,182,-1,182,205,206,-1,182,206,183,-1,183,206,207,-1,183,207,184,-1,184,207,208,-1,184,208,185,-1,185,208,209,-1,185,209,186,-1,186,209,210,-1,186,210,187,-1,187,210,211,-1,187,211,188,-1,188,211,212,-1,188,212,189,-1,189,212,213,-1,189,213,190,-1,190,213,214,-1,190,214,191,-1,191,214,215,-1,191,215,168,-1,168,215,192,-1,210,216,211,-1,211,216,217,-1,211,217,212,-1,212,217,218,-1,212,218,213,-1,213,218,219,-1,213,219,214,-1,214,219,220,-1,214,220,215,-1,215,220,221,-1,215,221,192,-1,192,221,222,-1,192,222,193,-1,193,222,223,-1,193,223,194,-1,194,223,224,-1,194,224,195,-1,195,224,225,-1,195,225,196,-1,196,225,226,-1,196,226,197,-1,197,226,227,-1,197,227,198,-1,198,227,228,-1,198,228,199,-1,199,228,229,-1,199,229,200,-1,200,229,230,-1,200,230,201,-1,201,230,231,-1,201,231,202,-1,202,231,232,-1,202,232,203,-1,203,232,233,-1,203,233,204,-1,204,233,234,-1,204,234,205,-1,205,234,235,-1,205,235,206,-1,206,235,236,-1,206,236,207,-1,207,236,237,-1,207,237,208,-1,208,237,238,-1,208,238,209,-1,209,238,239,-1,209,239,210,-1,210,239,216,-1,240,241,242,-1,242,241,243,-1,242,243,244,-1,245,246,242,-1,242,246,247,-1,242,247,240,-1,248,249,242,-1,242,249,250,-1,242,250,245,-1,251,252,242,-1,242,252,253,-1,242,253,248,-1,254,255,242,-1,242,255,256,-1,242,256,251,-1,257,258,242,-1,242,258,259,-1,242,259,254,-1,260,261,242,-1,242,261,262,-1,242,262,257,-1,244,263,242,-1,242,263,264,-1,242,264,260,-1,265,266,267,-1,267,266,268,-1,267,268,269,-1,269,268,270,-1,269,270,271,-1,271,270,272,-1,271,272,273,-1,273,272,274,-1,273,274,275,-1,275,274,276,-1,275,276,277,-1,277,276,278,-1,277,278,279,-1,279,278,280,-1,279,280,281,-1,281,280,282,-1,281,282,283,-1,283,282,284,-1,283,284,285,-1,285,284,286,-1,285,286,287,-1,287,286,288,-1,287,288,289,-1,289,288,290,-1,289,290,291,-1,291,290,292,-1,291,292,293,-1,293,292,294,-1,293,294,295,-1,295,294,296,-1,295,296,297,-1,297,296,298,-1,297,298,299,-1,299,298,300,-1,299,300,301,-1,301,300,302,-1,301,302,303,-1,303,302,304,-1,303,304,305,-1,305,304,306,-1,305,306,307,-1,307,306,308,-1,307,308,309,-1,309,308,310,-1,309,310,311,-1,311,310,312,-1,311,312,265,-1,265,312,266,-1,313,314,315,-1,315,314,316,-1,315,316,317,-1,318,319,315,-1,315,319,320,-1,315,320,313,-1,321,322,315,-1,315,322,323,-1,315,323,318,-1,324,325,315,-1,315,325,326,-1,315,326,321,-1,327,328,315,-1,315,328,329,-1,315,329,324,-1,330,331,315,-1,315,331,332,-1,315,332,327,-1,333,334,315,-1,315,334,335,-1,315,335,330,-1,317,336,315,-1,315,336,337,-1,315,337,333,-1,312,328,266,-1,266,328,327,-1,266,327,268,-1,268,327,332,-1,268,332,270,-1,270,332,331,-1,270,331,272,-1,272,331,330,-1,272,330,274,-1,274,330,335,-1,274,335,276,-1,276,335,334,-1,276,334,278,-1,278,334,333,-1,278,333,280,-1,280,333,337,-1,280,337,282,-1,282,337,336,-1,282,336,284,-1,284,336,317,-1,284,317,286,-1,286,317,316,-1,286,316,288,-1,288,316,314,-1,288,314,290,-1,290,314,313,-1,290,313,292,-1,292,313,320,-1,292,320,294,-1,294,320,319,-1,294,319,296,-1,296,319,318,-1,296,318,298,-1,298,318,323,-1,298,323,300,-1,300,323,322,-1,300,322,302,-1,302,322,321,-1,302,321,304,-1,304,321,326,-1,304,326,306,-1,306,326,325,-1,306,325,308,-1,308,325,324,-1,308,324,310,-1,310,324,329,-1,310,329,312,-1,312,329,328,-1,24,241,22,-1,22,241,240,-1,22,240,20,-1,20,240,247,-1,20,247,18,-1,18,247,246,-1,18,246,16,-1,16,246,245,-1,16,245,14,-1,14,245,250,-1,14,250,12,-1,12,250,249,-1,12,249,10,-1,10,249,248,-1,10,248,8,-1,8,248,253,-1,8,253,6,-1,6,253,252,-1,6,252,4,-1,4,252,251,-1,4,251,2,-1,2,251,256,-1,2,256,0,-1,0,256,255,-1,0,255,46,-1,46,255,254,-1,46,254,44,-1,44,254,259,-1,44,259,42,-1,42,259,258,-1,42,258,40,-1,40,258,257,-1,40,257,38,-1,38,257,262,-1,38,262,36,-1,36,262,261,-1,36,261,34,-1,34,261,260,-1,34,260,32,-1,32,260,264,-1,32,264,30,-1,30,264,263,-1,30,263,28,-1,28,263,244,-1,28,244,26,-1,26,244,243,-1,26,243,24,-1,24,243,241,-1,
        ]
    }
}
Shape{
    appearance Appearance {
        material  Material 	{
            diffuseColor 1.0 0.9215686274509803 0.8117647058823529
            specularColor 0.5019607843137255 0.4588235294117647 0.403921568627451
            ambientIntensity 0.2
            transparency 0
            shininess 0.5
        }
    }
    geometry IndexedFaceSet {
        ccw TRUE
        solid FALSE
        coord DEF co Coordinate {
            point [
                1.063 -0.0531 0.315, 1.063 -0.4075 0.315, 1.063 -0.0531 0.1575, 1.063 -0.4075 0.1575, 1.2992 -0.4075 0.315, 1.2992 -0.0531 0.315, 1.2992 -0.4075 0.1575, 1.2992 -0.0531 0.1575, 0.4724 -0.0531 0.315, 0.4724 -0.4075 0.315, 0.4724 -0.0531 0.1575, 0.4724 -0.4075 0.1575, 0.7087 -0.4075 0.315, 0.7087 -0.0531 0.315, 0.7087 -0.4075 0.1575, 0.7087 -0.0531 0.1575, -0.1181 -0.0531 0.315, -0.1181 -0.4075 0.315, -0.1181 -0.0531 0.1575, -0.1181 -0.4075 0.1575, 0.1181 -0.4075 0.315, 0.1181 -0.0531 0.315, 0.1181 -0.4075 0.1575, 0.1181 -0.0531 0.1575, -0.7087 -0.0531 0.315, -0.7087 -0.4075 0.315, -0.7087 -0.0531 0.1575, -0.7087 -0.4075 0.1575, -0.4724 -0.4075 0.315, -0.4724 -0.0531 0.315, -0.4724 -0.4075 0.1575, -0.4724 -0.0531 0.1575, -0.4724 -0.0531 0.1575
            ]
        }
        coordIndex [
            0,1,2,-1,2,1,3,-1,4,5,6,-1,6,5,7,-1,5,4,0,-1,0,4,1,-1,8,9,10,-1,10,9,11,-1,12,13,14,-1,14,13,15,-1,13,12,8,-1,8,12,9,-1,16,17,18,-1,18,17,19,-1,20,21,22,-1,22,21,23,-1,21,20,16,-1,16,20,17,-1,24,25,26,-1,26,25,27,-1,28,29,30,-1,30,29,31,-1,29,28,24,-1,24,28,25,-1,
        ]
    }
}
Shape{
    appearance Appearance {
        material  Material 	{
            diffuseColor 0.7529411764705882 0.7529411764705882 0.7529411764705882
            specularColor 0.3764705882352941 0.3764705882352941 0.3764705882352941
            ambientIntensity 0.2
            transparency 0
            shininess 0.5
        }
    }
    geometry IndexedFaceSet {
        ccw TRUE
        solid FALSE
        coord DEF co Coordinate {
            point [
                -0.4921 0.5177 0.2165, -0.4955 0.4922 0.4724, -0.4955 0.4922 0.2165, -0.5053 0.4685 0.4724, -0.5053 0.4685 0.2165, -0.521 0.4481 0.4724, -0.521 0.4481 0.2165, -0.5413 0.4325 0.4724, -0.5413 0.4325 0.2165, -0.5651 0.4226 0.4724, -0.5651 0.4226 0.2165, -0.5906 0.4193 0.4724, -0.5906 0.4193 0.2165, -0.616 0.4226 0.4724, -0.616 0.4226 0.2165, -0.6398 0.4325 0.4724, -0.6398 0.4325 0.2165, -0.6601 0.4481 0.4724, -0.6601 0.4481 0.2165, -0.6758 0.4685 0.4724, -0.6758 0.4685 0.2165, -0.6856 0.4922 0.4724, -0.6856 0.4922 0.2165, -0.689 0.5177 0.4724, -0.689 0.5177 0.2165, -0.6856 0.5432 0.4724, -0.6856 0.5432 0.2165, -0.6758 0.5669 0.4724, -0.6758 0.5669 0.2165, -0.6601 0.5873 0.4724, -0.6601 0.5873 0.2165, -0.6398 0.603 0.4724, -0.6398 0.603 0.2165, -0.616 0.6128 0.4724, -0.616 0.6128 0.2165, -0.5906 0.6161 0.4724, -0.5906 0.6161 0.2165, -0.5651 0.6128 0.4724, -0.5651 0.6128 0.2165, -0.5413 0.603 0.4724, -0.5413 0.603 0.2165, -0.521 0.5873 0.4724, -0.521 0.5873 0.2165, -0.5053 0.5669 0.4724, -0.5053 0.5669 0.2165, -0.4955 0.5432 0.4724, -0.4955 0.5432 0.2165, -0.4921 0.5177 0.4724, -0.5906 0.3996 0.1969, -0.5906 0.404 0.1973, -0.616 0.3996 0.1935, -0.616 0.4047 0.1941, -0.6398 0.3996 0.1837, -0.6398 0.4069 0.1845, -0.6601 0.3996 0.168, -0.6601 0.4104 0.1692, -0.6758 0.3996 0.1476, -0.6758 0.4149 0.1494, -0.6856 0.3996 0.1239, -0.6856 0.4202 0.1262, -0.689 0.3996 0.0984, -0.689 0.4259 0.1014, -0.6856 0.3996 0.073, -0.6856 0.4316 0.0766, -0.6758 0.3996 0.0492, -0.6758 0.4368 0.0534, -0.6601 0.3996 0.0288, -0.6601 0.4414 0.0335, -0.6398 0.3996 0.0132, -0.6398 0.4449 0.0183, -0.616 0.3996 0.0034, -0.616 0.447 0.0087, -0.5906 0.3996 0.0, -0.5906 0.4478 0.0054, -0.5651 0.3996 0.0034, -0.5651 0.447 0.0087, -0.5413 0.3996 0.0132, -0.5413 0.4449 0.0183, -0.521 0.3996 0.0288, -0.521 0.4414 0.0335, -0.5053 0.3996 0.0492, -0.5053 0.4368 0.0534, -0.4955 0.3996 0.073, -0.4955 0.4316 0.0766, -0.4921 0.3996 0.0984, -0.4921 0.4259 0.1014, -0.4955 0.3996 0.1239, -0.4955 0.4202 0.1262, -0.5053 0.3996 0.1476, -0.5053 0.4149 0.1494, -0.521 0.3996 0.168, -0.521 0.4104 0.1692, -0.5413 0.3996 0.1837, -0.5413 0.4069 0.1845, -0.5651 0.3996 0.1935, -0.5651 0.4047 0.1941, -0.5906 0.4081 0.1988, -0.616 0.4096 0.1958, -0.6398 0.4139 0.1869, -0.6601 0.4207 0.1728, -0.6758 0.4295 0.1545, -0.6856 0.4398 0.1331, -0.689 0.4509 0.1101, -0.6856 0.4619 0.0872, -0.6758 0.4722 0.0658, -0.6601 0.481 0.0474, -0.6398 0.4878 0.0333, -0.616 0.4921 0.0245, -0.5906 0.4936 0.0214, -0.5651 0.4921 0.0245, -0.5413 0.4878 0.0333, -0.521 0.481 0.0474, -0.5053 0.4722 0.0658, -0.4955 0.4619 0.0872, -0.4921 0.4509 0.1101, -0.4955 0.4398 0.1331, -0.5053 0.4295 0.1545, -0.521 0.4207 0.1728, -0.5413 0.4139 0.1869, -0.5651 0.4096 0.1958, -0.5906 0.4119 0.2011, -0.616 0.414 0.1985, -0.6398 0.4201 0.1908, -0.6601 0.4299 0.1786, -0.6758 0.4426 0.1627, -0.6856 0.4574 0.1441, -0.689 0.4732 0.1242, -0.6856 0.4891 0.1043, -0.6758 0.5039 0.0857, -0.6601 0.5166 0.0698, -0.6398 0.5264 0.0576, -0.616 0.5325 0.0499, -0.5906 0.5346 0.0472, -0.5651 0.5325 0.0499, -0.5413 0.5264 0.0576, -0.521 0.5166 0.0698, -0.5053 0.5039 0.0857, -0.4955 0.4891 0.1043, -0.4921 0.4732 0.1242, -0.4955 0.4574 0.1441, -0.5053 0.4426 0.1627, -0.521 0.4299 0.1786, -0.5413 0.4201 0.1908, -0.5651 0.414 0.1985, -0.5906 0.415 0.2043, -0.616 0.4176 0.2022, -0.6398 0.4253 0.196, -0.6601 0.4375 0.1863, -0.6758 0.4535 0.1736, -0.6856 0.472 0.1588, -0.689 0.4919 0.1429, -0.6856 0.5119 0.127, -0.6758 0.5304 0.1122, -0.6601 0.5464 0.0995, -0.6398 0.5586 0.0897, -0.616 0.5663 0.0836, -0.5906 0.5689 0.0815, -0.5651 0.5663 0.0836, -0.5413 0.5586 0.0897, -0.521 0.5464 0.0995, -0.5053 0.5304 0.1122, -0.4955 0.5119 0.127, -0.4921 0.4919 0.1429, -0.4955 0.472 0.1588, -0.5053 0.4535 0.1736, -0.521 0.4375 0.1863, -0.5413 0.4253 0.196, -0.5651 0.4176 0.2022, -0.5906 0.4173 0.208, -0.616 0.4204 0.2065, -0.6398 0.4292 0.2023, -0.6601 0.4433 0.1955, -0.6758 0.4617 0.1866, -0.6856 0.4831 0.1763, -0.689 0.506 0.1653, -0.6856 0.529 0.1542, -0.6758 0.5504 0.1439, -0.6601 0.5687 0.1351, -0.6398 0.5828 0.1283, -0.616 0.5917 0.124, -0.5906 0.5947 0.1226, -0.5651 0.5917 0.124, -0.5413 0.5828 0.1283, -0.521 0.5687 0.1351, -0.5053 0.5504 0.1439, -0.4955 0.529 0.1542, -0.4921 0.506 0.1653, -0.4955 0.4831 0.1763, -0.5053 0.4617 0.1866, -0.521 0.4433 0.1955, -0.5413 0.4292 0.2023, -0.5651 0.4204 0.2065, -0.5906 0.4188 0.2122, -0.616 0.4221 0.2114, -0.6398 0.4317 0.2092, -0.6601 0.4469 0.2057, -0.6758 0.4668 0.2012, -0.6856 0.4899 0.1959, -0.689 0.5148 0.1903, -0.6856 0.5396 0.1846, -0.6758 0.5627 0.1793, -0.6601 0.5826 0.1748, -0.6398 0.5979 0.1713, -0.616 0.6074 0.1691, -0.5906 0.6107 0.1684, -0.5651 0.6074 0.1691, -0.5413 0.5979 0.1713, -0.521 0.5826 0.1748, -0.5053 0.5627 0.1793, -0.4955 0.5396 0.1846, -0.4921 0.5148 0.1903, -0.4955 0.4899 0.1959, -0.5053 0.4668 0.2012, -0.521 0.4469 0.2057, -0.5413 0.4317 0.2092, -0.5651 0.4221 0.2114, -0.5906 -0.9193 0.1969, -0.616 -0.9193 0.1935, -0.6398 -0.9193 0.1837, -0.6601 -0.9193 0.168, -0.6758 -0.9193 0.1476, -0.6856 -0.9193 0.1239, -0.689 -0.9193 0.0984, -0.6856 -0.9193 0.073, -0.6758 -0.9193 0.0492, -0.6601 -0.9193 0.0288, -0.6398 -0.9193 0.0132, -0.616 -0.9193 0.0034, -0.5906 -0.9193 0.0, -0.5651 -0.9193 0.0034, -0.5413 -0.9193 0.0132, -0.521 -0.9193 0.0288, -0.5053 -0.9193 0.0492, -0.4955 -0.9193 0.073, -0.4921 -0.9193 0.0984, -0.4955 -0.9193 0.1239, -0.5053 -0.9193 0.1476, -0.521 -0.9193 0.168, -0.5413 -0.9193 0.1837, -0.5651 -0.9193 0.1935, -0.617 -0.998 0.0526, -0.6043 -0.998 0.0473, -0.5906 -0.998 0.0984, -0.5906 -0.998 0.0455, -0.5768 -0.998 0.0473, -0.6417 -0.998 0.0847, -0.6364 -0.998 0.0719, -0.628 -0.998 0.061, -0.6364 -0.998 0.1249, -0.6417 -0.998 0.1121, -0.6435 -0.998 0.0984, -0.6043 -0.998 0.1496, -0.617 -0.998 0.1443, -0.628 -0.998 0.1359, -0.5641 -0.998 0.1443, -0.5768 -0.998 0.1496, -0.5906 -0.998 0.1514, -0.5394 -0.998 0.1121, -0.5447 -0.998 0.1249, -0.5531 -0.998 0.1359, -0.5447 -0.998 0.0719, -0.5394 -0.998 0.0847, -0.5376 -0.998 0.0984, -0.5641 -0.998 0.0526, -0.5531 -0.998 0.061, 0.0984 0.5177 0.2165, 0.0951 0.4922 0.4724, 0.0951 0.4922 0.2165, 0.0852 0.4685 0.4724, 0.0852 0.4685 0.2165, 0.0696 0.4481 0.4724, 0.0696 0.4481 0.2165, 0.0492 0.4325 0.4724, 0.0492 0.4325 0.2165, 0.0255 0.4226 0.4724, 0.0255 0.4226 0.2165, -0.0 0.4193 0.4724, -0.0 0.4193 0.2165, -0.0255 0.4226 0.4724, -0.0255 0.4226 0.2165, -0.0492 0.4325 0.4724, -0.0492 0.4325 0.2165, -0.0696 0.4481 0.4724, -0.0696 0.4481 0.2165, -0.0852 0.4685 0.4724, -0.0852 0.4685 0.2165, -0.0951 0.4922 0.4724, -0.0951 0.4922 0.2165, -0.0984 0.5177 0.4724, -0.0984 0.5177 0.2165, -0.0951 0.5432 0.4724, -0.0951 0.5432 0.2165, -0.0852 0.5669 0.4724, -0.0852 0.5669 0.2165, -0.0696 0.5873 0.4724, -0.0696 0.5873 0.2165, -0.0492 0.603 0.4724, -0.0492 0.603 0.2165, -0.0255 0.6128 0.4724, -0.0255 0.6128 0.2165, -0.0 0.6161 0.4724, -0.0 0.6161 0.2165, 0.0255 0.6128 0.4724, 0.0255 0.6128 0.2165, 0.0492 0.603 0.4724, 0.0492 0.603 0.2165, 0.0696 0.5873 0.4724, 0.0696 0.5873 0.2165, 0.0852 0.5669 0.4724, 0.0852 0.5669 0.2165, 0.0951 0.5432 0.4724, 0.0951 0.5432 0.2165, 0.0984 0.5177 0.4724, -0.0 0.3996 0.1969, -0.0 0.404 0.1973, -0.0255 0.3996 0.1935, -0.0255 0.4047 0.1941, -0.0492 0.3996 0.1837, -0.0492 0.4069 0.1845, -0.0696 0.3996 0.168, -0.0696 0.4104 0.1692, -0.0852 0.3996 0.1476, -0.0852 0.4149 0.1494, -0.0951 0.3996 0.1239, -0.0951 0.4202 0.1262, -0.0984 0.3996 0.0984, -0.0984 0.4259 0.1014, -0.0951 0.3996 0.073, -0.0951 0.4316 0.0766, -0.0852 0.3996 0.0492, -0.0852 0.4368 0.0534, -0.0696 0.3996 0.0288, -0.0696 0.4414 0.0335, -0.0492 0.3996 0.0132, -0.0492 0.4449 0.0183, -0.0255 0.3996 0.0034, -0.0255 0.447 0.0087, -0.0 0.3996 0.0, -0.0 0.4478 0.0054, 0.0255 0.3996 0.0034, 0.0255 0.447 0.0087, 0.0492 0.3996 0.0132, 0.0492 0.4449 0.0183, 0.0696 0.3996 0.0288, 0.0696 0.4414 0.0335, 0.0852 0.3996 0.0492, 0.0852 0.4368 0.0534, 0.0951 0.3996 0.073, 0.0951 0.4316 0.0766, 0.0984 0.3996 0.0984, 0.0984 0.4259 0.1014, 0.0951 0.3996 0.1239, 0.0951 0.4202 0.1262, 0.0852 0.3996 0.1476, 0.0852 0.4149 0.1494, 0.0696 0.3996 0.168, 0.0696 0.4104 0.1692, 0.0492 0.3996 0.1837, 0.0492 0.4069 0.1845, 0.0255 0.3996 0.1935, 0.0255 0.4047 0.1941, -0.0 0.4081 0.1988, -0.0255 0.4096 0.1958, -0.0492 0.4139 0.1869, -0.0696 0.4207 0.1728, -0.0852 0.4295 0.1545, -0.0951 0.4398 0.1331, -0.0984 0.4509 0.1101, -0.0951 0.4619 0.0872, -0.0852 0.4722 0.0658, -0.0696 0.481 0.0474, -0.0492 0.4878 0.0333, -0.0255 0.4921 0.0245, -0.0 0.4936 0.0214, 0.0255 0.4921 0.0245, 0.0492 0.4878 0.0333, 0.0696 0.481 0.0474, 0.0852 0.4722 0.0658, 0.0951 0.4619 0.0872, 0.0984 0.4509 0.1101, 0.0951 0.4398 0.1331, 0.0852 0.4295 0.1545, 0.0696 0.4207 0.1728, 0.0492 0.4139 0.1869, 0.0255 0.4096 0.1958, -0.0 0.4119 0.2011, -0.0255 0.414 0.1985, -0.0492 0.4201 0.1908, -0.0696 0.4299 0.1786, -0.0852 0.4426 0.1627, -0.0951 0.4574 0.1441, -0.0984 0.4732 0.1242, -0.0951 0.4891 0.1043, -0.0852 0.5039 0.0857, -0.0696 0.5166 0.0698, -0.0492 0.5264 0.0576, -0.0255 0.5325 0.0499, -0.0 0.5346 0.0472, 0.0255 0.5325 0.0499, 0.0492 0.5264 0.0576, 0.0696 0.5166 0.0698, 0.0852 0.5039 0.0857, 0.0951 0.4891 0.1043, 0.0984 0.4732 0.1242, 0.0951 0.4574 0.1441, 0.0852 0.4426 0.1627, 0.0696 0.4299 0.1786, 0.0492 0.4201 0.1908, 0.0255 0.414 0.1985, -0.0 0.415 0.2043, -0.0255 0.4176 0.2022, -0.0492 0.4253 0.196, -0.0696 0.4375 0.1863, -0.0852 0.4535 0.1736, -0.0951 0.472 0.1588, -0.0984 0.4919 0.1429, -0.0951 0.5119 0.127, -0.0852 0.5304 0.1122, -0.0696 0.5464 0.0995, -0.0492 0.5586 0.0897, -0.0255 0.5663 0.0836, -0.0 0.5689 0.0815, 0.0255 0.5663 0.0836, 0.0492 0.5586 0.0897, 0.0696 0.5464 0.0995, 0.0852 0.5304 0.1122, 0.0951 0.5119 0.127, 0.0984 0.4919 0.1429, 0.0951 0.472 0.1588, 0.0852 0.4535 0.1736, 0.0696 0.4375 0.1863, 0.0492 0.4253 0.196, 0.0255 0.4176 0.2022, -0.0 0.4173 0.208, -0.0255 0.4204 0.2065, -0.0492 0.4292 0.2023, -0.0696 0.4433 0.1955, -0.0852 0.4617 0.1866, -0.0951 0.4831 0.1763, -0.0984 0.506 0.1653, -0.0951 0.529 0.1542, -0.0852 0.5504 0.1439, -0.0696 0.5687 0.1351, -0.0492 0.5828 0.1283, -0.0255 0.5917 0.124, -0.0 0.5947 0.1226, 0.0255 0.5917 0.124, 0.0492 0.5828 0.1283, 0.0696 0.5687 0.1351, 0.0852 0.5504 0.1439, 0.0951 0.529 0.1542, 0.0984 0.506 0.1653, 0.0951 0.4831 0.1763, 0.0852 0.4617 0.1866, 0.0696 0.4433 0.1955, 0.0492 0.4292 0.2023, 0.0255 0.4204 0.2065, -0.0 0.4188 0.2122, -0.0255 0.4221 0.2114, -0.0492 0.4317 0.2092, -0.0696 0.4469 0.2057, -0.0852 0.4668 0.2012, -0.0951 0.4899 0.1959, -0.0984 0.5148 0.1903, -0.0951 0.5396 0.1846, -0.0852 0.5627 0.1793, -0.0696 0.5826 0.1748, -0.0492 0.5979 0.1713, -0.0255 0.6074 0.1691, -0.0 0.6107 0.1684, 0.0255 0.6074 0.1691, 0.0492 0.5979 0.1713, 0.0696 0.5826 0.1748, 0.0852 0.5627 0.1793, 0.0951 0.5396 0.1846, 0.0984 0.5148 0.1903, 0.0951 0.4899 0.1959, 0.0852 0.4668 0.2012, 0.0696 0.4469 0.2057, 0.0492 0.4317 0.2092, 0.0255 0.4221 0.2114, 0.0 -0.9193 0.1969, -0.0255 -0.9193 0.1935, -0.0492 -0.9193 0.1837, -0.0696 -0.9193 0.168, -0.0852 -0.9193 0.1476, -0.0951 -0.9193 0.1239, -0.0984 -0.9193 0.0984, -0.0951 -0.9193 0.073, -0.0852 -0.9193 0.0492, -0.0696 -0.9193 0.0288, -0.0492 -0.9193 0.0132, -0.0255 -0.9193 0.0034, 0.0 -0.9193 0.0, 0.0255 -0.9193 0.0034, 0.0492 -0.9193 0.0132, 0.0696 -0.9193 0.0288, 0.0852 -0.9193 0.0492, 0.0951 -0.9193 0.073, 0.0984 -0.9193 0.0984, 0.0951 -0.9193 0.1239, 0.0852 -0.9193 0.1476, 0.0696 -0.9193 0.168, 0.0492 -0.9193 0.1837, 0.0255 -0.9193 0.1935, -0.0265 -0.998 0.0526, -0.0137 -0.998 0.0473, 0.0 -0.998 0.0984, 0.0 -0.998 0.0455, 0.0137 -0.998 0.0473, -0.0512 -0.998 0.0847, -0.0459 -0.998 0.0719, -0.0375 -0.998 0.061, -0.0459 -0.998 0.1249, -0.0512 -0.998 0.1121, -0.053 -0.998 0.0984, -0.0137 -0.998 0.1496, -0.0265 -0.998 0.1443, -0.0375 -0.998 0.1359, 0.0265 -0.998 0.1443, 0.0137 -0.998 0.1496, 0.0 -0.998 0.1514, 0.0512 -0.998 0.1121, 0.0459 -0.998 0.1249, 0.0375 -0.998 0.1359, 0.0459 -0.998 0.0719, 0.0512 -0.998 0.0847, 0.053 -0.998 0.0984, 0.0265 -0.998 0.0526, 0.0375 -0.998 0.061, 0.689 0.5177 0.2165, 0.6856 0.4922 0.4724, 0.6856 0.4922 0.2165, 0.6758 0.4685 0.4724, 0.6758 0.4685 0.2165, 0.6601 0.4481 0.4724, 0.6601 0.4481 0.2165, 0.6398 0.4325 0.4724, 0.6398 0.4325 0.2165, 0.616 0.4226 0.4724, 0.616 0.4226 0.2165, 0.5906 0.4193 0.4724, 0.5906 0.4193 0.2165, 0.5651 0.4226 0.4724, 0.5651 0.4226 0.2165, 0.5413 0.4325 0.4724, 0.5413 0.4325 0.2165, 0.521 0.4481 0.4724, 0.521 0.4481 0.2165, 0.5053 0.4685 0.4724, 0.5053 0.4685 0.2165, 0.4955 0.4922 0.4724, 0.4955 0.4922 0.2165, 0.4921 0.5177 0.4724, 0.4921 0.5177 0.2165, 0.4955 0.5432 0.4724, 0.4955 0.5432 0.2165, 0.5053 0.5669 0.4724, 0.5053 0.5669 0.2165, 0.521 0.5873 0.4724, 0.521 0.5873 0.2165, 0.5413 0.603 0.4724, 0.5413 0.603 0.2165, 0.5651 0.6128 0.4724, 0.5651 0.6128 0.2165, 0.5906 0.6161 0.4724, 0.5906 0.6161 0.2165, 0.616 0.6128 0.4724, 0.616 0.6128 0.2165, 0.6398 0.603 0.4724, 0.6398 0.603 0.2165, 0.6601 0.5873 0.4724, 0.6601 0.5873 0.2165, 0.6758 0.5669 0.4724, 0.6758 0.5669 0.2165, 0.6856 0.5432 0.4724, 0.6856 0.5432 0.2165, 0.689 0.5177 0.4724, 0.5906 0.3996 0.1969, 0.5906 0.404 0.1973, 0.5651 0.3996 0.1935, 0.5651 0.4047 0.1941, 0.5413 0.3996 0.1837, 0.5413 0.4069 0.1845, 0.521 0.3996 0.168, 0.521 0.4104 0.1692, 0.5053 0.3996 0.1476, 0.5053 0.4149 0.1494, 0.4955 0.3996 0.1239, 0.4955 0.4202 0.1262, 0.4921 0.3996 0.0984, 0.4921 0.4259 0.1014, 0.4955 0.3996 0.073, 0.4955 0.4316 0.0766, 0.5053 0.3996 0.0492, 0.5053 0.4368 0.0534, 0.521 0.3996 0.0288, 0.521 0.4414 0.0335, 0.5413 0.3996 0.0132, 0.5413 0.4449 0.0183, 0.5651 0.3996 0.0034, 0.5651 0.447 0.0087, 0.5906 0.3996 0.0, 0.5906 0.4478 0.0054, 0.616 0.3996 0.0034, 0.616 0.447 0.0087, 0.6398 0.3996 0.0132, 0.6398 0.4449 0.0183, 0.6601 0.3996 0.0288, 0.6601 0.4414 0.0335, 0.6758 0.3996 0.0492, 0.6758 0.4368 0.0534, 0.6856 0.3996 0.073, 0.6856 0.4316 0.0766, 0.689 0.3996 0.0984, 0.689 0.4259 0.1014, 0.6856 0.3996 0.1239, 0.6856 0.4202 0.1262, 0.6758 0.3996 0.1476, 0.6758 0.4149 0.1494, 0.6601 0.3996 0.168, 0.6601 0.4104 0.1692, 0.6398 0.3996 0.1837, 0.6398 0.4069 0.1845, 0.616 0.3996 0.1935, 0.616 0.4047 0.1941, 0.5906 0.4081 0.1988, 0.5651 0.4096 0.1958, 0.5413 0.4139 0.1869, 0.521 0.4207 0.1728, 0.5053 0.4295 0.1545, 0.4955 0.4398 0.1331, 0.4921 0.4509 0.1101, 0.4955 0.4619 0.0872, 0.5053 0.4722 0.0658, 0.521 0.481 0.0474, 0.5413 0.4878 0.0333, 0.5651 0.4921 0.0245, 0.5906 0.4936 0.0214, 0.616 0.4921 0.0245, 0.6398 0.4878 0.0333, 0.6601 0.481 0.0474, 0.6758 0.4722 0.0658, 0.6856 0.4619 0.0872, 0.689 0.4509 0.1101, 0.6856 0.4398 0.1331, 0.6758 0.4295 0.1545, 0.6601 0.4207 0.1728, 0.6398 0.4139 0.1869, 0.616 0.4096 0.1958, 0.5906 0.4119 0.2011, 0.5651 0.414 0.1985, 0.5413 0.4201 0.1908, 0.521 0.4299 0.1786, 0.5053 0.4426 0.1627, 0.4955 0.4574 0.1441, 0.4921 0.4732 0.1242, 0.4955 0.4891 0.1043, 0.5053 0.5039 0.0857, 0.521 0.5166 0.0698, 0.5413 0.5264 0.0576, 0.5651 0.5325 0.0499, 0.5906 0.5346 0.0472, 0.616 0.5325 0.0499, 0.6398 0.5264 0.0576, 0.6601 0.5166 0.0698, 0.6758 0.5039 0.0857, 0.6856 0.4891 0.1043, 0.689 0.4732 0.1242, 0.6856 0.4574 0.1441, 0.6758 0.4426 0.1627, 0.6601 0.4299 0.1786, 0.6398 0.4201 0.1908, 0.616 0.414 0.1985, 0.5906 0.415 0.2043, 0.5651 0.4176 0.2022, 0.5413 0.4253 0.196, 0.521 0.4375 0.1863, 0.5053 0.4535 0.1736, 0.4955 0.472 0.1588, 0.4921 0.4919 0.1429, 0.4955 0.5119 0.127, 0.5053 0.5304 0.1122, 0.521 0.5464 0.0995, 0.5413 0.5586 0.0897, 0.5651 0.5663 0.0836, 0.5906 0.5689 0.0815, 0.616 0.5663 0.0836, 0.6398 0.5586 0.0897, 0.6601 0.5464 0.0995, 0.6758 0.5304 0.1122, 0.6856 0.5119 0.127, 0.689 0.4919 0.1429, 0.6856 0.472 0.1588, 0.6758 0.4535 0.1736, 0.6601 0.4375 0.1863, 0.6398 0.4253 0.196, 0.616 0.4176 0.2022, 0.5906 0.4173 0.208, 0.5651 0.4204 0.2065, 0.5413 0.4292 0.2023, 0.521 0.4433 0.1955, 0.5053 0.4617 0.1866, 0.4955 0.4831 0.1763, 0.4921 0.506 0.1653, 0.4955 0.529 0.1542, 0.5053 0.5504 0.1439, 0.521 0.5687 0.1351, 0.5413 0.5828 0.1283, 0.5651 0.5917 0.124, 0.5906 0.5947 0.1226, 0.616 0.5917 0.124, 0.6398 0.5828 0.1283, 0.6601 0.5687 0.1351, 0.6758 0.5504 0.1439, 0.6856 0.529 0.1542, 0.689 0.506 0.1653, 0.6856 0.4831 0.1763, 0.6758 0.4617 0.1866, 0.6601 0.4433 0.1955, 0.6398 0.4292 0.2023, 0.616 0.4204 0.2065, 0.5906 0.4188 0.2122, 0.5651 0.4221 0.2114, 0.5413 0.4317 0.2092, 0.521 0.4469 0.2057, 0.5053 0.4668 0.2012, 0.4955 0.4899 0.1959, 0.4921 0.5148 0.1903, 0.4955 0.5396 0.1846, 0.5053 0.5627 0.1793, 0.521 0.5826 0.1748, 0.5413 0.5979 0.1713, 0.5651 0.6074 0.1691, 0.5906 0.6107 0.1684, 0.616 0.6074 0.1691, 0.6398 0.5979 0.1713, 0.6601 0.5826 0.1748, 0.6758 0.5627 0.1793, 0.6856 0.5396 0.1846, 0.689 0.5148 0.1903, 0.6856 0.4899 0.1959, 0.6758 0.4668 0.2012, 0.6601 0.4469 0.2057, 0.6398 0.4317 0.2092, 0.616 0.4221 0.2114, 0.5906 -0.9193 0.1969, 0.5651 -0.9193 0.1935, 0.5413 -0.9193 0.1837, 0.521 -0.9193 0.168, 0.5053 -0.9193 0.1476, 0.4955 -0.9193 0.1239, 0.4921 -0.9193 0.0984, 0.4955 -0.9193 0.073, 0.5053 -0.9193 0.0492, 0.521 -0.9193 0.0288, 0.5413 -0.9193 0.0132, 0.5651 -0.9193 0.0034, 0.5906 -0.9193 0.0, 0.616 -0.9193 0.0034, 0.6398 -0.9193 0.0132, 0.6601 -0.9193 0.0288, 0.6758 -0.9193 0.0492, 0.6856 -0.9193 0.073, 0.689 -0.9193 0.0984, 0.6856 -0.9193 0.1239, 0.6758 -0.9193 0.1476, 0.6601 -0.9193 0.168, 0.6398 -0.9193 0.1837, 0.616 -0.9193 0.1935, 0.5641 -0.998 0.0526, 0.5768 -0.998 0.0473, 0.5906 -0.998 0.0984, 0.5906 -0.998 0.0455, 0.6043 -0.998 0.0473, 0.5394 -0.998 0.0847, 0.5447 -0.998 0.0719, 0.5531 -0.998 0.061, 0.5447 -0.998 0.1249, 0.5394 -0.998 0.1121, 0.5376 -0.998 0.0984, 0.5768 -0.998 0.1496, 0.5641 -0.998 0.1443, 0.5531 -0.998 0.1359, 0.617 -0.998 0.1443, 0.6043 -0.998 0.1496, 0.5906 -0.998 0.1514, 0.6417 -0.998 0.1121, 0.6364 -0.998 0.1249, 0.628 -0.998 0.1359, 0.6364 -0.998 0.0719, 0.6417 -0.998 0.0847, 0.6435 -0.998 0.0984, 0.617 -0.998 0.0526, 0.628 -0.998 0.061, 1.2795 0.5177 0.2165, 1.2762 0.4922 0.4724, 1.2762 0.4922 0.2165, 1.2663 0.4685 0.4724, 1.2663 0.4685 0.2165, 1.2507 0.4481 0.4724, 1.2507 0.4481 0.2165, 1.2303 0.4325 0.4724, 1.2303 0.4325 0.2165, 1.2066 0.4226 0.4724, 1.2066 0.4226 0.2165, 1.1811 0.4193 0.4724, 1.1811 0.4193 0.2165, 1.1556 0.4226 0.4724, 1.1556 0.4226 0.2165, 1.1319 0.4325 0.4724, 1.1319 0.4325 0.2165, 1.1115 0.4481 0.4724, 1.1115 0.4481 0.2165, 1.0959 0.4685 0.4724, 1.0959 0.4685 0.2165, 1.086 0.4922 0.4724, 1.086 0.4922 0.2165, 1.0827 0.5177 0.4724, 1.0827 0.5177 0.2165, 1.086 0.5432 0.4724, 1.086 0.5432 0.2165, 1.0959 0.5669 0.4724, 1.0959 0.5669 0.2165, 1.1115 0.5873 0.4724, 1.1115 0.5873 0.2165, 1.1319 0.603 0.4724, 1.1319 0.603 0.2165, 1.1556 0.6128 0.4724, 1.1556 0.6128 0.2165, 1.1811 0.6161 0.4724, 1.1811 0.6161 0.2165, 1.2066 0.6128 0.4724, 1.2066 0.6128 0.2165, 1.2303 0.603 0.4724, 1.2303 0.603 0.2165, 1.2507 0.5873 0.4724, 1.2507 0.5873 0.2165, 1.2663 0.5669 0.4724, 1.2663 0.5669 0.2165, 1.2762 0.5432 0.4724, 1.2762 0.5432 0.2165, 1.2795 0.5177 0.4724, 1.1811 0.3996 0.1969, 1.1811 0.404 0.1973, 1.1556 0.3996 0.1935, 1.1556 0.4047 0.1941, 1.1319 0.3996 0.1837, 1.1319 0.4069 0.1845, 1.1115 0.3996 0.168, 1.1115 0.4104 0.1692, 1.0959 0.3996 0.1476, 1.0959 0.4149 0.1494, 1.086 0.3996 0.1239, 1.086 0.4202 0.1262, 1.0827 0.3996 0.0984, 1.0827 0.4259 0.1014, 1.086 0.3996 0.073, 1.086 0.4316 0.0766, 1.0959 0.3996 0.0492, 1.0959 0.4368 0.0534, 1.1115 0.3996 0.0288, 1.1115 0.4414 0.0335, 1.1319 0.3996 0.0132, 1.1319 0.4449 0.0183, 1.1556 0.3996 0.0034, 1.1556 0.447 0.0087, 1.1811 0.3996 0.0, 1.1811 0.4478 0.0054, 1.2066 0.3996 0.0034, 1.2066 0.447 0.0087, 1.2303 0.3996 0.0132, 1.2303 0.4449 0.0183, 1.2507 0.3996 0.0288, 1.2507 0.4414 0.0335, 1.2663 0.3996 0.0492, 1.2663 0.4368 0.0534, 1.2762 0.3996 0.073, 1.2762 0.4316 0.0766, 1.2795 0.3996 0.0984, 1.2795 0.4259 0.1014, 1.2762 0.3996 0.1239, 1.2762 0.4202 0.1262, 1.2663 0.3996 0.1476, 1.2663 0.4149 0.1494, 1.2507 0.3996 0.168, 1.2507 0.4104 0.1692, 1.2303 0.3996 0.1837, 1.2303 0.4069 0.1845, 1.2066 0.3996 0.1935, 1.2066 0.4047 0.1941, 1.1811 0.4081 0.1988, 1.1556 0.4096 0.1958, 1.1319 0.4139 0.1869, 1.1115 0.4207 0.1728, 1.0959 0.4295 0.1545, 1.086 0.4398 0.1331, 1.0827 0.4509 0.1101, 1.086 0.4619 0.0872, 1.0959 0.4722 0.0658, 1.1115 0.481 0.0474, 1.1319 0.4878 0.0333, 1.1556 0.4921 0.0245, 1.1811 0.4936 0.0214, 1.2066 0.4921 0.0245, 1.2303 0.4878 0.0333, 1.2507 0.481 0.0474, 1.2663 0.4722 0.0658, 1.2762 0.4619 0.0872, 1.2795 0.4509 0.1101, 1.2762 0.4398 0.1331, 1.2663 0.4295 0.1545, 1.2507 0.4207 0.1728, 1.2303 0.4139 0.1869, 1.2066 0.4096 0.1958, 1.1811 0.4119 0.2011, 1.1556 0.414 0.1985, 1.1319 0.4201 0.1908, 1.1115 0.4299 0.1786, 1.0959 0.4426 0.1627, 1.086 0.4574 0.1441, 1.0827 0.4732 0.1242, 1.086 0.4891 0.1043, 1.0959 0.5039 0.0857, 1.1115 0.5166 0.0698, 1.1319 0.5264 0.0576, 1.1556 0.5325 0.0499, 1.1811 0.5346 0.0472, 1.2066 0.5325 0.0499, 1.2303 0.5264 0.0576, 1.2507 0.5166 0.0698, 1.2663 0.5039 0.0857, 1.2762 0.4891 0.1043, 1.2795 0.4732 0.1242, 1.2762 0.4574 0.1441, 1.2663 0.4426 0.1627, 1.2507 0.4299 0.1786, 1.2303 0.4201 0.1908, 1.2066 0.414 0.1985, 1.1811 0.415 0.2043, 1.1556 0.4176 0.2022, 1.1319 0.4253 0.196, 1.1115 0.4375 0.1863, 1.0959 0.4535 0.1736, 1.086 0.472 0.1588, 1.0827 0.4919 0.1429, 1.086 0.5119 0.127, 1.0959 0.5304 0.1122, 1.1115 0.5464 0.0995, 1.1319 0.5586 0.0897, 1.1556 0.5663 0.0836, 1.1811 0.5689 0.0815, 1.2066 0.5663 0.0836, 1.2303 0.5586 0.0897, 1.2507 0.5464 0.0995, 1.2663 0.5304 0.1122, 1.2762 0.5119 0.127, 1.2795 0.4919 0.1429, 1.2762 0.472 0.1588, 1.2663 0.4535 0.1736, 1.2507 0.4375 0.1863, 1.2303 0.4253 0.196, 1.2066 0.4176 0.2022, 1.1811 0.4173 0.208, 1.1556 0.4204 0.2065, 1.1319 0.4292 0.2023, 1.1115 0.4433 0.1955, 1.0959 0.4617 0.1866, 1.086 0.4831 0.1763, 1.0827 0.506 0.1653, 1.086 0.529 0.1542, 1.0959 0.5504 0.1439, 1.1115 0.5687 0.1351, 1.1319 0.5828 0.1283, 1.1556 0.5917 0.124, 1.1811 0.5947 0.1226, 1.2066 0.5917 0.124, 1.2303 0.5828 0.1283, 1.2507 0.5687 0.1351, 1.2663 0.5504 0.1439, 1.2762 0.529 0.1542, 1.2795 0.506 0.1653, 1.2762 0.4831 0.1763, 1.2663 0.4617 0.1866, 1.2507 0.4433 0.1955, 1.2303 0.4292 0.2023, 1.2066 0.4204 0.2065, 1.1811 0.4188 0.2122, 1.1556 0.4221 0.2114, 1.1319 0.4317 0.2092, 1.1115 0.4469 0.2057, 1.0959 0.4668 0.2012, 1.086 0.4899 0.1959, 1.0827 0.5148 0.1903, 1.086 0.5396 0.1846, 1.0959 0.5627 0.1793, 1.1115 0.5826 0.1748, 1.1319 0.5979 0.1713, 1.1556 0.6074 0.1691, 1.1811 0.6107 0.1684, 1.2066 0.6074 0.1691, 1.2303 0.5979 0.1713, 1.2507 0.5826 0.1748, 1.2663 0.5627 0.1793, 1.2762 0.5396 0.1846, 1.2795 0.5148 0.1903, 1.2762 0.4899 0.1959, 1.2663 0.4668 0.2012, 1.2507 0.4469 0.2057, 1.2303 0.4317 0.2092, 1.2066 0.4221 0.2114, 1.1811 -0.9193 0.1969, 1.1556 -0.9193 0.1935, 1.1319 -0.9193 0.1837, 1.1115 -0.9193 0.168, 1.0959 -0.9193 0.1476, 1.086 -0.9193 0.1239, 1.0827 -0.9193 0.0984, 1.086 -0.9193 0.073, 1.0959 -0.9193 0.0492, 1.1115 -0.9193 0.0288, 1.1319 -0.9193 0.0132, 1.1556 -0.9193 0.0034, 1.1811 -0.9193 0.0, 1.2066 -0.9193 0.0034, 1.2303 -0.9193 0.0132, 1.2507 -0.9193 0.0288, 1.2663 -0.9193 0.0492, 1.2762 -0.9193 0.073, 1.2795 -0.9193 0.0984, 1.2762 -0.9193 0.1239, 1.2663 -0.9193 0.1476, 1.2507 -0.9193 0.168, 1.2303 -0.9193 0.1837, 1.2066 -0.9193 0.1935, 1.1546 -0.998 0.0526, 1.1674 -0.998 0.0473, 1.1811 -0.998 0.0984, 1.1811 -0.998 0.0455, 1.1948 -0.998 0.0473, 1.1299 -0.998 0.0847, 1.1352 -0.998 0.0719, 1.1437 -0.998 0.061, 1.1352 -0.998 0.1249, 1.1299 -0.998 0.1121, 1.1281 -0.998 0.0984, 1.1674 -0.998 0.1496, 1.1546 -0.998 0.1443, 1.1437 -0.998 0.1359, 1.2076 -0.998 0.1443, 1.1948 -0.998 0.1496, 1.1811 -0.998 0.1514, 1.2323 -0.998 0.1121, 1.227 -0.998 0.1249, 1.2186 -0.998 0.1359, 1.227 -0.998 0.0719, 1.2323 -0.998 0.0847, 1.2341 -0.998 0.0984, 1.2076 -0.998 0.0526, 1.2186 -0.998 0.061, -0.4921 0.5177 0.8268, -0.4955 0.4922 1.7323, -0.4955 0.4922 0.8268, -0.5053 0.4685 1.7323, -0.5053 0.4685 0.8268, -0.521 0.4481 1.7323, -0.521 0.4481 0.8268, -0.5413 0.4325 1.7323, -0.5413 0.4325 0.8268, -0.5651 0.4226 1.7323, -0.5651 0.4226 0.8268, -0.5906 0.4193 1.7323, -0.5906 0.4193 0.8268, -0.616 0.4226 1.7323, -0.616 0.4226 0.8268, -0.6398 0.4325 1.7323, -0.6398 0.4325 0.8268, -0.6601 0.4481 1.7323, -0.6601 0.4481 0.8268, -0.6758 0.4685 1.7323, -0.6758 0.4685 0.8268, -0.6856 0.4922 1.7323, -0.6856 0.4922 0.8268, -0.689 0.5177 1.7323, -0.689 0.5177 0.8268, -0.6856 0.5432 1.7323, -0.6856 0.5432 0.8268, -0.6758 0.5669 1.7323, -0.6758 0.5669 0.8268, -0.6601 0.5873 1.7323, -0.6601 0.5873 0.8268, -0.6398 0.603 1.7323, -0.6398 0.603 0.8268, -0.616 0.6128 1.7323, -0.616 0.6128 0.8268, -0.5906 0.6161 1.7323, -0.5906 0.6161 0.8268, -0.5651 0.6128 1.7323, -0.5651 0.6128 0.8268, -0.5413 0.603 1.7323, -0.5413 0.603 0.8268, -0.521 0.5873 1.7323, -0.521 0.5873 0.8268, -0.5053 0.5669 1.7323, -0.5053 0.5669 0.8268, -0.4955 0.5432 1.7323, -0.4955 0.5432 0.8268, -0.4921 0.5177 1.7323, -0.6364 0.5442 1.811, -0.6417 0.5314 1.811, -0.5906 0.5177 1.811, -0.6435 0.5177 1.811, -0.6417 0.504 1.811, -0.6043 0.5689 1.811, -0.617 0.5636 1.811, -0.628 0.5552 1.811, -0.5641 0.5636 1.811, -0.5768 0.5689 1.811, -0.5906 0.5707 1.811, -0.5394 0.5314 1.811, -0.5447 0.5442 1.811, -0.5531 0.5552 1.811, -0.5447 0.4912 1.811, -0.5394 0.504 1.811, -0.5376 0.5177 1.811, -0.5768 0.4666 1.811, -0.5641 0.4718 1.811, -0.5531 0.4803 1.811, -0.617 0.4718 1.811, -0.6043 0.4666 1.811, -0.5906 0.4648 1.811, -0.6364 0.4912 1.811, -0.628 0.4803 1.811, 0.0984 0.5177 0.8268, 0.0951 0.4922 1.7323, 0.0951 0.4922 0.8268, 0.0852 0.4685 1.7323, 0.0852 0.4685 0.8268, 0.0696 0.4481 1.7323, 0.0696 0.4481 0.8268, 0.0492 0.4325 1.7323, 0.0492 0.4325 0.8268, 0.0255 0.4226 1.7323, 0.0255 0.4226 0.8268, -0.0 0.4193 1.7323, -0.0 0.4193 0.8268, -0.0255 0.4226 1.7323, -0.0255 0.4226 0.8268, -0.0492 0.4325 1.7323, -0.0492 0.4325 0.8268, -0.0696 0.4481 1.7323, -0.0696 0.4481 0.8268, -0.0852 0.4685 1.7323, -0.0852 0.4685 0.8268, -0.0951 0.4922 1.7323, -0.0951 0.4922 0.8268, -0.0984 0.5177 1.7323, -0.0984 0.5177 0.8268, -0.0951 0.5432 1.7323, -0.0951 0.5432 0.8268, -0.0852 0.5669 1.7323, -0.0852 0.5669 0.8268, -0.0696 0.5873 1.7323, -0.0696 0.5873 0.8268, -0.0492 0.603 1.7323, -0.0492 0.603 0.8268, -0.0255 0.6128 1.7323, -0.0255 0.6128 0.8268, -0.0 0.6161 1.7323, -0.0 0.6161 0.8268, 0.0255 0.6128 1.7323, 0.0255 0.6128 0.8268, 0.0492 0.603 1.7323, 0.0492 0.603 0.8268, 0.0696 0.5873 1.7323, 0.0696 0.5873 0.8268, 0.0852 0.5669 1.7323, 0.0852 0.5669 0.8268, 0.0951 0.5432 1.7323, 0.0951 0.5432 0.8268, 0.0984 0.5177 1.7323, -0.0459 0.5442 1.811, -0.0512 0.5314 1.811, -0.0 0.5177 1.811, -0.053 0.5177 1.811, -0.0512 0.504 1.811, -0.0137 0.5689 1.811, -0.0265 0.5636 1.811, -0.0375 0.5552 1.811, 0.0265 0.5636 1.811, 0.0137 0.5689 1.811, -0.0 0.5707 1.811, 0.0512 0.5314 1.811, 0.0459 0.5442 1.811, 0.0375 0.5552 1.811, 0.0459 0.4912 1.811, 0.0512 0.504 1.811, 0.053 0.5177 1.811, 0.0137 0.4666 1.811, 0.0265 0.4718 1.811, 0.0375 0.4803 1.811, -0.0265 0.4718 1.811, -0.0137 0.4666 1.811, -0.0 0.4648 1.811, -0.0459 0.4912 1.811, -0.0375 0.4803 1.811, 0.689 0.5177 0.8268, 0.6856 0.4922 1.7323, 0.6856 0.4922 0.8268, 0.6758 0.4685 1.7323, 0.6758 0.4685 0.8268, 0.6601 0.4481 1.7323, 0.6601 0.4481 0.8268, 0.6398 0.4325 1.7323, 0.6398 0.4325 0.8268, 0.616 0.4226 1.7323, 0.616 0.4226 0.8268, 0.5906 0.4193 1.7323, 0.5906 0.4193 0.8268, 0.5651 0.4226 1.7323, 0.5651 0.4226 0.8268, 0.5413 0.4325 1.7323, 0.5413 0.4325 0.8268, 0.521 0.4481 1.7323, 0.521 0.4481 0.8268, 0.5053 0.4685 1.7323, 0.5053 0.4685 0.8268, 0.4955 0.4922 1.7323, 0.4955 0.4922 0.8268, 0.4921 0.5177 1.7323, 0.4921 0.5177 0.8268, 0.4955 0.5432 1.7323, 0.4955 0.5432 0.8268, 0.5053 0.5669 1.7323, 0.5053 0.5669 0.8268, 0.521 0.5873 1.7323, 0.521 0.5873 0.8268, 0.5413 0.603 1.7323, 0.5413 0.603 0.8268, 0.5651 0.6128 1.7323, 0.5651 0.6128 0.8268, 0.5906 0.6161 1.7323, 0.5906 0.6161 0.8268, 0.616 0.6128 1.7323, 0.616 0.6128 0.8268, 0.6398 0.603 1.7323, 0.6398 0.603 0.8268, 0.6601 0.5873 1.7323, 0.6601 0.5873 0.8268, 0.6758 0.5669 1.7323, 0.6758 0.5669 0.8268, 0.6856 0.5432 1.7323, 0.6856 0.5432 0.8268, 0.689 0.5177 1.7323, 0.5447 0.5442 1.811, 0.5394 0.5314 1.811, 0.5906 0.5177 1.811, 0.5376 0.5177 1.811, 0.5394 0.504 1.811, 0.5768 0.5689 1.811, 0.5641 0.5636 1.811, 0.5531 0.5552 1.811, 0.617 0.5636 1.811, 0.6043 0.5689 1.811, 0.5906 0.5707 1.811, 0.6417 0.5314 1.811, 0.6364 0.5442 1.811, 0.628 0.5552 1.811, 0.6364 0.4912 1.811, 0.6417 0.504 1.811, 0.6435 0.5177 1.811, 0.6043 0.4666 1.811, 0.617 0.4718 1.811, 0.628 0.4803 1.811, 0.5641 0.4718 1.811, 0.5768 0.4666 1.811, 0.5906 0.4648 1.811, 0.5447 0.4912 1.811, 0.5531 0.4803 1.811, 1.2795 0.5177 0.8268, 1.2762 0.4922 1.7323, 1.2762 0.4922 0.8268, 1.2663 0.4685 1.7323, 1.2663 0.4685 0.8268, 1.2507 0.4481 1.7323, 1.2507 0.4481 0.8268, 1.2303 0.4325 1.7323, 1.2303 0.4325 0.8268, 1.2066 0.4226 1.7323, 1.2066 0.4226 0.8268, 1.1811 0.4193 1.7323, 1.1811 0.4193 0.8268, 1.1556 0.4226 1.7323, 1.1556 0.4226 0.8268, 1.1319 0.4325 1.7323, 1.1319 0.4325 0.8268, 1.1115 0.4481 1.7323, 1.1115 0.4481 0.8268, 1.0959 0.4685 1.7323, 1.0959 0.4685 0.8268, 1.086 0.4922 1.7323, 1.086 0.4922 0.8268, 1.0827 0.5177 1.7323, 1.0827 0.5177 0.8268, 1.086 0.5432 1.7323, 1.086 0.5432 0.8268, 1.0959 0.5669 1.7323, 1.0959 0.5669 0.8268, 1.1115 0.5873 1.7323, 1.1115 0.5873 0.8268, 1.1319 0.603 1.7323, 1.1319 0.603 0.8268, 1.1556 0.6128 1.7323, 1.1556 0.6128 0.8268, 1.1811 0.6161 1.7323, 1.1811 0.6161 0.8268, 1.2066 0.6128 1.7323, 1.2066 0.6128 0.8268, 1.2303 0.603 1.7323, 1.2303 0.603 0.8268, 1.2507 0.5873 1.7323, 1.2507 0.5873 0.8268, 1.2663 0.5669 1.7323, 1.2663 0.5669 0.8268, 1.2762 0.5432 1.7323, 1.2762 0.5432 0.8268, 1.2795 0.5177 1.7323, 1.1352 0.5442 1.811, 1.1299 0.5314 1.811, 1.1811 0.5177 1.811, 1.1281 0.5177 1.811, 1.1299 0.504 1.811, 1.1674 0.5689 1.811, 1.1546 0.5636 1.811, 1.1437 0.5552 1.811, 1.2076 0.5636 1.811, 1.1948 0.5689 1.811, 1.1811 0.5707 1.811, 1.2323 0.5314 1.811, 1.227 0.5442 1.811, 1.2186 0.5552 1.811, 1.227 0.4912 1.811, 1.2323 0.504 1.811, 1.2341 0.5177 1.811, 1.1948 0.4666 1.811, 1.2076 0.4718 1.811, 1.2186 0.4803 1.811, 1.1546 0.4718 1.811, 1.1674 0.4666 1.811, 1.1811 0.4648 1.811, 1.1352 0.4912 1.811, 1.1437 0.4803 1.811, 1.1437 0.4803 1.811
            ]
        }
        coordIndex [
            0,1,2,-1,2,1,3,-1,2,3,4,-1,4,3,5,-1,4,5,6,-1,6,5,7,-1,6,7,8,-1,8,7,9,-1,8,9,10,-1,10,9,11,-1,10,11,12,-1,12,11,13,-1,12,13,14,-1,14,13,15,-1,14,15,16,-1,16,15,17,-1,16,17,18,-1,18,17,19,-1,18,19,20,-1,20,19,21,-1,20,21,22,-1,22,21,23,-1,22,23,24,-1,24,23,25,-1,24,25,26,-1,26,25,27,-1,26,27,28,-1,28,27,29,-1,28,29,30,-1,30,29,31,-1,30,31,32,-1,32,31,33,-1,32,33,34,-1,34,33,35,-1,34,35,36,-1,36,35,37,-1,36,37,38,-1,38,37,39,-1,38,39,40,-1,40,39,41,-1,40,41,42,-1,42,41,43,-1,42,43,44,-1,44,43,45,-1,44,45,46,-1,46,45,47,-1,46,47,0,-1,0,47,1,-1,48,49,50,-1,50,49,51,-1,50,51,52,-1,52,51,53,-1,52,53,54,-1,54,53,55,-1,54,55,56,-1,56,55,57,-1,56,57,58,-1,58,57,59,-1,58,59,60,-1,60,59,61,-1,60,61,62,-1,62,61,63,-1,62,63,64,-1,64,63,65,-1,64,65,66,-1,66,65,67,-1,66,67,68,-1,68,67,69,-1,68,69,70,-1,70,69,71,-1,70,71,72,-1,72,71,73,-1,72,73,74,-1,74,73,75,-1,74,75,76,-1,76,75,77,-1,76,77,78,-1,78,77,79,-1,78,79,80,-1,80,79,81,-1,80,81,82,-1,82,81,83,-1,82,83,84,-1,84,83,85,-1,84,85,86,-1,86,85,87,-1,86,87,88,-1,88,87,89,-1,88,89,90,-1,90,89,91,-1,90,91,92,-1,92,91,93,-1,92,93,94,-1,94,93,95,-1,94,95,48,-1,48,95,49,-1,49,96,51,-1,51,96,97,-1,51,97,53,-1,53,97,98,-1,53,98,55,-1,55,98,99,-1,55,99,57,-1,57,99,100,-1,57,100,59,-1,59,100,101,-1,59,101,61,-1,61,101,102,-1,61,102,63,-1,63,102,103,-1,63,103,65,-1,65,103,104,-1,65,104,67,-1,67,104,105,-1,67,105,69,-1,69,105,106,-1,69,106,71,-1,71,106,107,-1,71,107,73,-1,73,107,108,-1,73,108,75,-1,75,108,109,-1,75,109,77,-1,77,109,110,-1,77,110,79,-1,79,110,111,-1,79,111,81,-1,81,111,112,-1,81,112,83,-1,83,112,113,-1,83,113,85,-1,85,113,114,-1,85,114,87,-1,87,114,115,-1,87,115,89,-1,89,115,116,-1,89,116,91,-1,91,116,117,-1,91,117,93,-1,93,117,118,-1,93,118,95,-1,95,118,119,-1,95,119,49,-1,49,119,96,-1,96,120,97,-1,97,120,121,-1,97,121,98,-1,98,121,122,-1,98,122,99,-1,99,122,123,-1,99,123,100,-1,100,123,124,-1,100,124,101,-1,101,124,125,-1,101,125,102,-1,102,125,126,-1,102,126,103,-1,103,126,127,-1,103,127,104,-1,104,127,128,-1,104,128,105,-1,105,128,129,-1,105,129,106,-1,106,129,130,-1,106,130,107,-1,107,130,131,-1,107,131,108,-1,108,131,132,-1,108,132,109,-1,109,132,133,-1,109,133,110,-1,110,133,134,-1,110,134,111,-1,111,134,135,-1,111,135,112,-1,112,135,136,-1,112,136,113,-1,113,136,137,-1,113,137,114,-1,114,137,138,-1,114,138,115,-1,115,138,139,-1,115,139,116,-1,116,139,140,-1,116,140,117,-1,117,140,141,-1,117,141,118,-1,118,141,142,-1,118,142,119,-1,119,142,143,-1,119,143,96,-1,96,143,120,-1,120,144,121,-1,121,144,145,-1,121,145,122,-1,122,145,146,-1,122,146,123,-1,123,146,147,-1,123,147,124,-1,124,147,148,-1,124,148,125,-1,125,148,149,-1,125,149,126,-1,126,149,150,-1,126,150,127,-1,127,150,151,-1,127,151,128,-1,128,151,152,-1,128,152,129,-1,129,152,153,-1,129,153,130,-1,130,153,154,-1,130,154,131,-1,131,154,155,-1,131,155,132,-1,132,155,156,-1,132,156,133,-1,133,156,157,-1,133,157,134,-1,134,157,158,-1,134,158,135,-1,135,158,159,-1,135,159,136,-1,136,159,160,-1,136,160,137,-1,137,160,161,-1,137,161,138,-1,138,161,162,-1,138,162,139,-1,139,162,163,-1,139,163,140,-1,140,163,164,-1,140,164,141,-1,141,164,165,-1,141,165,142,-1,142,165,166,-1,142,166,143,-1,143,166,167,-1,143,167,120,-1,120,167,144,-1,144,168,145,-1,145,168,169,-1,145,169,146,-1,146,169,170,-1,146,170,147,-1,147,170,171,-1,147,171,148,-1,148,171,172,-1,148,172,149,-1,149,172,173,-1,149,173,150,-1,150,173,174,-1,150,174,151,-1,151,174,175,-1,151,175,152,-1,152,175,176,-1,152,176,153,-1,153,176,177,-1,153,177,154,-1,154,177,178,-1,154,178,155,-1,155,178,179,-1,155,179,156,-1,156,179,180,-1,156,180,157,-1,157,180,181,-1,157,181,158,-1,158,181,182,-1,158,182,159,-1,159,182,183,-1,159,183,160,-1,160,183,184,-1,160,184,161,-1,161,184,185,-1,161,185,162,-1,162,185,186,-1,162,186,163,-1,163,186,187,-1,163,187,164,-1,164,187,188,-1,164,188,165,-1,165,188,189,-1,165,189,166,-1,166,189,190,-1,166,190,167,-1,167,190,191,-1,167,191,144,-1,144,191,168,-1,168,192,169,-1,169,192,193,-1,169,193,170,-1,170,193,194,-1,170,194,171,-1,171,194,195,-1,171,195,172,-1,172,195,196,-1,172,196,173,-1,173,196,197,-1,173,197,174,-1,174,197,198,-1,174,198,175,-1,175,198,199,-1,175,199,176,-1,176,199,200,-1,176,200,177,-1,177,200,201,-1,177,201,178,-1,178,201,202,-1,178,202,179,-1,179,202,203,-1,179,203,180,-1,180,203,204,-1,180,204,181,-1,181,204,205,-1,181,205,182,-1,182,205,206,-1,182,206,183,-1,183,206,207,-1,183,207,184,-1,184,207,208,-1,184,208,185,-1,185,208,209,-1,185,209,186,-1,186,209,210,-1,186,210,187,-1,187,210,211,-1,187,211,188,-1,188,211,212,-1,188,212,189,-1,189,212,213,-1,189,213,190,-1,190,213,214,-1,190,214,191,-1,191,214,215,-1,191,215,168,-1,168,215,192,-1,192,12,193,-1,193,12,14,-1,193,14,194,-1,194,14,16,-1,194,16,195,-1,195,16,18,-1,195,18,196,-1,196,18,20,-1,196,20,197,-1,197,20,22,-1,197,22,198,-1,198,22,24,-1,198,24,199,-1,199,24,26,-1,199,26,200,-1,200,26,28,-1,200,28,201,-1,201,28,30,-1,201,30,202,-1,202,30,32,-1,202,32,203,-1,203,32,34,-1,203,34,204,-1,204,34,36,-1,204,36,205,-1,205,36,38,-1,205,38,206,-1,206,38,40,-1,206,40,207,-1,207,40,42,-1,207,42,208,-1,208,42,44,-1,208,44,209,-1,209,44,46,-1,209,46,210,-1,210,46,0,-1,210,0,211,-1,211,0,2,-1,211,2,212,-1,212,2,4,-1,212,4,213,-1,213,4,6,-1,213,6,214,-1,214,6,8,-1,214,8,215,-1,215,8,10,-1,215,10,192,-1,192,10,12,-1,216,50,217,-1,217,50,52,-1,217,52,218,-1,218,52,54,-1,218,54,219,-1,219,54,56,-1,219,56,220,-1,220,56,58,-1,220,58,221,-1,221,58,60,-1,221,60,222,-1,222,60,62,-1,222,62,223,-1,223,62,64,-1,223,64,224,-1,224,64,66,-1,224,66,225,-1,225,66,68,-1,225,68,226,-1,226,68,70,-1,226,70,227,-1,227,70,72,-1,227,72,228,-1,228,72,74,-1,228,74,229,-1,229,74,76,-1,229,76,230,-1,230,76,78,-1,230,78,231,-1,231,78,80,-1,231,80,232,-1,232,80,82,-1,232,82,233,-1,233,82,84,-1,233,84,234,-1,234,84,86,-1,234,86,235,-1,235,86,88,-1,235,88,236,-1,236,88,90,-1,236,90,237,-1,237,90,92,-1,237,92,238,-1,238,92,94,-1,238,94,239,-1,239,94,48,-1,239,48,216,-1,216,48,50,-1,240,241,242,-1,242,241,243,-1,242,243,244,-1,245,246,242,-1,242,246,247,-1,242,247,240,-1,248,249,242,-1,242,249,250,-1,242,250,245,-1,251,252,242,-1,242,252,253,-1,242,253,248,-1,254,255,242,-1,242,255,256,-1,242,256,251,-1,257,258,242,-1,242,258,259,-1,242,259,254,-1,260,261,242,-1,242,261,262,-1,242,262,257,-1,244,263,242,-1,242,263,264,-1,242,264,260,-1,228,241,227,-1,227,241,240,-1,227,240,226,-1,226,240,247,-1,226,247,225,-1,225,247,246,-1,225,246,224,-1,224,246,245,-1,224,245,223,-1,223,245,250,-1,223,250,222,-1,222,250,249,-1,222,249,221,-1,221,249,248,-1,221,248,220,-1,220,248,253,-1,220,253,219,-1,219,253,252,-1,219,252,218,-1,218,252,251,-1,218,251,217,-1,217,251,256,-1,217,256,216,-1,216,256,255,-1,216,255,239,-1,239,255,254,-1,239,254,238,-1,238,254,259,-1,238,259,237,-1,237,259,258,-1,237,258,236,-1,236,258,257,-1,236,257,235,-1,235,257,262,-1,235,262,234,-1,234,262,261,-1,234,261,233,-1,233,261,260,-1,233,260,232,-1,232,260,264,-1,232,264,231,-1,231,264,263,-1,231,263,230,-1,230,263,244,-1,230,244,229,-1,229,244,243,-1,229,243,228,-1,228,243,241,-1,265,266,267,-1,267,266,268,-1,267,268,269,-1,269,268,270,-1,269,270,271,-1,271,270,272,-1,271,272,273,-1,273,272,274,-1,273,274,275,-1,275,274,276,-1,275,276,277,-1,277,276,278,-1,277,278,279,-1,279,278,280,-1,279,280,281,-1,281,280,282,-1,281,282,283,-1,283,282,284,-1,283,284,285,-1,285,284,286,-1,285,286,287,-1,287,286,288,-1,287,288,289,-1,289,288,290,-1,289,290,291,-1,291,290,292,-1,291,292,293,-1,293,292,294,-1,293,294,295,-1,295,294,296,-1,295,296,297,-1,297,296,298,-1,297,298,299,-1,299,298,300,-1,299,300,301,-1,301,300,302,-1,301,302,303,-1,303,302,304,-1,303,304,305,-1,305,304,306,-1,305,306,307,-1,307,306,308,-1,307,308,309,-1,309,308,310,-1,309,310,311,-1,311,310,312,-1,311,312,265,-1,265,312,266,-1,313,314,315,-1,315,314,316,-1,315,316,317,-1,317,316,318,-1,317,318,319,-1,319,318,320,-1,319,320,321,-1,321,320,322,-1,321,322,323,-1,323,322,324,-1,323,324,325,-1,325,324,326,-1,325,326,327,-1,327,326,328,-1,327,328,329,-1,329,328,330,-1,329,330,331,-1,331,330,332,-1,331,332,333,-1,333,332,334,-1,333,334,335,-1,335,334,336,-1,335,336,337,-1,337,336,338,-1,337,338,339,-1,339,338,340,-1,339,340,341,-1,341,340,342,-1,341,342,343,-1,343,342,344,-1,343,344,345,-1,345,344,346,-1,345,346,347,-1,347,346,348,-1,347,348,349,-1,349,348,350,-1,349,350,351,-1,351,350,352,-1,351,352,353,-1,353,352,354,-1,353,354,355,-1,355,354,356,-1,355,356,357,-1,357,356,358,-1,357,358,359,-1,359,358,360,-1,359,360,313,-1,313,360,314,-1,314,361,316,-1,316,361,362,-1,316,362,318,-1,318,362,363,-1,318,363,320,-1,320,363,364,-1,320,364,322,-1,322,364,365,-1,322,365,324,-1,324,365,366,-1,324,366,326,-1,326,366,367,-1,326,367,328,-1,328,367,368,-1,328,368,330,-1,330,368,369,-1,330,369,332,-1,332,369,370,-1,332,370,334,-1,334,370,371,-1,334,371,336,-1,336,371,372,-1,336,372,338,-1,338,372,373,-1,338,373,340,-1,340,373,374,-1,340,374,342,-1,342,374,375,-1,342,375,344,-1,344,375,376,-1,344,376,346,-1,346,376,377,-1,346,377,348,-1,348,377,378,-1,348,378,350,-1,350,378,379,-1,350,379,352,-1,352,379,380,-1,352,380,354,-1,354,380,381,-1,354,381,356,-1,356,381,382,-1,356,382,358,-1,358,382,383,-1,358,383,360,-1,360,383,384,-1,360,384,314,-1,314,384,361,-1,361,385,362,-1,362,385,386,-1,362,386,363,-1,363,386,387,-1,363,387,364,-1,364,387,388,-1,364,388,365,-1,365,388,389,-1,365,389,366,-1,366,389,390,-1,366,390,367,-1,367,390,391,-1,367,391,368,-1,368,391,392,-1,368,392,369,-1,369,392,393,-1,369,393,370,-1,370,393,394,-1,370,394,371,-1,371,394,395,-1,371,395,372,-1,372,395,396,-1,372,396,373,-1,373,396,397,-1,373,397,374,-1,374,397,398,-1,374,398,375,-1,375,398,399,-1,375,399,376,-1,376,399,400,-1,376,400,377,-1,377,400,401,-1,377,401,378,-1,378,401,402,-1,378,402,379,-1,379,402,403,-1,379,403,380,-1,380,403,404,-1,380,404,381,-1,381,404,405,-1,381,405,382,-1,382,405,406,-1,382,406,383,-1,383,406,407,-1,383,407,384,-1,384,407,408,-1,384,408,361,-1,361,408,385,-1,385,409,386,-1,386,409,410,-1,386,410,387,-1,387,410,411,-1,387,411,388,-1,388,411,412,-1,388,412,389,-1,389,412,413,-1,389,413,390,-1,390,413,414,-1,390,414,391,-1,391,414,415,-1,391,415,392,-1,392,415,416,-1,392,416,393,-1,393,416,417,-1,393,417,394,-1,394,417,418,-1,394,418,395,-1,395,418,419,-1,395,419,396,-1,396,419,420,-1,396,420,397,-1,397,420,421,-1,397,421,398,-1,398,421,422,-1,398,422,399,-1,399,422,423,-1,399,423,400,-1,400,423,424,-1,400,424,401,-1,401,424,425,-1,401,425,402,-1,402,425,426,-1,402,426,403,-1,403,426,427,-1,403,427,404,-1,404,427,428,-1,404,428,405,-1,405,428,429,-1,405,429,406,-1,406,429,430,-1,406,430,407,-1,407,430,431,-1,407,431,408,-1,408,431,432,-1,408,432,385,-1,385,432,409,-1,409,433,410,-1,410,433,434,-1,410,434,411,-1,411,434,435,-1,411,435,412,-1,412,435,436,-1,412,436,413,-1,413,436,437,-1,413,437,414,-1,414,437,438,-1,414,438,415,-1,415,438,439,-1,415,439,416,-1,416,439,440,-1,416,440,417,-1,417,440,441,-1,417,441,418,-1,418,441,442,-1,418,442,419,-1,419,442,443,-1,419,443,420,-1,420,443,444,-1,420,444,421,-1,421,444,445,-1,421,445,422,-1,422,445,446,-1,422,446,423,-1,423,446,447,-1,423,447,424,-1,424,447,448,-1,424,448,425,-1,425,448,449,-1,425,449,426,-1,426,449,450,-1,426,450,427,-1,427,450,451,-1,427,451,428,-1,428,451,452,-1,428,452,429,-1,429,452,453,-1,429,453,430,-1,430,453,454,-1,430,454,431,-1,431,454,455,-1,431,455,432,-1,432,455,456,-1,432,456,409,-1,409,456,433,-1,433,457,434,-1,434,457,458,-1,434,458,435,-1,435,458,459,-1,435,459,436,-1,436,459,460,-1,436,460,437,-1,437,460,461,-1,437,461,438,-1,438,461,462,-1,438,462,439,-1,439,462,463,-1,439,463,440,-1,440,463,464,-1,440,464,441,-1,441,464,465,-1,441,465,442,-1,442,465,466,-1,442,466,443,-1,443,466,467,-1,443,467,444,-1,444,467,468,-1,444,468,445,-1,445,468,469,-1,445,469,446,-1,446,469,470,-1,446,470,447,-1,447,470,471,-1,447,471,448,-1,448,471,472,-1,448,472,449,-1,449,472,473,-1,449,473,450,-1,450,473,474,-1,450,474,451,-1,451,474,475,-1,451,475,452,-1,452,475,476,-1,452,476,453,-1,453,476,477,-1,453,477,454,-1,454,477,478,-1,454,478,455,-1,455,478,479,-1,455,479,456,-1,456,479,480,-1,456,480,433,-1,433,480,457,-1,457,277,458,-1,458,277,279,-1,458,279,459,-1,459,279,281,-1,459,281,460,-1,460,281,283,-1,460,283,461,-1,461,283,285,-1,461,285,462,-1,462,285,287,-1,462,287,463,-1,463,287,289,-1,463,289,464,-1,464,289,291,-1,464,291,465,-1,465,291,293,-1,465,293,466,-1,466,293,295,-1,466,295,467,-1,467,295,297,-1,467,297,468,-1,468,297,299,-1,468,299,469,-1,469,299,301,-1,469,301,470,-1,470,301,303,-1,470,303,471,-1,471,303,305,-1,471,305,472,-1,472,305,307,-1,472,307,473,-1,473,307,309,-1,473,309,474,-1,474,309,311,-1,474,311,475,-1,475,311,265,-1,475,265,476,-1,476,265,267,-1,476,267,477,-1,477,267,269,-1,477,269,478,-1,478,269,271,-1,478,271,479,-1,479,271,273,-1,479,273,480,-1,480,273,275,-1,480,275,457,-1,457,275,277,-1,481,315,482,-1,482,315,317,-1,482,317,483,-1,483,317,319,-1,483,319,484,-1,484,319,321,-1,484,321,485,-1,485,321,323,-1,485,323,486,-1,486,323,325,-1,486,325,487,-1,487,325,327,-1,487,327,488,-1,488,327,329,-1,488,329,489,-1,489,329,331,-1,489,331,490,-1,490,331,333,-1,490,333,491,-1,491,333,335,-1,491,335,492,-1,492,335,337,-1,492,337,493,-1,493,337,339,-1,493,339,494,-1,494,339,341,-1,494,341,495,-1,495,341,343,-1,495,343,496,-1,496,343,345,-1,496,345,497,-1,497,345,347,-1,497,347,498,-1,498,347,349,-1,498,349,499,-1,499,349,351,-1,499,351,500,-1,500,351,353,-1,500,353,501,-1,501,353,355,-1,501,355,502,-1,502,355,357,-1,502,357,503,-1,503,357,359,-1,503,359,504,-1,504,359,313,-1,504,313,481,-1,481,313,315,-1,505,506,507,-1,507,506,508,-1,507,508,509,-1,510,511,507,-1,507,511,512,-1,507,512,505,-1,513,514,507,-1,507,514,515,-1,507,515,510,-1,516,517,507,-1,507,517,518,-1,507,518,513,-1,519,520,507,-1,507,520,521,-1,507,521,516,-1,522,523,507,-1,507,523,524,-1,507,524,519,-1,525,526,507,-1,507,526,527,-1,507,527,522,-1,509,528,507,-1,507,528,529,-1,507,529,525,-1,493,506,492,-1,492,506,505,-1,492,505,491,-1,491,505,512,-1,491,512,490,-1,490,512,511,-1,490,511,489,-1,489,511,510,-1,489,510,488,-1,488,510,515,-1,488,515,487,-1,487,515,514,-1,487,514,486,-1,486,514,513,-1,486,513,485,-1,485,513,518,-1,485,518,484,-1,484,518,517,-1,484,517,483,-1,483,517,516,-1,483,516,482,-1,482,516,521,-1,482,521,481,-1,481,521,520,-1,481,520,504,-1,504,520,519,-1,504,519,503,-1,503,519,524,-1,503,524,502,-1,502,524,523,-1,502,523,501,-1,501,523,522,-1,501,522,500,-1,500,522,527,-1,500,527,499,-1,499,527,526,-1,499,526,498,-1,498,526,525,-1,498,525,497,-1,497,525,529,-1,497,529,496,-1,496,529,528,-1,496,528,495,-1,495,528,509,-1,495,509,494,-1,494,509,508,-1,494,508,493,-1,493,508,506,-1,530,531,532,-1,532,531,533,-1,532,533,534,-1,534,533,535,-1,534,535,536,-1,536,535,537,-1,536,537,538,-1,538,537,539,-1,538,539,540,-1,540,539,541,-1,540,541,542,-1,542,541,543,-1,542,543,544,-1,544,543,545,-1,544,545,546,-1,546,545,547,-1,546,547,548,-1,548,547,549,-1,548,549,550,-1,550,549,551,-1,550,551,552,-1,552,551,553,-1,552,553,554,-1,554,553,555,-1,554,555,556,-1,556,555,557,-1,556,557,558,-1,558,557,559,-1,558,559,560,-1,560,559,561,-1,560,561,562,-1,562,561,563,-1,562,563,564,-1,564,563,565,-1,564,565,566,-1,566,565,567,-1,566,567,568,-1,568,567,569,-1,568,569,570,-1,570,569,571,-1,570,571,572,-1,572,571,573,-1,572,573,574,-1,574,573,575,-1,574,575,576,-1,576,575,577,-1,576,577,530,-1,530,577,531,-1,578,579,580,-1,580,579,581,-1,580,581,582,-1,582,581,583,-1,582,583,584,-1,584,583,585,-1,584,585,586,-1,586,585,587,-1,586,587,588,-1,588,587,589,-1,588,589,590,-1,590,589,591,-1,590,591,592,-1,592,591,593,-1,592,593,594,-1,594,593,595,-1,594,595,596,-1,596,595,597,-1,596,597,598,-1,598,597,599,-1,598,599,600,-1,600,599,601,-1,600,601,602,-1,602,601,603,-1,602,603,604,-1,604,603,605,-1,604,605,606,-1,606,605,607,-1,606,607,608,-1,608,607,609,-1,608,609,610,-1,610,609,611,-1,610,611,612,-1,612,611,613,-1,612,613,614,-1,614,613,615,-1,614,615,616,-1,616,615,617,-1,616,617,618,-1,618,617,619,-1,618,619,620,-1,620,619,621,-1,620,621,622,-1,622,621,623,-1,622,623,624,-1,624,623,625,-1,624,625,578,-1,578,625,579,-1,579,626,581,-1,581,626,627,-1,581,627,583,-1,583,627,628,-1,583,628,585,-1,585,628,629,-1,585,629,587,-1,587,629,630,-1,587,630,589,-1,589,630,631,-1,589,631,591,-1,591,631,632,-1,591,632,593,-1,593,632,633,-1,593,633,595,-1,595,633,634,-1,595,634,597,-1,597,634,635,-1,597,635,599,-1,599,635,636,-1,599,636,601,-1,601,636,637,-1,601,637,603,-1,603,637,638,-1,603,638,605,-1,605,638,639,-1,605,639,607,-1,607,639,640,-1,607,640,609,-1,609,640,641,-1,609,641,611,-1,611,641,642,-1,611,642,613,-1,613,642,643,-1,613,643,615,-1,615,643,644,-1,615,644,617,-1,617,644,645,-1,617,645,619,-1,619,645,646,-1,619,646,621,-1,621,646,647,-1,621,647,623,-1,623,647,648,-1,623,648,625,-1,625,648,649,-1,625,649,579,-1,579,649,626,-1,626,650,627,-1,627,650,651,-1,627,651,628,-1,628,651,652,-1,628,652,629,-1,629,652,653,-1,629,653,630,-1,630,653,654,-1,630,654,631,-1,631,654,655,-1,631,655,632,-1,632,655,656,-1,632,656,633,-1,633,656,657,-1,633,657,634,-1,634,657,658,-1,634,658,635,-1,635,658,659,-1,635,659,636,-1,636,659,660,-1,636,660,637,-1,637,660,661,-1,637,661,638,-1,638,661,662,-1,638,662,639,-1,639,662,663,-1,639,663,640,-1,640,663,664,-1,640,664,641,-1,641,664,665,-1,641,665,642,-1,642,665,666,-1,642,666,643,-1,643,666,667,-1,643,667,644,-1,644,667,668,-1,644,668,645,-1,645,668,669,-1,645,669,646,-1,646,669,670,-1,646,670,647,-1,647,670,671,-1,647,671,648,-1,648,671,672,-1,648,672,649,-1,649,672,673,-1,649,673,626,-1,626,673,650,-1,650,674,651,-1,651,674,675,-1,651,675,652,-1,652,675,676,-1,652,676,653,-1,653,676,677,-1,653,677,654,-1,654,677,678,-1,654,678,655,-1,655,678,679,-1,655,679,656,-1,656,679,680,-1,656,680,657,-1,657,680,681,-1,657,681,658,-1,658,681,682,-1,658,682,659,-1,659,682,683,-1,659,683,660,-1,660,683,684,-1,660,684,661,-1,661,684,685,-1,661,685,662,-1,662,685,686,-1,662,686,663,-1,663,686,687,-1,663,687,664,-1,664,687,688,-1,664,688,665,-1,665,688,689,-1,665,689,666,-1,666,689,690,-1,666,690,667,-1,667,690,691,-1,667,691,668,-1,668,691,692,-1,668,692,669,-1,669,692,693,-1,669,693,670,-1,670,693,694,-1,670,694,671,-1,671,694,695,-1,671,695,672,-1,672,695,696,-1,672,696,673,-1,673,696,697,-1,673,697,650,-1,650,697,674,-1,674,698,675,-1,675,698,699,-1,675,699,676,-1,676,699,700,-1,676,700,677,-1,677,700,701,-1,677,701,678,-1,678,701,702,-1,678,702,679,-1,679,702,703,-1,679,703,680,-1,680,703,704,-1,680,704,681,-1,681,704,705,-1,681,705,682,-1,682,705,706,-1,682,706,683,-1,683,706,707,-1,683,707,684,-1,684,707,708,-1,684,708,685,-1,685,708,709,-1,685,709,686,-1,686,709,710,-1,686,710,687,-1,687,710,711,-1,687,711,688,-1,688,711,712,-1,688,712,689,-1,689,712,713,-1,689,713,690,-1,690,713,714,-1,690,714,691,-1,691,714,715,-1,691,715,692,-1,692,715,716,-1,692,716,693,-1,693,716,717,-1,693,717,694,-1,694,717,718,-1,694,718,695,-1,695,718,719,-1,695,719,696,-1,696,719,720,-1,696,720,697,-1,697,720,721,-1,697,721,674,-1,674,721,698,-1,698,722,699,-1,699,722,723,-1,699,723,700,-1,700,723,724,-1,700,724,701,-1,701,724,725,-1,701,725,702,-1,702,725,726,-1,702,726,703,-1,703,726,727,-1,703,727,704,-1,704,727,728,-1,704,728,705,-1,705,728,729,-1,705,729,706,-1,706,729,730,-1,706,730,707,-1,707,730,731,-1,707,731,708,-1,708,731,732,-1,708,732,709,-1,709,732,733,-1,709,733,710,-1,710,733,734,-1,710,734,711,-1,711,734,735,-1,711,735,712,-1,712,735,736,-1,712,736,713,-1,713,736,737,-1,713,737,714,-1,714,737,738,-1,714,738,715,-1,715,738,739,-1,715,739,716,-1,716,739,740,-1,716,740,717,-1,717,740,741,-1,717,741,718,-1,718,741,742,-1,718,742,719,-1,719,742,743,-1,719,743,720,-1,720,743,744,-1,720,744,721,-1,721,744,745,-1,721,745,698,-1,698,745,722,-1,722,542,723,-1,723,542,544,-1,723,544,724,-1,724,544,546,-1,724,546,725,-1,725,546,548,-1,725,548,726,-1,726,548,550,-1,726,550,727,-1,727,550,552,-1,727,552,728,-1,728,552,554,-1,728,554,729,-1,729,554,556,-1,729,556,730,-1,730,556,558,-1,730,558,731,-1,731,558,560,-1,731,560,732,-1,732,560,562,-1,732,562,733,-1,733,562,564,-1,733,564,734,-1,734,564,566,-1,734,566,735,-1,735,566,568,-1,735,568,736,-1,736,568,570,-1,736,570,737,-1,737,570,572,-1,737,572,738,-1,738,572,574,-1,738,574,739,-1,739,574,576,-1,739,576,740,-1,740,576,530,-1,740,530,741,-1,741,530,532,-1,741,532,742,-1,742,532,534,-1,742,534,743,-1,743,534,536,-1,743,536,744,-1,744,536,538,-1,744,538,745,-1,745,538,540,-1,745,540,722,-1,722,540,542,-1,746,580,747,-1,747,580,582,-1,747,582,748,-1,748,582,584,-1,748,584,749,-1,749,584,586,-1,749,586,750,-1,750,586,588,-1,750,588,751,-1,751,588,590,-1,751,590,752,-1,752,590,592,-1,752,592,753,-1,753,592,594,-1,753,594,754,-1,754,594,596,-1,754,596,755,-1,755,596,598,-1,755,598,756,-1,756,598,600,-1,756,600,757,-1,757,600,602,-1,757,602,758,-1,758,602,604,-1,758,604,759,-1,759,604,606,-1,759,606,760,-1,760,606,608,-1,760,608,761,-1,761,608,610,-1,761,610,762,-1,762,610,612,-1,762,612,763,-1,763,612,614,-1,763,614,764,-1,764,614,616,-1,764,616,765,-1,765,616,618,-1,765,618,766,-1,766,618,620,-1,766,620,767,-1,767,620,622,-1,767,622,768,-1,768,622,624,-1,768,624,769,-1,769,624,578,-1,769,578,746,-1,746,578,580,-1,770,771,772,-1,772,771,773,-1,772,773,774,-1,775,776,772,-1,772,776,777,-1,772,777,770,-1,778,779,772,-1,772,779,780,-1,772,780,775,-1,781,782,772,-1,772,782,783,-1,772,783,778,-1,784,785,772,-1,772,785,786,-1,772,786,781,-1,787,788,772,-1,772,788,789,-1,772,789,784,-1,790,791,772,-1,772,791,792,-1,772,792,787,-1,774,793,772,-1,772,793,794,-1,772,794,790,-1,758,771,757,-1,757,771,770,-1,757,770,756,-1,756,770,777,-1,756,777,755,-1,755,777,776,-1,755,776,754,-1,754,776,775,-1,754,775,753,-1,753,775,780,-1,753,780,752,-1,752,780,779,-1,752,779,751,-1,751,779,778,-1,751,778,750,-1,750,778,783,-1,750,783,749,-1,749,783,782,-1,749,782,748,-1,748,782,781,-1,748,781,747,-1,747,781,786,-1,747,786,746,-1,746,786,785,-1,746,785,769,-1,769,785,784,-1,769,784,768,-1,768,784,789,-1,768,789,767,-1,767,789,788,-1,767,788,766,-1,766,788,787,-1,766,787,765,-1,765,787,792,-1,765,792,764,-1,764,792,791,-1,764,791,763,-1,763,791,790,-1,763,790,762,-1,762,790,794,-1,762,794,761,-1,761,794,793,-1,761,793,760,-1,760,793,774,-1,760,774,759,-1,759,774,773,-1,759,773,758,-1,758,773,771,-1,795,796,797,-1,797,796,798,-1,797,798,799,-1,799,798,800,-1,799,800,801,-1,801,800,802,-1,801,802,803,-1,803,802,804,-1,803,804,805,-1,805,804,806,-1,805,806,807,-1,807,806,808,-1,807,808,809,-1,809,808,810,-1,809,810,811,-1,811,810,812,-1,811,812,813,-1,813,812,814,-1,813,814,815,-1,815,814,816,-1,815,816,817,-1,817,816,818,-1,817,818,819,-1,819,818,820,-1,819,820,821,-1,821,820,822,-1,821,822,823,-1,823,822,824,-1,823,824,825,-1,825,824,826,-1,825,826,827,-1,827,826,828,-1,827,828,829,-1,829,828,830,-1,829,830,831,-1,831,830,832,-1,831,832,833,-1,833,832,834,-1,833,834,835,-1,835,834,836,-1,835,836,837,-1,837,836,838,-1,837,838,839,-1,839,838,840,-1,839,840,841,-1,841,840,842,-1,841,842,795,-1,795,842,796,-1,843,844,845,-1,845,844,846,-1,845,846,847,-1,847,846,848,-1,847,848,849,-1,849,848,850,-1,849,850,851,-1,851,850,852,-1,851,852,853,-1,853,852,854,-1,853,854,855,-1,855,854,856,-1,855,856,857,-1,857,856,858,-1,857,858,859,-1,859,858,860,-1,859,860,861,-1,861,860,862,-1,861,862,863,-1,863,862,864,-1,863,864,865,-1,865,864,866,-1,865,866,867,-1,867,866,868,-1,867,868,869,-1,869,868,870,-1,869,870,871,-1,871,870,872,-1,871,872,873,-1,873,872,874,-1,873,874,875,-1,875,874,876,-1,875,876,877,-1,877,876,878,-1,877,878,879,-1,879,878,880,-1,879,880,881,-1,881,880,882,-1,881,882,883,-1,883,882,884,-1,883,884,885,-1,885,884,886,-1,885,886,887,-1,887,886,888,-1,887,888,889,-1,889,888,890,-1,889,890,843,-1,843,890,844,-1,844,891,846,-1,846,891,892,-1,846,892,848,-1,848,892,893,-1,848,893,850,-1,850,893,894,-1,850,894,852,-1,852,894,895,-1,852,895,854,-1,854,895,896,-1,854,896,856,-1,856,896,897,-1,856,897,858,-1,858,897,898,-1,858,898,860,-1,860,898,899,-1,860,899,862,-1,862,899,900,-1,862,900,864,-1,864,900,901,-1,864,901,866,-1,866,901,902,-1,866,902,868,-1,868,902,903,-1,868,903,870,-1,870,903,904,-1,870,904,872,-1,872,904,905,-1,872,905,874,-1,874,905,906,-1,874,906,876,-1,876,906,907,-1,876,907,878,-1,878,907,908,-1,878,908,880,-1,880,908,909,-1,880,909,882,-1,882,909,910,-1,882,910,884,-1,884,910,911,-1,884,911,886,-1,886,911,912,-1,886,912,888,-1,888,912,913,-1,888,913,890,-1,890,913,914,-1,890,914,844,-1,844,914,891,-1,891,915,892,-1,892,915,916,-1,892,916,893,-1,893,916,917,-1,893,917,894,-1,894,917,918,-1,894,918,895,-1,895,918,919,-1,895,919,896,-1,896,919,920,-1,896,920,897,-1,897,920,921,-1,897,921,898,-1,898,921,922,-1,898,922,899,-1,899,922,923,-1,899,923,900,-1,900,923,924,-1,900,924,901,-1,901,924,925,-1,901,925,902,-1,902,925,926,-1,902,926,903,-1,903,926,927,-1,903,927,904,-1,904,927,928,-1,904,928,905,-1,905,928,929,-1,905,929,906,-1,906,929,930,-1,906,930,907,-1,907,930,931,-1,907,931,908,-1,908,931,932,-1,908,932,909,-1,909,932,933,-1,909,933,910,-1,910,933,934,-1,910,934,911,-1,911,934,935,-1,911,935,912,-1,912,935,936,-1,912,936,913,-1,913,936,937,-1,913,937,914,-1,914,937,938,-1,914,938,891,-1,891,938,915,-1,915,939,916,-1,916,939,940,-1,916,940,917,-1,917,940,941,-1,917,941,918,-1,918,941,942,-1,918,942,919,-1,919,942,943,-1,919,943,920,-1,920,943,944,-1,920,944,921,-1,921,944,945,-1,921,945,922,-1,922,945,946,-1,922,946,923,-1,923,946,947,-1,923,947,924,-1,924,947,948,-1,924,948,925,-1,925,948,949,-1,925,949,926,-1,926,949,950,-1,926,950,927,-1,927,950,951,-1,927,951,928,-1,928,951,952,-1,928,952,929,-1,929,952,953,-1,929,953,930,-1,930,953,954,-1,930,954,931,-1,931,954,955,-1,931,955,932,-1,932,955,956,-1,932,956,933,-1,933,956,957,-1,933,957,934,-1,934,957,958,-1,934,958,935,-1,935,958,959,-1,935,959,936,-1,936,959,960,-1,936,960,937,-1,937,960,961,-1,937,961,938,-1,938,961,962,-1,938,962,915,-1,915,962,939,-1,939,963,940,-1,940,963,964,-1,940,964,941,-1,941,964,965,-1,941,965,942,-1,942,965,966,-1,942,966,943,-1,943,966,967,-1,943,967,944,-1,944,967,968,-1,944,968,945,-1,945,968,969,-1,945,969,946,-1,946,969,970,-1,946,970,947,-1,947,970,971,-1,947,971,948,-1,948,971,972,-1,948,972,949,-1,949,972,973,-1,949,973,950,-1,950,973,974,-1,950,974,951,-1,951,974,975,-1,951,975,952,-1,952,975,976,-1,952,976,953,-1,953,976,977,-1,953,977,954,-1,954,977,978,-1,954,978,955,-1,955,978,979,-1,955,979,956,-1,956,979,980,-1,956,980,957,-1,957,980,981,-1,957,981,958,-1,958,981,982,-1,958,982,959,-1,959,982,983,-1,959,983,960,-1,960,983,984,-1,960,984,961,-1,961,984,985,-1,961,985,962,-1,962,985,986,-1,962,986,939,-1,939,986,963,-1,963,987,964,-1,964,987,988,-1,964,988,965,-1,965,988,989,-1,965,989,966,-1,966,989,990,-1,966,990,967,-1,967,990,991,-1,967,991,968,-1,968,991,992,-1,968,992,969,-1,969,992,993,-1,969,993,970,-1,970,993,994,-1,970,994,971,-1,971,994,995,-1,971,995,972,-1,972,995,996,-1,972,996,973,-1,973,996,997,-1,973,997,974,-1,974,997,998,-1,974,998,975,-1,975,998,999,-1,975,999,976,-1,976,999,1000,-1,976,1000,977,-1,977,1000,1001,-1,977,1001,978,-1,978,1001,1002,-1,978,1002,979,-1,979,1002,1003,-1,979,1003,980,-1,980,1003,1004,-1,980,1004,981,-1,981,1004,1005,-1,981,1005,982,-1,982,1005,1006,-1,982,1006,983,-1,983,1006,1007,-1,983,1007,984,-1,984,1007,1008,-1,984,1008,985,-1,985,1008,1009,-1,985,1009,986,-1,986,1009,1010,-1,986,1010,963,-1,963,1010,987,-1,987,807,988,-1,988,807,809,-1,988,809,989,-1,989,809,811,-1,989,811,990,-1,990,811,813,-1,990,813,991,-1,991,813,815,-1,991,815,992,-1,992,815,817,-1,992,817,993,-1,993,817,819,-1,993,819,994,-1,994,819,821,-1,994,821,995,-1,995,821,823,-1,995,823,996,-1,996,823,825,-1,996,825,997,-1,997,825,827,-1,997,827,998,-1,998,827,829,-1,998,829,999,-1,999,829,831,-1,999,831,1000,-1,1000,831,833,-1,1000,833,1001,-1,1001,833,835,-1,1001,835,1002,-1,1002,835,837,-1,1002,837,1003,-1,1003,837,839,-1,1003,839,1004,-1,1004,839,841,-1,1004,841,1005,-1,1005,841,795,-1,1005,795,1006,-1,1006,795,797,-1,1006,797,1007,-1,1007,797,799,-1,1007,799,1008,-1,1008,799,801,-1,1008,801,1009,-1,1009,801,803,-1,1009,803,1010,-1,1010,803,805,-1,1010,805,987,-1,987,805,807,-1,1011,845,1012,-1,1012,845,847,-1,1012,847,1013,-1,1013,847,849,-1,1013,849,1014,-1,1014,849,851,-1,1014,851,1015,-1,1015,851,853,-1,1015,853,1016,-1,1016,853,855,-1,1016,855,1017,-1,1017,855,857,-1,1017,857,1018,-1,1018,857,859,-1,1018,859,1019,-1,1019,859,861,-1,1019,861,1020,-1,1020,861,863,-1,1020,863,1021,-1,1021,863,865,-1,1021,865,1022,-1,1022,865,867,-1,1022,867,1023,-1,1023,867,869,-1,1023,869,1024,-1,1024,869,871,-1,1024,871,1025,-1,1025,871,873,-1,1025,873,1026,-1,1026,873,875,-1,1026,875,1027,-1,1027,875,877,-1,1027,877,1028,-1,1028,877,879,-1,1028,879,1029,-1,1029,879,881,-1,1029,881,1030,-1,1030,881,883,-1,1030,883,1031,-1,1031,883,885,-1,1031,885,1032,-1,1032,885,887,-1,1032,887,1033,-1,1033,887,889,-1,1033,889,1034,-1,1034,889,843,-1,1034,843,1011,-1,1011,843,845,-1,1035,1036,1037,-1,1037,1036,1038,-1,1037,1038,1039,-1,1040,1041,1037,-1,1037,1041,1042,-1,1037,1042,1035,-1,1043,1044,1037,-1,1037,1044,1045,-1,1037,1045,1040,-1,1046,1047,1037,-1,1037,1047,1048,-1,1037,1048,1043,-1,1049,1050,1037,-1,1037,1050,1051,-1,1037,1051,1046,-1,1052,1053,1037,-1,1037,1053,1054,-1,1037,1054,1049,-1,1055,1056,1037,-1,1037,1056,1057,-1,1037,1057,1052,-1,1039,1058,1037,-1,1037,1058,1059,-1,1037,1059,1055,-1,1023,1036,1022,-1,1022,1036,1035,-1,1022,1035,1021,-1,1021,1035,1042,-1,1021,1042,1020,-1,1020,1042,1041,-1,1020,1041,1019,-1,1019,1041,1040,-1,1019,1040,1018,-1,1018,1040,1045,-1,1018,1045,1017,-1,1017,1045,1044,-1,1017,1044,1016,-1,1016,1044,1043,-1,1016,1043,1015,-1,1015,1043,1048,-1,1015,1048,1014,-1,1014,1048,1047,-1,1014,1047,1013,-1,1013,1047,1046,-1,1013,1046,1012,-1,1012,1046,1051,-1,1012,1051,1011,-1,1011,1051,1050,-1,1011,1050,1034,-1,1034,1050,1049,-1,1034,1049,1033,-1,1033,1049,1054,-1,1033,1054,1032,-1,1032,1054,1053,-1,1032,1053,1031,-1,1031,1053,1052,-1,1031,1052,1030,-1,1030,1052,1057,-1,1030,1057,1029,-1,1029,1057,1056,-1,1029,1056,1028,-1,1028,1056,1055,-1,1028,1055,1027,-1,1027,1055,1059,-1,1027,1059,1026,-1,1026,1059,1058,-1,1026,1058,1025,-1,1025,1058,1039,-1,1025,1039,1024,-1,1024,1039,1038,-1,1024,1038,1023,-1,1023,1038,1036,-1,1060,1061,1062,-1,1062,1061,1063,-1,1062,1063,1064,-1,1064,1063,1065,-1,1064,1065,1066,-1,1066,1065,1067,-1,1066,1067,1068,-1,1068,1067,1069,-1,1068,1069,1070,-1,1070,1069,1071,-1,1070,1071,1072,-1,1072,1071,1073,-1,1072,1073,1074,-1,1074,1073,1075,-1,1074,1075,1076,-1,1076,1075,1077,-1,1076,1077,1078,-1,1078,1077,1079,-1,1078,1079,1080,-1,1080,1079,1081,-1,1080,1081,1082,-1,1082,1081,1083,-1,1082,1083,1084,-1,1084,1083,1085,-1,1084,1085,1086,-1,1086,1085,1087,-1,1086,1087,1088,-1,1088,1087,1089,-1,1088,1089,1090,-1,1090,1089,1091,-1,1090,1091,1092,-1,1092,1091,1093,-1,1092,1093,1094,-1,1094,1093,1095,-1,1094,1095,1096,-1,1096,1095,1097,-1,1096,1097,1098,-1,1098,1097,1099,-1,1098,1099,1100,-1,1100,1099,1101,-1,1100,1101,1102,-1,1102,1101,1103,-1,1102,1103,1104,-1,1104,1103,1105,-1,1104,1105,1106,-1,1106,1105,1107,-1,1106,1107,1060,-1,1060,1107,1061,-1,1108,1109,1110,-1,1110,1109,1111,-1,1110,1111,1112,-1,1113,1114,1110,-1,1110,1114,1115,-1,1110,1115,1108,-1,1116,1117,1110,-1,1110,1117,1118,-1,1110,1118,1113,-1,1119,1120,1110,-1,1110,1120,1121,-1,1110,1121,1116,-1,1122,1123,1110,-1,1110,1123,1124,-1,1110,1124,1119,-1,1125,1126,1110,-1,1110,1126,1127,-1,1110,1127,1122,-1,1128,1129,1110,-1,1110,1129,1130,-1,1110,1130,1125,-1,1112,1131,1110,-1,1110,1131,1132,-1,1110,1132,1128,-1,1107,1123,1061,-1,1061,1123,1122,-1,1061,1122,1063,-1,1063,1122,1127,-1,1063,1127,1065,-1,1065,1127,1126,-1,1065,1126,1067,-1,1067,1126,1125,-1,1067,1125,1069,-1,1069,1125,1130,-1,1069,1130,1071,-1,1071,1130,1129,-1,1071,1129,1073,-1,1073,1129,1128,-1,1073,1128,1075,-1,1075,1128,1132,-1,1075,1132,1077,-1,1077,1132,1131,-1,1077,1131,1079,-1,1079,1131,1112,-1,1079,1112,1081,-1,1081,1112,1111,-1,1081,1111,1083,-1,1083,1111,1109,-1,1083,1109,1085,-1,1085,1109,1108,-1,1085,1108,1087,-1,1087,1108,1115,-1,1087,1115,1089,-1,1089,1115,1114,-1,1089,1114,1091,-1,1091,1114,1113,-1,1091,1113,1093,-1,1093,1113,1118,-1,1093,1118,1095,-1,1095,1118,1117,-1,1095,1117,1097,-1,1097,1117,1116,-1,1097,1116,1099,-1,1099,1116,1121,-1,1099,1121,1101,-1,1101,1121,1120,-1,1101,1120,1103,-1,1103,1120,1119,-1,1103,1119,1105,-1,1105,1119,1124,-1,1105,1124,1107,-1,1107,1124,1123,-1,1133,1134,1135,-1,1135,1134,1136,-1,1135,1136,1137,-1,1137,1136,1138,-1,1137,1138,1139,-1,1139,1138,1140,-1,1139,1140,1141,-1,1141,1140,1142,-1,1141,1142,1143,-1,1143,1142,1144,-1,1143,1144,1145,-1,1145,1144,1146,-1,1145,1146,1147,-1,1147,1146,1148,-1,1147,1148,1149,-1,1149,1148,1150,-1,1149,1150,1151,-1,1151,1150,1152,-1,1151,1152,1153,-1,1153,1152,1154,-1,1153,1154,1155,-1,1155,1154,1156,-1,1155,1156,1157,-1,1157,1156,1158,-1,1157,1158,1159,-1,1159,1158,1160,-1,1159,1160,1161,-1,1161,1160,1162,-1,1161,1162,1163,-1,1163,1162,1164,-1,1163,1164,1165,-1,1165,1164,1166,-1,1165,1166,1167,-1,1167,1166,1168,-1,1167,1168,1169,-1,1169,1168,1170,-1,1169,1170,1171,-1,1171,1170,1172,-1,1171,1172,1173,-1,1173,1172,1174,-1,1173,1174,1175,-1,1175,1174,1176,-1,1175,1176,1177,-1,1177,1176,1178,-1,1177,1178,1179,-1,1179,1178,1180,-1,1179,1180,1133,-1,1133,1180,1134,-1,1181,1182,1183,-1,1183,1182,1184,-1,1183,1184,1185,-1,1186,1187,1183,-1,1183,1187,1188,-1,1183,1188,1181,-1,1189,1190,1183,-1,1183,1190,1191,-1,1183,1191,1186,-1,1192,1193,1183,-1,1183,1193,1194,-1,1183,1194,1189,-1,1195,1196,1183,-1,1183,1196,1197,-1,1183,1197,1192,-1,1198,1199,1183,-1,1183,1199,1200,-1,1183,1200,1195,-1,1201,1202,1183,-1,1183,1202,1203,-1,1183,1203,1198,-1,1185,1204,1183,-1,1183,1204,1205,-1,1183,1205,1201,-1,1180,1196,1134,-1,1134,1196,1195,-1,1134,1195,1136,-1,1136,1195,1200,-1,1136,1200,1138,-1,1138,1200,1199,-1,1138,1199,1140,-1,1140,1199,1198,-1,1140,1198,1142,-1,1142,1198,1203,-1,1142,1203,1144,-1,1144,1203,1202,-1,1144,1202,1146,-1,1146,1202,1201,-1,1146,1201,1148,-1,1148,1201,1205,-1,1148,1205,1150,-1,1150,1205,1204,-1,1150,1204,1152,-1,1152,1204,1185,-1,1152,1185,1154,-1,1154,1185,1184,-1,1154,1184,1156,-1,1156,1184,1182,-1,1156,1182,1158,-1,1158,1182,1181,-1,1158,1181,1160,-1,1160,1181,1188,-1,1160,1188,1162,-1,1162,1188,1187,-1,1162,1187,1164,-1,1164,1187,1186,-1,1164,1186,1166,-1,1166,1186,1191,-1,1166,1191,1168,-1,1168,1191,1190,-1,1168,1190,1170,-1,1170,1190,1189,-1,1170,1189,1172,-1,1172,1189,1194,-1,1172,1194,1174,-1,1174,1194,1193,-1,1174,1193,1176,-1,1176,1193,1192,-1,1176,1192,1178,-1,1178,1192,1197,-1,1178,1197,1180,-1,1180,1197,1196,-1,1206,1207,1208,-1,1208,1207,1209,-1,1208,1209,1210,-1,1210,1209,1211,-1,1210,1211,1212,-1,1212,1211,1213,-1,1212,1213,1214,-1,1214,1213,1215,-1,1214,1215,1216,-1,1216,1215,1217,-1,1216,1217,1218,-1,1218,1217,1219,-1,1218,1219,1220,-1,1220,1219,1221,-1,1220,1221,1222,-1,1222,1221,1223,-1,1222,1223,1224,-1,1224,1223,1225,-1,1224,1225,1226,-1,1226,1225,1227,-1,1226,1227,1228,-1,1228,1227,1229,-1,1228,1229,1230,-1,1230,1229,1231,-1,1230,1231,1232,-1,1232,1231,1233,-1,1232,1233,1234,-1,1234,1233,1235,-1,1234,1235,1236,-1,1236,1235,1237,-1,1236,1237,1238,-1,1238,1237,1239,-1,1238,1239,1240,-1,1240,1239,1241,-1,1240,1241,1242,-1,1242,1241,1243,-1,1242,1243,1244,-1,1244,1243,1245,-1,1244,1245,1246,-1,1246,1245,1247,-1,1246,1247,1248,-1,1248,1247,1249,-1,1248,1249,1250,-1,1250,1249,1251,-1,1250,1251,1252,-1,1252,1251,1253,-1,1252,1253,1206,-1,1206,1253,1207,-1,1254,1255,1256,-1,1256,1255,1257,-1,1256,1257,1258,-1,1259,1260,1256,-1,1256,1260,1261,-1,1256,1261,1254,-1,1262,1263,1256,-1,1256,1263,1264,-1,1256,1264,1259,-1,1265,1266,1256,-1,1256,1266,1267,-1,1256,1267,1262,-1,1268,1269,1256,-1,1256,1269,1270,-1,1256,1270,1265,-1,1271,1272,1256,-1,1256,1272,1273,-1,1256,1273,1268,-1,1274,1275,1256,-1,1256,1275,1276,-1,1256,1276,1271,-1,1258,1277,1256,-1,1256,1277,1278,-1,1256,1278,1274,-1,1253,1269,1207,-1,1207,1269,1268,-1,1207,1268,1209,-1,1209,1268,1273,-1,1209,1273,1211,-1,1211,1273,1272,-1,1211,1272,1213,-1,1213,1272,1271,-1,1213,1271,1215,-1,1215,1271,1276,-1,1215,1276,1217,-1,1217,1276,1275,-1,1217,1275,1219,-1,1219,1275,1274,-1,1219,1274,1221,-1,1221,1274,1278,-1,1221,1278,1223,-1,1223,1278,1277,-1,1223,1277,1225,-1,1225,1277,1258,-1,1225,1258,1227,-1,1227,1258,1257,-1,1227,1257,1229,-1,1229,1257,1255,-1,1229,1255,1231,-1,1231,1255,1254,-1,1231,1254,1233,-1,1233,1254,1261,-1,1233,1261,1235,-1,1235,1261,1260,-1,1235,1260,1237,-1,1237,1260,1259,-1,1237,1259,1239,-1,1239,1259,1264,-1,1239,1264,1241,-1,1241,1264,1263,-1,1241,1263,1243,-1,1243,1263,1262,-1,1243,1262,1245,-1,1245,1262,1267,-1,1245,1267,1247,-1,1247,1267,1266,-1,1247,1266,1249,-1,1249,1266,1265,-1,1249,1265,1251,-1,1251,1265,1270,-1,1251,1270,1253,-1,1253,1270,1269,-1,1279,1280,1281,-1,1281,1280,1282,-1,1281,1282,1283,-1,1283,1282,1284,-1,1283,1284,1285,-1,1285,1284,1286,-1,1285,1286,1287,-1,1287,1286,1288,-1,1287,1288,1289,-1,1289,1288,1290,-1,1289,1290,1291,-1,1291,1290,1292,-1,1291,1292,1293,-1,1293,1292,1294,-1,1293,1294,1295,-1,1295,1294,1296,-1,1295,1296,1297,-1,1297,1296,1298,-1,1297,1298,1299,-1,1299,1298,1300,-1,1299,1300,1301,-1,1301,1300,1302,-1,1301,1302,1303,-1,1303,1302,1304,-1,1303,1304,1305,-1,1305,1304,1306,-1,1305,1306,1307,-1,1307,1306,1308,-1,1307,1308,1309,-1,1309,1308,1310,-1,1309,1310,1311,-1,1311,1310,1312,-1,1311,1312,1313,-1,1313,1312,1314,-1,1313,1314,1315,-1,1315,1314,1316,-1,1315,1316,1317,-1,1317,1316,1318,-1,1317,1318,1319,-1,1319,1318,1320,-1,1319,1320,1321,-1,1321,1320,1322,-1,1321,1322,1323,-1,1323,1322,1324,-1,1323,1324,1325,-1,1325,1324,1326,-1,1325,1326,1279,-1,1279,1326,1280,-1,1327,1328,1329,-1,1329,1328,1330,-1,1329,1330,1331,-1,1332,1333,1329,-1,1329,1333,1334,-1,1329,1334,1327,-1,1335,1336,1329,-1,1329,1336,1337,-1,1329,1337,1332,-1,1338,1339,1329,-1,1329,1339,1340,-1,1329,1340,1335,-1,1341,1342,1329,-1,1329,1342,1343,-1,1329,1343,1338,-1,1344,1345,1329,-1,1329,1345,1346,-1,1329,1346,1341,-1,1347,1348,1329,-1,1329,1348,1349,-1,1329,1349,1344,-1,1331,1350,1329,-1,1329,1350,1351,-1,1329,1351,1347,-1,1326,1342,1280,-1,1280,1342,1341,-1,1280,1341,1282,-1,1282,1341,1346,-1,1282,1346,1284,-1,1284,1346,1345,-1,1284,1345,1286,-1,1286,1345,1344,-1,1286,1344,1288,-1,1288,1344,1349,-1,1288,1349,1290,-1,1290,1349,1348,-1,1290,1348,1292,-1,1292,1348,1347,-1,1292,1347,1294,-1,1294,1347,1351,-1,1294,1351,1296,-1,1296,1351,1350,-1,1296,1350,1298,-1,1298,1350,1331,-1,1298,1331,1300,-1,1300,1331,1330,-1,1300,1330,1302,-1,1302,1330,1328,-1,1302,1328,1304,-1,1304,1328,1327,-1,1304,1327,1306,-1,1306,1327,1334,-1,1306,1334,1308,-1,1308,1334,1333,-1,1308,1333,1310,-1,1310,1333,1332,-1,1310,1332,1312,-1,1312,1332,1337,-1,1312,1337,1314,-1,1314,1337,1336,-1,1314,1336,1316,-1,1316,1336,1335,-1,1316,1335,1318,-1,1318,1335,1340,-1,1318,1340,1320,-1,1320,1340,1339,-1,1320,1339,1322,-1,1322,1339,1338,-1,1322,1338,1324,-1,1324,1338,1343,-1,1324,1343,1326,-1,1326,1343,1342,-1,
        ]
    }
}
Shape{
    appearance Appearance {
        material  Material 	{
            diffuseColor 1.0 0.9215686274509803 0.8117647058823529
            specularColor 0.5019607843137255 0.4588235294117647 0.403921568627451
            ambientIntensity 0.2
            transparency 0
            shininess 0.5
        }
    }
    geometry IndexedFaceSet {
        ccw TRUE
        solid FALSE
        coord DEF co Coordinate {
            point [
                1.6732 -0.2106 0.748, 1.6732 0.3406 0.748, -1.6732 -0.2106 0.748, -1.6732 0.3406 0.748, -1.1811 0.4193 0.8268, -1.6732 0.4193 0.8268, 1.6732 0.4193 0.8268, 1.1811 0.4193 0.8268, 0.5906 0.4193 0.8268, -0.0 0.4193 0.8268, -0.5906 0.4193 0.8268, -0.5906 0.4193 0.8268
            ]
        }
        coordIndex [
            0,1,2,-1,2,1,3,-1,4,5,3,-1,1,6,7,-1,7,8,1,-1,1,8,9,-1,1,9,3,-1,3,9,10,-1,3,10,4,-1,
        ]
    }
}
Shape{
    appearance Appearance {
        material  Material 	{
            diffuseColor 0.7529411764705882 0.7529411764705882 0.7529411764705882
            specularColor 0.3764705882352941 0.3764705882352941 0.3764705882352941
            ambientIntensity 0.2
            transparency 0
            shininess 0.5
        }
    }
    geometry IndexedFaceSet {
        ccw TRUE
        solid FALSE
        coord DEF co Coordinate {
            point [
                1.8307 0.6161 1.2205, 1.8307 0.4193 1.2205, 1.8307 0.6161 1.5748, 1.8307 0.4193 1.5748, 1.9094 0.7343 1.5748, 1.9094 0.8327 1.5748, 1.8307 0.8327 1.5748, 1.9094 0.0256 1.5748, 1.8307 -0.0728 1.5748, 1.9094 -0.0728 1.5748, 1.9094 0.4783 0.0787, 1.9094 0.6752 0.0787, 1.9094 0.6752 0.315, 1.9094 0.7343 0.315, 1.9094 0.2815 0.0787, 1.9094 0.2815 0.0, 1.9094 0.4783 0.0, 1.9094 0.0846 0.315, 1.9094 0.0846 0.0787, 1.9094 0.0256 0.315, 2.0669 0.2815 0.0787, 2.0276 0.0846 0.0787, 2.0669 0.124 0.0787, 2.0659 0.1153 0.0787, 2.0363 0.0856 0.0787, 2.0446 0.0885 0.0787, 2.0521 0.0932 0.0787, 2.0583 0.0995 0.0787, 2.063 0.1069 0.0787, 2.0669 0.124 0.0, 2.0669 0.2815 0.0, 1.9094 0.0846 0.0, 2.0276 0.0846 0.0, 2.0659 0.1153 0.0, 2.0363 0.0856 0.0, 2.0446 0.0885 0.0, 2.063 0.1069 0.0, 2.0583 0.0995 0.0, 2.0521 0.0932 0.0, 1.8919 0.0846 0.002, 1.8919 0.6752 0.002, 1.9094 0.6752 0.0, 1.8753 0.0846 0.0078, 1.8753 0.6752 0.0078, 1.8604 0.0846 0.0172, 1.8604 0.6752 0.0172, 1.8479 0.0846 0.0296, 1.8479 0.6752 0.0296, 1.8385 0.0846 0.0446, 1.8385 0.6752 0.0446, 1.8327 0.0846 0.0612, 1.8327 0.6752 0.0612, 1.8307 0.0846 0.0787, 1.8307 0.6752 0.0787, 2.0276 0.6752 0.0787, 2.0276 0.6752 0.0, 1.8307 0.6752 0.315, 1.8307 0.0846 0.315, 1.9094 -0.0728 0.315, 1.8307 -0.0728 0.315, 1.8307 0.8327 0.315, 1.9094 0.8327 0.315, 2.0377 0.6739 0.0787, 2.0377 0.6739 0.0, 2.0472 0.6699 0.0787, 2.0472 0.6699 0.0, 2.0554 0.6637 0.0787, 2.0554 0.6637 0.0, 2.0617 0.6555 0.0787, 2.0617 0.6555 0.0, 2.0656 0.646 0.0787, 2.0656 0.646 0.0, 2.0669 0.6358 0.0787, 2.0669 0.6358 0.0, -1.8307 0.6161 1.2205, -1.8307 0.6161 1.5748, -1.8307 0.4193 1.2205, -1.8307 0.4193 1.5748, -1.9094 0.4783 0.0, -1.9094 0.6752 0.0, -1.8919 0.6752 0.002, -1.8307 0.6752 0.0787, -1.8307 0.0846 0.0787, -1.8327 0.0846 0.0612, -1.8919 0.0846 0.002, -1.9094 0.0846 0.0, -1.9094 0.2815 0.0, -1.8327 0.6752 0.0612, -1.8385 0.0846 0.0446, -1.8385 0.6752 0.0446, -1.8479 0.0846 0.0296, -1.8479 0.6752 0.0296, -1.8604 0.0846 0.0172, -1.8604 0.6752 0.0172, -1.8753 0.0846 0.0078, -1.8753 0.6752 0.0078, -2.0669 0.2815 0.0, -2.0276 0.0846 0.0, -2.0377 0.086 0.0, -2.0656 0.1138 0.0, -2.0669 0.124 0.0, -2.0472 0.0899 0.0, -2.0554 0.0962 0.0, -2.0617 0.1043 0.0, -2.0669 0.2815 0.0787, -2.0669 0.124 0.0787, -1.9094 0.0846 0.0787, -1.9094 0.2815 0.0787, -2.0276 0.0846 0.0787, -2.0472 0.0899 0.0787, -2.0656 0.1138 0.0787, -2.0554 0.0962 0.0787, -2.0617 0.1043 0.0787, -2.0377 0.086 0.0787, -1.9094 0.0846 0.315, -1.9094 0.0256 0.315, -1.9094 0.0256 1.5748, -1.9094 0.6752 0.315, -1.9094 0.6752 0.0787, -1.9094 0.4783 0.0787, -1.9094 0.7343 1.5748, -1.9094 0.7343 0.315, -1.8307 0.8327 1.5748, -1.9094 0.8327 1.5748, -1.9094 -0.0728 1.5748, -1.8307 -0.0728 1.5748, -1.8307 -0.0728 0.315, -1.9094 -0.0728 0.315, -1.8307 0.0846 0.315, -1.9094 0.8327 0.315, -1.8307 0.8327 0.315, -1.8307 0.6752 0.315, -2.0276 0.6752 0.0787, -2.0276 0.6752 0.0, -2.0377 0.6739 0.0, -2.0377 0.6739 0.0787, -2.0472 0.6699 0.0, -2.0472 0.6699 0.0787, -2.0554 0.6637 0.0, -2.0554 0.6637 0.0787, -2.0617 0.6555 0.0, -2.0617 0.6555 0.0787, -2.0656 0.646 0.0, -2.0656 0.646 0.0787, -2.0669 0.6358 0.0, -2.0669 0.6358 0.0787, -2.0669 0.6358 0.0787
            ]
        }
        coordIndex [
            0,1,2,-1,2,1,3,-1,4,5,6,-1,6,2,4,-1,4,2,3,-1,4,3,7,-1,7,3,8,-1,7,8,9,-1,10,11,12,-1,12,13,4,-1,14,15,16,-1,17,18,14,-1,7,19,4,-1,4,19,17,-1,4,17,12,-1,12,17,14,-1,12,14,10,-1,10,14,16,-1,14,18,20,-1,20,18,21,-1,20,21,22,-1,22,21,23,-1,23,21,24,-1,23,24,25,-1,25,26,23,-1,23,26,27,-1,23,27,28,-1,22,29,20,-1,20,29,30,-1,31,15,32,-1,32,15,30,-1,30,29,32,-1,32,29,33,-1,32,33,34,-1,34,33,35,-1,36,37,33,-1,33,37,38,-1,33,38,35,-1,15,31,39,-1,40,41,16,-1,15,39,16,-1,16,39,40,-1,40,39,42,-1,40,42,43,-1,43,42,44,-1,43,44,45,-1,45,44,46,-1,45,46,47,-1,47,46,48,-1,47,48,49,-1,49,48,50,-1,49,50,51,-1,51,50,52,-1,51,52,53,-1,11,54,55,-1,56,12,53,-1,53,12,11,-1,53,11,51,-1,51,11,49,-1,55,41,11,-1,11,41,40,-1,11,40,43,-1,43,45,11,-1,11,45,47,-1,11,47,49,-1,44,42,18,-1,17,57,18,-1,18,57,52,-1,18,52,50,-1,32,21,31,-1,31,21,18,-1,31,18,39,-1,39,18,42,-1,50,48,18,-1,18,48,46,-1,18,46,44,-1,58,59,19,-1,19,59,57,-1,19,57,17,-1,8,59,9,-1,9,59,58,-1,60,6,61,-1,61,6,5,-1,60,61,56,-1,56,61,13,-1,56,13,12,-1,21,32,34,-1,21,34,24,-1,24,34,35,-1,24,35,25,-1,25,35,38,-1,25,38,26,-1,26,38,37,-1,26,37,27,-1,27,37,36,-1,27,36,28,-1,28,36,33,-1,28,33,23,-1,23,33,29,-1,23,29,22,-1,55,54,62,-1,55,62,63,-1,63,62,64,-1,63,64,65,-1,65,64,66,-1,65,66,67,-1,67,66,68,-1,67,68,69,-1,69,68,70,-1,69,70,71,-1,71,70,72,-1,71,72,73,-1,74,75,76,-1,76,75,77,-1,78,79,80,-1,81,82,83,-1,84,85,86,-1,81,83,87,-1,87,83,88,-1,87,88,89,-1,89,88,90,-1,89,90,91,-1,91,90,92,-1,91,92,93,-1,93,92,94,-1,93,94,95,-1,95,94,84,-1,95,84,80,-1,80,84,86,-1,80,86,78,-1,86,85,96,-1,96,85,97,-1,98,99,97,-1,97,99,100,-1,97,100,96,-1,98,101,99,-1,99,101,102,-1,99,102,103,-1,96,100,104,-1,104,100,105,-1,106,107,108,-1,108,107,104,-1,109,110,111,-1,111,110,112,-1,104,105,108,-1,108,105,110,-1,108,110,113,-1,113,110,109,-1,107,106,114,-1,114,115,116,-1,117,118,119,-1,119,78,86,-1,120,121,116,-1,116,121,117,-1,116,117,114,-1,114,117,119,-1,114,119,107,-1,107,119,86,-1,122,123,120,-1,124,125,116,-1,116,125,77,-1,116,77,120,-1,120,77,75,-1,120,75,122,-1,126,127,128,-1,128,127,115,-1,128,115,114,-1,126,125,127,-1,127,125,124,-1,129,130,121,-1,121,130,131,-1,121,131,117,-1,122,130,123,-1,123,130,129,-1,97,108,113,-1,97,113,98,-1,98,113,109,-1,98,109,101,-1,101,109,111,-1,101,111,102,-1,102,111,112,-1,102,112,103,-1,103,112,110,-1,103,110,99,-1,99,110,105,-1,99,105,100,-1,132,133,134,-1,132,134,135,-1,135,134,136,-1,135,136,137,-1,137,136,138,-1,137,138,139,-1,139,138,140,-1,139,140,141,-1,141,140,142,-1,141,142,143,-1,143,142,144,-1,143,144,145,-1,
        ]
    }
}
Shape{
    appearance Appearance {
        material  Material 	{
            diffuseColor 1.0 0.9215686274509803 0.8117647058823529
            specularColor 0.5019607843137255 0.4588235294117647 0.403921568627451
            ambientIntensity 0.2
            transparency 0
            shininess 0.5
        }
    }
    geometry IndexedFaceSet {
        ccw TRUE
        solid FALSE
        coord DEF co Coordinate {
            point [
                -1.9094 0.7343 1.9685, -1.9488 0.7736 2.0079, -2.0669 0.7343 1.9685, -2.0276 0.7736 2.0079, -1.9094 0.9705 1.9685, -1.9488 1.0098 2.0079, -2.0276 1.0098 2.0079, -2.0669 1.0492 1.9685, 2.0276 0.7736 2.0079, 2.0669 0.7343 1.9685, 2.0276 1.0098 2.0079, 2.0669 1.0492 1.9685, 1.9488 0.7736 2.0079, 1.9094 0.7343 1.9685, -1.7913 1.0098 2.0079, -1.8307 0.9705 1.9685, 1.2619 1.0492 1.9685, 1.7913 1.0098 2.0079, 1.9488 1.0098 2.0079, -0.1441 1.0492 1.9685, -0.1883 1.0492 1.9685, -0.1254 1.0492 1.9685, 0.0608 1.0492 1.9685, -0.0162 1.0492 1.9685, -0.021 1.0492 1.9685, -0.0888 1.0492 1.9685, -0.219 1.0492 1.9685, -0.2443 1.0492 1.9685, 1.9094 0.9705 1.9685, -1.8307 0.6161 1.9685, -1.7913 0.6555 2.0079, 1.8307 0.9705 1.9685, -1.6732 0.6161 1.9685, -1.7126 0.6555 2.0079, 1.7913 0.6555 2.0079, 1.8307 0.6161 1.9685, -1.6732 0.8524 1.9685, -1.7126 0.8917 2.0079, 1.7126 0.6555 2.0079, 1.6732 0.6161 1.9685, 1.6732 0.8524 1.9685, 1.7126 0.8917 2.0079, 2.0276 -0.3681 2.0079, 2.0669 -0.4075 1.9685, 2.0276 -0.0138 2.0079, 2.0669 0.0256 1.9685, -2.0276 -0.3681 2.0079, -2.0669 -0.4075 1.9685, 1.9094 0.0256 1.9685, 1.9488 -0.0138 2.0079, -2.0276 -0.0138 2.0079, -2.0669 0.0256 1.9685, 1.9094 -0.2106 1.9685, 1.9488 -0.25 2.0079, -1.9488 -0.0138 2.0079, -1.9094 0.0256 1.9685, 1.8307 -0.2106 1.9685, 1.7913 -0.25 2.0079, -1.9488 -0.25 2.0079, -1.9094 -0.2106 1.9685, 1.8307 0.4193 1.9685, 1.7913 0.3799 2.0079, -1.7913 -0.25 2.0079, -1.8307 -0.2106 1.9685, 1.6732 0.4193 1.9685, 1.7126 0.3799 2.0079, -1.7913 0.3799 2.0079, -1.8307 0.4193 1.9685, 1.6732 -0.2106 1.9685, 1.7126 -0.25 2.0079, -1.7126 0.3799 2.0079, -1.6732 0.4193 1.9685, -1.6732 -0.2106 1.9685, -1.7126 -0.25 2.0079, -1.7126 -0.25 2.0079
            ]
        }
        coordIndex [
            0,1,2,-1,2,1,3,-1,4,5,0,-1,0,5,1,-1,6,7,3,-1,3,7,2,-1,8,9,10,-1,10,9,11,-1,12,13,8,-1,8,13,9,-1,5,4,14,-1,14,4,15,-1,16,17,11,-1,11,17,18,-1,11,18,10,-1,19,20,6,-1,19,6,21,-1,16,22,17,-1,17,22,23,-1,17,23,14,-1,14,23,5,-1,5,23,24,-1,5,24,6,-1,6,24,25,-1,6,25,21,-1,20,26,6,-1,6,26,27,-1,6,27,7,-1,18,28,12,-1,12,28,13,-1,29,30,15,-1,15,30,14,-1,17,31,18,-1,18,31,28,-1,32,33,29,-1,29,33,30,-1,34,35,17,-1,17,35,31,-1,36,37,32,-1,32,37,33,-1,38,39,34,-1,34,39,35,-1,40,41,36,-1,36,41,37,-1,41,40,38,-1,38,40,39,-1,42,43,44,-1,44,43,45,-1,46,47,42,-1,42,47,43,-1,48,49,45,-1,45,49,44,-1,50,51,46,-1,46,51,47,-1,52,53,48,-1,48,53,49,-1,54,55,50,-1,50,55,51,-1,56,57,52,-1,52,57,53,-1,58,59,54,-1,54,59,55,-1,60,61,56,-1,56,61,57,-1,62,63,58,-1,58,63,59,-1,64,65,60,-1,60,65,61,-1,66,67,62,-1,62,67,63,-1,68,69,64,-1,64,69,65,-1,70,71,66,-1,66,71,67,-1,72,73,68,-1,68,73,69,-1,73,72,70,-1,70,72,71,-1,
        ]
    }
}
Shape{
    appearance Appearance {
        material  Material 	{
            diffuseColor 0.7529411764705882 0.7529411764705882 0.7529411764705882
            specularColor 0.3764705882352941 0.3764705882352941 0.3764705882352941
            ambientIntensity 0.2
            transparency 0
            shininess 0.5
        }
    }
    geometry IndexedFaceSet {
        ccw TRUE
        solid FALSE
        coord DEF co Coordinate {
            point [
                -1.9094 0.4783 0.0787, -2.0669 0.4783 0.0787, -1.9094 0.4783 0.0, -2.0669 0.4783 0.0, -1.9094 0.2815 0.0, -2.0669 0.2815 0.0, -1.9094 0.2815 0.0787, -2.0669 0.2815 0.0787, 1.9094 0.4783 0.0, 2.0669 0.4783 0.0, 1.9094 0.4783 0.0787, 2.0669 0.4783 0.0787, 2.0669 0.2815 0.0, 1.9094 0.2815 0.0, 2.0669 0.2815 0.0787, 1.9094 0.2815 0.0787, 1.9094 0.2815 0.0787
            ]
        }
        coordIndex [
            0,1,2,-1,2,1,3,-1,4,5,6,-1,6,5,7,-1,8,9,10,-1,10,9,11,-1,12,13,14,-1,14,13,15,-1,
        ]
    }
}
Shape{
    appearance Appearance {
        material  Material 	{
            diffuseColor 0.0 0.0 0.0
            specularColor 0.0 0.0 0.0
            ambientIntensity 0.2
            transparency 0
            shininess 0.5
        }
    }
    geometry IndexedFaceSet {
        ccw TRUE
        solid FALSE
        coord DEF co Coordinate {
            point [
                -0.0142 1.0531 0.5197, -0.0142 1.0531 0.5106, -0.0142 1.0492 0.5197, -0.0142 1.0492 0.5106, 0.0177 1.0531 0.5197, 0.0177 1.0492 0.5197, 0.0177 1.0531 0.5907, 0.0177 1.0492 0.5907, 0.028 1.0531 0.5907, 0.028 1.0492 0.5907, 0.028 1.0531 0.5106, 0.028 1.0492 0.5106, -0.0552 1.0531 0.5093, -0.0552 1.0492 0.5093, -0.0675 1.0531 0.5104, -0.0623 1.0492 0.5099, -0.0675 1.0492 0.5104, -0.076 1.0492 0.5132, -0.076 1.0531 0.5132, -0.0774 1.0492 0.5139, -0.0774 1.0531 0.5139, -0.0774 1.0531 0.5238, -0.0774 1.0492 0.5238, -0.0695 1.0492 0.5203, -0.0695 1.0531 0.5203, -0.0605 1.0492 0.5186, -0.0605 1.0531 0.5186, -0.0567 1.0492 0.5185, -0.0567 1.0531 0.5185, -0.0496 1.0492 0.5192, -0.0496 1.0531 0.5192, -0.0438 1.0492 0.5212, -0.0438 1.0531 0.5212, -0.0384 1.0492 0.5248, -0.0384 1.0531 0.5248, -0.0362 1.0492 0.5269, -0.0362 1.0531 0.5269, -0.0325 1.0492 0.532, -0.0325 1.0531 0.532, -0.0298 1.0492 0.5384, -0.0298 1.0531 0.5384, -0.0284 1.0492 0.5463, -0.0284 1.0531 0.5463, -0.0283 1.0492 0.5497, -0.0283 1.0531 0.5497, -0.0296 1.0492 0.5607, -0.0296 1.0531 0.5607, -0.0323 1.0492 0.5676, -0.0323 1.0531 0.5676, -0.0362 1.0492 0.5732, -0.0362 1.0531 0.5732, -0.0367 1.0492 0.5738, -0.0367 1.0531 0.5738, -0.0417 1.0492 0.578, -0.0417 1.0531 0.578, -0.048 1.0492 0.5811, -0.048 1.0531 0.5811, -0.0549 1.0492 0.5825, -0.0549 1.0531 0.5825, -0.0585 1.0492 0.5827, -0.0585 1.0531 0.5827, -0.0684 1.0492 0.5815, -0.0684 1.0531 0.5815, -0.0765 1.0492 0.5784, -0.0765 1.0531 0.5784, -0.0774 1.0492 0.5779, -0.0774 1.0531 0.5779, -0.0774 1.0531 0.5887, -0.0774 1.0492 0.5887, -0.0584 1.0492 0.592, -0.0584 1.0531 0.592, -0.067 1.0492 0.5913, -0.0689 1.0531 0.5912, -0.0689 1.0492 0.5912, -0.0529 1.0492 0.5913, -0.0469 1.0531 0.5906, -0.0469 1.0492 0.5906, -0.0385 1.0492 0.5874, -0.0385 1.0531 0.5874, -0.031 1.0492 0.5821, -0.031 1.0531 0.5821, -0.029 1.0492 0.5802, -0.029 1.0531 0.5802, -0.0232 1.0492 0.5726, -0.021 1.0492 0.5676, -0.0194 1.0531 0.5638, -0.0232 1.0531 0.5726, -0.0194 1.0492 0.5638, -0.0176 1.0492 0.5533, -0.0176 1.0531 0.5533, -0.0175 1.0492 0.5491, -0.0175 1.0531 0.5491, -0.019 1.0492 0.5361, -0.021 1.0492 0.531, -0.0223 1.0531 0.5278, -0.019 1.0531 0.5361, -0.0223 1.0492 0.5278, -0.0271 1.0492 0.5209, -0.0271 1.0531 0.5209, -0.0277 1.0492 0.5202, -0.0277 1.0531 0.5202, -0.049 1.0531 0.5096, -0.0332 1.0492 0.5155, -0.0332 1.0531 0.5155, -0.0406 1.0492 0.5117, -0.0406 1.0531 0.5117, -0.0478 1.0492 0.5099, -0.049 1.0492 0.5096, -0.1365 1.0531 0.5197, -0.1365 1.0531 0.5106, -0.1365 1.0492 0.5197, -0.1365 1.0492 0.5106, -0.1038 1.0492 0.5197, -0.1038 1.0531 0.5197, -0.1254 1.0492 0.5197, -0.1038 1.0531 0.5467, -0.1038 1.0492 0.5467, -0.1324 1.0531 0.5467, -0.1254 1.0492 0.5467, -0.1324 1.0492 0.5467, -0.1324 1.0531 0.5558, -0.1324 1.0492 0.5558, -0.1038 1.0492 0.5558, -0.1038 1.0531 0.5558, -0.1254 1.0492 0.5558, -0.1038 1.0531 0.5815, -0.1038 1.0492 0.5815, -0.1347 1.0531 0.5815, -0.1254 1.0492 0.5815, -0.1347 1.0492 0.5815, -0.1347 1.0531 0.5907, -0.1347 1.0492 0.5907, -0.0934 1.0492 0.5907, -0.0934 1.0531 0.5907, -0.1254 1.0492 0.5907, -0.0934 1.0531 0.5106, -0.0934 1.0492 0.5106, -0.1254 1.0492 0.5106, -0.2047 1.0531 0.5218, -0.1964 1.0531 0.5272, -0.1964 1.0531 0.5158, -0.1913 1.0531 0.5236, -0.1872 1.0531 0.5122, -0.1846 1.0531 0.521, -0.1737 1.0531 0.5106, -0.1736 1.0531 0.5197, -0.1516 1.0531 0.5106, -0.162 1.0531 0.5197, -0.1516 1.0531 0.5907, -0.162 1.0531 0.5815, -0.1745 1.0531 0.5907, -0.1741 1.0531 0.5815, -0.1747 1.0531 0.5815, -0.1867 1.0531 0.5893, -0.185 1.0531 0.5802, -0.1964 1.0531 0.5858, -0.1918 1.0531 0.5776, -0.2047 1.0531 0.5801, -0.1972 1.0531 0.5739, -0.2076 1.0531 0.5773, -0.1994 1.0531 0.5717, -0.2125 1.0531 0.5703, -0.2025 1.0531 0.5672, -0.2155 1.0531 0.5627, -0.2048 1.0531 0.5614, -0.2168 1.0531 0.5517, -0.206 1.0531 0.5514, -0.2166 1.0531 0.5466, -0.2057 1.0531 0.546, -0.2146 1.0531 0.5372, -0.2041 1.0531 0.5387, -0.2107 1.0531 0.5289, -0.2013 1.0531 0.5328, -0.1974 1.0531 0.5281, -0.1737 1.0492 0.5106, -0.1516 1.0492 0.5106, -0.2047 1.0492 0.5218, -0.1872 1.0492 0.5122, -0.1883 1.0492 0.5127, -0.1964 1.0492 0.5158, -0.2107 1.0492 0.5289, -0.2146 1.0492 0.5372, -0.2166 1.0492 0.5466, -0.2168 1.0492 0.5517, -0.2155 1.0492 0.5627, -0.2125 1.0492 0.5703, -0.2076 1.0492 0.5773, -0.2047 1.0492 0.5801, -0.1745 1.0492 0.5907, -0.1964 1.0492 0.5858, -0.1883 1.0492 0.5887, -0.1867 1.0492 0.5893, -0.1516 1.0492 0.5907, -0.1741 1.0492 0.5815, -0.162 1.0492 0.5815, -0.162 1.0492 0.5197, -0.1736 1.0492 0.5197, -0.1974 1.0492 0.5281, -0.1964 1.0492 0.5272, -0.1913 1.0492 0.5236, -0.1846 1.0492 0.521, -0.206 1.0492 0.5514, -0.2057 1.0492 0.546, -0.2041 1.0492 0.5387, -0.2013 1.0492 0.5328, -0.1972 1.0492 0.5739, -0.1994 1.0492 0.5717, -0.2025 1.0492 0.5672, -0.2048 1.0492 0.5614, -0.1747 1.0492 0.5815, -0.185 1.0492 0.5802, -0.1918 1.0492 0.5776, -0.1918 1.0492 0.5776
            ]
        }
        coordIndex [
            0,1,2,-1,2,1,3,-1,4,0,5,-1,5,0,2,-1,6,4,7,-1,7,4,5,-1,8,6,9,-1,9,6,7,-1,10,8,11,-1,11,8,9,-1,1,10,3,-1,3,10,11,-1,6,8,4,-1,4,8,10,-1,4,10,0,-1,0,10,1,-1,12,13,14,-1,14,13,15,-1,15,16,14,-1,14,16,17,-1,14,17,18,-1,18,17,19,-1,18,19,20,-1,21,20,22,-1,22,20,19,-1,21,22,23,-1,21,23,24,-1,24,23,25,-1,24,25,26,-1,26,25,27,-1,26,27,28,-1,28,27,29,-1,28,29,30,-1,30,29,31,-1,30,31,32,-1,32,31,33,-1,32,33,34,-1,34,33,35,-1,34,35,36,-1,36,35,37,-1,36,37,38,-1,38,37,39,-1,38,39,40,-1,40,39,41,-1,40,41,42,-1,42,41,43,-1,42,43,44,-1,44,43,45,-1,44,45,46,-1,46,45,47,-1,46,47,48,-1,48,47,49,-1,48,49,50,-1,50,49,51,-1,50,51,52,-1,52,51,53,-1,52,53,54,-1,54,53,55,-1,54,55,56,-1,56,55,57,-1,56,57,58,-1,58,57,59,-1,58,59,60,-1,60,59,61,-1,60,61,62,-1,62,61,63,-1,62,63,64,-1,64,63,65,-1,64,65,66,-1,67,66,68,-1,68,66,65,-1,69,70,71,-1,71,70,72,-1,71,72,73,-1,73,72,67,-1,73,67,68,-1,70,69,74,-1,70,74,75,-1,74,76,75,-1,75,76,77,-1,75,77,78,-1,78,77,79,-1,78,79,80,-1,80,79,81,-1,80,81,82,-1,82,81,83,-1,84,85,83,-1,83,85,86,-1,83,86,82,-1,84,87,85,-1,85,87,88,-1,85,88,89,-1,89,88,90,-1,89,90,91,-1,91,90,92,-1,93,94,92,-1,92,94,95,-1,92,95,91,-1,93,96,94,-1,94,96,97,-1,94,97,98,-1,98,97,99,-1,98,99,100,-1,13,12,101,-1,100,99,102,-1,100,102,103,-1,103,102,104,-1,103,104,105,-1,105,104,106,-1,105,106,101,-1,101,106,107,-1,101,107,13,-1,46,48,86,-1,86,48,82,-1,91,44,89,-1,89,44,46,-1,89,46,85,-1,85,46,86,-1,48,50,82,-1,82,50,52,-1,82,52,80,-1,80,52,54,-1,80,54,78,-1,78,54,75,-1,75,54,56,-1,75,56,70,-1,20,21,18,-1,18,21,24,-1,18,24,14,-1,14,24,26,-1,14,26,12,-1,12,26,28,-1,12,28,101,-1,101,28,30,-1,101,30,105,-1,105,30,32,-1,105,32,103,-1,103,32,34,-1,103,34,100,-1,100,34,36,-1,100,36,98,-1,98,36,38,-1,98,38,94,-1,94,38,95,-1,95,38,40,-1,95,40,91,-1,91,40,42,-1,91,42,44,-1,56,58,70,-1,70,58,60,-1,70,60,72,-1,72,60,62,-1,72,62,67,-1,67,62,64,-1,67,64,66,-1,108,109,110,-1,110,109,111,-1,112,113,114,-1,114,113,108,-1,114,108,110,-1,115,113,116,-1,116,113,112,-1,115,116,117,-1,117,116,118,-1,117,118,119,-1,120,117,121,-1,121,117,119,-1,122,123,124,-1,124,123,120,-1,124,120,121,-1,125,123,126,-1,126,123,122,-1,125,126,127,-1,127,126,128,-1,127,128,129,-1,130,127,131,-1,131,127,129,-1,132,133,134,-1,134,133,130,-1,134,130,131,-1,135,133,136,-1,136,133,132,-1,135,136,109,-1,109,136,137,-1,109,137,111,-1,135,109,108,-1,108,113,135,-1,135,113,115,-1,135,115,133,-1,127,130,125,-1,125,130,133,-1,125,133,123,-1,123,133,115,-1,123,115,120,-1,120,115,117,-1,138,139,140,-1,140,139,141,-1,140,141,142,-1,142,141,143,-1,142,143,144,-1,144,143,145,-1,144,145,146,-1,146,145,147,-1,146,147,148,-1,148,147,149,-1,148,149,150,-1,149,151,150,-1,150,151,152,-1,150,152,153,-1,153,152,154,-1,153,154,155,-1,155,154,156,-1,155,156,157,-1,157,156,158,-1,157,158,159,-1,159,158,160,-1,159,160,161,-1,161,160,162,-1,161,162,163,-1,163,162,164,-1,163,164,165,-1,165,164,166,-1,165,166,167,-1,167,166,168,-1,167,168,169,-1,169,168,170,-1,169,170,171,-1,171,170,172,-1,171,172,138,-1,138,172,173,-1,138,173,139,-1,144,146,174,-1,174,146,175,-1,176,138,140,-1,144,174,177,-1,144,177,142,-1,142,177,178,-1,142,178,140,-1,140,178,179,-1,140,179,176,-1,138,176,180,-1,138,180,171,-1,171,180,181,-1,171,181,169,-1,169,181,182,-1,169,182,167,-1,167,182,183,-1,167,183,165,-1,165,183,184,-1,165,184,163,-1,163,184,185,-1,163,185,161,-1,161,185,186,-1,161,186,159,-1,159,186,187,-1,159,187,157,-1,188,150,153,-1,157,187,189,-1,157,189,155,-1,155,189,190,-1,155,190,153,-1,153,190,191,-1,153,191,188,-1,148,150,192,-1,192,150,188,-1,146,148,175,-1,175,148,192,-1,151,149,193,-1,193,149,194,-1,149,147,194,-1,194,147,195,-1,147,145,195,-1,195,145,196,-1,173,197,198,-1,173,198,139,-1,139,198,199,-1,139,199,141,-1,141,199,200,-1,141,200,143,-1,143,200,196,-1,143,196,145,-1,166,201,202,-1,166,202,168,-1,168,202,203,-1,168,203,170,-1,170,203,204,-1,170,204,172,-1,172,204,197,-1,172,197,173,-1,158,205,206,-1,158,206,160,-1,160,206,207,-1,160,207,162,-1,162,207,208,-1,162,208,164,-1,164,208,201,-1,164,201,166,-1,151,193,209,-1,151,209,152,-1,152,209,210,-1,152,210,154,-1,154,210,211,-1,154,211,156,-1,156,211,205,-1,156,205,158,-1,
        ]
    }
}
Shape{
    appearance Appearance {
        material  Material 	{
            diffuseColor 1.0 0.9215686274509803 0.8117647058823529
            specularColor 0.5019607843137255 0.4588235294117647 0.403921568627451
            ambientIntensity 0.2
            transparency 0
            shininess 0.5
        }
    }
    geometry IndexedFaceSet {
        ccw TRUE
        solid FALSE
        coord DEF co Coordinate {
            point [
                -0.1913 1.0492 0.5236, -0.1964 1.0492 0.5272, -0.1747 1.0492 0.5815, -0.162 1.0492 0.5815, -0.162 1.0492 0.5197, -0.1741 1.0492 0.5815, -0.1736 1.0492 0.5197, -0.1846 1.0492 0.521, -0.1974 1.0492 0.5281, -0.2013 1.0492 0.5328, -0.2041 1.0492 0.5387, -0.206 1.0492 0.5514, -0.1972 1.0492 0.5739, -0.1918 1.0492 0.5776, -0.2048 1.0492 0.5614, -0.2025 1.0492 0.5672, -0.1994 1.0492 0.5717, -0.2057 1.0492 0.546, -0.185 1.0492 0.5802, -0.185 1.0492 0.5802
            ]
        }
        coordIndex [
            0,1,2,-1,3,4,5,-1,5,4,6,-1,5,6,2,-1,2,6,7,-1,2,7,0,-1,1,8,2,-1,2,8,9,-1,2,9,10,-1,11,12,13,-1,14,15,11,-1,11,15,16,-1,11,16,12,-1,10,17,2,-1,2,17,11,-1,2,11,18,-1,18,11,13,-1,
        ]
    }
}
Shape{
    appearance Appearance {
        material  Material 	{
            diffuseColor 0.0 0.0 0.0
            specularColor 0.0 0.0 0.0
            ambientIntensity 0.2
            transparency 0
            shininess 0.5
        }
    }
    geometry IndexedFaceSet {
        ccw TRUE
        solid FALSE
        coord DEF co Coordinate {
            point [
                -0.2437 1.0531 0.5415, -0.2404 1.0531 0.5325, -0.2705 1.0531 0.5415, -0.2737 1.0531 0.5325, -0.2556 1.0531 0.5748, -0.2518 1.0531 0.5907, -0.2213 1.0531 0.5106, -0.2327 1.0531 0.5106, -0.2563 1.0531 0.5772, -0.2569 1.0531 0.5804, -0.2628 1.0531 0.5907, -0.2572 1.0531 0.5804, -0.2578 1.0531 0.577, -0.2584 1.0531 0.5748, -0.2933 1.0531 0.5106, -0.2819 1.0531 0.5106, -0.2628 1.0492 0.5907, -0.2933 1.0492 0.5106, -0.2518 1.0492 0.5907, -0.2213 1.0492 0.5106, -0.2443 1.0492 0.5712, -0.2327 1.0492 0.5106, -0.2404 1.0492 0.5325, -0.2737 1.0492 0.5325, -0.2443 1.0492 0.5325, -0.2819 1.0492 0.5106, -0.2437 1.0492 0.5415, -0.2705 1.0492 0.5415, -0.2584 1.0492 0.5748, -0.2572 1.0492 0.5804, -0.2578 1.0492 0.577, -0.2569 1.0492 0.5804, -0.2556 1.0492 0.5748, -0.2563 1.0492 0.5772, -0.2563 1.0492 0.5772
            ]
        }
        coordIndex [
            0,1,2,-1,2,1,3,-1,4,5,0,-1,0,5,6,-1,0,6,1,-1,1,6,7,-1,4,8,5,-1,5,8,9,-1,5,9,10,-1,10,9,11,-1,10,11,12,-1,12,13,10,-1,10,13,2,-1,10,2,14,-1,14,2,3,-1,14,3,15,-1,10,14,16,-1,16,14,17,-1,5,10,18,-1,18,10,16,-1,19,6,20,-1,20,6,5,-1,20,5,18,-1,7,6,21,-1,21,6,19,-1,1,7,22,-1,22,7,21,-1,23,3,24,-1,24,3,1,-1,24,1,22,-1,15,3,25,-1,25,3,23,-1,14,15,17,-1,17,15,25,-1,0,2,26,-1,26,2,27,-1,2,13,27,-1,27,13,28,-1,11,29,30,-1,11,30,12,-1,12,30,28,-1,12,28,13,-1,11,9,29,-1,29,9,31,-1,4,32,33,-1,4,33,8,-1,8,33,31,-1,8,31,9,-1,4,0,32,-1,32,0,26,-1,
        ]
    }
}
Shape{
    appearance Appearance {
        material  Material 	{
            diffuseColor 1.0 0.9215686274509803 0.8117647058823529
            specularColor 0.5019607843137255 0.4588235294117647 0.403921568627451
            ambientIntensity 0.2
            transparency 0
            shininess 0.5
        }
    }
    geometry IndexedFaceSet {
        ccw TRUE
        solid FALSE
        coord DEF co Coordinate {
            point [
                -0.2572 1.0492 0.5804, -0.2569 1.0492 0.5804, -0.2578 1.0492 0.577, -0.2563 1.0492 0.5772, -0.2584 1.0492 0.5748, -0.2556 1.0492 0.5748, -0.2705 1.0492 0.5415, -0.2437 1.0492 0.5415, -0.2437 1.0492 0.5415
            ]
        }
        coordIndex [
            0,1,2,-1,2,1,3,-1,2,3,4,-1,4,3,5,-1,4,5,6,-1,6,5,7,-1,
        ]
    }
}
Shape{
    appearance Appearance {
        material  Material 	{
            diffuseColor 0.0 0.0 0.0
            specularColor 0.0 0.0 0.0
            ambientIntensity 0.2
            transparency 0
            shininess 0.5
        }
    }
    geometry IndexedFaceSet {
        ccw TRUE
        solid FALSE
        coord DEF co Coordinate {
            point [
                -0.015 1.0531 0.3927, -0.015 1.0531 0.3836, -0.015 1.0492 0.3927, -0.015 1.0492 0.3836, 0.0177 1.0531 0.3927, 0.0177 1.0492 0.3927, 0.0177 1.0531 0.4196, 0.0177 1.0492 0.4196, -0.0109 1.0531 0.4196, -0.0109 1.0492 0.4196, -0.0109 1.0531 0.4288, -0.0109 1.0492 0.4288, 0.0177 1.0531 0.4288, 0.0177 1.0492 0.4288, 0.0177 1.0531 0.4544, 0.0177 1.0492 0.4544, -0.0132 1.0531 0.4544, -0.0132 1.0492 0.4544, -0.0132 1.0531 0.4636, -0.0132 1.0492 0.4636, 0.028 1.0531 0.4636, 0.028 1.0492 0.4636, 0.028 1.0531 0.3836, 0.028 1.0492 0.3836, -0.0606 1.0531 0.3836, -0.0706 1.0531 0.3836, -0.0606 1.0531 0.3924, -0.0706 1.0531 0.4204, -0.0606 1.0531 0.4199, -0.0387 1.0531 0.4079, -0.041 1.0531 0.409, -0.0603 1.0531 0.3924, -0.055 1.0531 0.3939, -0.0587 1.0531 0.39, -0.0522 1.0531 0.392, -0.0472 1.0531 0.4105, -0.0606 1.0531 0.4123, -0.0606 1.0531 0.4068, -0.0605 1.0531 0.4061, -0.0599 1.0531 0.4016, -0.0584 1.0531 0.3981, -0.0563 1.0531 0.3951, -0.0602 1.0531 0.4244, -0.0698 1.0531 0.4279, -0.0592 1.0531 0.4279, -0.0683 1.0531 0.4325, -0.058 1.0531 0.43, -0.0662 1.0531 0.4357, -0.0565 1.0531 0.4316, -0.0636 1.0531 0.4383, -0.0547 1.0531 0.4328, -0.0602 1.0531 0.4402, -0.0524 1.0531 0.4336, -0.056 1.0531 0.4415, -0.049 1.0531 0.4339, -0.0499 1.0531 0.4421, -0.0425 1.0531 0.4332, -0.0398 1.0531 0.4409, -0.0362 1.0531 0.4309, -0.0323 1.0531 0.438, -0.0302 1.0531 0.427, -0.0302 1.0531 0.4368, -0.0369 1.0531 0.3939, -0.0295 1.0531 0.3867, -0.0377 1.0531 0.393, -0.0329 1.0531 0.3844, -0.0397 1.0531 0.3917, -0.0368 1.0531 0.3829, -0.042 1.0531 0.3908, -0.0428 1.0531 0.3822, -0.0454 1.0531 0.3905, -0.048 1.0531 0.3828, -0.0491 1.0531 0.3909, -0.052 1.0531 0.3843, -0.0555 1.0531 0.3866, -0.0349 1.0531 0.4013, -0.0247 1.0531 0.4003, -0.0348 1.0531 0.3997, -0.0246 1.0531 0.3989, -0.0351 1.0531 0.3974, -0.0251 1.0531 0.3943, -0.0357 1.0531 0.3956, -0.0263 1.0531 0.3909, -0.0284 1.0531 0.3879, -0.0436 1.0531 0.4176, -0.0362 1.0531 0.4158, -0.0375 1.0531 0.407, -0.0319 1.0531 0.4136, -0.0363 1.0531 0.4055, -0.0288 1.0531 0.4109, -0.0354 1.0531 0.4036, -0.0267 1.0531 0.4081, -0.0253 1.0531 0.4046, -0.0499 1.0492 0.4421, -0.0398 1.0492 0.4409, -0.0323 1.0492 0.438, -0.0302 1.0492 0.4368, -0.0302 1.0492 0.427, -0.0362 1.0492 0.4309, -0.0425 1.0492 0.4332, -0.049 1.0492 0.4339, -0.0524 1.0492 0.4336, -0.0547 1.0492 0.4328, -0.0565 1.0492 0.4316, -0.058 1.0492 0.43, -0.0592 1.0492 0.4279, -0.0602 1.0492 0.4244, -0.0606 1.0492 0.4199, -0.0436 1.0492 0.4176, -0.0362 1.0492 0.4158, -0.0319 1.0492 0.4136, -0.0288 1.0492 0.4109, -0.0267 1.0492 0.4081, -0.0253 1.0492 0.4046, -0.0247 1.0492 0.4003, -0.0246 1.0492 0.3989, -0.0251 1.0492 0.3943, -0.0263 1.0492 0.3909, -0.0284 1.0492 0.3879, -0.0295 1.0492 0.3867, -0.0428 1.0492 0.3822, -0.0369 1.0492 0.3829, -0.0368 1.0492 0.3829, -0.0329 1.0492 0.3844, -0.048 1.0492 0.3828, -0.0482 1.0492 0.3829, -0.052 1.0492 0.3843, -0.0555 1.0492 0.3866, -0.0587 1.0492 0.39, -0.0603 1.0492 0.3924, -0.0606 1.0492 0.3924, -0.0606 1.0492 0.3836, -0.0706 1.0492 0.3836, -0.0706 1.0492 0.4204, -0.0698 1.0492 0.4279, -0.0683 1.0492 0.4325, -0.0662 1.0492 0.4357, -0.0636 1.0492 0.4383, -0.0602 1.0492 0.4402, -0.056 1.0492 0.4415, -0.0375 1.0492 0.407, -0.0387 1.0492 0.4079, -0.041 1.0492 0.409, -0.0472 1.0492 0.4105, -0.0348 1.0492 0.3997, -0.0349 1.0492 0.4013, -0.0354 1.0492 0.4036, -0.0363 1.0492 0.4055, -0.0377 1.0492 0.393, -0.0369 1.0492 0.3939, -0.0357 1.0492 0.3956, -0.0351 1.0492 0.3974, -0.0454 1.0492 0.3905, -0.042 1.0492 0.3908, -0.0397 1.0492 0.3917, -0.0563 1.0492 0.3951, -0.055 1.0492 0.3939, -0.0522 1.0492 0.392, -0.0491 1.0492 0.3909, -0.0606 1.0492 0.4068, -0.0605 1.0492 0.4061, -0.0599 1.0492 0.4016, -0.0584 1.0492 0.3981, -0.0606 1.0492 0.4123, -0.0606 1.0492 0.4123
            ]
        }
        coordIndex [
            0,1,2,-1,2,1,3,-1,4,0,5,-1,5,0,2,-1,6,4,7,-1,7,4,5,-1,8,6,9,-1,9,6,7,-1,10,8,11,-1,11,8,9,-1,12,10,13,-1,13,10,11,-1,14,12,15,-1,15,12,13,-1,16,14,17,-1,17,14,15,-1,18,16,19,-1,19,16,17,-1,20,18,21,-1,21,18,19,-1,22,20,23,-1,23,20,21,-1,1,22,3,-1,3,22,23,-1,22,1,0,-1,0,4,22,-1,22,4,6,-1,22,6,20,-1,16,18,14,-1,14,18,20,-1,14,20,12,-1,12,20,6,-1,12,6,10,-1,10,6,8,-1,24,25,26,-1,26,25,27,-1,28,29,30,-1,31,32,33,-1,33,32,34,-1,35,36,27,-1,27,36,37,-1,37,38,27,-1,27,38,39,-1,27,39,26,-1,26,39,40,-1,26,40,31,-1,31,40,41,-1,31,41,32,-1,30,35,28,-1,28,35,27,-1,28,27,42,-1,42,27,43,-1,42,43,44,-1,44,43,45,-1,44,45,46,-1,46,45,47,-1,46,47,48,-1,48,47,49,-1,48,49,50,-1,50,49,51,-1,50,51,52,-1,52,51,53,-1,52,53,54,-1,54,53,55,-1,54,55,56,-1,56,55,57,-1,56,57,58,-1,58,57,59,-1,58,59,60,-1,60,59,61,-1,62,63,64,-1,64,63,65,-1,64,65,66,-1,66,65,67,-1,66,67,68,-1,68,67,69,-1,68,69,70,-1,70,69,71,-1,70,71,72,-1,72,71,73,-1,72,73,34,-1,34,73,74,-1,34,74,33,-1,75,76,77,-1,77,76,78,-1,77,78,79,-1,79,78,80,-1,79,80,81,-1,81,80,82,-1,81,82,62,-1,62,82,83,-1,62,83,63,-1,28,84,29,-1,29,84,85,-1,29,85,86,-1,86,85,87,-1,86,87,88,-1,88,87,89,-1,88,89,90,-1,90,89,91,-1,90,91,75,-1,75,91,92,-1,75,92,76,-1,55,93,94,-1,55,94,57,-1,57,94,95,-1,57,95,59,-1,59,95,96,-1,59,96,61,-1,60,61,97,-1,97,61,96,-1,60,97,98,-1,60,98,58,-1,58,98,99,-1,58,99,56,-1,56,99,100,-1,56,100,54,-1,54,100,101,-1,54,101,52,-1,52,101,102,-1,52,102,50,-1,50,102,103,-1,50,103,48,-1,48,103,104,-1,48,104,46,-1,46,104,105,-1,46,105,44,-1,44,105,106,-1,44,106,42,-1,42,106,107,-1,42,107,28,-1,84,28,108,-1,108,28,107,-1,84,108,109,-1,84,109,85,-1,85,109,110,-1,85,110,87,-1,87,110,111,-1,87,111,89,-1,89,111,112,-1,89,112,91,-1,91,112,113,-1,91,113,92,-1,92,113,114,-1,92,114,76,-1,76,114,115,-1,76,115,78,-1,78,115,116,-1,78,116,80,-1,80,116,117,-1,80,117,82,-1,82,117,118,-1,82,118,83,-1,83,118,119,-1,83,119,63,-1,120,69,121,-1,121,69,67,-1,121,67,122,-1,122,67,65,-1,122,65,123,-1,123,65,63,-1,123,63,119,-1,69,120,124,-1,69,124,71,-1,71,124,125,-1,71,125,73,-1,125,126,73,-1,73,126,127,-1,73,127,74,-1,74,127,128,-1,74,128,33,-1,33,128,129,-1,33,129,31,-1,26,31,130,-1,130,31,129,-1,24,26,131,-1,131,26,130,-1,25,24,132,-1,132,24,131,-1,27,25,133,-1,133,25,132,-1,27,133,134,-1,27,134,43,-1,43,134,135,-1,43,135,45,-1,45,135,136,-1,45,136,47,-1,47,136,137,-1,47,137,49,-1,49,137,138,-1,49,138,51,-1,51,138,139,-1,51,139,53,-1,53,139,93,-1,53,93,55,-1,86,140,141,-1,86,141,29,-1,29,141,142,-1,29,142,30,-1,30,142,143,-1,30,143,35,-1,77,144,145,-1,77,145,75,-1,75,145,146,-1,75,146,90,-1,90,146,147,-1,90,147,88,-1,88,147,140,-1,88,140,86,-1,64,148,149,-1,64,149,62,-1,62,149,150,-1,62,150,81,-1,81,150,151,-1,81,151,79,-1,79,151,144,-1,79,144,77,-1,70,152,153,-1,70,153,68,-1,68,153,154,-1,68,154,66,-1,66,154,148,-1,66,148,64,-1,41,155,156,-1,41,156,32,-1,32,156,157,-1,32,157,34,-1,34,157,158,-1,34,158,72,-1,72,158,152,-1,72,152,70,-1,37,159,160,-1,37,160,38,-1,38,160,161,-1,38,161,39,-1,39,161,162,-1,39,162,40,-1,40,162,155,-1,40,155,41,-1,37,36,159,-1,159,36,163,-1,36,35,163,-1,163,35,143,-1,
        ]
    }
}
Shape{
    appearance Appearance {
        material  Material 	{
            diffuseColor 1.0 0.9215686274509803 0.8117647058823529
            specularColor 0.5019607843137255 0.4588235294117647 0.403921568627451
            ambientIntensity 0.2
            transparency 0
            shininess 0.5
        }
    }
    geometry IndexedFaceSet {
        ccw TRUE
        solid FALSE
        coord DEF co Coordinate {
            point [
                -0.0605 1.0492 0.4061, -0.0606 1.0492 0.4068, -0.0375 1.0492 0.407, -0.0606 1.0492 0.4123, -0.0472 1.0492 0.4105, -0.041 1.0492 0.409, -0.0387 1.0492 0.4079, -0.0599 1.0492 0.4016, -0.0363 1.0492 0.4055, -0.0584 1.0492 0.3981, -0.0369 1.0492 0.3939, -0.0377 1.0492 0.393, -0.055 1.0492 0.3939, -0.0357 1.0492 0.3956, -0.0522 1.0492 0.392, -0.0491 1.0492 0.3909, -0.0454 1.0492 0.3905, -0.0354 1.0492 0.4036, -0.0349 1.0492 0.4013, -0.0563 1.0492 0.3951, -0.0348 1.0492 0.3997, -0.0351 1.0492 0.3974, -0.0397 1.0492 0.3917, -0.042 1.0492 0.3908, -0.042 1.0492 0.3908
            ]
        }
        coordIndex [
            0,1,2,-1,1,3,4,-1,4,5,1,-1,1,5,6,-1,1,6,2,-1,0,2,7,-1,7,2,8,-1,7,8,9,-1,10,11,12,-1,10,12,13,-1,14,12,15,-1,15,12,16,-1,8,17,9,-1,9,17,18,-1,9,18,19,-1,19,18,20,-1,19,20,12,-1,12,20,21,-1,12,21,13,-1,11,22,12,-1,12,22,23,-1,12,23,16,-1,
        ]
    }
}
Shape{
    appearance Appearance {
        material  Material 	{
            diffuseColor 0.0 0.0 0.0
            specularColor 0.0 0.0 0.0
            ambientIntensity 0.2
            transparency 0
            shininess 0.5
        }
    }
    geometry IndexedFaceSet {
        ccw TRUE
        solid FALSE
        coord DEF co Coordinate {
            point [
                -0.0842 1.0492 0.3959, -0.0842 1.0531 0.3959, -0.0881 1.0531 0.3935, -0.1007 1.0531 0.3904, -0.1007 1.0492 0.3904, -0.0944 1.0492 0.3911, -0.0944 1.0531 0.3911, -0.0888 1.0492 0.3932, -0.0881 1.0492 0.3935, -0.0842 1.0531 0.3856, -0.0842 1.0492 0.3856, -0.0888 1.0492 0.3839, -0.0904 1.0531 0.3833, -0.0997 1.0492 0.3822, -0.0997 1.0531 0.3822, -0.0938 1.0492 0.3829, -0.0904 1.0492 0.3833, -0.1066 1.0492 0.3829, -0.1074 1.0531 0.383, -0.1074 1.0492 0.383, -0.113 1.0492 0.3848, -0.113 1.0531 0.3848, -0.1163 1.0492 0.3868, -0.1163 1.0531 0.3868, -0.1192 1.0492 0.3893, -0.1192 1.0531 0.3893, -0.1211 1.0492 0.3919, -0.1211 1.0531 0.3919, -0.1223 1.0492 0.3951, -0.1223 1.0531 0.3951, -0.1228 1.0492 0.3991, -0.1228 1.0531 0.3991, -0.1224 1.0492 0.4029, -0.1224 1.0531 0.4029, -0.1213 1.0492 0.4058, -0.1213 1.0531 0.4058, -0.1194 1.0492 0.4086, -0.1194 1.0531 0.4086, -0.117 1.0492 0.4107, -0.117 1.0531 0.4107, -0.1104 1.0492 0.4144, -0.1104 1.0531 0.4144, -0.1065 1.0492 0.416, -0.1065 1.0531 0.416, -0.1003 1.0492 0.4187, -0.1003 1.0531 0.4187, -0.0968 1.0492 0.4209, -0.0968 1.0531 0.4209, -0.0958 1.0492 0.422, -0.0958 1.0531 0.422, -0.0951 1.0492 0.4233, -0.0951 1.0531 0.4233, -0.0947 1.0492 0.4249, -0.0947 1.0531 0.4249, -0.0946 1.0492 0.4262, -0.0946 1.0531 0.4262, -0.0947 1.0492 0.4278, -0.0947 1.0531 0.4278, -0.0952 1.0492 0.4292, -0.0952 1.0531 0.4292, -0.0961 1.0492 0.4305, -0.0961 1.0531 0.4305, -0.0976 1.0492 0.4318, -0.0976 1.0531 0.4318, -0.0999 1.0492 0.433, -0.0999 1.0531 0.433, -0.1025 1.0492 0.4337, -0.1025 1.0531 0.4337, -0.1055 1.0492 0.4339, -0.1055 1.0531 0.4339, -0.112 1.0492 0.4332, -0.112 1.0531 0.4332, -0.1177 1.0492 0.4311, -0.1177 1.0531 0.4311, -0.1201 1.0492 0.4298, -0.1201 1.0531 0.4298, -0.1201 1.0531 0.4395, -0.1201 1.0492 0.4395, -0.1134 1.0492 0.4415, -0.1134 1.0531 0.4415, -0.1065 1.0492 0.4421, -0.1065 1.0531 0.4421, -0.0994 1.0492 0.4413, -0.0994 1.0531 0.4413, -0.0938 1.0492 0.4394, -0.0938 1.0531 0.4394, -0.0907 1.0492 0.4375, -0.0907 1.0531 0.4375, -0.0888 1.0492 0.4359, -0.0877 1.0531 0.4349, -0.0877 1.0492 0.4349, -0.0858 1.0492 0.4321, -0.0858 1.0531 0.4321, -0.0846 1.0492 0.4289, -0.0846 1.0531 0.4289, -0.0842 1.0492 0.4253, -0.0842 1.0531 0.4253, -0.0847 1.0492 0.4214, -0.0847 1.0531 0.4214, -0.0858 1.0492 0.4184, -0.0858 1.0531 0.4184, -0.0871 1.0492 0.4163, -0.0871 1.0531 0.4163, -0.0994 1.0492 0.4087, -0.0994 1.0531 0.4087, -0.0934 1.0531 0.4115, -0.0887 1.0492 0.4146, -0.0887 1.0531 0.4146, -0.0888 1.0492 0.4145, -0.0934 1.0492 0.4115, -0.106 1.0492 0.406, -0.106 1.0531 0.406, -0.1099 1.0492 0.4036, -0.1099 1.0531 0.4036, -0.1112 1.0492 0.4023, -0.1112 1.0531 0.4023, -0.1119 1.0492 0.401, -0.1119 1.0531 0.401, -0.1124 1.0492 0.3994, -0.1124 1.0531 0.3994, -0.1125 1.0492 0.3982, -0.1125 1.0531 0.3982, -0.1123 1.0492 0.3962, -0.1123 1.0531 0.3962, -0.1118 1.0492 0.3948, -0.1118 1.0531 0.3948, -0.1109 1.0492 0.3935, -0.1109 1.0531 0.3935, -0.1098 1.0492 0.3925, -0.1098 1.0531 0.3925, -0.1088 1.0492 0.3919, -0.1088 1.0531 0.3919, -0.1063 1.0492 0.391, -0.1063 1.0531 0.391, -0.1011 1.0492 0.3904, -0.1011 1.0531 0.3904, -0.1725 1.0531 0.4408, -0.1829 1.0531 0.4408, -0.1725 1.0492 0.4408, -0.1829 1.0492 0.4408, -0.1569 1.0531 0.3977, -0.1569 1.0492 0.3977, -0.1561 1.0492 0.395, -0.1561 1.0531 0.395, -0.1557 1.0492 0.3931, -0.1557 1.0531 0.3931, -0.1554 1.0531 0.3931, -0.1554 1.0492 0.3931, -0.1542 1.0531 0.3978, -0.1542 1.0492 0.3978, -0.1392 1.0492 0.4408, -0.1392 1.0531 0.4408, -0.1441 1.0492 0.4268, -0.128 1.0531 0.4408, -0.128 1.0492 0.4408, -0.1504 1.0492 0.3837, -0.1504 1.0531 0.3837, -0.1441 1.0492 0.3999, -0.146 1.0492 0.3733, -0.146 1.0531 0.3733, -0.1501 1.0492 0.3829, -0.1441 1.0492 0.3697, -0.1441 1.0531 0.3697, -0.1441 1.0492 0.3697, -0.1422 1.0492 0.3676, -0.1422 1.0531 0.3676, -0.1405 1.0492 0.3664, -0.1405 1.0531 0.3664, -0.1383 1.0492 0.3655, -0.1383 1.0531 0.3655, -0.1358 1.0492 0.3652, -0.1358 1.0531 0.3652, -0.1321 1.0492 0.3657, -0.1321 1.0531 0.3657, -0.1301 1.0492 0.3664, -0.1301 1.0531 0.3664, -0.1301 1.0531 0.3575, -0.1301 1.0492 0.3575, -0.1343 1.0492 0.3567, -0.1343 1.0531 0.3567, -0.1365 1.0492 0.3566, -0.1365 1.0531 0.3566, -0.1406 1.0492 0.3571, -0.1406 1.0531 0.3571, -0.1441 1.0492 0.3584, -0.1446 1.0531 0.3586, -0.1446 1.0492 0.3586, -0.1481 1.0492 0.3611, -0.1481 1.0531 0.3611, -0.1487 1.0492 0.3617, -0.1487 1.0531 0.3617, -0.1524 1.0492 0.3661, -0.1524 1.0531 0.3661, -0.157 1.0492 0.3749, -0.157 1.0531 0.3749, -0.1601 1.0492 0.3829, -0.2368 1.0531 0.3927, -0.2368 1.0531 0.3836, -0.2368 1.0492 0.3927, -0.2368 1.0492 0.3836, -0.204 1.0492 0.3927, -0.204 1.0531 0.3927, -0.219 1.0492 0.3927, -0.204 1.0531 0.4196, -0.204 1.0492 0.4196, -0.2327 1.0492 0.4196, -0.2327 1.0531 0.4196, -0.219 1.0492 0.4196, -0.2327 1.0531 0.4288, -0.2327 1.0492 0.4288, -0.204 1.0492 0.4288, -0.204 1.0531 0.4288, -0.219 1.0492 0.4288, -0.204 1.0531 0.4544, -0.204 1.0492 0.4544, -0.235 1.0492 0.4544, -0.235 1.0531 0.4544, -0.219 1.0492 0.4544, -0.235 1.0531 0.4636, -0.235 1.0492 0.4636, -0.1937 1.0492 0.4636, -0.1937 1.0531 0.4636, -0.219 1.0492 0.4636, -0.1937 1.0531 0.3836, -0.1937 1.0492 0.3836, -0.219 1.0492 0.3836, -0.305 1.0531 0.3948, -0.2967 1.0531 0.4002, -0.2966 1.0531 0.3888, -0.2915 1.0531 0.3966, -0.2875 1.0531 0.3852, -0.2849 1.0531 0.394, -0.2739 1.0531 0.3836, -0.2739 1.0531 0.3927, -0.2519 1.0531 0.3836, -0.2622 1.0531 0.3927, -0.2519 1.0531 0.4636, -0.2622 1.0531 0.4544, -0.2747 1.0531 0.4636, -0.2743 1.0531 0.4544, -0.275 1.0531 0.4544, -0.287 1.0531 0.4623, -0.2853 1.0531 0.4531, -0.2966 1.0531 0.4588, -0.2921 1.0531 0.4505, -0.305 1.0531 0.453, -0.2974 1.0531 0.4469, -0.3079 1.0531 0.4503, -0.2997 1.0531 0.4447, -0.3128 1.0531 0.4433, -0.3028 1.0531 0.4402, -0.3158 1.0531 0.4356, -0.305 1.0531 0.4343, -0.3171 1.0531 0.4246, -0.3062 1.0531 0.4244, -0.3169 1.0531 0.4195, -0.3059 1.0531 0.419, -0.3149 1.0531 0.4102, -0.3043 1.0531 0.4117, -0.311 1.0531 0.4019, -0.3015 1.0531 0.4058, -0.2977 1.0531 0.4011, -0.2739 1.0492 0.3836, -0.2519 1.0492 0.3836, -0.2875 1.0492 0.3852, -0.2966 1.0492 0.3888, -0.305 1.0492 0.3948, -0.311 1.0492 0.4019, -0.3149 1.0492 0.4102, -0.3169 1.0492 0.4195, -0.3171 1.0492 0.4246, -0.3158 1.0492 0.4356, -0.3128 1.0492 0.4433, -0.3079 1.0492 0.4503, -0.305 1.0492 0.453, -0.2966 1.0492 0.4588, -0.287 1.0492 0.4623, -0.2747 1.0492 0.4636, -0.2519 1.0492 0.4636, -0.2743 1.0492 0.4544, -0.2622 1.0492 0.4544, -0.2622 1.0492 0.3927, -0.2739 1.0492 0.3927, -0.2977 1.0492 0.4011, -0.2967 1.0492 0.4002, -0.2915 1.0492 0.3966, -0.2849 1.0492 0.394, -0.3062 1.0492 0.4244, -0.3059 1.0492 0.419, -0.3043 1.0492 0.4117, -0.3015 1.0492 0.4058, -0.2974 1.0492 0.4469, -0.2997 1.0492 0.4447, -0.3028 1.0492 0.4402, -0.305 1.0492 0.4343, -0.275 1.0492 0.4544, -0.2853 1.0492 0.4531, -0.2921 1.0492 0.4505, -0.2921 1.0492 0.4505
            ]
        }
        coordIndex [
            0,1,2,-1,3,4,5,-1,3,5,6,-1,6,5,7,-1,6,7,2,-1,2,7,8,-1,2,8,0,-1,9,1,10,-1,10,1,0,-1,10,11,9,-1,9,11,12,-1,13,14,15,-1,15,14,12,-1,15,12,16,-1,16,12,11,-1,13,17,14,-1,14,17,18,-1,17,19,18,-1,18,19,20,-1,18,20,21,-1,21,20,22,-1,21,22,23,-1,23,22,24,-1,23,24,25,-1,25,24,26,-1,25,26,27,-1,27,26,28,-1,27,28,29,-1,29,28,30,-1,29,30,31,-1,31,30,32,-1,31,32,33,-1,33,32,34,-1,33,34,35,-1,35,34,36,-1,35,36,37,-1,37,36,38,-1,37,38,39,-1,39,38,40,-1,39,40,41,-1,41,40,42,-1,41,42,43,-1,43,42,44,-1,43,44,45,-1,45,44,46,-1,45,46,47,-1,47,46,48,-1,47,48,49,-1,49,48,50,-1,49,50,51,-1,51,50,52,-1,51,52,53,-1,53,52,54,-1,53,54,55,-1,55,54,56,-1,55,56,57,-1,57,56,58,-1,57,58,59,-1,59,58,60,-1,59,60,61,-1,61,60,62,-1,61,62,63,-1,63,62,64,-1,63,64,65,-1,65,64,66,-1,65,66,67,-1,67,66,68,-1,67,68,69,-1,69,68,70,-1,69,70,71,-1,71,70,72,-1,71,72,73,-1,73,72,74,-1,73,74,75,-1,76,75,77,-1,77,75,74,-1,76,77,78,-1,76,78,79,-1,79,78,80,-1,79,80,81,-1,81,80,82,-1,81,82,83,-1,83,82,84,-1,83,84,85,-1,85,84,86,-1,85,86,87,-1,86,88,87,-1,87,88,89,-1,88,90,89,-1,89,90,91,-1,89,91,92,-1,92,91,93,-1,92,93,94,-1,94,93,95,-1,94,95,96,-1,96,95,97,-1,96,97,98,-1,98,97,99,-1,98,99,100,-1,100,99,101,-1,100,101,102,-1,103,104,105,-1,102,101,106,-1,102,106,107,-1,107,106,108,-1,107,108,105,-1,105,108,109,-1,105,109,103,-1,104,103,110,-1,104,110,111,-1,111,110,112,-1,111,112,113,-1,113,112,114,-1,113,114,115,-1,115,114,116,-1,115,116,117,-1,117,116,118,-1,117,118,119,-1,119,118,120,-1,119,120,121,-1,121,120,122,-1,121,122,123,-1,123,122,124,-1,123,124,125,-1,125,124,126,-1,125,126,127,-1,127,126,128,-1,127,128,129,-1,129,128,130,-1,129,130,131,-1,131,130,132,-1,131,132,133,-1,133,132,134,-1,133,134,135,-1,135,134,4,-1,135,4,3,-1,61,63,85,-1,85,63,83,-1,45,104,43,-1,43,104,111,-1,43,111,41,-1,14,3,12,-1,12,3,6,-1,12,6,9,-1,9,6,2,-1,9,2,1,-1,63,65,83,-1,83,65,67,-1,83,67,81,-1,81,67,69,-1,81,69,79,-1,79,69,71,-1,79,71,76,-1,76,71,73,-1,76,73,75,-1,41,111,39,-1,39,111,113,-1,39,113,37,-1,37,113,115,-1,37,115,35,-1,35,115,117,-1,35,117,33,-1,33,117,119,-1,33,119,31,-1,31,119,121,-1,31,121,29,-1,29,121,123,-1,29,123,27,-1,27,123,125,-1,27,125,25,-1,25,125,127,-1,25,127,23,-1,23,127,129,-1,23,129,21,-1,21,129,131,-1,21,131,18,-1,18,131,133,-1,18,133,14,-1,14,133,135,-1,14,135,3,-1,85,87,61,-1,61,87,89,-1,61,89,59,-1,59,89,92,-1,59,92,57,-1,57,92,94,-1,57,94,55,-1,55,94,96,-1,55,96,53,-1,53,96,98,-1,53,98,51,-1,51,98,100,-1,51,100,49,-1,49,100,102,-1,49,102,47,-1,47,102,107,-1,47,107,45,-1,45,107,105,-1,45,105,104,-1,136,137,138,-1,138,137,139,-1,140,136,141,-1,141,136,138,-1,140,141,142,-1,140,142,143,-1,143,142,144,-1,143,144,145,-1,146,145,147,-1,147,145,144,-1,148,146,149,-1,149,146,147,-1,150,151,152,-1,152,151,148,-1,152,148,149,-1,153,151,154,-1,154,151,150,-1,155,156,157,-1,157,156,153,-1,157,153,154,-1,158,159,160,-1,160,159,156,-1,160,156,155,-1,158,161,159,-1,159,161,162,-1,161,163,162,-1,162,163,164,-1,162,164,165,-1,165,164,166,-1,165,166,167,-1,167,166,168,-1,167,168,169,-1,169,168,170,-1,169,170,171,-1,171,170,172,-1,171,172,173,-1,173,172,174,-1,173,174,175,-1,176,175,177,-1,177,175,174,-1,176,177,178,-1,176,178,179,-1,179,178,180,-1,179,180,181,-1,181,180,182,-1,181,182,183,-1,183,182,184,-1,183,184,185,-1,184,186,185,-1,185,186,187,-1,185,187,188,-1,188,187,189,-1,188,189,190,-1,190,189,191,-1,190,191,192,-1,192,191,193,-1,192,193,194,-1,139,137,195,-1,195,137,194,-1,195,194,193,-1,143,145,194,-1,137,136,194,-1,194,136,140,-1,194,140,143,-1,151,153,148,-1,148,153,156,-1,148,156,146,-1,175,176,173,-1,173,176,179,-1,173,179,171,-1,171,179,181,-1,171,181,169,-1,169,181,183,-1,169,183,167,-1,167,183,185,-1,167,185,165,-1,145,146,194,-1,194,146,156,-1,194,156,192,-1,156,159,192,-1,192,159,162,-1,192,162,190,-1,190,162,165,-1,190,165,188,-1,188,165,185,-1,196,197,198,-1,198,197,199,-1,200,201,202,-1,202,201,196,-1,202,196,198,-1,203,201,204,-1,204,201,200,-1,205,206,207,-1,207,206,203,-1,207,203,204,-1,208,206,209,-1,209,206,205,-1,210,211,212,-1,212,211,208,-1,212,208,209,-1,213,211,214,-1,214,211,210,-1,215,216,217,-1,217,216,213,-1,217,213,214,-1,218,216,219,-1,219,216,215,-1,220,221,222,-1,222,221,218,-1,222,218,219,-1,223,221,224,-1,224,221,220,-1,199,197,225,-1,225,197,223,-1,225,223,224,-1,223,197,196,-1,196,201,223,-1,223,201,203,-1,223,203,221,-1,216,218,213,-1,213,218,221,-1,213,221,211,-1,211,221,203,-1,211,203,208,-1,208,203,206,-1,226,227,228,-1,228,227,229,-1,228,229,230,-1,230,229,231,-1,230,231,232,-1,232,231,233,-1,232,233,234,-1,234,233,235,-1,234,235,236,-1,236,235,237,-1,236,237,238,-1,237,239,238,-1,238,239,240,-1,238,240,241,-1,241,240,242,-1,241,242,243,-1,243,242,244,-1,243,244,245,-1,245,244,246,-1,245,246,247,-1,247,246,248,-1,247,248,249,-1,249,248,250,-1,249,250,251,-1,251,250,252,-1,251,252,253,-1,253,252,254,-1,253,254,255,-1,255,254,256,-1,255,256,257,-1,257,256,258,-1,257,258,259,-1,259,258,260,-1,259,260,226,-1,226,260,261,-1,226,261,227,-1,232,234,262,-1,262,234,263,-1,232,262,264,-1,232,264,230,-1,230,264,265,-1,230,265,228,-1,228,265,266,-1,228,266,226,-1,226,266,267,-1,226,267,259,-1,259,267,268,-1,259,268,257,-1,257,268,269,-1,257,269,255,-1,255,269,270,-1,255,270,253,-1,253,270,271,-1,253,271,251,-1,251,271,272,-1,251,272,249,-1,249,272,273,-1,249,273,247,-1,247,273,274,-1,247,274,245,-1,245,274,275,-1,245,275,243,-1,243,275,276,-1,243,276,241,-1,241,276,277,-1,241,277,238,-1,236,238,278,-1,278,238,277,-1,234,236,263,-1,263,236,278,-1,239,237,279,-1,279,237,280,-1,237,235,280,-1,280,235,281,-1,235,233,281,-1,281,233,282,-1,261,283,284,-1,261,284,227,-1,227,284,285,-1,227,285,229,-1,229,285,286,-1,229,286,231,-1,231,286,282,-1,231,282,233,-1,254,287,288,-1,254,288,256,-1,256,288,289,-1,256,289,258,-1,258,289,290,-1,258,290,260,-1,260,290,283,-1,260,283,261,-1,246,291,292,-1,246,292,248,-1,248,292,293,-1,248,293,250,-1,250,293,294,-1,250,294,252,-1,252,294,287,-1,252,287,254,-1,239,279,295,-1,239,295,240,-1,240,295,296,-1,240,296,242,-1,242,296,297,-1,242,297,244,-1,244,297,291,-1,244,291,246,-1,
        ]
    }
}
Shape{
    appearance Appearance {
        material  Material 	{
            diffuseColor 1.0 0.9215686274509803 0.8117647058823529
            specularColor 0.5019607843137255 0.4588235294117647 0.403921568627451
            ambientIntensity 0.2
            transparency 0
            shininess 0.5
        }
    }
    geometry IndexedFaceSet {
        ccw TRUE
        solid FALSE
        coord DEF co Coordinate {
            point [
                -0.2915 1.0492 0.3966, -0.2967 1.0492 0.4002, -0.275 1.0492 0.4544, -0.2622 1.0492 0.4544, -0.2622 1.0492 0.3927, -0.2743 1.0492 0.4544, -0.2739 1.0492 0.3927, -0.2849 1.0492 0.394, -0.2977 1.0492 0.4011, -0.3015 1.0492 0.4058, -0.3043 1.0492 0.4117, -0.3062 1.0492 0.4244, -0.2974 1.0492 0.4469, -0.2921 1.0492 0.4505, -0.305 1.0492 0.4343, -0.3028 1.0492 0.4402, -0.2997 1.0492 0.4447, -0.3059 1.0492 0.419, -0.2853 1.0492 0.4531, -0.2853 1.0492 0.4531
            ]
        }
        coordIndex [
            0,1,2,-1,3,4,5,-1,5,4,6,-1,5,6,2,-1,2,6,7,-1,2,7,0,-1,1,8,2,-1,2,8,9,-1,2,9,10,-1,11,12,13,-1,14,15,11,-1,11,15,16,-1,11,16,12,-1,10,17,2,-1,2,17,11,-1,2,11,18,-1,18,11,13,-1,
        ]
    }
}
Shape{
    appearance Appearance {
        material  Material 	{
            diffuseColor 0.0 0.0 0.0
            specularColor 0.0 0.0 0.0
            ambientIntensity 0.2
            transparency 0
            shininess 0.5
        }
    }
    geometry IndexedFaceSet {
        ccw TRUE
        solid FALSE
        coord DEF co Coordinate {
            point [
                -0.3439 1.0531 0.4145, -0.3407 1.0531 0.4055, -0.3708 1.0531 0.4145, -0.374 1.0531 0.4055, -0.3559 1.0531 0.4478, -0.352 1.0531 0.4636, -0.3215 1.0531 0.3836, -0.333 1.0531 0.3836, -0.3566 1.0531 0.4502, -0.3572 1.0531 0.4534, -0.3631 1.0531 0.4636, -0.3575 1.0531 0.4534, -0.3581 1.0531 0.45, -0.3587 1.0531 0.4478, -0.3936 1.0531 0.3836, -0.3822 1.0531 0.3836, -0.3631 1.0492 0.4636, -0.3936 1.0492 0.3836, -0.352 1.0492 0.4636, -0.3215 1.0492 0.3836, -0.333 1.0492 0.3836, -0.3407 1.0492 0.4055, -0.374 1.0492 0.4055, -0.3822 1.0492 0.3836, -0.3439 1.0492 0.4145, -0.3708 1.0492 0.4145, -0.3587 1.0492 0.4478, -0.3575 1.0492 0.4534, -0.3581 1.0492 0.45, -0.3572 1.0492 0.4534, -0.3559 1.0492 0.4478, -0.3566 1.0492 0.4502, -0.3566 1.0492 0.4502
            ]
        }
        coordIndex [
            0,1,2,-1,2,1,3,-1,4,5,0,-1,0,5,6,-1,0,6,1,-1,1,6,7,-1,4,8,5,-1,5,8,9,-1,5,9,10,-1,10,9,11,-1,10,11,12,-1,12,13,10,-1,10,13,2,-1,10,2,14,-1,14,2,3,-1,14,3,15,-1,10,14,16,-1,16,14,17,-1,5,10,18,-1,18,10,16,-1,6,5,19,-1,19,5,18,-1,7,6,20,-1,20,6,19,-1,1,7,21,-1,21,7,20,-1,3,1,22,-1,22,1,21,-1,15,3,23,-1,23,3,22,-1,14,15,17,-1,17,15,23,-1,0,2,24,-1,24,2,25,-1,2,13,25,-1,25,13,26,-1,11,27,28,-1,11,28,12,-1,12,28,26,-1,12,26,13,-1,11,9,27,-1,27,9,29,-1,4,30,31,-1,4,31,8,-1,8,31,29,-1,8,29,9,-1,4,0,30,-1,30,0,24,-1,
        ]
    }
}
Shape{
    appearance Appearance {
        material  Material 	{
            diffuseColor 1.0 0.9215686274509803 0.8117647058823529
            specularColor 0.5019607843137255 0.4588235294117647 0.403921568627451
            ambientIntensity 0.2
            transparency 0
            shininess 0.5
        }
    }
    geometry IndexedFaceSet {
        ccw TRUE
        solid FALSE
        coord DEF co Coordinate {
            point [
                -0.3575 1.0492 0.4534, -0.3572 1.0492 0.4534, -0.3581 1.0492 0.45, -0.3566 1.0492 0.4502, -0.3587 1.0492 0.4478, -0.3559 1.0492 0.4478, -0.3708 1.0492 0.4145, -0.3439 1.0492 0.4145, -0.3439 1.0492 0.4145
            ]
        }
        coordIndex [
            0,1,2,-1,2,1,3,-1,2,3,4,-1,4,3,5,-1,4,5,6,-1,6,5,7,-1,
        ]
    }
}
Shape{
    appearance Appearance {
        material  Material 	{
            diffuseColor 0.0 0.0 0.0
            specularColor 0.0 0.0 0.0
            ambientIntensity 0.2
            transparency 0
            shininess 0.5
        }
    }
    geometry IndexedFaceSet {
        ccw TRUE
        solid FALSE
        coord DEF co Coordinate {
            point [
                0.3816 1.0531 0.3722, 0.3732 1.0531 0.3618, 0.3868 1.0531 0.4226, 0.3967 1.0531 0.5215, 0.384 1.0531 0.5282, 0.387 1.0531 0.5633, 0.3515 1.0531 0.5649, 0.3338 1.0531 0.5233, 0.3252 1.0531 0.5414, 0.2763 1.0531 0.4027, 0.2763 1.0531 0.4083, 0.3246 1.0531 0.4222, 0.3299 1.0531 0.4239, 0.3992 1.0531 0.4302, 0.3945 1.0531 0.3866, 0.3874 1.0531 0.3844, 0.3646 1.0531 0.566, 0.316 1.0531 0.4154, 0.3134 1.0531 0.4108, 0.2767 1.0531 0.3967, 0.1966 1.0531 0.4505, 0.2143 1.0531 0.4806, 0.2906 1.0531 0.4408, 0.3338 1.0531 0.4243, 0.3393 1.0531 0.4236, 0.3469 1.0531 0.4585, 0.3443 1.0531 0.4216, 0.3594 1.0531 0.4537, 0.3488 1.0531 0.4185, 0.3711 1.0531 0.4456, 0.3512 1.0531 0.4159, 0.3805 1.0531 0.4348, 0.3541 1.0531 0.4111, 0.3557 1.0531 0.4058, 0.356 1.0531 0.4002, 0.3126 1.0531 0.4563, 0.3264 1.0531 0.4597, 0.3333 1.0531 0.4602, 0.3199 1.0531 0.4193, 0.1779 1.0531 0.5068, 0.1733 1.0531 0.5068, 0.15 1.0531 0.5376, 0.1625 1.0531 0.5055, 0.1472 1.0531 0.5366, 0.1525 1.0531 0.5017, 0.1302 1.0531 0.5282, 0.1148 1.0531 0.5152, 0.3398 1.0531 0.5785, 0.3124 1.0531 0.5566, 0.3264 1.0531 0.59, 0.2971 1.0531 0.5678, 0.3107 1.0531 0.5995, 0.3699 1.0531 0.5316, 0.364 1.0531 0.5319, 0.358 1.0531 0.5657, 0.3507 1.0531 0.5302, 0.3379 1.0531 0.5256, 0.3549 1.0531 0.3949, 0.3526 1.0531 0.3901, 0.3005 1.0531 0.4499, 0.1147 1.0531 0.4089, 0.1412 1.0531 0.4315, 0.1302 1.0531 0.3958, 0.1496 1.0531 0.4246, 0.1475 1.0531 0.3873, 0.1597 1.0531 0.42, 0.1665 1.0531 0.3833, 0.1699 1.0531 0.418, 0.2001 1.0531 0.3833, 0.1955 1.0531 0.418, 0.2033 1.0531 0.3838, 0.1437 1.0531 0.4955, 0.1372 1.0531 0.4882, 0.1032 1.0531 0.499, 0.1319 1.0531 0.4784, 0.0962 1.0531 0.4816, 0.1292 1.0531 0.4674, 0.0936 1.0531 0.463, 0.1289 1.0531 0.4624, 0.0962 1.0531 0.4427, 0.1303 1.0531 0.4513, 0.1034 1.0531 0.4247, 0.1342 1.0531 0.4412, 0.1405 1.0531 0.4323, 0.1807 1.0531 0.5826, 0.203 1.0531 0.5564, 0.1613 1.0531 0.5599, 0.1901 1.0531 0.541, 0.1814 1.0531 0.5227, 0.4193 1.0531 0.4887, 0.4567 1.0531 0.4793, 0.4209 1.0531 0.475, 0.4568 1.0531 0.4738, 0.4203 1.0531 0.4662, 0.4541 1.0531 0.4515, 0.4162 1.0531 0.4522, 0.4459 1.0531 0.4303, 0.4094 1.0531 0.4407, 0.4329 1.0531 0.4118, 0.4151 1.0531 0.3966, 0.3119 1.0531 0.4056, 0.3117 1.0531 0.4001, 0.28 1.0531 0.3827, 0.313 1.0531 0.3946, 0.2867 1.0531 0.37, 0.3155 1.0531 0.3896, 0.2955 1.0531 0.3602, 0.319 1.0531 0.3856, 0.3068 1.0531 0.3523, 0.3234 1.0531 0.3825, 0.3195 1.0531 0.3474, 0.3283 1.0531 0.3806, 0.3333 1.0531 0.3457, 0.3338 1.0531 0.3799, 0.3355 1.0531 0.3458, 0.3348 1.0531 0.3799, 0.3489 1.0531 0.3479, 0.3399 1.0531 0.3807, 0.362 1.0531 0.3534, 0.3451 1.0531 0.383, 0.3494 1.0531 0.3863, 0.2843 1.0531 0.6092, 0.2785 1.0531 0.5753, 0.2581 1.0531 0.6122, 0.2576 1.0531 0.578, 0.2317 1.0531 0.609, 0.2383 1.0531 0.5756, 0.2034 1.0531 0.5982, 0.2204 1.0531 0.5688, 0.2044 1.0531 0.5577, 0.4081 1.0531 0.5551, 0.4262 1.0531 0.5424, 0.4065 1.0531 0.5128, 0.4301 1.0531 0.5387, 0.4144 1.0531 0.5014, 0.4437 1.0531 0.5212, 0.4528 1.0531 0.5007, 0.1984 1.0531 0.4186, 0.2121 1.0531 0.3893, 0.2107 1.0531 0.3879, 0.1967 1.0531 0.4182, 0.207 1.0531 0.3853, 0.2166 1.0531 0.4009, 0.216 1.0531 0.3967, 0.2145 1.0531 0.3928, 0.2033 1.0531 0.418, 0.2072 1.0531 0.4165, 0.2164 1.0531 0.4032, 0.2107 1.0531 0.414, 0.2131 1.0531 0.4114, 0.2153 1.0531 0.4075, 0.1989 1.0531 0.4186, 0.111 1.0492 0.5099, 0.1032 1.0492 0.499, 0.0982 1.0492 0.4864, 0.0962 1.0492 0.4816, 0.0936 1.0492 0.463, 0.1148 1.0492 0.5152, 0.1302 1.0492 0.5282, 0.1472 1.0492 0.5366, 0.15 1.0492 0.5376, 0.1613 1.0492 0.5599, 0.1807 1.0492 0.5826, 0.1934 1.0492 0.5913, 0.2034 1.0492 0.5982, 0.2317 1.0492 0.609, 0.2581 1.0492 0.6122, 0.2843 1.0492 0.6092, 0.3107 1.0492 0.5995, 0.3242 1.0492 0.5913, 0.3264 1.0492 0.59, 0.3398 1.0492 0.5785, 0.3515 1.0492 0.5649, 0.358 1.0492 0.5657, 0.3646 1.0492 0.566, 0.387 1.0492 0.5633, 0.4081 1.0492 0.5551, 0.4262 1.0492 0.5424, 0.4301 1.0492 0.5387, 0.4437 1.0492 0.5212, 0.4487 1.0492 0.5099, 0.4528 1.0492 0.5007, 0.4554 1.0492 0.4864, 0.4567 1.0492 0.4793, 0.4568 1.0492 0.4738, 0.4541 1.0492 0.4515, 0.4459 1.0492 0.4303, 0.4329 1.0492 0.4118, 0.4151 1.0492 0.3966, 0.3945 1.0492 0.3866, 0.3874 1.0492 0.3844, 0.3866 1.0492 0.3829, 0.3816 1.0492 0.3722, 0.3732 1.0492 0.3618, 0.362 1.0492 0.3534, 0.3568 1.0492 0.3512, 0.3489 1.0492 0.3479, 0.3355 1.0492 0.3458, 0.3333 1.0492 0.3457, 0.2763 1.0492 0.4027, 0.3195 1.0492 0.3474, 0.3097 1.0492 0.3512, 0.3068 1.0492 0.3523, 0.2955 1.0492 0.3602, 0.2867 1.0492 0.37, 0.28 1.0492 0.3827, 0.2799 1.0492 0.3829, 0.2767 1.0492 0.3967, 0.2763 1.0492 0.4083, 0.1966 1.0492 0.4505, 0.2143 1.0492 0.4806, 0.2906 1.0492 0.4408, 0.3005 1.0492 0.4499, 0.3126 1.0492 0.4563, 0.3264 1.0492 0.4597, 0.3333 1.0492 0.4602, 0.3469 1.0492 0.4585, 0.3594 1.0492 0.4537, 0.3711 1.0492 0.4456, 0.3805 1.0492 0.4348, 0.3868 1.0492 0.4226, 0.3992 1.0492 0.4302, 0.4094 1.0492 0.4407, 0.4162 1.0492 0.4522, 0.4203 1.0492 0.4662, 0.4209 1.0492 0.475, 0.4195 1.0492 0.4864, 0.4193 1.0492 0.4887, 0.4144 1.0492 0.5014, 0.4085 1.0492 0.5099, 0.4065 1.0492 0.5128, 0.3967 1.0492 0.5215, 0.384 1.0492 0.5282, 0.3699 1.0492 0.5316, 0.364 1.0492 0.5319, 0.3507 1.0492 0.5302, 0.3379 1.0492 0.5256, 0.3338 1.0492 0.5233, 0.3252 1.0492 0.5414, 0.3124 1.0492 0.5566, 0.2971 1.0492 0.5678, 0.2785 1.0492 0.5753, 0.2576 1.0492 0.578, 0.2383 1.0492 0.5756, 0.2204 1.0492 0.5688, 0.2044 1.0492 0.5577, 0.203 1.0492 0.5564, 0.1901 1.0492 0.541, 0.1814 1.0492 0.5227, 0.1785 1.0492 0.5099, 0.1779 1.0492 0.5068, 0.1733 1.0492 0.5068, 0.1625 1.0492 0.5055, 0.1525 1.0492 0.5017, 0.1437 1.0492 0.4955, 0.1372 1.0492 0.4882, 0.1362 1.0492 0.4864, 0.1319 1.0492 0.4784, 0.1292 1.0492 0.4674, 0.1289 1.0492 0.4624, 0.1303 1.0492 0.4513, 0.1342 1.0492 0.4412, 0.1405 1.0492 0.4323, 0.1412 1.0492 0.4315, 0.1496 1.0492 0.4246, 0.1597 1.0492 0.42, 0.1699 1.0492 0.418, 0.1955 1.0492 0.418, 0.1967 1.0492 0.4182, 0.1984 1.0492 0.4186, 0.1989 1.0492 0.4186, 0.2033 1.0492 0.418, 0.2072 1.0492 0.4165, 0.2107 1.0492 0.414, 0.2131 1.0492 0.4114, 0.2153 1.0492 0.4075, 0.2164 1.0492 0.4032, 0.2166 1.0492 0.4009, 0.216 1.0492 0.3967, 0.2145 1.0492 0.3928, 0.2121 1.0492 0.3893, 0.2107 1.0492 0.3879, 0.207 1.0492 0.3853, 0.2033 1.0492 0.3838, 0.2001 1.0492 0.3833, 0.1665 1.0492 0.3833, 0.1475 1.0492 0.3873, 0.1302 1.0492 0.3958, 0.1147 1.0492 0.4089, 0.1034 1.0492 0.4247, 0.0962 1.0492 0.4427, 0.3338 1.0492 0.4243, 0.3299 1.0492 0.4239, 0.3246 1.0492 0.4222, 0.3199 1.0492 0.4193, 0.316 1.0492 0.4154, 0.3134 1.0492 0.4108, 0.3119 1.0492 0.4056, 0.3117 1.0492 0.4001, 0.313 1.0492 0.3946, 0.3155 1.0492 0.3896, 0.319 1.0492 0.3856, 0.3234 1.0492 0.3825, 0.3283 1.0492 0.3806, 0.3338 1.0492 0.3799, 0.3348 1.0492 0.3799, 0.3399 1.0492 0.3807, 0.3451 1.0492 0.383, 0.3494 1.0492 0.3863, 0.3526 1.0492 0.3901, 0.3549 1.0492 0.3949, 0.356 1.0492 0.4002, 0.3557 1.0492 0.4058, 0.3541 1.0492 0.4111, 0.3512 1.0492 0.4159, 0.3488 1.0492 0.4185, 0.3443 1.0492 0.4216, 0.3393 1.0492 0.4236, 0.3393 1.0492 0.4236
            ]
        }
        coordIndex [
            0,1,2,-1,3,4,5,-1,6,7,8,-1,9,10,11,-1,11,10,12,-1,13,14,2,-1,2,14,15,-1,2,15,0,-1,5,4,16,-1,17,18,19,-1,20,21,10,-1,10,21,22,-1,10,22,12,-1,12,22,23,-1,24,25,26,-1,26,25,27,-1,26,27,28,-1,28,27,29,-1,28,29,30,-1,30,29,31,-1,30,31,32,-1,32,31,2,-1,32,2,33,-1,33,2,34,-1,35,36,24,-1,24,36,37,-1,24,37,25,-1,9,11,19,-1,19,11,38,-1,19,38,17,-1,39,40,41,-1,41,40,42,-1,41,42,43,-1,43,42,44,-1,43,44,45,-1,45,44,46,-1,6,8,47,-1,47,8,48,-1,47,48,49,-1,49,48,50,-1,49,50,51,-1,4,52,16,-1,16,52,53,-1,16,53,54,-1,54,53,55,-1,54,55,6,-1,6,55,56,-1,6,56,7,-1,34,2,57,-1,57,2,1,-1,57,1,58,-1,23,22,24,-1,24,22,59,-1,24,59,35,-1,60,61,62,-1,62,61,63,-1,62,63,64,-1,64,63,65,-1,64,65,66,-1,66,65,67,-1,66,67,68,-1,68,67,69,-1,68,69,70,-1,44,71,46,-1,46,71,72,-1,46,72,73,-1,73,72,74,-1,73,74,75,-1,75,74,76,-1,75,76,77,-1,77,76,78,-1,77,78,79,-1,79,78,80,-1,79,80,81,-1,81,80,82,-1,81,82,60,-1,60,82,83,-1,60,83,61,-1,84,85,86,-1,86,85,87,-1,86,87,41,-1,41,87,88,-1,41,88,39,-1,89,90,91,-1,91,90,92,-1,91,92,93,-1,93,92,94,-1,93,94,95,-1,95,94,96,-1,95,96,97,-1,97,96,98,-1,97,98,13,-1,13,98,99,-1,13,99,14,-1,18,100,19,-1,19,100,101,-1,19,101,102,-1,102,101,103,-1,102,103,104,-1,104,103,105,-1,104,105,106,-1,106,105,107,-1,106,107,108,-1,108,107,109,-1,108,109,110,-1,110,109,111,-1,110,111,112,-1,112,111,113,-1,112,113,114,-1,114,113,115,-1,114,115,116,-1,116,115,117,-1,116,117,118,-1,118,117,119,-1,118,119,1,-1,1,119,120,-1,1,120,58,-1,51,50,121,-1,121,50,122,-1,121,122,123,-1,123,122,124,-1,123,124,125,-1,125,124,126,-1,125,126,127,-1,127,126,128,-1,127,128,84,-1,84,128,129,-1,84,129,85,-1,5,130,3,-1,3,130,131,-1,3,131,132,-1,132,131,133,-1,132,133,134,-1,134,133,135,-1,134,135,89,-1,89,135,136,-1,89,136,90,-1,137,138,139,-1,69,140,70,-1,70,140,137,-1,70,137,141,-1,141,137,139,-1,142,143,137,-1,137,143,144,-1,137,144,138,-1,145,146,147,-1,146,148,147,-1,147,148,149,-1,147,149,150,-1,142,137,147,-1,147,137,151,-1,147,151,145,-1,152,46,153,-1,153,46,73,-1,153,73,154,-1,154,73,75,-1,154,75,155,-1,155,75,77,-1,155,77,156,-1,152,157,46,-1,46,157,158,-1,46,158,45,-1,45,158,159,-1,45,159,43,-1,43,159,160,-1,43,160,41,-1,41,160,161,-1,41,161,86,-1,86,161,162,-1,86,162,84,-1,84,162,127,-1,127,162,163,-1,163,164,127,-1,127,164,165,-1,127,165,125,-1,125,165,166,-1,125,166,123,-1,123,166,167,-1,123,167,121,-1,121,167,168,-1,121,168,51,-1,51,168,49,-1,49,168,169,-1,49,169,170,-1,49,170,171,-1,49,171,47,-1,47,171,172,-1,47,172,6,-1,6,172,173,-1,6,173,54,-1,54,173,174,-1,54,174,16,-1,16,174,175,-1,16,175,5,-1,5,175,176,-1,5,176,130,-1,130,176,177,-1,130,177,131,-1,131,177,178,-1,131,178,133,-1,136,135,179,-1,179,135,133,-1,179,133,178,-1,179,180,136,-1,136,180,181,-1,136,181,90,-1,90,181,182,-1,182,183,90,-1,90,183,184,-1,90,184,92,-1,92,184,185,-1,92,185,94,-1,94,185,186,-1,94,186,96,-1,96,186,187,-1,96,187,98,-1,98,187,188,-1,98,188,99,-1,99,188,189,-1,99,189,14,-1,14,189,190,-1,14,190,15,-1,15,190,191,-1,15,191,0,-1,191,192,0,-1,0,192,193,-1,0,193,1,-1,1,193,194,-1,1,194,118,-1,118,194,195,-1,118,195,116,-1,195,196,116,-1,116,196,197,-1,116,197,114,-1,114,197,198,-1,114,198,112,-1,199,9,19,-1,112,198,200,-1,201,108,200,-1,200,108,110,-1,200,110,112,-1,201,202,108,-1,108,202,203,-1,108,203,106,-1,106,203,204,-1,106,204,104,-1,104,204,205,-1,104,205,102,-1,102,205,206,-1,102,206,19,-1,19,206,207,-1,19,207,199,-1,10,9,208,-1,208,9,199,-1,20,10,209,-1,209,10,208,-1,21,20,210,-1,210,20,209,-1,22,21,211,-1,211,21,210,-1,22,211,212,-1,22,212,59,-1,59,212,213,-1,59,213,35,-1,35,213,214,-1,35,214,36,-1,36,214,215,-1,36,215,37,-1,37,215,216,-1,37,216,25,-1,25,216,217,-1,25,217,27,-1,27,217,218,-1,27,218,29,-1,29,218,219,-1,29,219,31,-1,31,219,220,-1,31,220,2,-1,2,220,221,-1,2,221,13,-1,13,221,222,-1,13,222,97,-1,97,222,223,-1,97,223,95,-1,95,223,224,-1,95,224,93,-1,93,224,225,-1,93,225,91,-1,89,91,225,-1,225,226,89,-1,89,226,227,-1,89,227,228,-1,229,132,228,-1,228,132,134,-1,228,134,89,-1,229,230,132,-1,132,230,231,-1,132,231,3,-1,3,231,232,-1,3,232,4,-1,4,232,233,-1,4,233,52,-1,52,233,234,-1,52,234,53,-1,53,234,235,-1,53,235,55,-1,55,235,236,-1,55,236,56,-1,56,236,237,-1,56,237,7,-1,7,237,238,-1,7,238,8,-1,8,238,239,-1,8,239,48,-1,48,239,240,-1,48,240,50,-1,50,240,241,-1,50,241,122,-1,122,241,242,-1,122,242,124,-1,124,242,243,-1,124,243,126,-1,126,243,244,-1,126,244,128,-1,128,244,245,-1,128,245,129,-1,129,245,246,-1,129,246,85,-1,85,246,247,-1,85,247,87,-1,87,247,248,-1,87,248,88,-1,88,248,39,-1,39,248,249,-1,39,249,250,-1,40,39,251,-1,251,39,250,-1,40,251,252,-1,40,252,42,-1,42,252,253,-1,42,253,44,-1,44,253,254,-1,44,254,71,-1,71,254,255,-1,71,255,72,-1,72,255,256,-1,72,256,74,-1,256,257,74,-1,74,257,258,-1,74,258,76,-1,76,258,259,-1,76,259,78,-1,78,259,260,-1,78,260,80,-1,80,260,261,-1,80,261,82,-1,82,261,262,-1,82,262,83,-1,83,262,263,-1,83,263,61,-1,61,263,264,-1,61,264,63,-1,63,264,265,-1,63,265,65,-1,65,265,266,-1,65,266,67,-1,69,67,267,-1,267,67,266,-1,69,267,268,-1,69,268,140,-1,140,268,269,-1,140,269,137,-1,137,269,270,-1,137,270,151,-1,151,270,271,-1,151,271,145,-1,145,271,272,-1,145,272,146,-1,146,272,273,-1,146,273,148,-1,148,273,274,-1,148,274,149,-1,149,274,275,-1,149,275,150,-1,150,275,276,-1,150,276,147,-1,147,276,277,-1,147,277,142,-1,142,277,278,-1,142,278,143,-1,143,278,279,-1,143,279,144,-1,144,279,280,-1,144,280,138,-1,138,280,281,-1,138,281,139,-1,139,281,282,-1,139,282,141,-1,141,282,283,-1,141,283,70,-1,70,283,284,-1,70,284,68,-1,66,68,285,-1,285,68,284,-1,66,285,286,-1,66,286,64,-1,64,286,287,-1,64,287,62,-1,62,287,288,-1,62,288,60,-1,60,288,289,-1,60,289,81,-1,81,289,290,-1,81,290,79,-1,79,290,156,-1,79,156,77,-1,23,291,292,-1,23,292,12,-1,12,292,293,-1,12,293,11,-1,11,293,294,-1,11,294,38,-1,38,294,295,-1,38,295,17,-1,17,295,296,-1,17,296,18,-1,18,296,297,-1,18,297,100,-1,100,297,298,-1,100,298,101,-1,101,298,299,-1,101,299,103,-1,103,299,300,-1,103,300,105,-1,105,300,301,-1,105,301,107,-1,107,301,302,-1,107,302,109,-1,109,302,303,-1,109,303,111,-1,111,303,304,-1,111,304,113,-1,113,304,305,-1,113,305,115,-1,115,305,306,-1,115,306,117,-1,117,306,307,-1,117,307,119,-1,119,307,308,-1,119,308,120,-1,120,308,309,-1,120,309,58,-1,58,309,310,-1,58,310,57,-1,57,310,311,-1,57,311,34,-1,34,311,312,-1,34,312,33,-1,33,312,313,-1,33,313,32,-1,32,313,314,-1,32,314,30,-1,30,314,315,-1,30,315,28,-1,28,315,316,-1,28,316,26,-1,26,316,317,-1,26,317,24,-1,24,317,291,-1,24,291,23,-1,
        ]
    }
}
Shape{
    appearance Appearance {
        material  Material 	{
            diffuseColor 1.0 0.9215686274509803 0.8117647058823529
            specularColor 0.5019607843137255 0.4588235294117647 0.403921568627451
            ambientIntensity 0.2
            transparency 0
            shininess 0.5
        }
    }
    geometry IndexedFaceSet {
        ccw TRUE
        solid FALSE
        coord DEF co Coordinate {
            point [
                0.3348 1.0492 0.3799, 0.3488 1.0492 0.4185, 0.3512 1.0492 0.4159, 0.3338 1.0492 0.4243, 0.3393 1.0492 0.4236, 0.3443 1.0492 0.4216, 0.3549 1.0492 0.3949, 0.3526 1.0492 0.3901, 0.3494 1.0492 0.3863, 0.3299 1.0492 0.4239, 0.3338 1.0492 0.3799, 0.3283 1.0492 0.3806, 0.3199 1.0492 0.4193, 0.319 1.0492 0.3856, 0.316 1.0492 0.4154, 0.3155 1.0492 0.3896, 0.3134 1.0492 0.4108, 0.3234 1.0492 0.3825, 0.3246 1.0492 0.4222, 0.3541 1.0492 0.4111, 0.3557 1.0492 0.4058, 0.356 1.0492 0.4002, 0.3451 1.0492 0.383, 0.3399 1.0492 0.3807, 0.313 1.0492 0.3946, 0.3117 1.0492 0.4001, 0.3119 1.0492 0.4056, 0.3119 1.0492 0.4056
            ]
        }
        coordIndex [
            0,1,2,-1,3,4,0,-1,0,4,5,-1,0,5,1,-1,6,7,2,-1,2,7,8,-1,3,0,9,-1,9,0,10,-1,9,10,11,-1,12,13,14,-1,14,13,15,-1,14,15,16,-1,11,17,9,-1,9,17,13,-1,9,13,18,-1,18,13,12,-1,19,20,2,-1,2,20,21,-1,2,21,6,-1,8,22,2,-1,2,22,23,-1,2,23,0,-1,24,25,15,-1,15,25,26,-1,15,26,16,-1,
        ]
    }
}