ISO-10303-21;
HEADER;
FILE_DESCRIPTION (( 'STEP AP214' ),
    '1' );
FILE_NAME ('CONN-SMD_1x2P-L9.7-W9.9-H3.9-P3.0.step',
    '2021-08-14T06:56:33',
    ( '' ),
    ( '' ),
    'SwSTEP 2.0',
    'SolidWorks 2020',
    '' );
FILE_SCHEMA (( 'AUTOMOTIVE_DESIGN' ));
ENDSEC;

DATA;
#1 = ORIENTED_EDGE ( 'NONE', *, *, #702, .T. ) ;
#2 = DIRECTION ( 'NONE',  ( 1.000000000000000000, 0.000000000000000000, -2.891205793294684243E-16 ) ) ;
#3 = AXIS2_PLACEMENT_3D ( 'NONE', #11458, #736, #4678 ) ;
#4 = CARTESIAN_POINT ( 'NONE',  ( 1.792682926829265666, -8.013671570728277516, 0.000000000000000000 ) ) ;
#5 = CARTESIAN_POINT ( 'NONE',  ( 2.685911678932952906, -7.563968083215018900, 0.01000000000000000021 ) ) ;
#6 = ORIENTED_EDGE ( 'NONE', *, *, #11705, .T. ) ;
#7 = PRESENTATION_LAYER_ASSIGNMENT (  '', '', ( #5671 ) ) ;
#8 =( LENGTH_UNIT ( ) NAMED_UNIT ( * ) SI_UNIT ( .MILLI., .METRE. ) );
#9 = ADVANCED_FACE ( 'NONE', ( #8121 ), #10787, .T. ) ;
#10 = CARTESIAN_POINT ( 'NONE',  ( 5.224999999999989875, -4.884999999999999787, -0.01000000000000000021 ) ) ;
#11 =( NAMED_UNIT ( * ) PLANE_ANGLE_UNIT ( ) SI_UNIT ( $, .RADIAN. ) );
#12 = FACE_BOUND ( 'NONE', #4374, .T. ) ;
#13 = PRESENTATION_STYLE_ASSIGNMENT (( #6481 ) ) ;
#14 =( LENGTH_UNIT ( ) NAMED_UNIT ( * ) SI_UNIT ( .MILLI., .METRE. ) );
#15 = VECTOR ( 'NONE', #8364, 1000.000000000000000 ) ;
#16 = AXIS2_PLACEMENT_3D ( 'NONE', #5995, #310, #4121 ) ;
#17 = CARTESIAN_POINT ( 'NONE',  ( 5.524999999999986144, -3.470000000000001528, 2.529999999999998916 ) ) ;
#18 = CARTESIAN_POINT ( 'NONE',  ( 2.209228972315301576, -8.342820054339153302, 0.000000000000000000 ) ) ;
#19 = VERTEX_POINT ( 'NONE', #6163 ) ;
#20 = CARTESIAN_POINT ( 'NONE',  ( -2.224999999999990763, -3.470000000000001528, 2.529999999999998916 ) ) ;
#21 = ORIENTED_EDGE ( 'NONE', *, *, #9354, .T. ) ;
#22 = STYLED_ITEM ( 'NONE', ( #4960 ), #9972 ) ;
#23 = EDGE_CURVE ( 'NONE', #1787, #9887, #294, .T. ) ;
#24 = CARTESIAN_POINT ( 'NONE',  ( 0.3199999999999999512, 0.3200000000000001732, 0.3554264934286703870 ) ) ;
#25 = SURFACE_SIDE_STYLE ('',( #4899 ) ) ;
#26 = CARTESIAN_POINT ( 'NONE',  ( 2.121951219512192566, -8.303305717069740410, 0.01000000000000000021 ) ) ;
#27 = FILL_AREA_STYLE ('',( #900 ) ) ;
#28 =( LENGTH_UNIT ( ) NAMED_UNIT ( * ) SI_UNIT ( .MILLI., .METRE. ) );
#29 = EDGE_LOOP ( 'NONE', ( #4909, #8935, #566, #6183 ) ) ;
#30 = DIRECTION ( 'NONE',  ( -1.000000000000000000, 1.084202172485504434E-16, 0.000000000000000000 ) ) ;
#31 = VERTEX_POINT ( 'NONE', #2174 ) ;
#32 = STYLED_ITEM ( 'NONE', ( #2689 ), #8391 ) ;
#33 = ORIENTED_EDGE ( 'NONE', *, *, #5064, .F. ) ;
#34 = CARTESIAN_POINT ( 'NONE',  ( 2.779999999999999805, 2.429999999999997939, -2.109999999999999432 ) ) ;
#35 = ORIENTED_EDGE ( 'NONE', *, *, #82, .F. ) ;
#36 = ORIENTED_EDGE ( 'NONE', *, *, #542, .T. ) ;
#37 = ORIENTED_EDGE ( 'NONE', *, *, #5932, .T. ) ;
#38 = CARTESIAN_POINT ( 'NONE',  ( 2.680000000000000160, 0.3199999999999991185, 1.370310825858947590 ) ) ;
#39 = VECTOR ( 'NONE', #5964, 1000.000000000000000 ) ;
#40 = SURFACE_SIDE_STYLE ('',( #4857 ) ) ;
#41 = LINE ( 'NONE', #9794, #9020 ) ;
#42 = LINE ( 'NONE', #5054, #1949 ) ;
#43 = DIRECTION ( 'NONE',  ( 0.000000000000000000, -2.195852501236467750E-16, -1.000000000000000000 ) ) ;
#44 = ORIENTED_EDGE ( 'NONE', *, *, #2912, .T. ) ;
#45 = CARTESIAN_POINT ( 'NONE',  ( 2.650000000000000799, 0.5299999999999988054, 3.360000000000000320 ) ) ;
#46 = LINE ( 'NONE', #4644, #3620 ) ;
#47 =( NAMED_UNIT ( * ) SI_UNIT ( $, .STERADIAN. ) SOLID_ANGLE_UNIT ( ) );
#48 =( NAMED_UNIT ( * ) SI_UNIT ( $, .STERADIAN. ) SOLID_ANGLE_UNIT ( ) );
#49 = ORIENTED_EDGE ( 'NONE', *, *, #3483, .F. ) ;
#50 =( GEOMETRIC_REPRESENTATION_CONTEXT ( 3 ) GLOBAL_UNCERTAINTY_ASSIGNED_CONTEXT ( ( #2654 ) ) GLOBAL_UNIT_ASSIGNED_CONTEXT ( ( #3921, #7776, #11599 ) ) REPRESENTATION_CONTEXT ( 'NONE', 'WORKASPACE' ) );
#51 = PLANE ( 'NONE',  #8480 ) ;
#52 = CARTESIAN_POINT ( 'NONE',  ( 4.927962312940882939, -3.470000000000001528, 1.329999999999999183 ) ) ;
#53 = ORIENTED_EDGE ( 'NONE', *, *, #11018, .F. ) ;
#54 = SURFACE_STYLE_USAGE ( .BOTH. , #12480 ) ;
#55 = DIRECTION ( 'NONE',  ( 1.000000000000000000, 0.000000000000000000, 0.000000000000000000 ) ) ;
#56 = VECTOR ( 'NONE', #11901, 1000.000000000000000 ) ;
#57 = SURFACE_SIDE_STYLE ('',( #816 ) ) ;
#58 = CARTESIAN_POINT ( 'NONE',  ( -0.3199999999999999512, 1.862871818038229543, 0.1399999999999999301 ) ) ;
#59 = EDGE_CURVE ( 'NONE', #6602, #6907, #4219, .T. ) ;
#60 = VECTOR ( 'NONE', #8708, 1000.000000000000114 ) ;
#61 = CARTESIAN_POINT ( 'NONE',  ( 0.3199999999999999512, 0.5354264934286704358, 0.3554264934286704425 ) ) ;
#62 = ADVANCED_FACE ( 'NONE', ( #3242 ), #4161, .F. ) ;
#63 = UNCERTAINTY_MEASURE_WITH_UNIT (LENGTH_MEASURE( 1.000000000000000082E-05 ), #1963, 'distance_accuracy_value', 'NONE');
#64 = PRESENTATION_LAYER_ASSIGNMENT (  '', '', ( #2664 ) ) ;
#65 = ORIENTED_EDGE ( 'NONE', *, *, #11624, .F. ) ;
#66 = EDGE_CURVE ( 'NONE', #10299, #810, #5707, .T. ) ;
#67 = DIRECTION ( 'NONE',  ( 0.000000000000000000, 0.000000000000000000, -1.000000000000000000 ) ) ;
#68 = DIRECTION ( 'NONE',  ( 7.675767592817732391E-16, 0.000000000000000000, 1.000000000000000000 ) ) ;
#69 = VECTOR ( 'NONE', #3749, 1000.000000000000000 ) ;
#70 = CARTESIAN_POINT ( 'NONE',  ( 2.865853658536582582, -7.983755412191692713, 5.082197683525802034E-18 ) ) ;
#71 = ORIENTED_EDGE ( 'NONE', *, *, #5121, .F. ) ;
#72 = LINE ( 'NONE', #3147, #3190 ) ;
#73 = SURFACE_SIDE_STYLE ('',( #5765 ) ) ;
#74 = FILL_AREA_STYLE_COLOUR ( '', #9247 ) ;
#75 = CARTESIAN_POINT ( 'NONE',  ( 5.524999999999986144, -6.170000000000001705, -2.602085213965210642E-15 ) ) ;
#76 = VECTOR ( 'NONE', #600, 1000.000000000000000 ) ;
#77 = PRESENTATION_STYLE_ASSIGNMENT (( #6577 ) ) ;
#78 = LINE ( 'NONE', #3033, #11605 ) ;
#79 = CARTESIAN_POINT ( 'NONE',  ( 4.927962312940882939, -7.419999999999996376, 2.929999999999999272 ) ) ;
#80 = CARTESIAN_POINT ( 'NONE',  ( 3.000000000000000000, 2.429999999999997939, 0.04000000000000010492 ) ) ;
#81 = CARTESIAN_POINT ( 'NONE',  ( 1.792682926829265666, -8.355134985362424160, 0.01000000000000000021 ) ) ;
#82 = EDGE_CURVE ( 'NONE', #445, #3389, #12074, .T. ) ;
#83 = SURFACE_STYLE_FILL_AREA ( #10765 ) ;
#84 = VERTEX_POINT ( 'NONE', #11424 ) ;
#85 =( NAMED_UNIT ( * ) PLANE_ANGLE_UNIT ( ) SI_UNIT ( $, .RADIAN. ) );
#86 = CARTESIAN_POINT ( 'NONE',  ( -0.4390243902439051049, -8.464891082923399424, 0.01000000000000000021 ) ) ;
#87 = DIRECTION ( 'NONE',  ( -3.938574995911014546E-16, 1.000000000000000000, -3.414809992080328037E-16 ) ) ;
#88 =( LENGTH_UNIT ( ) NAMED_UNIT ( * ) SI_UNIT ( .MILLI., .METRE. ) );
#89 = CARTESIAN_POINT ( 'NONE',  ( 5.524999999999986144, -0.9700000000000019718, 1.329999999999998739 ) ) ;
#90 = VERTEX_POINT ( 'NONE', #11088 ) ;
#91 = VECTOR ( 'NONE', #7653, 1000.000000000000000 ) ;
#92 = DIRECTION ( 'NONE',  ( 1.000000000000000000, 0.000000000000000000, -0.000000000000000000 ) ) ;
#93 = ORIENTED_EDGE ( 'NONE', *, *, #8988, .T. ) ;
#94 = EDGE_CURVE ( 'NONE', #3730, #11004, #6291, .T. ) ;
#95 = VERTEX_POINT ( 'NONE', #3430 ) ;
#96 = DIRECTION ( 'NONE',  ( 0.000000000000000000, 0.000000000000000000, 1.000000000000000000 ) ) ;
#97 = DIRECTION ( 'NONE',  ( 0.000000000000000000, -1.000000000000000000, 1.097926250618233875E-16 ) ) ;
#98 = EDGE_LOOP ( 'NONE', ( #7684, #11787, #11589, #10700 ) ) ;
#99 = VERTEX_POINT ( 'NONE', #4476 ) ;
#100 = CARTESIAN_POINT ( 'NONE',  ( -2.626372070731854524, -4.885000000000001563, -0.4999999999999995559 ) ) ;
#101 = MECHANICAL_DESIGN_GEOMETRIC_PRESENTATION_REPRESENTATION (  '', ( #4534 ), #7377 ) ;
#102 = ORIENTED_EDGE ( 'NONE', *, *, #5825, .T. ) ;
#103 = FILL_AREA_STYLE ('',( #8399 ) ) ;
#104 = PRESENTATION_LAYER_ASSIGNMENT (  '', '', ( #308 ) ) ;
#105 = CARTESIAN_POINT ( 'NONE',  ( 1.249999999999996003, -0.9700000000000014166, 0.5000000000000004441 ) ) ;
#106 =( LENGTH_UNIT ( ) NAMED_UNIT ( * ) SI_UNIT ( .MILLI., .METRE. ) );
#107 = DIRECTION ( 'NONE',  ( -1.000000000000000000, 0.000000000000000000, -0.000000000000000000 ) ) ;
#108 = DIRECTION ( 'NONE',  ( 1.000000000000000000, 1.348230680810990322E-16, 0.000000000000000000 ) ) ;
#109 = DIRECTION ( 'NONE',  ( 1.000000000000000000, 0.000000000000000000, 0.000000000000000000 ) ) ;
#110 = LINE ( 'NONE', #6988, #6816 ) ;
#111 = ORIENTED_EDGE ( 'NONE', *, *, #9270, .T. ) ;
#112 = VERTEX_POINT ( 'NONE', #12367 ) ;
#113 = CARTESIAN_POINT ( 'NONE',  ( 0.8714654019478792479, -7.575511916312676952, 0.000000000000000000 ) ) ;
#114 = SURFACE_STYLE_USAGE ( .BOTH. , #5058 ) ;
#115 = MECHANICAL_DESIGN_GEOMETRIC_PRESENTATION_REPRESENTATION (  '', ( #3747 ), #1120 ) ;
#116 = DIRECTION ( 'NONE',  ( -0.7071067811865487940, -0.7071067811865463515, 0.000000000000000000 ) ) ;
#117 = VERTEX_POINT ( 'NONE', #11486 ) ;
#118 =( LENGTH_UNIT ( ) NAMED_UNIT ( * ) SI_UNIT ( .MILLI., .METRE. ) );
#119 = FILL_AREA_STYLE_COLOUR ( '', #9766 ) ;
#120 = CARTESIAN_POINT ( 'NONE',  ( 6.324999999999997513, 1.029999999999998028, -0.5000000000000000000 ) ) ;
#121 = STYLED_ITEM ( 'NONE', ( #8456 ), #3250 ) ;
#122 = DIRECTION ( 'NONE',  ( 0.000000000000000000, -1.000000000000000000, -7.478108553735037092E-16 ) ) ;
#123 = COLOUR_RGB ( '',0.6470588235294117974, 0.6196078431372549211, 0.5882352941176470784 ) ;
#124 = DIRECTION ( 'NONE',  ( 0.000000000000000000, 0.000000000000000000, -1.000000000000000000 ) ) ;
#125 = CARTESIAN_POINT ( 'NONE',  ( 2.680000000000000160, -0.5596891741410527921, 1.370310825858947590 ) ) ;
#126 = CARTESIAN_POINT ( 'NONE',  ( 2.121951219512192566, -7.626476448777058437, 0.01000000000000000021 ) ) ;
#127 = ORIENTED_EDGE ( 'NONE', *, *, #1300, .F. ) ;
#128 = DIRECTION ( 'NONE',  ( 3.938574995911015039E-16, -1.000000000000000000, -0.000000000000000000 ) ) ;
#129 = LINE ( 'NONE', #10621, #12427 ) ;
#130 = EDGE_CURVE ( 'NONE', #5914, #2496, #3748, .T. ) ;
#131 = EDGE_CURVE ( 'NONE', #2662, #10051, #6641, .T. ) ;
#132 =( NAMED_UNIT ( * ) PLANE_ANGLE_UNIT ( ) SI_UNIT ( $, .RADIAN. ) );
#133 = ORIENTED_EDGE ( 'NONE', *, *, #4140, .F. ) ;
#134 = UNCERTAINTY_MEASURE_WITH_UNIT (LENGTH_MEASURE( 1.000000000000000082E-05 ), #1452, 'distance_accuracy_value', 'NONE');
#135 = CARTESIAN_POINT ( 'NONE',  ( 0.5388190250271683857, -7.596623970522067282, 6.776263578034402713E-18 ) ) ;
#136 =( NAMED_UNIT ( * ) PLANE_ANGLE_UNIT ( ) SI_UNIT ( $, .RADIAN. ) );
#137 = DIRECTION ( 'NONE',  ( 2.742645811821040800E-16, -1.000000000000000000, 1.734723475976807341E-16 ) ) ;
#138 = CARTESIAN_POINT ( 'NONE',  ( -3.325000000000000178, -3.470000000000001528, 2.529999999999998916 ) ) ;
#139 = SURFACE_STYLE_FILL_AREA ( #1948 ) ;
#140 = EDGE_CURVE ( 'NONE', #5637, #5811, #879, .T. ) ;
#141 = SURFACE_SIDE_STYLE ('',( #7857 ) ) ;
#142 = PRESENTATION_LAYER_ASSIGNMENT (  '', '', ( #8814 ) ) ;
#143 = VECTOR ( 'NONE', #11128, 1000.000000000000000 ) ;
#144 = CARTESIAN_POINT ( 'NONE',  ( 3.463414634146338322, -7.464891082923399424, 0.000000000000000000 ) ) ;
#145 = ADVANCED_FACE ( 'NONE', ( #1484 ), #480, .T. ) ;
#146 = VECTOR ( 'NONE', #4309, 1000.000000000000000 ) ;
#147 = ORIENTED_EDGE ( 'NONE', *, *, #130, .F. ) ;
#148 =( NAMED_UNIT ( * ) SI_UNIT ( $, .STERADIAN. ) SOLID_ANGLE_UNIT ( ) );
#149 = CARTESIAN_POINT ( 'NONE',  ( -1.825000000000001954, -8.920000000000001705, 3.259999999999999787 ) ) ;
#150 = VECTOR ( 'NONE', #9148, 1000.000000000000000 ) ;
#151 = DIRECTION ( 'NONE',  ( 0.000000000000000000, 1.000000000000000000, 0.000000000000000000 ) ) ;
#152 = DIRECTION ( 'NONE',  ( 2.710505431213760099E-16, 1.000000000000000000, 0.000000000000000000 ) ) ;
#153 =( NAMED_UNIT ( * ) SI_UNIT ( $, .STERADIAN. ) SOLID_ANGLE_UNIT ( ) );
#154 = EDGE_CURVE ( 'NONE', #3761, #12019, #11145, .T. ) ;
#155 = AXIS2_PLACEMENT_3D ( 'NONE', #7664, #6511, #11474 ) ;
#156 = ORIENTED_EDGE ( 'NONE', *, *, #362, .T. ) ;
#157 = CARTESIAN_POINT ( 'NONE',  ( -3.325000000000000178, -7.419999999999996376, 0.9999999999999997780 ) ) ;
#158 = ORIENTED_EDGE ( 'NONE', *, *, #10888, .T. ) ;
#159 = VERTEX_POINT ( 'NONE', #6575 ) ;
#160 = ORIENTED_EDGE ( 'NONE', *, *, #7405, .F. ) ;
#161 = CARTESIAN_POINT ( 'NONE',  ( 2.810504424134380841, -7.720986563417787885, 0.01000000000000000021 ) ) ;
#162 = LINE ( 'NONE', #5792, #9478 ) ;
#163 = PRESENTATION_LAYER_ASSIGNMENT (  '', '', ( #10272 ) ) ;
#164 = SURFACE_STYLE_FILL_AREA ( #3897 ) ;
#165 = ORIENTED_EDGE ( 'NONE', *, *, #1527, .T. ) ;
#166 = EDGE_LOOP ( 'NONE', ( #9713, #7889, #11846, #9578 ) ) ;
#167 = VERTEX_POINT ( 'NONE', #4759 ) ;
#168 = MECHANICAL_DESIGN_GEOMETRIC_PRESENTATION_REPRESENTATION (  '', ( #1746 ), #5012 ) ;
#169 = SURFACE_STYLE_USAGE ( .BOTH. , #2112 ) ;
#170 = SURFACE_STYLE_FILL_AREA ( #8825 ) ;
#171 = PRESENTATION_LAYER_ASSIGNMENT (  '', '', ( #4823 ) ) ;
#172 = VECTOR ( 'NONE', #5350, 1000.000000000000000 ) ;
#173 = EDGE_CURVE ( 'NONE', #8077, #6602, #5358, .T. ) ;
#174 = CARTESIAN_POINT ( 'NONE',  ( 0.3199999999999999512, 0.3199999999999991185, 1.370310825858947590 ) ) ;
#175 = DIRECTION ( 'NONE',  ( -1.000000000000000000, -1.596371296911168195E-16, 2.769262765127345574E-32 ) ) ;
#176 = CLOSED_SHELL ( 'NONE', ( #9735, #11187, #4322, #62, #11540, #7739, #2756, #10942, #1886, #1675, #8386, #3946, #1252, #9048, #1877, #2223, #10719, #10645, #10416, #10897, #10353, #2826, #9971, #4779, #8829, #11333, #11347, #3124, #4848, #7804, #7478, #6931, #6168, #5704, #9287, #8493, #11374, #5807, #4183, #1285, #7528, #1052, #534, #8391, #1693, #8874, #10257, #2659, #6867, #7656, #3065, #4279, #8954, #8511, #757, #4175, #3123, #10686, #9414, #11888, #10881, #7097, #1371, #1990, #856, #9, #8720, #10065, #7003, #4208, #12317, #10115, #9742, #10207, #2629, #11314, #11430, #7263, #6613, #740, #9972, #11700, #5773, #1972, #3703, #6152, #4254, #3871, #6417, #4267, #5003, #2063, #11947, #10290, #3218, #5580, #1600, #6360, #5199, #11398, #6469, #12271, #370, #3622, #8736, #11464, #2377, #5163, #10727, #6805, #10443, #2733, #4942, #680, #11215, #12005, #3781, #6951, #4731, #11667, #193, #4798, #4938, #1286, #12161, #10913, #10813, #12072, #10131, #5018, #10809, #9645, #1216, #1671, #7021, #5888, #8208, #1968, #292, #1145, #11199, #8542, #4441, #2166, #11418, #9330, #8551, #1731, #4870, #4338, #6549, #10125, #2983, #5247, #2514, #10510, #7339, #5495, #10652, #777, #3520, #2616, #6262, #4398, #7752, #12358, #5646, #2789, #4503, #5443, #295, #8407, #1018, #3059, #1296, #3368, #6487, #12228, #985, #3250, #2510, #12099, #8794, #5592, #6402, #11937, #11934, #744, #145, #8470, #829, #4473, #7035, #8096, #5403, #5087, #2301, #10492, #10524, #11943, #9683, #9903, #6344, #8232, #6157, #9911, #4648, #6939, #4091, #8027, #6086, #8312, #3940, #1490, #5768, #12025, #3523, #5863, #2315, #3525, #4089, #7171, #5774, #3455, #8936, #4940, #300, #7321, #9722, #10584, #12009, #6545, #3394, #3443, #4527, #4249, #5942, #5260, #5366, #9304, #4037, #10943, #8392, #488, #4562, #1076, #9807, #11070, #11554, #10196, #9774, #10644, #605, #3280, #7794, #1150, #10423, #4635, #2216, #6087, #3576, #8128, #12464, #9506, #5979, #3006, #9101, #471, #3686, #8934, #5417, #4872, #7972, #3923, #743, #9990, #12455, #6250, #3802 ) ) ;
#177 = STYLED_ITEM ( 'NONE', ( #7370 ), #4398 ) ;
#178 = FILL_AREA_STYLE_COLOUR ( '', #8221 ) ;
#179 = ORIENTED_EDGE ( 'NONE', *, *, #8114, .T. ) ;
#180 = EDGE_LOOP ( 'NONE', ( #5263, #7330, #9084, #10585 ) ) ;
#181 = FACE_OUTER_BOUND ( 'NONE', #714, .T. ) ;
#182 = CARTESIAN_POINT ( 'NONE',  ( 0.2200000000000001399, 2.429999999999997939, -2.109999999999999432 ) ) ;
#183 = MANIFOLD_SOLID_BREP ( '¾µÏò7', #176 ) ;
#184 = PRESENTATION_LAYER_ASSIGNMENT (  '', '', ( #5643 ) ) ;
#185 = PLANE ( 'NONE',  #5472 ) ;
#186 = CARTESIAN_POINT ( 'NONE',  ( 0.4999999999999970024, -6.419999999999999929, 5.059999999999999609 ) ) ;
#187 = ORIENTED_EDGE ( 'NONE', *, *, #331, .T. ) ;
#188 = PLANE ( 'NONE',  #627 ) ;
#189 = COLOUR_RGB ( '',0.6470588235294117974, 0.6196078431372549211, 0.5882352941176470784 ) ;
#190 =( LENGTH_UNIT ( ) NAMED_UNIT ( * ) SI_UNIT ( .MILLI., .METRE. ) );
#191 = CARTESIAN_POINT ( 'NONE',  ( -0.1382434669982376685, -7.643866907615093353, 0.01000000000000000021 ) ) ;
#192 = VECTOR ( 'NONE', #9014, 1000.000000000000000 ) ;
#193 = ADVANCED_FACE ( 'NONE', ( #8183 ), #7243, .F. ) ;
#194 = PLANE ( 'NONE',  #1006 ) ;
#195 =( LENGTH_UNIT ( ) NAMED_UNIT ( * ) SI_UNIT ( .MILLI., .METRE. ) );
#196 =( LENGTH_UNIT ( ) NAMED_UNIT ( * ) SI_UNIT ( .MILLI., .METRE. ) );
#197 = STYLED_ITEM ( 'NONE', ( #9970 ), #7528 ) ;
#198 = DIRECTION ( 'NONE',  ( -0.000000000000000000, -0.000000000000000000, -1.000000000000000000 ) ) ;
#199 = ORIENTED_EDGE ( 'NONE', *, *, #1061, .F. ) ;
#200 = LINE ( 'NONE', #393, #3264 ) ;
#201 = ORIENTED_EDGE ( 'NONE', *, *, #5713, .F. ) ;
#202 =( LENGTH_UNIT ( ) NAMED_UNIT ( * ) SI_UNIT ( .MILLI., .METRE. ) );
#203 = CARTESIAN_POINT ( 'NONE',  ( 0.6613270293543624945, -7.515669621914044640, 0.01000000000000000021 ) ) ;
#204 = CARTESIAN_POINT ( 'NONE',  ( -1.825000000000003508, -3.470000000000001528, 2.929999999999998384 ) ) ;
#205 = SURFACE_STYLE_FILL_AREA ( #3032 ) ;
#206 = SURFACE_STYLE_FILL_AREA ( #5081 ) ;
#207 = SURFACE_STYLE_FILL_AREA ( #8796 ) ;
#209 = AXIS2_PLACEMENT_3D ( 'NONE', #5436, #4672, #7574 ) ;
#208 = CARTESIAN_POINT ( 'NONE',  ( 0.3986925413281797725, -7.847054861497317013, 0.01000000000000000021 ) ) ;
#210 = SURFACE_SIDE_STYLE ('',( #9954 ) ) ;
#211 = FACE_OUTER_BOUND ( 'NONE', #1566, .T. ) ;
#212 = EDGE_CURVE ( 'NONE', #5505, #2532, #9889, .T. ) ;
#213 = PRESENTATION_LAYER_ASSIGNMENT (  '', '', ( #11485 ) ) ;
#214 = ORIENTED_EDGE ( 'NONE', *, *, #9813, .F. ) ;
#215 = CARTESIAN_POINT ( 'NONE',  ( 2.356135670731704490, -7.562452058533155608, 0.01000000000000000021 ) ) ;
#216 = PRESENTATION_LAYER_ASSIGNMENT (  '', '', ( #10903 ) ) ;
#217 = CARTESIAN_POINT ( 'NONE',  ( 2.731429497223041292, -7.990183020326488084, -0.000000000000000000 ) ) ;
#218 = CARTESIAN_POINT ( 'NONE',  ( -8.577962312940892176, -2.170000000000001705, 1.329999999999998961 ) ) ;
#219 = LINE ( 'NONE', #11882, #7856 ) ;
#220 = FACE_OUTER_BOUND ( 'NONE', #5507, .T. ) ;
#221 = ORIENTED_EDGE ( 'NONE', *, *, #257, .T. ) ;
#222 =( GEOMETRIC_REPRESENTATION_CONTEXT ( 3 ) GLOBAL_UNCERTAINTY_ASSIGNED_CONTEXT ( ( #11998 ) ) GLOBAL_UNIT_ASSIGNED_CONTEXT ( ( #7387, #2427, #12028 ) ) REPRESENTATION_CONTEXT ( 'NONE', 'WORKASPACE' ) );
#223 = EDGE_CURVE ( 'NONE', #5811, #8543, #10754, .T. ) ;
#224 = CARTESIAN_POINT ( 'NONE',  ( 2.649999999999999911, -0.4700000000000016387, 0.4999999999999970024 ) ) ;
#225 = EDGE_CURVE ( 'NONE', #11162, #2993, #2895, .T. ) ;
#226 = VECTOR ( 'NONE', #5552, 1000.000000000000000 ) ;
#227 = CARTESIAN_POINT ( 'NONE',  ( -8.577962312940892176, -0.9700000000000019718, 1.329999999999998739 ) ) ;
#228 =( LENGTH_UNIT ( ) NAMED_UNIT ( * ) SI_UNIT ( .MILLI., .METRE. ) );
#229 = STYLED_ITEM ( 'NONE', ( #2585 ), #10065 ) ;
#230 = EDGE_CURVE ( 'NONE', #3841, #12400, #2203, .T. ) ;
#231 = FILL_AREA_STYLE_COLOUR ( '', #5269 ) ;
#232 = ORIENTED_EDGE ( 'NONE', *, *, #4967, .T. ) ;
#233 = ORIENTED_EDGE ( 'NONE', *, *, #10195, .T. ) ;
#234 = CARTESIAN_POINT ( 'NONE',  ( 9.904425398702266160E-15, -7.419999999999994600, -7.918185427698267217E-30 ) ) ;
#235 = ORIENTED_EDGE ( 'NONE', *, *, #3132, .T. ) ;
#236 = CARTESIAN_POINT ( 'NONE',  ( 2.369685032596215102, -7.562743394619133142, 0.01000000000000000021 ) ) ;
#237 = PRESENTATION_STYLE_ASSIGNMENT (( #6233 ) ) ;
#238 = CARTESIAN_POINT ( 'NONE',  ( 2.378620426829265444, -8.367330107313643239, 0.01000000000000000021 ) ) ;
#239 = DIRECTION ( 'NONE',  ( 1.000000000000000000, -1.156482317317872711E-15, 0.000000000000000000 ) ) ;
#240 = EDGE_LOOP ( 'NONE', ( #199, #11825, #7261, #4976 ) ) ;
#241 = VERTEX_POINT ( 'NONE', #3999 ) ;
#242 =( LENGTH_UNIT ( ) NAMED_UNIT ( * ) SI_UNIT ( .MILLI., .METRE. ) );
#243 = FACE_OUTER_BOUND ( 'NONE', #10707, .T. ) ;
#244 = EDGE_CURVE ( 'NONE', #4114, #6302, #10692, .T. ) ;
#245 = CARTESIAN_POINT ( 'NONE',  ( 2.544919053398652764, -8.458940851468476296, 6.776263578034402713E-18 ) ) ;
#246 = CARTESIAN_POINT ( 'NONE',  ( 2.121951219512192566, -8.413061814630715674, 0.000000000000000000 ) ) ;
#247 = ORIENTED_EDGE ( 'NONE', *, *, #823, .F. ) ;
#248 = PLANE ( 'NONE',  #16 ) ;
#249 = STYLED_ITEM ( 'NONE', ( #10287 ), #8551 ) ;
#250 = CARTESIAN_POINT ( 'NONE',  ( 0.000000000000000000, 0.000000000000000000, 0.000000000000000000 ) ) ;
#251 = CARTESIAN_POINT ( 'NONE',  ( 1.269999999999999130, -1.420000000000001039, 0.6599999999999995870 ) ) ;
#252 = DIRECTION ( 'NONE',  ( 1.000000000000000000, -0.000000000000000000, -0.000000000000000000 ) ) ;
#253 = CARTESIAN_POINT ( 'NONE',  ( 1.729999999999999316, -1.420000000000001039, 3.199999999999999734 ) ) ;
#254 = CARTESIAN_POINT ( 'NONE',  ( 2.499999999999996891, -6.419999999999999929, 3.859999999999999876 ) ) ;
#255 = VECTOR ( 'NONE', #12166, 1000.000000000000000 ) ;
#256 = ORIENTED_EDGE ( 'NONE', *, *, #8347, .F. ) ;
#257 = EDGE_CURVE ( 'NONE', #9137, #11447, #72, .T. ) ;
#258 = LINE ( 'NONE', #11926, #5601 ) ;
#259 = CARTESIAN_POINT ( 'NONE',  ( -3.903127820947815962E-15, -0.9700000000000020828, 0.000000000000000000 ) ) ;
#260 = ORIENTED_EDGE ( 'NONE', *, *, #7495, .F. ) ;
#261 = CARTESIAN_POINT ( 'NONE',  ( -2.525000000000000799, -0.9700000000000023048, -0.5000000000000000000 ) ) ;
#262 = CARTESIAN_POINT ( 'NONE',  ( 0.4474525682208887467, -7.708785703275868428, 0.01000000000000000021 ) ) ;
#263 = DIRECTION ( 'NONE',  ( 1.000000000000000000, 1.371322905910519660E-16, -8.537024980200821325E-17 ) ) ;
#264 = VECTOR ( 'NONE', #5997, 1000.000000000000000 ) ;
#265 = CARTESIAN_POINT ( 'NONE',  ( -3.325000000000000178, -7.419999999999996376, 0.9299999999999996048 ) ) ;
#266 = LINE ( 'NONE', #8983, #3545 ) ;
#267 = SURFACE_STYLE_USAGE ( .BOTH. , #9895 ) ;
#268 = SURFACE_STYLE_FILL_AREA ( #11809 ) ;
#269 = CARTESIAN_POINT ( 'NONE',  ( 0.8057011334433490379, -7.472202428830459375, 0.01000000000000000021 ) ) ;
#270 = VECTOR ( 'NONE', #4807, 1000.000000000000000 ) ;
#271 =( LENGTH_UNIT ( ) NAMED_UNIT ( * ) SI_UNIT ( .MILLI., .METRE. ) );
#272 = COLOUR_RGB ( '',0.6470588235294117974, 0.6196078431372549211, 0.5882352941176470784 ) ;
#273 = CARTESIAN_POINT ( 'NONE',  ( 1.390243902439021628, -8.355134985362424160, 0.01000000000000000021 ) ) ;
#274 = MECHANICAL_DESIGN_GEOMETRIC_PRESENTATION_REPRESENTATION (  '', ( #7943 ), #2466 ) ;
#275 = ORIENTED_EDGE ( 'NONE', *, *, #8418, .T. ) ;
#276 = DIRECTION ( 'NONE',  ( 0.000000000000000000, 0.000000000000000000, 1.000000000000000000 ) ) ;
#277 = FILL_AREA_STYLE_COLOUR ( '', #8037 ) ;
#278 = VECTOR ( 'NONE', #2778, 1000.000000000000000 ) ;
#279 = DIRECTION ( 'NONE',  ( -0.000000000000000000, -7.478108553735038078E-16, 1.000000000000000000 ) ) ;
#280 = DIRECTION ( 'NONE',  ( -1.000000000000000000, 0.000000000000000000, 0.000000000000000000 ) ) ;
#281 = CARTESIAN_POINT ( 'NONE',  ( 4.127219230472783328E-17, -0.4700000000000016387, 1.299682133541857576 ) ) ;
#282 = FILL_AREA_STYLE ('',( #8998 ) ) ;
#283 = SURFACE_STYLE_FILL_AREA ( #9961 ) ;
#284 = CARTESIAN_POINT ( 'NONE',  ( -2.525000000000000355, 1.029999999999998028, -0.5000000000000000000 ) ) ;
#285 = VERTEX_POINT ( 'NONE', #2080 ) ;
#286 = DIRECTION ( 'NONE',  ( -1.000000000000000000, 0.000000000000000000, 0.000000000000000000 ) ) ;
#287 = FILL_AREA_STYLE_COLOUR ( '', #8838 ) ;
#288 = CARTESIAN_POINT ( 'NONE',  ( 2.410771652509240415, -7.453940562363999156, 0.01000000000000000021 ) ) ;
#289 =( NAMED_UNIT ( * ) SI_UNIT ( $, .STERADIAN. ) SOLID_ANGLE_UNIT ( ) );
#290 = ORIENTED_EDGE ( 'NONE', *, *, #9105, .F. ) ;
#291 = ORIENTED_EDGE ( 'NONE', *, *, #6555, .T. ) ;
#292 = ADVANCED_FACE ( 'NONE', ( #5076 ), #8855, .T. ) ;
#293 = DIRECTION ( 'NONE',  ( -1.371322905910519414E-16, 1.000000000000000000, -0.000000000000000000 ) ) ;
#294 = LINE ( 'NONE', #3115, #10464 ) ;
#295 = ADVANCED_FACE ( 'NONE', ( #8789 ), #2141, .F. ) ;
#296 = PLANE ( 'NONE',  #7038 ) ;
#297 = DIRECTION ( 'NONE',  ( -3.252606517456513302E-16, -1.000000000000000000, 0.000000000000000000 ) ) ;
#298 = FACE_OUTER_BOUND ( 'NONE', #7822, .T. ) ;
#299 = DIRECTION ( 'NONE',  ( 0.000000000000000000, -1.000000000000000000, 0.000000000000000000 ) ) ;
#300 = ADVANCED_FACE ( 'NONE', ( #12046 ), #7076, .T. ) ;
#301 = SURFACE_STYLE_FILL_AREA ( #6865 ) ;
#302 = ORIENTED_EDGE ( 'NONE', *, *, #9102, .F. ) ;
#303 = DIRECTION ( 'NONE',  ( 0.000000000000000000, 1.000000000000000000, 1.517883041479706208E-15 ) ) ;
#304 = PLANE ( 'NONE',  #8446 ) ;
#305 = CARTESIAN_POINT ( 'NONE',  ( 5.224999999999986322, -6.170000000000001705, 3.000000000000000000 ) ) ;
#306 = MECHANICAL_DESIGN_GEOMETRIC_PRESENTATION_REPRESENTATION (  '', ( #890 ), #4949 ) ;
#307 = CARTESIAN_POINT ( 'NONE',  ( -2.626372070731854524, -3.615000000000001101, -0.09862792926813601646 ) ) ;
#308 = STYLED_ITEM ( 'NONE', ( #9332 ), #5199 ) ;
#309 = VERTEX_POINT ( 'NONE', #4380 ) ;
#310 = DIRECTION ( 'NONE',  ( 1.000000000000000000, 0.000000000000000000, -0.000000000000000000 ) ) ;
#311 = DIRECTION ( 'NONE',  ( -0.1710878697460358755, 0.9702875252478138091, 0.1710878697460358755 ) ) ;
#312 = CARTESIAN_POINT ( 'NONE',  ( 2.731429497223041292, -7.990183020326488084, 0.01000000000000000021 ) ) ;
#313 =( NAMED_UNIT ( * ) SI_UNIT ( $, .STERADIAN. ) SOLID_ANGLE_UNIT ( ) );
#314 = CARTESIAN_POINT ( 'NONE',  ( 3.319999999999999840, -7.420000000000000817, 1.709999999999999298 ) ) ;
#315 = EDGE_CURVE ( 'NONE', #1260, #11338, #7278, .T. ) ;
#316 = LINE ( 'NONE', #254, #1555 ) ;
#317 = VECTOR ( 'NONE', #11078, 1000.000000000000000 ) ;
#318 = VERTEX_POINT ( 'NONE', #10935 ) ;
#319 =( LENGTH_UNIT ( ) NAMED_UNIT ( * ) SI_UNIT ( .MILLI., .METRE. ) );
#320 = FILL_AREA_STYLE ('',( #6071 ) ) ;
#321 = PRESENTATION_LAYER_ASSIGNMENT (  '', '', ( #4170 ) ) ;
#322 = DIRECTION ( 'NONE',  ( 0.000000000000000000, 2.534880976481962484E-16, -1.000000000000000000 ) ) ;
#323 = ORIENTED_EDGE ( 'NONE', *, *, #2391, .T. ) ;
#324 = COLOUR_RGB ( '',0.2235294117647058654, 0.2235294117647058654, 0.2235294117647058654 ) ;
#325 =( LENGTH_UNIT ( ) NAMED_UNIT ( * ) SI_UNIT ( .MILLI., .METRE. ) );
#326 = DIRECTION ( 'NONE',  ( 0.000000000000000000, -1.000000000000000000, 0.000000000000000000 ) ) ;
#327 = CARTESIAN_POINT ( 'NONE',  ( 2.129911343022846459, -7.489098917682770029, 0.01000000000000000021 ) ) ;
#328 = CARTESIAN_POINT ( 'NONE',  ( 2.499999999999996891, -6.419999999999999929, 5.059999999999999609 ) ) ;
#329 = FACE_OUTER_BOUND ( 'NONE', #1346, .T. ) ;
#330 = FILL_AREA_STYLE ('',( #10940 ) ) ;
#331 = EDGE_CURVE ( 'NONE', #1189, #5673, #1455, .T. ) ;
#332 = FILL_AREA_STYLE ('',( #11872 ) ) ;
#333 = VECTOR ( 'NONE', #4604, 1000.000000000000000 ) ;
#334 = MECHANICAL_DESIGN_GEOMETRIC_PRESENTATION_REPRESENTATION (  '', ( #5779 ), #9214 ) ;
#335 = SURFACE_SIDE_STYLE ('',( #7087 ) ) ;
#336 = AXIS2_PLACEMENT_3D ( 'NONE', #1896, #8492, #1964 ) ;
#337 = CARTESIAN_POINT ( 'NONE',  ( 5.524999999999986144, -2.170000000000001705, 3.000000000000000000 ) ) ;
#338 = ORIENTED_EDGE ( 'NONE', *, *, #59, .F. ) ;
#339 = LINE ( 'NONE', #11006, #3422 ) ;
#340 = FILL_AREA_STYLE_COLOUR ( '', #3037 ) ;
#341 =( LENGTH_UNIT ( ) NAMED_UNIT ( * ) SI_UNIT ( .MILLI., .METRE. ) );
#342 = DIRECTION ( 'NONE',  ( 0.000000000000000000, 1.000000000000000000, 0.000000000000000000 ) ) ;
#343 = ORIENTED_EDGE ( 'NONE', *, *, #1559, .F. ) ;
#344 = VERTEX_POINT ( 'NONE', #11061 ) ;
#345 = CARTESIAN_POINT ( 'NONE',  ( -2.575000000000014388, -0.4700000000000020828, 2.529999999999999361 ) ) ;
#346 = AXIS2_PLACEMENT_3D ( 'NONE', #1950, #5905, #1763 ) ;
#347 = FACE_OUTER_BOUND ( 'NONE', #4728, .T. ) ;
#348 = CARTESIAN_POINT ( 'NONE',  ( 1.729999999999999316, -1.420000000000001039, 3.199999999999999734 ) ) ;
#349 =( GEOMETRIC_REPRESENTATION_CONTEXT ( 3 ) GLOBAL_UNCERTAINTY_ASSIGNED_CONTEXT ( ( #2678 ) ) GLOBAL_UNIT_ASSIGNED_CONTEXT ( ( #1138, #447, #8851 ) ) REPRESENTATION_CONTEXT ( 'NONE', 'WORKASPACE' ) );
#350 = DIRECTION ( 'NONE',  ( -0.4472135954999563734, 0.000000000000000000, 0.8944271909999166326 ) ) ;
#351 = ORIENTED_EDGE ( 'NONE', *, *, #1411, .T. ) ;
#352 = VERTEX_POINT ( 'NONE', #10192 ) ;
#353 = LINE ( 'NONE', #3114, #1762 ) ;
#354 = FILL_AREA_STYLE ('',( #9012 ) ) ;
#355 = CARTESIAN_POINT ( 'NONE',  ( 0.4102258999542249263, -8.113454890230364924, 6.776263578034402713E-18 ) ) ;
#356 =( LENGTH_UNIT ( ) NAMED_UNIT ( * ) SI_UNIT ( .MILLI., .METRE. ) );
#357 = CARTESIAN_POINT ( 'NONE',  ( 3.000000000000004885, -7.419999999999999929, -0.5000000000000000000 ) ) ;
#358 = MECHANICAL_DESIGN_GEOMETRIC_PRESENTATION_REPRESENTATION (  '', ( #6006 ), #11637 ) ;
#359 = PLANE ( 'NONE',  #4202 ) ;
#360 = DIRECTION ( 'NONE',  ( 0.000000000000000000, 0.000000000000000000, -1.000000000000000000 ) ) ;
#361 = MECHANICAL_DESIGN_GEOMETRIC_PRESENTATION_REPRESENTATION (  '', ( #2750 ), #11246 ) ;
#362 = EDGE_CURVE ( 'NONE', #1115, #1614, #450, .T. ) ;
#363 = AXIS2_PLACEMENT_3D ( 'NONE', #10010, #1508, #11931 ) ;
#364 = VERTEX_POINT ( 'NONE', #5323 ) ;
#365 = DIRECTION ( 'NONE',  ( 1.000000000000000000, 0.000000000000000000, -1.445602896647341135E-16 ) ) ;
#366 = DIRECTION ( 'NONE',  ( 0.000000000000000000, -1.000000000000000000, 0.000000000000000000 ) ) ;
#367 = LINE ( 'NONE', #1433, #7057 ) ;
#368 = PRESENTATION_LAYER_ASSIGNMENT (  '', '', ( #12240 ) ) ;
#369 = ORIENTED_EDGE ( 'NONE', *, *, #11552, .T. ) ;
#370 = ADVANCED_FACE ( 'NONE', ( #8031 ), #1396, .T. ) ;
#371 = ORIENTED_EDGE ( 'NONE', *, *, #3849, .F. ) ;
#372 = CIRCLE ( 'NONE', #9656, 0.5000000000000004441 ) ;
#373 = SURFACE_STYLE_FILL_AREA ( #2061 ) ;
#374 = EDGE_CURVE ( 'NONE', #7933, #3226, #9238, .T. ) ;
#375 = SURFACE_SIDE_STYLE ('',( #1312 ) ) ;
#376 = DIRECTION ( 'NONE',  ( 1.000000000000000000, 0.000000000000000000, -0.000000000000000000 ) ) ;
#377 = STYLED_ITEM ( 'NONE', ( #3680 ), #183 ) ;
#378 = PRESENTATION_LAYER_ASSIGNMENT (  '', '', ( #11655 ) ) ;
#379 = FILL_AREA_STYLE ('',( #7061 ) ) ;
#380 = VERTEX_POINT ( 'NONE', #872 ) ;
#381 = SURFACE_STYLE_FILL_AREA ( #3136 ) ;
#382 = CARTESIAN_POINT ( 'NONE',  ( -1.825000000000000178, -8.920000000000001705, 3.259999999999999787 ) ) ;
#383 =( NAMED_UNIT ( * ) SI_UNIT ( $, .STERADIAN. ) SOLID_ANGLE_UNIT ( ) );
#384 = CARTESIAN_POINT ( 'NONE',  ( -2.525000000000000799, -0.9700000000000023048, -0.5000000000000000000 ) ) ;
#385 =( GEOMETRIC_REPRESENTATION_CONTEXT ( 3 ) GLOBAL_UNCERTAINTY_ASSIGNED_CONTEXT ( ( #3864 ) ) GLOBAL_UNIT_ASSIGNED_CONTEXT ( ( #3371, #5431, #9395 ) ) REPRESENTATION_CONTEXT ( 'NONE', 'WORKASPACE' ) );
#386 = STYLED_ITEM ( 'NONE', ( #5778 ), #1150 ) ;
#387 = EDGE_CURVE ( 'NONE', #4129, #5512, #12294, .T. ) ;
#388 = EDGE_CURVE ( 'NONE', #6116, #8150, #814, .T. ) ;
#389 = ORIENTED_EDGE ( 'NONE', *, *, #2966, .T. ) ;
#390 = STYLED_ITEM ( 'NONE', ( #8225 ), #4731 ) ;
#391 = CARTESIAN_POINT ( 'NONE',  ( 4.269999999999999574, -1.420000000000001039, 0.6599999999999995870 ) ) ;
#392 = EDGE_CURVE ( 'NONE', #7663, #5680, #7532, .T. ) ;
#393 = CARTESIAN_POINT ( 'NONE',  ( -4.625000000000000888, -4.885000000000001563, -0.1999999999999996503 ) ) ;
#394 = ORIENTED_EDGE ( 'NONE', *, *, #8338, .F. ) ;
#395 = UNCERTAINTY_MEASURE_WITH_UNIT (LENGTH_MEASURE( 1.000000000000000082E-05 ), #1463, 'distance_accuracy_value', 'NONE');
#396 = CARTESIAN_POINT ( 'NONE',  ( 0.8500000000000009770, 0.5299999999999985834, 3.360000000000000320 ) ) ;
#397 = PLANE ( 'NONE',  #8623 ) ;
#398 = AXIS2_PLACEMENT_3D ( 'NONE', #8467, #760, #6572 ) ;
#399 = DIRECTION ( 'NONE',  ( 2.891205793294684243E-16, -7.929553460092390454E-32, -1.000000000000000000 ) ) ;
#400 = CARTESIAN_POINT ( 'NONE',  ( 2.150237483859621435, -8.428674680895907656, 0.01000000000000000021 ) ) ;
#401 = LINE ( 'NONE', #9896, #9374 ) ;
#402 = SURFACE_STYLE_FILL_AREA ( #6957 ) ;
#403 = EDGE_CURVE ( 'NONE', #5637, #5517, #4693, .T. ) ;
#404 = ORIENTED_EDGE ( 'NONE', *, *, #3374, .T. ) ;
#405 = FILL_AREA_STYLE ('',( #9187 ) ) ;
#406 =( LENGTH_UNIT ( ) NAMED_UNIT ( * ) SI_UNIT ( .MILLI., .METRE. ) );
#407 = CARTESIAN_POINT ( 'NONE',  ( -3.903127820947815962E-15, -0.9700000000000020828, -0.5000000000000000000 ) ) ;
#408 = CARTESIAN_POINT ( 'NONE',  ( 2.865853658536582582, -7.983755412191692713, 0.000000000000000000 ) ) ;
#409 = CARTESIAN_POINT ( 'NONE',  ( 5.575000000000006395, 1.029999999999999138, 2.860000000000000764 ) ) ;
#410 = ORIENTED_EDGE ( 'NONE', *, *, #6194, .T. ) ;
#411 = UNCERTAINTY_MEASURE_WITH_UNIT (LENGTH_MEASURE( 1.000000000000000082E-05 ), #2771, 'distance_accuracy_value', 'NONE');
#412 = ORIENTED_EDGE ( 'NONE', *, *, #11096, .F. ) ;
#413 = AXIS2_PLACEMENT_3D ( 'NONE', #10610, #2879, #11412 ) ;
#414 = CARTESIAN_POINT ( 'NONE',  ( 1.792682926829265666, -7.574647180484375575, 0.000000000000000000 ) ) ;
#415 = DIRECTION ( 'NONE',  ( 1.000000000000000000, 0.000000000000000000, 0.000000000000000000 ) ) ;
#416 = DIRECTION ( 'NONE',  ( -1.000000000000000000, -0.000000000000000000, -0.000000000000000000 ) ) ;
#417 = EDGE_CURVE ( 'NONE', #550, #5373, #1740, .T. ) ;
#418 = ORIENTED_EDGE ( 'NONE', *, *, #10570, .T. ) ;
#419 = VECTOR ( 'NONE', #9531, 1000.000000000000000 ) ;
#420 = VERTEX_POINT ( 'NONE', #3734 ) ;
#421 = CARTESIAN_POINT ( 'NONE',  ( -0.1423399390243929585, -7.656964253655107910, 0.01000000000000000021 ) ) ;
#422 = SURFACE_STYLE_FILL_AREA ( #7111 ) ;
#423 = CARTESIAN_POINT ( 'NONE',  ( 2.571385730023813654, -7.624939091798913715, 0.01000000000000000021 ) ) ;
#424 = CARTESIAN_POINT ( 'NONE',  ( 3.000000000000000000, 2.429999999999997939, 0.04000000000000010492 ) ) ;
#425 = CARTESIAN_POINT ( 'NONE',  ( 0.000000000000000000, 0.000000000000000000, 0.01000000000000000021 ) ) ;
#426 =( NAMED_UNIT ( * ) PLANE_ANGLE_UNIT ( ) SI_UNIT ( $, .RADIAN. ) );
#427 = CARTESIAN_POINT ( 'NONE',  ( 0.4734588075882187885, -8.249589927441881798, 0.01000000000000000021 ) ) ;
#428 = EDGE_LOOP ( 'NONE', ( #6678, #8570, #10430, #12083 ) ) ;
#429 = CARTESIAN_POINT ( 'NONE',  ( 5.524999999999986144, -2.170000000000001705, -0.01000000000000000021 ) ) ;
#430 = FILL_AREA_STYLE_COLOUR ( '', #952 ) ;
#431 = VECTOR ( 'NONE', #11715, 1000.000000000000000 ) ;
#432 = EDGE_LOOP ( 'NONE', ( #6525, #1448, #10609, #2805 ) ) ;
#433 = DIRECTION ( 'NONE',  ( 0.000000000000000000, 1.000000000000000000, -1.734723475976807341E-16 ) ) ;
#434 = PRESENTATION_LAYER_ASSIGNMENT (  '', '', ( #8093 ) ) ;
#435 = CARTESIAN_POINT ( 'NONE',  ( 2.669761209376146915, -8.401790769062479569, 6.776263578034402713E-18 ) ) ;
#436 = ORIENTED_EDGE ( 'NONE', *, *, #10003, .F. ) ;
#437 = SURFACE_STYLE_FILL_AREA ( #9090 ) ;
#438 = ORIENTED_EDGE ( 'NONE', *, *, #8868, .T. ) ;
#439 = CARTESIAN_POINT ( 'NONE',  ( -0.1076600609756123983, -7.656964253655107022, 0.01000000000000000021 ) ) ;
#440 = CARTESIAN_POINT ( 'NONE',  ( 4.825000000000001066, -7.419999999999996376, 0.9300000000000099298 ) ) ;
#441 = CARTESIAN_POINT ( 'NONE',  ( -3.324999999999999734, -8.920000000000001705, 0.4000000000000010214 ) ) ;
#442 = ORIENTED_EDGE ( 'NONE', *, *, #6614, .T. ) ;
#443 = CARTESIAN_POINT ( 'NONE',  ( 2.730886921609815943, -8.018737890120227974, 0.01000000000000000021 ) ) ;
#444 = FACE_OUTER_BOUND ( 'NONE', #7992, .T. ) ;
#445 = VERTEX_POINT ( 'NONE', #1802 ) ;
#446 = STYLED_ITEM ( 'NONE', ( #9599 ), #8392 ) ;
#447 =( NAMED_UNIT ( * ) PLANE_ANGLE_UNIT ( ) SI_UNIT ( $, .RADIAN. ) );
#448 = CARTESIAN_POINT ( 'NONE',  ( 2.462710950633605567, -7.460988490755304348, 5.082197683525802034E-18 ) ) ;
#449 = EDGE_LOOP ( 'NONE', ( #10006, #2240, #2992, #3950 ) ) ;
#450 = LINE ( 'NONE', #8280, #5233 ) ;
#451 = CARTESIAN_POINT ( 'NONE',  ( 2.730686611792915830, -7.930036988149721466, 6.776263578034402713E-18 ) ) ;
#452 = CARTESIAN_POINT ( 'NONE',  ( 2.227665666505531661, -7.462362745192345770, 0.01000000000000000021 ) ) ;
#453 = EDGE_CURVE ( 'NONE', #1175, #5757, #632, .T. ) ;
#454 = EDGE_CURVE ( 'NONE', #2337, #9708, #8522, .T. ) ;
#455 = DIRECTION ( 'NONE',  ( -1.000000000000000000, -0.000000000000000000, -0.000000000000000000 ) ) ;
#456 = EDGE_CURVE ( 'NONE', #7965, #9137, #8334, .T. ) ;
#457 = EDGE_CURVE ( 'NONE', #3582, #5044, #4510, .T. ) ;
#458 = LINE ( 'NONE', #11071, #8435 ) ;
#459 = CARTESIAN_POINT ( 'NONE',  ( 1.792682926829265666, -8.013671570728277516, 0.000000000000000000 ) ) ;
#460 = CIRCLE ( 'NONE', #11140, 0.2154264934286704847 ) ;
#461 = ORIENTED_EDGE ( 'NONE', *, *, #5705, .F. ) ;
#462 =( NAMED_UNIT ( * ) SI_UNIT ( $, .STERADIAN. ) SOLID_ANGLE_UNIT ( ) );
#463 = SURFACE_STYLE_USAGE ( .BOTH. , #7223 ) ;
#464 = CARTESIAN_POINT ( 'NONE',  ( -2.224999999999990763, -6.170000000000001705, 3.000000000000000000 ) ) ;
#465 = VECTOR ( 'NONE', #6249, 1000.000000000000000 ) ;
#466 = CARTESIAN_POINT ( 'NONE',  ( 2.731707317073167829, -7.975561814630715674, 0.000000000000000000 ) ) ;
#467 = SURFACE_SIDE_STYLE ('',( #9128 ) ) ;
#468 = PRESENTATION_STYLE_ASSIGNMENT (( #2222 ) ) ;
#469 = VERTEX_POINT ( 'NONE', #11238 ) ;
#470 = COLOUR_RGB ( '',0.2235294117647058654, 0.2235294117647058654, 0.2235294117647058654 ) ;
#471 = ADVANCED_FACE ( 'NONE', ( #5579 ), #2754, .T. ) ;
#472 = FILL_AREA_STYLE_COLOUR ( '', #6421 ) ;
#473 = STYLED_ITEM ( 'NONE', ( #4841 ), #1990 ) ;
#474 = DIRECTION ( 'NONE',  ( -0.000000000000000000, -0.000000000000000000, -1.000000000000000000 ) ) ;
#475 = CARTESIAN_POINT ( 'NONE',  ( 2.131334610287182407, -8.418241064300609366, 0.01000000000000000021 ) ) ;
#476 = ORIENTED_EDGE ( 'NONE', *, *, #6313, .T. ) ;
#477 = ORIENTED_EDGE ( 'NONE', *, *, #4784, .T. ) ;
#478 = CARTESIAN_POINT ( 'NONE',  ( 1.729999999999999538, -1.420000000000001039, 0.6599999999999995870 ) ) ;
#479 = AXIS2_PLACEMENT_3D ( 'NONE', #3937, #1755, #1012 ) ;
#480 = PLANE ( 'NONE',  #6622 ) ;
#481 = CARTESIAN_POINT ( 'NONE',  ( 0.3902439024390217948, -7.952314863411204193, 6.776263578034402713E-18 ) ) ;
#482 = DIRECTION ( 'NONE',  ( 1.000000000000000000, 0.000000000000000000, 0.000000000000000000 ) ) ;
#483 = CARTESIAN_POINT ( 'NONE',  ( -0.3499999999999991451, 0.5299999999999983613, 3.360000000000000320 ) ) ;
#484 = CARTESIAN_POINT ( 'NONE',  ( 0.2200000000000001399, 2.429999999999997939, -2.109999999999999432 ) ) ;
#485 = ORIENTED_EDGE ( 'NONE', *, *, #4197, .F. ) ;
#486 = AXIS2_PLACEMENT_3D ( 'NONE', #1016, #5712, #8665 ) ;
#487 = PRESENTATION_STYLE_ASSIGNMENT (( #2239 ) ) ;
#488 = ADVANCED_FACE ( 'NONE', ( #2631 ), #12419, .T. ) ;
#489 = SURFACE_SIDE_STYLE ('',( #9212 ) ) ;
#490 = EDGE_LOOP ( 'NONE', ( #8069, #1979, #1190, #8627 ) ) ;
#491 = SURFACE_STYLE_FILL_AREA ( #10111 ) ;
#492 = SURFACE_STYLE_FILL_AREA ( #9153 ) ;
#493 = VERTEX_POINT ( 'NONE', #251 ) ;
#494 = B_SPLINE_SURFACE_WITH_KNOTS ( 'NONE', 3, 1, ( 
 ( #10927, #2251 ),
 ( #4247, #11403 ),
 ( #807, #12159 ),
 ( #10316, #4682 ),
 ( #11290, #3661 ),
 ( #10366, #3724 ),
 ( #2558, #10419 ),
 ( #10535, #6554 ),
 ( #12287, #4737 ),
 ( #3788, #5570 ),
 ( #7522, #1727 ),
 ( #1681, #9407 ),
 ( #12217, #8514 ),
 ( #739, #3594 ),
 ( #5627, #11230 ),
 ( #625, #4559 ),
 ( #7647, #7585 ),
 ( #11343, #6440 ),
 ( #11461, #7460 ) ),
 .UNSPECIFIED., .F., .F., .F.,
 ( 4, 1, 1, 1, 1, 1, 1, 1, 1, 1, 1, 1, 1, 1, 1, 1, 4 ),
 ( 2, 2 ),
 ( 0.000000000000000000, 0.07430379644281730200, 0.1443936103644193336, 0.2104994961032812251, 0.2735426065034681775, 0.3338247445790737400, 0.3925296724085029498, 0.4500874545995858234, 0.5078206115557882816, 0.5654649127768468508, 0.6231487223336200643, 0.6812971927909357017, 0.7409134981565808076, 0.8018557521958578072, 0.8652412377209433014, 0.9309416570467441421, 1.000000000000000000 ),
 ( 0.000000000000000000, 1.000000000000000000 ),
 .UNSPECIFIED. ) ;
#495 = VERTEX_POINT ( 'NONE', #8772 ) ;
#496 = SURFACE_STYLE_FILL_AREA ( #11102 ) ;
#497 = PRESENTATION_STYLE_ASSIGNMENT (( #1438 ) ) ;
#498 = CARTESIAN_POINT ( 'NONE',  ( -3.325000000000001066, -0.9700000000000020828, -0.5000000000000000000 ) ) ;
#499 = DIRECTION ( 'NONE',  ( 0.000000000000000000, 0.000000000000000000, 1.000000000000000000 ) ) ;
#500 = EDGE_LOOP ( 'NONE', ( #12163, #1491, #10975, #2489 ) ) ;
#501 = CARTESIAN_POINT ( 'NONE',  ( 2.694223643856590300, -8.171684327143841742, 0.01000000000000000021 ) ) ;
#502 = SURFACE_STYLE_FILL_AREA ( #7201 ) ;
#503 = VERTEX_POINT ( 'NONE', #5063 ) ;
#504 = FACE_OUTER_BOUND ( 'NONE', #12106, .T. ) ;
#505 = VERTEX_POINT ( 'NONE', #8710 ) ;
#506 = CARTESIAN_POINT ( 'NONE',  ( 2.322953439942813780, -7.452942015472467929, 0.01000000000000000021 ) ) ;
#507 = VECTOR ( 'NONE', #3708, 1000.000000000000000 ) ;
#508 = SURFACE_STYLE_FILL_AREA ( #2511 ) ;
#509 = AXIS2_PLACEMENT_3D ( 'NONE', #6590, #899, #9452 ) ;
#510 = CARTESIAN_POINT ( 'NONE',  ( 3.000000000000000888, -0.9700000000000020828, -0.5000000000000000000 ) ) ;
#511 =( NAMED_UNIT ( * ) PLANE_ANGLE_UNIT ( ) SI_UNIT ( $, .RADIAN. ) );
#512 = PRESENTATION_STYLE_ASSIGNMENT (( #8288 ) ) ;
#513 = EDGE_CURVE ( 'NONE', #12415, #6200, #6679, .T. ) ;
#514 = STYLED_ITEM ( 'NONE', ( #7144 ), #3218 ) ;
#515 = EDGE_CURVE ( 'NONE', #3112, #1415, #9448, .T. ) ;
#516 = AXIS2_PLACEMENT_3D ( 'NONE', #10012, #10884, #2086 ) ;
#517 = CARTESIAN_POINT ( 'NONE',  ( -0.4390243902439051049, -8.464891082923399424, 0.01000000000000000021 ) ) ;
#518 = PRESENTATION_LAYER_ASSIGNMENT (  '', '', ( #4164 ) ) ;
#519 = ORIENTED_EDGE ( 'NONE', *, *, #2901, .T. ) ;
#520 = SURFACE_STYLE_FILL_AREA ( #7222 ) ;
#521 =( NAMED_UNIT ( * ) SI_UNIT ( $, .STERADIAN. ) SOLID_ANGLE_UNIT ( ) );
#522 = UNCERTAINTY_MEASURE_WITH_UNIT (LENGTH_MEASURE( 1.000000000000000082E-05 ), #2255, 'distance_accuracy_value', 'NONE');
#523 = CARTESIAN_POINT ( 'NONE',  ( 2.150000000000000799, 1.029999999999998472, 3.859999999999999876 ) ) ;
#524 = FILL_AREA_STYLE_COLOUR ( '', #2967 ) ;
#525 =( LENGTH_UNIT ( ) NAMED_UNIT ( * ) SI_UNIT ( .MILLI., .METRE. ) );
#526 = FACE_OUTER_BOUND ( 'NONE', #5375, .T. ) ;
#527 = DIRECTION ( 'NONE',  ( 0.000000000000000000, 1.000000000000000000, 1.445602896647339311E-15 ) ) ;
#528 = VECTOR ( 'NONE', #1919, 1000.000000000000000 ) ;
#529 = ORIENTED_EDGE ( 'NONE', *, *, #6464, .F. ) ;
#530 = PRESENTATION_LAYER_ASSIGNMENT (  '', '', ( #5779 ) ) ;
#531 = UNCERTAINTY_MEASURE_WITH_UNIT (LENGTH_MEASURE( 1.000000000000000082E-05 ), #11477, 'distance_accuracy_value', 'NONE');
#532 = CIRCLE ( 'NONE', #7190, 0.5000000000000000000 ) ;
#533 = FILL_AREA_STYLE ('',( #3488 ) ) ;
#534 = ADVANCED_FACE ( 'NONE', ( #4122 ), #6807, .F. ) ;
#535 = FACE_OUTER_BOUND ( 'NONE', #180, .T. ) ;
#536 = CARTESIAN_POINT ( 'NONE',  ( 2.414462720088084158, -8.476699047789766794, 0.01000000000000000021 ) ) ;
#537 = AXIS2_PLACEMENT_3D ( 'NONE', #5415, #1364, #8295 ) ;
#538 = EDGE_LOOP ( 'NONE', ( #12278, #11264, #4354, #6255 ) ) ;
#539 = ORIENTED_EDGE ( 'NONE', *, *, #8792, .T. ) ;
#540 = FILL_AREA_STYLE_COLOUR ( '', #8842 ) ;
#541 = UNCERTAINTY_MEASURE_WITH_UNIT (LENGTH_MEASURE( 1.000000000000000082E-05 ), #963, 'distance_accuracy_value', 'NONE');
#542 = EDGE_CURVE ( 'NONE', #3911, #12449, #2126, .T. ) ;
#543 = DIRECTION ( 'NONE',  ( -0.9353882635801356038, -0.3536223923290757187, 0.000000000000000000 ) ) ;
#544 = CARTESIAN_POINT ( 'NONE',  ( 0.9190167682926805304, -8.355134985362425937, 0.01000000000000000021 ) ) ;
#545 = FILL_AREA_STYLE ('',( #8305 ) ) ;
#546 = PLANE ( 'NONE',  #4587 ) ;
#547 = CARTESIAN_POINT ( 'NONE',  ( -1.825000000000002842, -3.470000000000003304, 2.929999999999998384 ) ) ;
#548 = ORIENTED_EDGE ( 'NONE', *, *, #6174, .F. ) ;
#549 = ORIENTED_EDGE ( 'NONE', *, *, #7366, .T. ) ;
#550 = VERTEX_POINT ( 'NONE', #10676 ) ;
#551 = CARTESIAN_POINT ( 'NONE',  ( 6.324999999999997513, 1.029999999999999138, 3.859999999999999876 ) ) ;
#552 = CARTESIAN_POINT ( 'NONE',  ( -0.3199999999999999512, 0.3200000000000001732, 0.3554264934286703870 ) ) ;
#553 = ORIENTED_EDGE ( 'NONE', *, *, #8008, .F. ) ;
#554 = ORIENTED_EDGE ( 'NONE', *, *, #7892, .F. ) ;
#555 = DIRECTION ( 'NONE',  ( 0.000000000000000000, -0.000000000000000000, 1.000000000000000000 ) ) ;
#556 = EDGE_CURVE ( 'NONE', #2215, #3636, #11730, .T. ) ;
#557 = VERTEX_POINT ( 'NONE', #4932 ) ;
#558 = VECTOR ( 'NONE', #6004, 1000.000000000000000 ) ;
#559 = LINE ( 'NONE', #1557, #12059 ) ;
#560 = CIRCLE ( 'NONE', #9644, 0.5000000000000004441 ) ;
#561 = LINE ( 'NONE', #441, #9505 ) ;
#562 = CARTESIAN_POINT ( 'NONE',  ( 2.488525554060014411, -8.353152044216738403, 0.01000000000000000021 ) ) ;
#563 = DIRECTION ( 'NONE',  ( 1.000000000000000000, 0.000000000000000000, 0.000000000000000000 ) ) ;
#564 = SURFACE_STYLE_USAGE ( .BOTH. , #8272 ) ;
#565 = PRESENTATION_LAYER_ASSIGNMENT (  '', '', ( #11432 ) ) ;
#566 = ORIENTED_EDGE ( 'NONE', *, *, #3711, .F. ) ;
#567 = SURFACE_SIDE_STYLE ('',( #7274 ) ) ;
#568 = CARTESIAN_POINT ( 'NONE',  ( 1.060975609756094951, -8.355134985362424160, 0.01000000000000000021 ) ) ;
#569 = AXIS2_PLACEMENT_3D ( 'NONE', #8647, #7833, #3014 ) ;
#570 = EDGE_CURVE ( 'NONE', #1780, #7277, #1063, .T. ) ;
#571 = VERTEX_POINT ( 'NONE', #10738 ) ;
#572 = CARTESIAN_POINT ( 'NONE',  ( 0.3199999999999999512, 0.3200000000000001732, 0.3554264934286706090 ) ) ;
#573 = PLANE ( 'NONE',  #11422 ) ;
#574 = CARTESIAN_POINT ( 'NONE',  ( 2.318364589294818590, -8.473444748315616337, 0.01000000000000000021 ) ) ;
#575 = CARTESIAN_POINT ( 'NONE',  ( 2.414462720088084158, -8.476699047789766794, -0.000000000000000000 ) ) ;
#576 = PRESENTATION_LAYER_ASSIGNMENT (  '', '', ( #386 ) ) ;
#577 = CARTESIAN_POINT ( 'NONE',  ( 2.149607260875950221, -8.318882904845203541, 0.01000000000000000021 ) ) ;
#578 = AXIS2_PLACEMENT_3D ( 'NONE', #1652, #1772, #9385 ) ;
#579 = FILL_AREA_STYLE_COLOUR ( '', #9893 ) ;
#580 = FILL_AREA_STYLE ('',( #11303 ) ) ;
#581 = FACE_OUTER_BOUND ( 'NONE', #3067, .T. ) ;
#582 = PLANE ( 'NONE',  #7694 ) ;
#583 =( NAMED_UNIT ( * ) SI_UNIT ( $, .STERADIAN. ) SOLID_ANGLE_UNIT ( ) );
#584 = PRESENTATION_LAYER_ASSIGNMENT (  '', '', ( #9898 ) ) ;
#585 = DIRECTION ( 'NONE',  ( 0.7071067811865487940, 0.7071067811865463515, 0.000000000000000000 ) ) ;
#586 = PRESENTATION_STYLE_ASSIGNMENT (( #7228 ) ) ;
#587 = CARTESIAN_POINT ( 'NONE',  ( 3.319999999999999840, -1.420000000000001039, 1.609999999999999432 ) ) ;
#588 =( NAMED_UNIT ( * ) SI_UNIT ( $, .STERADIAN. ) SOLID_ANGLE_UNIT ( ) );
#589 = PRESENTATION_LAYER_ASSIGNMENT (  '', '', ( #6051 ) ) ;
#590 = ORIENTED_EDGE ( 'NONE', *, *, #4642, .T. ) ;
#591 = EDGE_CURVE ( 'NONE', #420, #4094, #1126, .T. ) ;
#592 = CARTESIAN_POINT ( 'NONE',  ( 3.319999999999999840, 0.5354264934286706579, 0.1399999999999999856 ) ) ;
#593 =( NAMED_UNIT ( * ) SI_UNIT ( $, .STERADIAN. ) SOLID_ANGLE_UNIT ( ) );
#594 = CARTESIAN_POINT ( 'NONE',  ( 2.669761209376146915, -8.401790769062479569, 0.01000000000000000021 ) ) ;
#595 = FILL_AREA_STYLE_COLOUR ( '', #12289 ) ;
#596 = VERTEX_POINT ( 'NONE', #6938 ) ;
#597 = VERTEX_POINT ( 'NONE', #1866 ) ;
#598 = DIRECTION ( 'NONE',  ( -1.000000000000000000, 0.000000000000000000, 0.000000000000000000 ) ) ;
#599 = SURFACE_STYLE_USAGE ( .BOTH. , #4347 ) ;
#600 = DIRECTION ( 'NONE',  ( -0.000000000000000000, -0.000000000000000000, -1.000000000000000000 ) ) ;
#601 = CARTESIAN_POINT ( 'NONE',  ( 0.5823497974223876827, -8.192297616794013138, 0.01000000000000000021 ) ) ;
#602 = DIRECTION ( 'NONE',  ( 0.000000000000000000, 1.000000000000000000, 0.000000000000000000 ) ) ;
#603 =( LENGTH_UNIT ( ) NAMED_UNIT ( * ) SI_UNIT ( .MILLI., .METRE. ) );
#604 = DIRECTION ( 'NONE',  ( -0.000000000000000000, -0.000000000000000000, 1.000000000000000000 ) ) ;
#605 = ADVANCED_FACE ( 'NONE', ( #932 ), #2248, .T. ) ;
#606 = CARTESIAN_POINT ( 'NONE',  ( 0.6185953954440538416, -8.387010386216143587, 0.01000000000000000021 ) ) ;
#607 = ORIENTED_EDGE ( 'NONE', *, *, #10964, .T. ) ;
#608 = AXIS2_PLACEMENT_3D ( 'NONE', #669, #2732, #8262 ) ;
#609 = FILL_AREA_STYLE_COLOUR ( '', #12049 ) ;
#610 = EDGE_CURVE ( 'NONE', #4245, #3794, #2431, .T. ) ;
#611 = ORIENTED_EDGE ( 'NONE', *, *, #2989, .F. ) ;
#612 = FACE_OUTER_BOUND ( 'NONE', #5159, .T. ) ;
#613 = B_SPLINE_CURVE_WITH_KNOTS ( 'NONE', 3,
 ( #10862, #7453, #6550, #1619, #7518, #678, #6371, #1677, #11339, #7580, #5564 ),
 .UNSPECIFIED., .F., .F.,
 ( 4, 1, 1, 1, 1, 1, 1, 1, 4 ),
 ( 0.000000000000000000, 0.1124483899088023903, 0.2265276752126795801, 0.3444019493260283560, 0.4658649724874584508, 0.5916594493521161180, 0.7221684870248873400, 0.8586063875549264646, 1.000000000000000000 ),
 .UNSPECIFIED. ) ;
#614 = CARTESIAN_POINT ( 'NONE',  ( 0.1707317073170705191, -8.464891082923399424, 0.01000000000000000021 ) ) ;
#615 = VERTEX_POINT ( 'NONE', #1254 ) ;
#616 = CIRCLE ( 'NONE', #2405, 0.4013720707318653158 ) ;
#617 = VERTEX_POINT ( 'NONE', #10060 ) ;
#618 = ORIENTED_EDGE ( 'NONE', *, *, #10599, .T. ) ;
#619 =( LENGTH_UNIT ( ) NAMED_UNIT ( * ) SI_UNIT ( .MILLI., .METRE. ) );
#620 = CARTESIAN_POINT ( 'NONE',  ( 5.224999999999986322, -3.470000000000001528, 2.529999999999998916 ) ) ;
#621 = DIRECTION ( 'NONE',  ( -0.000000000000000000, 2.195852501236467750E-16, 1.000000000000000000 ) ) ;
#622 = MECHANICAL_DESIGN_GEOMETRIC_PRESENTATION_REPRESENTATION (  '', ( #10129 ), #1812 ) ;
#623 = ORIENTED_EDGE ( 'NONE', *, *, #3558, .F. ) ;
#624 = CARTESIAN_POINT ( 'NONE',  ( 2.718674090743240068, -8.099822289887717019, 0.01000000000000000021 ) ) ;
#625 = CARTESIAN_POINT ( 'NONE',  ( 0.8308050611125296081, -7.579966186090296709, 0.01000000000000000021 ) ) ;
#626 = CARTESIAN_POINT ( 'NONE',  ( 5.575000000000005507, -0.4700000000000008060, 3.359999999999999876 ) ) ;
#627 = AXIS2_PLACEMENT_3D ( 'NONE', #8141, #7896, #1251 ) ;
#628 = EDGE_CURVE ( 'NONE', #10319, #845, #5179, .T. ) ;
#629 = ORIENTED_EDGE ( 'NONE', *, *, #9024, .T. ) ;
#630 = CARTESIAN_POINT ( 'NONE',  ( 0.9999999999999961142, -0.9700000000000024158, 0.000000000000000000 ) ) ;
#631 = LINE ( 'NONE', #3400, #255 ) ;
#632 = LINE ( 'NONE', #8398, #10651 ) ;
#633 = CARTESIAN_POINT ( 'NONE',  ( 2.396258273346396184, -7.563314767945001904, 0.01000000000000000021 ) ) ;
#634 = FILL_AREA_STYLE ('',( #9423 ) ) ;
#635 = CARTESIAN_POINT ( 'NONE',  ( 1.099999999999995870, -0.9700000000000014166, 1.299682133541857576 ) ) ;
#636 =( NAMED_UNIT ( * ) PLANE_ANGLE_UNIT ( ) SI_UNIT ( $, .RADIAN. ) );
#637 = CARTESIAN_POINT ( 'NONE',  ( 4.927962312940882939, -3.470000000000001528, 0.9299999999999991607 ) ) ;
#638 = VECTOR ( 'NONE', #2058, 1000.000000000000000 ) ;
#639 = EDGE_CURVE ( 'NONE', #8967, #4552, #6996, .T. ) ;
#640 = CARTESIAN_POINT ( 'NONE',  ( 0.5387214075957215131, -8.325558009807632942, 0.000000000000000000 ) ) ;
#641 = CARTESIAN_POINT ( 'NONE',  ( 2.121951219512192566, -8.303305717069740410, 0.000000000000000000 ) ) ;
#642 = FILL_AREA_STYLE_COLOUR ( '', #1767 ) ;
#643 = VECTOR ( 'NONE', #1958, 1000.000000000000000 ) ;
#644 = PLANE ( 'NONE',  #967 ) ;
#645 = CARTESIAN_POINT ( 'NONE',  ( 0.3170731707317046566, -8.464891082923399424, 0.01000000000000000021 ) ) ;
#646 = LINE ( 'NONE', #11903, #10428 ) ;
#647 = UNCERTAINTY_MEASURE_WITH_UNIT (LENGTH_MEASURE( 1.000000000000000082E-05 ), #3222, 'distance_accuracy_value', 'NONE');
#648 = SURFACE_SIDE_STYLE ('',( #2592 ) ) ;
#649 = FILL_AREA_STYLE_COLOUR ( '', #790 ) ;
#650 = FACE_OUTER_BOUND ( 'NONE', #4565, .T. ) ;
#651 = ORIENTED_EDGE ( 'NONE', *, *, #315, .T. ) ;
#652 = FILL_AREA_STYLE_COLOUR ( '', #9519 ) ;
#653 = EDGE_LOOP ( 'NONE', ( #3322, #2232, #5088, #9001, #371 ) ) ;
#654 = DIRECTION ( 'NONE',  ( 0.000000000000000000, 1.000000000000000000, 7.478108553735037092E-16 ) ) ;
#655 = UNCERTAINTY_MEASURE_WITH_UNIT (LENGTH_MEASURE( 1.000000000000000082E-05 ), #9639, 'distance_accuracy_value', 'NONE');
#656 = CARTESIAN_POINT ( 'NONE',  ( 1.926829268292680197, -8.464891082923399424, 0.01000000000000000021 ) ) ;
#657 = PRESENTATION_LAYER_ASSIGNMENT (  '', '', ( #1262 ) ) ;
#658 = CARTESIAN_POINT ( 'NONE',  ( 0.5247353599228331555, -7.970555636622515649, 6.776263578034402713E-18 ) ) ;
#659 = CARTESIAN_POINT ( 'NONE',  ( 2.146139853729131186, -7.482511407394959235, 0.01000000000000000021 ) ) ;
#660 = VECTOR ( 'NONE', #10059, 1000.000000000000000 ) ;
#661 = ORIENTED_EDGE ( 'NONE', *, *, #11560, .F. ) ;
#662 = VECTOR ( 'NONE', #11011, 1000.000000000000000 ) ;
#663 = ORIENTED_EDGE ( 'NONE', *, *, #3978, .F. ) ;
#664 = CARTESIAN_POINT ( 'NONE',  ( 0.3199999999999999512, -1.420000000000001039, 2.249999999999999556 ) ) ;
#665 =( GEOMETRIC_REPRESENTATION_CONTEXT ( 3 ) GLOBAL_UNCERTAINTY_ASSIGNED_CONTEXT ( ( #8488 ) ) GLOBAL_UNIT_ASSIGNED_CONTEXT ( ( #3892, #9707, #4961 ) ) REPRESENTATION_CONTEXT ( 'NONE', 'WORKASPACE' ) );
#666 = LINE ( 'NONE', #11278, #10085 ) ;
#667 = EDGE_CURVE ( 'NONE', #1175, #2231, #2370, .T. ) ;
#668 = AXIS2_PLACEMENT_3D ( 'NONE', #7326, #12213, #3385 ) ;
#669 = CARTESIAN_POINT ( 'NONE',  ( 3.000000000000000000, -0.5596891741410527921, 1.370310825858947590 ) ) ;
#670 = EDGE_CURVE ( 'NONE', #3730, #10845, #10181, .T. ) ;
#671 = ORIENTED_EDGE ( 'NONE', *, *, #4177, .F. ) ;
#672 = VERTEX_POINT ( 'NONE', #3202 ) ;
#673 = FILL_AREA_STYLE_COLOUR ( '', #5075 ) ;
#674 = UNCERTAINTY_MEASURE_WITH_UNIT (LENGTH_MEASURE( 1.000000000000000082E-05 ), #4268, 'distance_accuracy_value', 'NONE');
#675 = ORIENTED_EDGE ( 'NONE', *, *, #8021, .T. ) ;
#676 = CARTESIAN_POINT ( 'NONE',  ( 1.926829268292680197, -7.464891082923399424, 0.000000000000000000 ) ) ;
#677 = VECTOR ( 'NONE', #3878, 1000.000000000000000 ) ;
#678 = CARTESIAN_POINT ( 'NONE',  ( 2.245942693746495689, -8.461508129179758697, 0.000000000000000000 ) ) ;
#679 = LINE ( 'NONE', #2682, #4519 ) ;
#680 = ADVANCED_FACE ( 'NONE', ( #10118 ), #9223, .F. ) ;
#681 = CARTESIAN_POINT ( 'NONE',  ( 5.524999999999996803, 1.029999999999998028, 0.000000000000000000 ) ) ;
#682 = ORIENTED_EDGE ( 'NONE', *, *, #10368, .F. ) ;
#683 = CARTESIAN_POINT ( 'NONE',  ( 2.730886921609815943, -8.018737890120227974, 6.776263578034402713E-18 ) ) ;
#684 =( NAMED_UNIT ( * ) PLANE_ANGLE_UNIT ( ) SI_UNIT ( $, .RADIAN. ) );
#685 = DIRECTION ( 'NONE',  ( -0.1710878697460358755, 0.9702875252478138091, 0.1710878697460358755 ) ) ;
#686 = PRODUCT_DEFINITION_CONTEXT ( 'detailed design', #1348, 'design' ) ;
#687 = EDGE_LOOP ( 'NONE', ( #111, #4867, #781, #7809 ) ) ;
#688 = ORIENTED_EDGE ( 'NONE', *, *, #8707, .F. ) ;
#689 = FACE_OUTER_BOUND ( 'NONE', #10050, .T. ) ;
#690 = CARTESIAN_POINT ( 'NONE',  ( 2.171813550063521170, -7.474693083109626990, 0.000000000000000000 ) ) ;
#691 = EDGE_LOOP ( 'NONE', ( #9231, #12288, #4105, #1283, #1176, #1840, #7956, #12157, #3504, #4363 ) ) ;
#692 = EDGE_CURVE ( 'NONE', #8448, #6044, #613, .T. ) ;
#693 = DIRECTION ( 'NONE',  ( 0.3390537954853694025, 0.9407669869669987861, 0.000000000000000000 ) ) ;
#694 = CARTESIAN_POINT ( 'NONE',  ( 0.6891662028234573079, -7.627778906980427820, 0.01000000000000000021 ) ) ;
#695 = FILL_AREA_STYLE ('',( #1692 ) ) ;
#696 = CARTESIAN_POINT ( 'NONE',  ( 4.824999999999999289, -7.419999999999996376, 3.259999999999999787 ) ) ;
#697 = LINE ( 'NONE', #12058, #143 ) ;
#698 = PRESENTATION_LAYER_ASSIGNMENT (  '', '', ( #4563 ) ) ;
#699 = FILL_AREA_STYLE_COLOUR ( '', #8725 ) ;
#700 =( GEOMETRIC_REPRESENTATION_CONTEXT ( 3 ) GLOBAL_UNCERTAINTY_ASSIGNED_CONTEXT ( ( #8378 ) ) GLOBAL_UNIT_ASSIGNED_CONTEXT ( ( #6353, #2538, #7309 ) ) REPRESENTATION_CONTEXT ( 'NONE', 'WORKASPACE' ) );
#701 = PRESENTATION_STYLE_ASSIGNMENT (( #944 ) ) ;
#702 = EDGE_CURVE ( 'NONE', #12254, #3180, #5509, .T. ) ;
#703 = PLANE ( 'NONE',  #5821 ) ;
#704 = SURFACE_STYLE_FILL_AREA ( #9378 ) ;
#705 = LINE ( 'NONE', #4763, #6961 ) ;
#706 = DIRECTION ( 'NONE',  ( -1.084946484143765172E-16, -3.414809992080328037E-16, -1.000000000000000000 ) ) ;
#707 = SURFACE_STYLE_USAGE ( .BOTH. , #12252 ) ;
#708 = COLOUR_RGB ( '',0.6470588235294117974, 0.6196078431372549211, 0.5882352941176470784 ) ;
#709 = CARTESIAN_POINT ( 'NONE',  ( -0.3199999999999999512, 0.3199999999999994515, 1.370310825858947812 ) ) ;
#710 = FILL_AREA_STYLE ('',( #6345 ) ) ;
#711 = LINE ( 'NONE', #5661, #6450 ) ;
#712 = ORIENTED_EDGE ( 'NONE', *, *, #140, .F. ) ;
#713 = DIRECTION ( 'NONE',  ( 1.000000000000000000, 0.000000000000000000, 0.000000000000000000 ) ) ;
#714 = EDGE_LOOP ( 'NONE', ( #5871, #3427, #9551, #4965 ) ) ;
#715 = LINE ( 'NONE', #5666, #3388 ) ;
#716 =( NAMED_UNIT ( * ) PLANE_ANGLE_UNIT ( ) SI_UNIT ( $, .RADIAN. ) );
#717 = AXIS2_PLACEMENT_3D ( 'NONE', #10926, #2250, #3076 ) ;
#718 = CARTESIAN_POINT ( 'NONE',  ( 0.5254059328075832980, -8.000444470004596909, 6.776263578034402713E-18 ) ) ;
#719 = LINE ( 'NONE', #4603, #2305 ) ;
#720 = COLOUR_RGB ( '',0.6470588235294117974, 0.6196078431372549211, 0.5882352941176470784 ) ;
#721 = CARTESIAN_POINT ( 'NONE',  ( 2.257906917846106865, -7.457866123456419416, 0.01000000000000000021 ) ) ;
#722 = CARTESIAN_POINT ( 'NONE',  ( 4.825000000000001066, -3.470000000000005080, 2.929999999999998384 ) ) ;
#723 = ORIENTED_EDGE ( 'NONE', *, *, #2812, .T. ) ;
#724 = FILL_AREA_STYLE_COLOUR ( '', #7447 ) ;
#725 = VECTOR ( 'NONE', #7627, 1000.000000000000000 ) ;
#726 = VECTOR ( 'NONE', #7534, 1000.000000000000000 ) ;
#727 = ORIENTED_EDGE ( 'NONE', *, *, #4484, .F. ) ;
#728 = PRESENTATION_STYLE_ASSIGNMENT (( #9397 ) ) ;
#729 =( NAMED_UNIT ( * ) SI_UNIT ( $, .STERADIAN. ) SOLID_ANGLE_UNIT ( ) );
#730 = DIRECTION ( 'NONE',  ( 1.000000000000000000, -0.000000000000000000, -0.000000000000000000 ) ) ;
#731 = ORIENTED_EDGE ( 'NONE', *, *, #6685, .T. ) ;
#732 = ORIENTED_EDGE ( 'NONE', *, *, #1559, .T. ) ;
#733 = ORIENTED_EDGE ( 'NONE', *, *, #6920, .F. ) ;
#734 = FACE_OUTER_BOUND ( 'NONE', #8370, .T. ) ;
#735 = DIRECTION ( 'NONE',  ( 0.000000000000000000, -1.000000000000000000, 7.228014483236698528E-16 ) ) ;
#736 = DIRECTION ( 'NONE',  ( 0.000000000000000000, 0.000000000000000000, 1.000000000000000000 ) ) ;
#737 = COLOUR_RGB ( '',0.2235294117647058654, 0.2235294117647058654, 0.2235294117647058654 ) ;
#738 = VERTEX_POINT ( 'NONE', #1790 ) ;
#739 = CARTESIAN_POINT ( 'NONE',  ( 0.7557868142339202455, -7.597826340593881511, 0.01000000000000000021 ) ) ;
#740 = ADVANCED_FACE ( 'NONE', ( #734 ), #10362, .T. ) ;
#741 = MECHANICAL_DESIGN_GEOMETRIC_PRESENTATION_REPRESENTATION (  '', ( #6198 ), #349 ) ;
#742 = ORIENTED_EDGE ( 'NONE', *, *, #7334, .T. ) ;
#743 = ADVANCED_FACE ( 'NONE', ( #11224 ), #10311, .T. ) ;
#744 = ADVANCED_FACE ( 'NONE', ( #3655 ), #4428, .T. ) ;
#745 = DIRECTION ( 'NONE',  ( -0.000000000000000000, 0.000000000000000000, -1.000000000000000000 ) ) ;
#746 = AXIS2_PLACEMENT_3D ( 'NONE', #2575, #3539, #3615 ) ;
#747 = SURFACE_STYLE_FILL_AREA ( #9417 ) ;
#748 = ORIENTED_EDGE ( 'NONE', *, *, #7570, .F. ) ;
#749 =( LENGTH_UNIT ( ) NAMED_UNIT ( * ) SI_UNIT ( .MILLI., .METRE. ) );
#750 = ORIENTED_EDGE ( 'NONE', *, *, #9171, .F. ) ;
#751 = SURFACE_STYLE_USAGE ( .BOTH. , #10431 ) ;
#752 = CARTESIAN_POINT ( 'NONE',  ( 0.000000000000000000, 2.429999999999997939, 0.04000000000000010492 ) ) ;
#753 = LINE ( 'NONE', #6329, #1819 ) ;
#754 = EDGE_CURVE ( 'NONE', #5914, #597, #12402, .T. ) ;
#755 = PRESENTATION_STYLE_ASSIGNMENT (( #9243 ) ) ;
#756 = VECTOR ( 'NONE', #9550, 1000.000000000000000 ) ;
#757 = ADVANCED_FACE ( 'NONE', ( #6788 ), #11519, .F. ) ;
#758 = AXIS2_PLACEMENT_3D ( 'NONE', #7236, #9967, #9916 ) ;
#759 = EDGE_CURVE ( 'NONE', #8722, #318, #1849, .T. ) ;
#760 = DIRECTION ( 'NONE',  ( 0.9417224702971435102, 0.3363908276654489216, -0.000000000000000000 ) ) ;
#761 = VECTOR ( 'NONE', #9544, 1000.000000000000000 ) ;
#762 = EDGE_CURVE ( 'NONE', #8944, #420, #2801, .T. ) ;
#763 = VECTOR ( 'NONE', #11063, 1000.000000000000000 ) ;
#764 = CARTESIAN_POINT ( 'NONE',  ( 3.319999999999999840, 0.3200000000000001732, 0.3554264934286706090 ) ) ;
#765 = AXIS2_PLACEMENT_3D ( 'NONE', #3066, #5869, #9728 ) ;
#766 = UNCERTAINTY_MEASURE_WITH_UNIT (LENGTH_MEASURE( 1.000000000000000082E-05 ), #242, 'distance_accuracy_value', 'NONE');
#767 = FILL_AREA_STYLE_COLOUR ( '', #6634 ) ;
#768 = AXIS2_PLACEMENT_3D ( 'NONE', #4830, #12437, #4953 ) ;
#769 = SURFACE_STYLE_USAGE ( .BOTH. , #11365 ) ;
#770 = SURFACE_STYLE_FILL_AREA ( #9255 ) ;
#771 = SURFACE_SIDE_STYLE ('',( #11310 ) ) ;
#772 = CARTESIAN_POINT ( 'NONE',  ( 3.329268292682923569, -8.355134985362424160, 0.01000000000000000021 ) ) ;
#773 = MECHANICAL_DESIGN_GEOMETRIC_PRESENTATION_REPRESENTATION (  '', ( #177 ), #8040 ) ;
#774 = VECTOR ( 'NONE', #6753, 1000.000000000000000 ) ;
#775 = CARTESIAN_POINT ( 'NONE',  ( 1.195121951219509704, -8.464891082923399424, 0.01000000000000000021 ) ) ;
#776 =( GEOMETRIC_REPRESENTATION_CONTEXT ( 3 ) GLOBAL_UNCERTAINTY_ASSIGNED_CONTEXT ( ( #10007 ) ) GLOBAL_UNIT_ASSIGNED_CONTEXT ( ( #11781, #3981, #7824 ) ) REPRESENTATION_CONTEXT ( 'NONE', 'WORKASPACE' ) );
#777 = ADVANCED_FACE ( 'NONE', ( #2926 ), #3975, .F. ) ;
#778 = CARTESIAN_POINT ( 'NONE',  ( 2.834887178074135150, -8.184481978456060958, 0.01000000000000000021 ) ) ;
#779 = STYLED_ITEM ( 'NONE', ( #7343 ), #295 ) ;
#780 = PRESENTATION_LAYER_ASSIGNMENT (  '', '', ( #3191 ) ) ;
#781 = ORIENTED_EDGE ( 'NONE', *, *, #11286, .F. ) ;
#782 = ORIENTED_EDGE ( 'NONE', *, *, #11030, .F. ) ;
#783 = LINE ( 'NONE', #3695, #5449 ) ;
#784 = UNCERTAINTY_MEASURE_WITH_UNIT (LENGTH_MEASURE( 1.000000000000000082E-05 ), #6065, 'distance_accuracy_value', 'NONE');
#785 = DIRECTION ( 'NONE',  ( 1.720087959076601316E-16, 1.727000445753946065E-31, 1.000000000000000000 ) ) ;
#786 = CARTESIAN_POINT ( 'NONE',  ( 0.7535993338599811242, -8.329674989980935251, 6.776263578034402713E-18 ) ) ;
#787 =( NAMED_UNIT ( * ) SI_UNIT ( $, .STERADIAN. ) SOLID_ANGLE_UNIT ( ) );
#788 = LINE ( 'NONE', #11326, #7399 ) ;
#789 = DIRECTION ( 'NONE',  ( 0.000000000000000000, 0.000000000000000000, 1.000000000000000000 ) ) ;
#790 = COLOUR_RGB ( '',0.2235294117647058654, 0.2235294117647058654, 0.2235294117647058654 ) ;
#791 = VERTEX_POINT ( 'NONE', #105 ) ;
#792 = DIRECTION ( 'NONE',  ( 0.000000000000000000, 1.000000000000000000, 7.478108553735038078E-16 ) ) ;
#793 = EDGE_CURVE ( 'NONE', #3645, #2855, #7762, .T. ) ;
#794 = ORIENTED_EDGE ( 'NONE', *, *, #8867, .F. ) ;
#795 = LINE ( 'NONE', #8620, #3958 ) ;
#796 = CARTESIAN_POINT ( 'NONE',  ( 2.130831605139952067, -7.621316275785579464, 6.776263578034402713E-18 ) ) ;
#797 = AXIS2_PLACEMENT_3D ( 'NONE', #2846, #2022, #11625 ) ;
#798 = CARTESIAN_POINT ( 'NONE',  ( 1.249999999999996225, -0.9700000000000014166, 2.560317866458142966 ) ) ;
#799 = EDGE_LOOP ( 'NONE', ( #4945, #6648, #5563, #6543 ) ) ;
#800 = EDGE_LOOP ( 'NONE', ( #8390, #2343, #10035, #877 ) ) ;
#801 = UNCERTAINTY_MEASURE_WITH_UNIT (LENGTH_MEASURE( 1.000000000000000082E-05 ), #4132, 'distance_accuracy_value', 'NONE');
#802 = ORIENTED_EDGE ( 'NONE', *, *, #7165, .F. ) ;
#803 = VECTOR ( 'NONE', #5305, 1000.000000000000000 ) ;
#804 = FACE_OUTER_BOUND ( 'NONE', #1318, .T. ) ;
#805 = ORIENTED_EDGE ( 'NONE', *, *, #10829, .T. ) ;
#806 = CARTESIAN_POINT ( 'NONE',  ( 5.224999999999986322, -2.170000000000001705, 3.000000000000000000 ) ) ;
#807 = CARTESIAN_POINT ( 'NONE',  ( 0.5253549962678186747, -7.910079331273648151, 0.01000000000000000021 ) ) ;
#808 = VERTEX_POINT ( 'NONE', #9791 ) ;
#809 = SURFACE_SIDE_STYLE ('',( #3729 ) ) ;
#810 = VERTEX_POINT ( 'NONE', #4040 ) ;
#811 = PLANE ( 'NONE',  #4674 ) ;
#812 = DIRECTION ( 'NONE',  ( -1.162683294890621319E-16, 1.000000000000000000, -0.000000000000000000 ) ) ;
#813 = EDGE_LOOP ( 'NONE', ( #4669, #7208, #6860, #8082 ) ) ;
#814 = LINE ( 'NONE', #4571, #10863 ) ;
#815 = DIRECTION ( 'NONE',  ( 2.742645811821040800E-16, 1.000000000000000000, -1.734723475976807341E-16 ) ) ;
#816 = SURFACE_STYLE_FILL_AREA ( #3859 ) ;
#817 = PRESENTATION_STYLE_ASSIGNMENT (( #10551 ) ) ;
#818 = CARTESIAN_POINT ( 'NONE',  ( 4.824999999999992184, -8.920000000000001705, 3.859999999999999876 ) ) ;
#819 = VECTOR ( 'NONE', #6897, 1000.000000000000000 ) ;
#820 = SURFACE_STYLE_FILL_AREA ( #9731 ) ;
#821 = VECTOR ( 'NONE', #3101, 1000.000000000000000 ) ;
#822 = EDGE_CURVE ( 'NONE', #1259, #11152, #4733, .T. ) ;
#823 = EDGE_CURVE ( 'NONE', #6635, #10234, #7947, .T. ) ;
#824 = DIRECTION ( 'NONE',  ( -2.168404344971010594E-16, -2.923509266293775251E-32, -1.000000000000000000 ) ) ;
#825 = CARTESIAN_POINT ( 'NONE',  ( 2.649999999999999911, 0.5299999999999988054, 0.000000000000000000 ) ) ;
#826 = SURFACE_STYLE_FILL_AREA ( #8596 ) ;
#827 = CARTESIAN_POINT ( 'NONE',  ( -2.224999999999990319, -3.615000000000001101, -0.09862792926813598871 ) ) ;
#828 =( LENGTH_UNIT ( ) NAMED_UNIT ( * ) SI_UNIT ( .MILLI., .METRE. ) );
#829 = ADVANCED_FACE ( 'NONE', ( #3118, #8894 ), #7046, .F. ) ;
#830 = DIRECTION ( 'NONE',  ( -1.162683294890621319E-16, 1.000000000000000000, -0.000000000000000000 ) ) ;
#831 = CARTESIAN_POINT ( 'NONE',  ( 2.378620426829265444, -8.367330107313643239, 0.000000000000000000 ) ) ;
#832 = AXIS2_PLACEMENT_3D ( 'NONE', #2639, #9496, #4700 ) ;
#833 = ORIENTED_EDGE ( 'NONE', *, *, #12190, .F. ) ;
#834 = FILL_AREA_STYLE ('',( #1376 ) ) ;
#835 = ORIENTED_EDGE ( 'NONE', *, *, #5794, .F. ) ;
#836 = FILL_AREA_STYLE_COLOUR ( '', #1973 ) ;
#837 = DIRECTION ( 'NONE',  ( -0.000000000000000000, -0.000000000000000000, -1.000000000000000000 ) ) ;
#838 = CARTESIAN_POINT ( 'NONE',  ( 0.5771071374949078292, -7.565741602238193586, 0.000000000000000000 ) ) ;
#839 = SURFACE_STYLE_USAGE ( .BOTH. , #12444 ) ;
#840 = CARTESIAN_POINT ( 'NONE',  ( -4.625000000000000888, -3.615000000000001101, -0.1999999999999999833 ) ) ;
#841 = EDGE_CURVE ( 'NONE', #10114, #6779, #6193, .T. ) ;
#842 = ORIENTED_EDGE ( 'NONE', *, *, #3929, .F. ) ;
#843 = STYLED_ITEM ( 'NONE', ( #3528 ), #9048 ) ;
#844 = CARTESIAN_POINT ( 'NONE',  ( 1.926829268292680197, -7.464891082923399424, 0.01000000000000000021 ) ) ;
#845 = VERTEX_POINT ( 'NONE', #11900 ) ;
#846 = CARTESIAN_POINT ( 'NONE',  ( 2.865853658536582582, -7.983755412191692713, 0.01000000000000000021 ) ) ;
#847 = CARTESIAN_POINT ( 'NONE',  ( 2.345583541022282503, -7.562611599129494877, 6.776263578034402713E-18 ) ) ;
#848 =( NAMED_UNIT ( * ) PLANE_ANGLE_UNIT ( ) SI_UNIT ( $, .RADIAN. ) );
#849 = ORIENTED_EDGE ( 'NONE', *, *, #10716, .T. ) ;
#850 =( GEOMETRIC_REPRESENTATION_CONTEXT ( 3 ) GLOBAL_UNCERTAINTY_ASSIGNED_CONTEXT ( ( #12131 ) ) GLOBAL_UNIT_ASSIGNED_CONTEXT ( ( #1295, #426, #11090 ) ) REPRESENTATION_CONTEXT ( 'NONE', 'WORKASPACE' ) );
#851 = EDGE_LOOP ( 'NONE', ( #5007, #11640, #2914, #9527 ) ) ;
#852 = CARTESIAN_POINT ( 'NONE',  ( 5.575000000000005507, -0.4700000000000008060, 3.359999999999999876 ) ) ;
#853 = VECTOR ( 'NONE', #1453, 1000.000000000000000 ) ;
#854 = ORIENTED_EDGE ( 'NONE', *, *, #5788, .T. ) ;
#855 = STYLED_ITEM ( 'NONE', ( #5249 ), #605 ) ;
#856 = ADVANCED_FACE ( 'NONE', ( #2351 ), #296, .T. ) ;
#857 = DIRECTION ( 'NONE',  ( 0.000000000000000000, -1.000000000000000000, 0.000000000000000000 ) ) ;
#858 = ORIENTED_EDGE ( 'NONE', *, *, #9745, .T. ) ;
#859 = DIRECTION ( 'NONE',  ( -0.000000000000000000, -0.000000000000000000, -1.000000000000000000 ) ) ;
#860 = SURFACE_SIDE_STYLE ('',( #6795 ) ) ;
#861 = VECTOR ( 'NONE', #7375, 1000.000000000000000 ) ;
#862 = VECTOR ( 'NONE', #8473, 1000.000000000000000 ) ;
#863 = ORIENTED_EDGE ( 'NONE', *, *, #1702, .T. ) ;
#864 = CARTESIAN_POINT ( 'NONE',  ( 0.5504260061891312894, -7.789312601461663377, 0.000000000000000000 ) ) ;
#865 = AXIS2_PLACEMENT_3D ( 'NONE', #8267, #7327, #6664 ) ;
#866 = SURFACE_STYLE_FILL_AREA ( #5633 ) ;
#867 = VECTOR ( 'NONE', #4150, 1000.000000000000000 ) ;
#868 =( NAMED_UNIT ( * ) SI_UNIT ( $, .STERADIAN. ) SOLID_ANGLE_UNIT ( ) );
#869 = ORIENTED_EDGE ( 'NONE', *, *, #11382, .F. ) ;
#870 = CARTESIAN_POINT ( 'NONE',  ( -2.575000000000014388, -0.4700000000000020828, 3.360000000000000320 ) ) ;
#871 = ORIENTED_EDGE ( 'NONE', *, *, #9486, .T. ) ;
#872 = CARTESIAN_POINT ( 'NONE',  ( 6.324999999999997513, -0.9700000000000019718, 2.529999999999998472 ) ) ;
#873 = VECTOR ( 'NONE', #11298, 1000.000000000000000 ) ;
#874 = DIRECTION ( 'NONE',  ( 5.321237656370560445E-17, 7.297135085974559675E-33, 1.000000000000000000 ) ) ;
#875 = DIRECTION ( 'NONE',  ( 1.000000000000000000, 0.000000000000000000, 0.000000000000000000 ) ) ;
#876 = FACE_OUTER_BOUND ( 'NONE', #4500, .T. ) ;
#877 = ORIENTED_EDGE ( 'NONE', *, *, #8537, .F. ) ;
#878 = CARTESIAN_POINT ( 'NONE',  ( 2.722789633655546382, -7.598141589716255417, 5.082197683525802034E-18 ) ) ;
#879 = LINE ( 'NONE', #12306, #1582 ) ;
#880 = CARTESIAN_POINT ( 'NONE',  ( -0.8499999999999992006, 1.029999999999998250, 3.360000000000000320 ) ) ;
#881 = DIRECTION ( 'NONE',  ( -0.000000000000000000, -0.000000000000000000, -1.000000000000000000 ) ) ;
#882 = LINE ( 'NONE', #10627, #1955 ) ;
#883 = SURFACE_SIDE_STYLE ('',( #5900 ) ) ;
#884 = DIRECTION ( 'NONE',  ( -0.000000000000000000, -0.000000000000000000, -1.000000000000000000 ) ) ;
#885 = CARTESIAN_POINT ( 'NONE',  ( -0.1269054878048807011, -7.586842302435594654, 0.01000000000000000021 ) ) ;
#886 = PLANE ( 'NONE',  #346 ) ;
#887 = EDGE_CURVE ( 'NONE', #3389, #10183, #4107, .T. ) ;
#888 = EDGE_CURVE ( 'NONE', #6429, #4712, #4385, .T. ) ;
#889 = CARTESIAN_POINT ( 'NONE',  ( 5.575000000000005507, 1.029999999999999138, 3.359999999999999876 ) ) ;
#890 = STYLED_ITEM ( 'NONE', ( #5057 ), #2659 ) ;
#891 = EDGE_CURVE ( 'NONE', #5545, #1324, #7374, .T. ) ;
#892 = VECTOR ( 'NONE', #6875, 1000.000000000000000 ) ;
#893 = EDGE_CURVE ( 'NONE', #2496, #5917, #2539, .T. ) ;
#894 = EDGE_LOOP ( 'NONE', ( #11336, #35, #4358, #9664 ) ) ;
#895 = LINE ( 'NONE', #8605, #11520 ) ;
#896 = ORIENTED_EDGE ( 'NONE', *, *, #8636, .T. ) ;
#897 = FILL_AREA_STYLE_COLOUR ( '', #4013 ) ;
#898 = CARTESIAN_POINT ( 'NONE',  ( 0.4734986285595548794, -7.668516798672921908, 0.000000000000000000 ) ) ;
#899 = DIRECTION ( 'NONE',  ( 0.000000000000000000, 0.000000000000000000, -1.000000000000000000 ) ) ;
#900 = FILL_AREA_STYLE_COLOUR ( '', #8395 ) ;
#901 = FACE_BOUND ( 'NONE', #5438, .T. ) ;
#902 =( GEOMETRIC_REPRESENTATION_CONTEXT ( 3 ) GLOBAL_UNCERTAINTY_ASSIGNED_CONTEXT ( ( #12242 ) ) GLOBAL_UNIT_ASSIGNED_CONTEXT ( ( #4488, #12143, #7509 ) ) REPRESENTATION_CONTEXT ( 'NONE', 'WORKASPACE' ) );
#903 = ORIENTED_EDGE ( 'NONE', *, *, #6623, .F. ) ;
#904 = PRESENTATION_LAYER_ASSIGNMENT (  '', '', ( #6366 ) ) ;
#905 = EDGE_CURVE ( 'NONE', #6601, #8944, #9390, .T. ) ;
#906 = DIRECTION ( 'NONE',  ( 0.000000000000000000, -1.000000000000000000, 0.000000000000000000 ) ) ;
#907 = EDGE_CURVE ( 'NONE', #9404, #9571, #7993, .T. ) ;
#908 = ORIENTED_EDGE ( 'NONE', *, *, #12122, .F. ) ;
#909 = FILL_AREA_STYLE ('',( #4907 ) ) ;
#910 = EDGE_CURVE ( 'NONE', #10766, #5283, #788, .T. ) ;
#911 = DIRECTION ( 'NONE',  ( 0.000000000000000000, 0.000000000000000000, 1.000000000000000000 ) ) ;
#912 = VECTOR ( 'NONE', #11543, 1000.000000000000000 ) ;
#913 = ORIENTED_EDGE ( 'NONE', *, *, #1445, .F. ) ;
#914 = VECTOR ( 'NONE', #1691, 1000.000000000000000 ) ;
#915 = ORIENTED_EDGE ( 'NONE', *, *, #3302, .F. ) ;
#916 =( LENGTH_UNIT ( ) NAMED_UNIT ( * ) SI_UNIT ( .MILLI., .METRE. ) );
#917 = ORIENTED_EDGE ( 'NONE', *, *, #11096, .T. ) ;
#918 = DIRECTION ( 'NONE',  ( -1.000000000000000000, -1.162683294890621566E-16, 0.000000000000000000 ) ) ;
#919 = DIRECTION ( 'NONE',  ( 1.000000000000000000, 4.336808689942017736E-16, -0.000000000000000000 ) ) ;
#920 = LINE ( 'NONE', #8384, #8189 ) ;
#921 = VECTOR ( 'NONE', #4412, 1000.000000000000000 ) ;
#922 = AXIS2_PLACEMENT_3D ( 'NONE', #999, #874, #933 ) ;
#923 = ORIENTED_EDGE ( 'NONE', *, *, #1165, .T. ) ;
#924 = FILL_AREA_STYLE_COLOUR ( '', #4752 ) ;
#925 = EDGE_CURVE ( 'NONE', #10646, #1669, #9333, .T. ) ;
#926 = CARTESIAN_POINT ( 'NONE',  ( 3.350000000000000977, 0.5299999999999988054, 3.360000000000000320 ) ) ;
#927 = DIRECTION ( 'NONE',  ( 0.000000000000000000, 0.000000000000000000, -1.000000000000000000 ) ) ;
#928 = EDGE_LOOP ( 'NONE', ( #1005, #4028, #10452, #6348 ) ) ;
#929 = MECHANICAL_DESIGN_GEOMETRIC_PRESENTATION_REPRESENTATION (  '', ( #6581 ), #9629 ) ;
#930 = DIRECTION ( 'NONE',  ( 1.371322905910519660E-16, -1.000000000000000000, -0.000000000000000000 ) ) ;
#931 = EDGE_LOOP ( 'NONE', ( #9343, #9285, #1009, #1921 ) ) ;
#932 = FACE_OUTER_BOUND ( 'NONE', #7198, .T. ) ;
#933 = DIRECTION ( 'NONE',  ( 1.000000000000000000, 0.000000000000000000, -5.321237656370560445E-17 ) ) ;
#934 = CARTESIAN_POINT ( 'NONE',  ( 0.5253549962678186747, -7.910079331273648151, 0.01000000000000000021 ) ) ;
#935 = DIRECTION ( 'NONE',  ( 0.000000000000000000, 0.000000000000000000, 1.000000000000000000 ) ) ;
#936 = CARTESIAN_POINT ( 'NONE',  ( -2.524999999999990141, -3.615000000000001101, -0.01000000000000000021 ) ) ;
#937 = UNCERTAINTY_MEASURE_WITH_UNIT (LENGTH_MEASURE( 1.000000000000000082E-05 ), #9488, 'distance_accuracy_value', 'NONE');
#938 = ORIENTED_EDGE ( 'NONE', *, *, #1811, .F. ) ;
#939 = EDGE_CURVE ( 'NONE', #7663, #4379, #5361, .T. ) ;
#940 = FILL_AREA_STYLE_COLOUR ( '', #5384 ) ;
#941 = LINE ( 'NONE', #6823, #11621 ) ;
#942 = EDGE_LOOP ( 'NONE', ( #5203, #2328, #7870, #1482, #10892, #12149, #11958, #2734, #6147, #12292 ) ) ;
#943 = SURFACE_STYLE_USAGE ( .BOTH. , #73 ) ;
#944 = SURFACE_STYLE_USAGE ( .BOTH. , #4647 ) ;
#945 = SURFACE_STYLE_FILL_AREA ( #10504 ) ;
#946 =( LENGTH_UNIT ( ) NAMED_UNIT ( * ) SI_UNIT ( .MILLI., .METRE. ) );
#947 = FACE_OUTER_BOUND ( 'NONE', #10575, .T. ) ;
#948 = FACE_OUTER_BOUND ( 'NONE', #11756, .T. ) ;
#949 = PRESENTATION_STYLE_ASSIGNMENT (( #2902 ) ) ;
#950 =( GEOMETRIC_REPRESENTATION_CONTEXT ( 3 ) GLOBAL_UNCERTAINTY_ASSIGNED_CONTEXT ( ( #6474 ) ) GLOBAL_UNIT_ASSIGNED_CONTEXT ( ( #7148, #10134, #8980 ) ) REPRESENTATION_CONTEXT ( 'NONE', 'WORKASPACE' ) );
#951 = DIRECTION ( 'NONE',  ( -1.000000000000000000, -0.000000000000000000, -0.000000000000000000 ) ) ;
#952 = COLOUR_RGB ( '',0.2235294117647058654, 0.2235294117647058654, 0.2235294117647058654 ) ;
#953 = LINE ( 'NONE', #7798, #12067 ) ;
#954 = VECTOR ( 'NONE', #3237, 1000.000000000000000 ) ;
#955 = ORIENTED_EDGE ( 'NONE', *, *, #4496, .F. ) ;
#956 = CARTESIAN_POINT ( 'NONE',  ( 0.04153963414633878720, -8.074647180484374687, 0.000000000000000000 ) ) ;
#957 = ORIENTED_EDGE ( 'NONE', *, *, #6389, .T. ) ;
#958 = CARTESIAN_POINT ( 'NONE',  ( 1.249999999999996225, -0.4700000000000014722, -1.495982857385225102E-31 ) ) ;
#959 =( GEOMETRIC_REPRESENTATION_CONTEXT ( 3 ) GLOBAL_UNCERTAINTY_ASSIGNED_CONTEXT ( ( #8610 ) ) GLOBAL_UNIT_ASSIGNED_CONTEXT ( ( #10441, #12430, #4409 ) ) REPRESENTATION_CONTEXT ( 'NONE', 'WORKASPACE' ) );
#960 = FILL_AREA_STYLE ('',( #8742 ) ) ;
#961 = DIRECTION ( 'NONE',  ( 1.348230680810990322E-16, -1.000000000000000000, 0.000000000000000000 ) ) ;
#962 =( LENGTH_UNIT ( ) NAMED_UNIT ( * ) SI_UNIT ( .MILLI., .METRE. ) );
#963 =( LENGTH_UNIT ( ) NAMED_UNIT ( * ) SI_UNIT ( .MILLI., .METRE. ) );
#964 = PLANE ( 'NONE',  #11348 ) ;
#965 = COLOUR_RGB ( '',0.6470588235294117974, 0.6196078431372549211, 0.5882352941176470784 ) ;
#966 = EDGE_LOOP ( 'NONE', ( #11237, #8992, #476, #3663 ) ) ;
#967 = AXIS2_PLACEMENT_3D ( 'NONE', #7851, #1881, #3751 ) ;
#968 = VECTOR ( 'NONE', #12315, 1000.000000000000000 ) ;
#969 = PRESENTATION_STYLE_ASSIGNMENT (( #6716 ) ) ;
#970 = STYLED_ITEM ( 'NONE', ( #11613 ), #193 ) ;
#971 = CIRCLE ( 'NONE', #8239, 0.1013720707318654241 ) ;
#972 = VERTEX_POINT ( 'NONE', #8430 ) ;
#973 = CARTESIAN_POINT ( 'NONE',  ( 6.324999999999997513, -3.470000000000001528, 0.9299999999999991607 ) ) ;
#974 = ORIENTED_EDGE ( 'NONE', *, *, #392, .F. ) ;
#975 = ORIENTED_EDGE ( 'NONE', *, *, #6528, .T. ) ;
#976 = VECTOR ( 'NONE', #8072, 1000.000000000000000 ) ;
#977 = EDGE_CURVE ( 'NONE', #3963, #6907, #6533, .T. ) ;
#978 = EDGE_LOOP ( 'NONE', ( #11815, #4861, #5974, #477 ) ) ;
#979 = EDGE_CURVE ( 'NONE', #285, #12019, #1538, .T. ) ;
#980 = FILL_AREA_STYLE_COLOUR ( '', #8342 ) ;
#981 = DIRECTION ( 'NONE',  ( 1.000000000000000000, -0.000000000000000000, -0.000000000000000000 ) ) ;
#982 = SURFACE_STYLE_USAGE ( .BOTH. , #8632 ) ;
#983 = PRESENTATION_STYLE_ASSIGNMENT (( #9657 ) ) ;
#984 = CARTESIAN_POINT ( 'NONE',  ( 6.324999999999997513, 0.4299999999999984945, 2.860000000000000764 ) ) ;
#985 = ADVANCED_FACE ( 'NONE', ( #7436 ), #546, .T. ) ;
#986 = DIRECTION ( 'NONE',  ( 0.000000000000000000, -1.000000000000000000, 0.000000000000000000 ) ) ;
#987 = VECTOR ( 'NONE', #6914, 1000.000000000000000 ) ;
#988 = ORIENTED_EDGE ( 'NONE', *, *, #3470, .T. ) ;
#989 = CARTESIAN_POINT ( 'NONE',  ( 0.7214563823503847839, -7.611337266629626619, 0.000000000000000000 ) ) ;
#990 = FILL_AREA_STYLE_COLOUR ( '', #10825 ) ;
#991 =( LENGTH_UNIT ( ) NAMED_UNIT ( * ) SI_UNIT ( .MILLI., .METRE. ) );
#992 = VECTOR ( 'NONE', #911, 1000.000000000000000 ) ;
#993 = VERTEX_POINT ( 'NONE', #1776 ) ;
#994 = SURFACE_STYLE_USAGE ( .BOTH. , #3855 ) ;
#995 = CARTESIAN_POINT ( 'NONE',  ( 3.850000000000000089, 0.5299999999999988054, 0.000000000000000000 ) ) ;
#996 = EDGE_LOOP ( 'NONE', ( #6240, #5429, #11497, #11771 ) ) ;
#997 = FILL_AREA_STYLE_COLOUR ( '', #11057 ) ;
#998 = FACE_OUTER_BOUND ( 'NONE', #3701, .T. ) ;
#999 = CARTESIAN_POINT ( 'NONE',  ( 5.575000000000005507, -0.4700000000000008060, 3.359999999999999876 ) ) ;
#1000 = CARTESIAN_POINT ( 'NONE',  ( 1.926829268292680197, -8.464891082923399424, 0.01000000000000000021 ) ) ;
#1001 = DIRECTION ( 'NONE',  ( -0.000000000000000000, -0.000000000000000000, 1.000000000000000000 ) ) ;
#1002 = EDGE_CURVE ( 'NONE', #10729, #364, #8745, .T. ) ;
#1003 = DIRECTION ( 'NONE',  ( 1.000000000000000000, 0.000000000000000000, 0.000000000000000000 ) ) ;
#1004 =( GEOMETRIC_REPRESENTATION_CONTEXT ( 3 ) GLOBAL_UNCERTAINTY_ASSIGNED_CONTEXT ( ( #10501 ) ) GLOBAL_UNIT_ASSIGNED_CONTEXT ( ( #6336, #4271, #2460 ) ) REPRESENTATION_CONTEXT ( 'NONE', 'WORKASPACE' ) );
#1005 = ORIENTED_EDGE ( 'NONE', *, *, #8700, .F. ) ;
#1006 = AXIS2_PLACEMENT_3D ( 'NONE', #9939, #3016, #9998 ) ;
#1007 = CARTESIAN_POINT ( 'NONE',  ( 3.220000000000000195, 2.429999999999997939, -2.109999999999999432 ) ) ;
#1008 = CARTESIAN_POINT ( 'NONE',  ( 2.756483208146200958, -7.635843415736576212, 0.01000000000000000021 ) ) ;
#1009 = ORIENTED_EDGE ( 'NONE', *, *, #9884, .F. ) ;
#1010 = UNCERTAINTY_MEASURE_WITH_UNIT (LENGTH_MEASURE( 1.000000000000000082E-05 ), #10717, 'distance_accuracy_value', 'NONE');
#1011 = SURFACE_STYLE_FILL_AREA ( #3086 ) ;
#1012 = DIRECTION ( 'NONE',  ( 0.000000000000000000, -0.000000000000000000, 1.000000000000000000 ) ) ;
#1013 =( NAMED_UNIT ( * ) SI_UNIT ( $, .STERADIAN. ) SOLID_ANGLE_UNIT ( ) );
#1014 = CARTESIAN_POINT ( 'NONE',  ( 3.319999999999999840, -6.852871818038222429, 1.609999999999999432 ) ) ;
#1015 = CARTESIAN_POINT ( 'NONE',  ( 1.060975609756094951, -7.574647180484375575, 0.01000000000000000021 ) ) ;
#1016 = CARTESIAN_POINT ( 'NONE',  ( 1.792682926829265666, -8.013671570728277516, 0.01000000000000000021 ) ) ;
#1017 = CARTESIAN_POINT ( 'NONE',  ( 2.356135670731704490, -7.562452058533155608, 0.000000000000000000 ) ) ;
#1018 = ADVANCED_FACE ( 'NONE', ( #5850 ), #8614, .F. ) ;
#1019 = DIRECTION ( 'NONE',  ( 1.688693473518973338E-47, -1.452410541150706185E-31, -1.000000000000000000 ) ) ;
#1020 = VECTOR ( 'NONE', #5016, 1000.000000000000114 ) ;
#1021 = CARTESIAN_POINT ( 'NONE',  ( 3.463414634146338322, -7.464891082923399424, 0.01000000000000000021 ) ) ;
#1022 = SURFACE_SIDE_STYLE ('',( #83 ) ) ;
#1023 = ORIENTED_EDGE ( 'NONE', *, *, #12162, .F. ) ;
#1024 = CARTESIAN_POINT ( 'NONE',  ( 6.324999999999997513, 1.029999999999999138, 0.000000000000000000 ) ) ;
#1025 = LINE ( 'NONE', #6964, #10451 ) ;
#1026 = CARTESIAN_POINT ( 'NONE',  ( -0.06097560975610021722, -7.464891082923399424, 0.01000000000000000021 ) ) ;
#1027 = DIRECTION ( 'NONE',  ( -1.000000000000000000, 0.000000000000000000, -0.000000000000000000 ) ) ;
#1028 = CARTESIAN_POINT ( 'NONE',  ( 0.3914235936273749994, -7.898742862584233748, 0.000000000000000000 ) ) ;
#1029 = DIRECTION ( 'NONE',  ( 1.000000000000000000, 0.000000000000000000, 0.000000000000000000 ) ) ;
#1030 = PLANE ( 'NONE',  #4505 ) ;
#1031 = SURFACE_STYLE_FILL_AREA ( #9910 ) ;
#1032 = VERTEX_POINT ( 'NONE', #11441 ) ;
#1033 = LINE ( 'NONE', #4964, #2979 ) ;
#1034 = ORIENTED_EDGE ( 'NONE', *, *, #1612, .F. ) ;
#1035 = ORIENTED_EDGE ( 'NONE', *, *, #10267, .F. ) ;
#1036 = VERTEX_POINT ( 'NONE', #1834 ) ;
#1037 = CARTESIAN_POINT ( 'NONE',  ( 0.000000000000000000, -8.219999999999988205, 3.859999999999999876 ) ) ;
#1038 = DIRECTION ( 'NONE',  ( -0.000000000000000000, -0.000000000000000000, -1.000000000000000000 ) ) ;
#1039 = ORIENTED_EDGE ( 'NONE', *, *, #2508, .T. ) ;
#1040 = ORIENTED_EDGE ( 'NONE', *, *, #1750, .F. ) ;
#1041 = FILL_AREA_STYLE ('',( #3715 ) ) ;
#1042 = ORIENTED_EDGE ( 'NONE', *, *, #230, .T. ) ;
#1043 =( NAMED_UNIT ( * ) PLANE_ANGLE_UNIT ( ) SI_UNIT ( $, .RADIAN. ) );
#1044 = CARTESIAN_POINT ( 'NONE',  ( 2.951219512195118799, -8.355134985362424160, 0.01000000000000000021 ) ) ;
#1045 = SURFACE_STYLE_USAGE ( .BOTH. , #4041 ) ;
#1046 = MECHANICAL_DESIGN_GEOMETRIC_PRESENTATION_REPRESENTATION (  '', ( #5701 ), #5908 ) ;
#1047 = CARTESIAN_POINT ( 'NONE',  ( -0.3499999999999988676, -0.4700000000000016387, 3.859999999999999876 ) ) ;
#1048 = DIRECTION ( 'NONE',  ( 0.000000000000000000, -0.000000000000000000, 1.000000000000000000 ) ) ;
#1049 =( LENGTH_UNIT ( ) NAMED_UNIT ( * ) SI_UNIT ( .MILLI., .METRE. ) );
#1050 = PRESENTATION_STYLE_ASSIGNMENT (( #7887 ) ) ;
#1051 = EDGE_CURVE ( 'NONE', #7642, #12457, #11633, .T. ) ;
#1052 = ADVANCED_FACE ( 'NONE', ( #12383 ), #1030, .F. ) ;
#1053 = ORIENTED_EDGE ( 'NONE', *, *, #1002, .F. ) ;
#1054 = CARTESIAN_POINT ( 'NONE',  ( 5.575000000000008171, 1.029999999999999138, 0.5000000000000004441 ) ) ;
#1055 = PRESENTATION_STYLE_ASSIGNMENT (( #114 ) ) ;
#1056 = STYLED_ITEM ( 'NONE', ( #12179 ), #8829 ) ;
#1057 = CARTESIAN_POINT ( 'NONE',  ( 1.792682926829265666, -7.574647180484375575, 0.01000000000000000021 ) ) ;
#1058 = ORIENTED_EDGE ( 'NONE', *, *, #3282, .T. ) ;
#1059 = VECTOR ( 'NONE', #4994, 1000.000000000000000 ) ;
#1060 = DIRECTION ( 'NONE',  ( -0.000000000000000000, -1.445602896647339311E-15, 1.000000000000000000 ) ) ;
#1061 = EDGE_CURVE ( 'NONE', #2337, #9532, #4023, .T. ) ;
#1062 = DIRECTION ( 'NONE',  ( -1.371322905910519414E-16, 1.000000000000000000, -0.000000000000000000 ) ) ;
#1063 = LINE ( 'NONE', #3074, #8332 ) ;
#1064 = DIRECTION ( 'NONE',  ( 0.000000000000000000, -1.000000000000000000, 7.228014483236698528E-16 ) ) ;
#1065 = CARTESIAN_POINT ( 'NONE',  ( 2.731707317073167829, -7.975561814630715674, 0.01000000000000000021 ) ) ;
#1066 = PRESENTATION_LAYER_ASSIGNMENT (  '', '', ( #8937 ) ) ;
#1067 = CARTESIAN_POINT ( 'NONE',  ( 5.524999999999986144, -6.170000000000001705, 3.000000000000000000 ) ) ;
#1068 = DIRECTION ( 'NONE',  ( -1.000000000000000000, -0.000000000000000000, -0.000000000000000000 ) ) ;
#1069 = CARTESIAN_POINT ( 'NONE',  ( 5.524999999999986144, -2.170000000000001705, 3.000000000000000000 ) ) ;
#1070 = UNCERTAINTY_MEASURE_WITH_UNIT (LENGTH_MEASURE( 1.000000000000000082E-05 ), #5475, 'distance_accuracy_value', 'NONE');
#1071 = VECTOR ( 'NONE', #2868, 1000.000000000000227 ) ;
#1072 = VERTEX_POINT ( 'NONE', #5151 ) ;
#1073 =( GEOMETRIC_REPRESENTATION_CONTEXT ( 3 ) GLOBAL_UNCERTAINTY_ASSIGNED_CONTEXT ( ( #5471 ) ) GLOBAL_UNIT_ASSIGNED_CONTEXT ( ( #6832, #2018, #2088 ) ) REPRESENTATION_CONTEXT ( 'NONE', 'WORKASPACE' ) );
#1074 = PRESENTATION_STYLE_ASSIGNMENT (( #9752 ) ) ;
#1075 = CARTESIAN_POINT ( 'NONE',  ( -0.1124386205412706979, -7.642553940890580044, 0.01000000000000000021 ) ) ;
#1076 = ADVANCED_FACE ( 'NONE', ( #4149 ), #2097, .T. ) ;
#1077 = CARTESIAN_POINT ( 'NONE',  ( 2.499999999999996891, -7.019999999999975593, 5.059999999999999609 ) ) ;
#1078 = ORIENTED_EDGE ( 'NONE', *, *, #2824, .T. ) ;
#1079 = DIRECTION ( 'NONE',  ( 3.704886094926550657E-32, -1.000000000000000000, 3.414809992080328037E-16 ) ) ;
#1080 =( NAMED_UNIT ( * ) PLANE_ANGLE_UNIT ( ) SI_UNIT ( $, .RADIAN. ) );
#1081 = CARTESIAN_POINT ( 'NONE',  ( 6.324999999999997513, -7.420000000000000817, 3.859999999999999876 ) ) ;
#1082 = CARTESIAN_POINT ( 'NONE',  ( -0.1399229991640932591, 0.4299999999999984945, 2.860000000000000764 ) ) ;
#1083 =( GEOMETRIC_REPRESENTATION_CONTEXT ( 3 ) GLOBAL_UNCERTAINTY_ASSIGNED_CONTEXT ( ( #2397 ) ) GLOBAL_UNIT_ASSIGNED_CONTEXT ( ( #5197, #7970, #6081 ) ) REPRESENTATION_CONTEXT ( 'NONE', 'WORKASPACE' ) );
#1084 = DIRECTION ( 'NONE',  ( -2.742645811821039321E-16, -1.000000000000000000, -0.000000000000000000 ) ) ;
#1085 = PLANE ( 'NONE',  #9829 ) ;
#1086 = DIRECTION ( 'NONE',  ( 0.000000000000000000, 0.000000000000000000, 1.000000000000000000 ) ) ;
#1087 = FILL_AREA_STYLE ('',( #9763 ) ) ;
#1088 = DIRECTION ( 'NONE',  ( -1.084946484143765172E-16, 0.000000000000000000, -1.000000000000000000 ) ) ;
#1089 = EDGE_CURVE ( 'NONE', #1136, #4295, #11823, .T. ) ;
#1090 = ORIENTED_EDGE ( 'NONE', *, *, #2249, .T. ) ;
#1091 = DIRECTION ( 'NONE',  ( -1.000000000000000000, 0.000000000000000000, 0.000000000000000000 ) ) ;
#1092 = LINE ( 'NONE', #2026, #7661 ) ;
#1093 =( NAMED_UNIT ( * ) PLANE_ANGLE_UNIT ( ) SI_UNIT ( $, .RADIAN. ) );
#1094 = SURFACE_STYLE_USAGE ( .BOTH. , #3890 ) ;
#1095 = PRESENTATION_STYLE_ASSIGNMENT (( #4148 ) ) ;
#1096 = FILL_AREA_STYLE_COLOUR ( '', #11156 ) ;
#1097 = EDGE_LOOP ( 'NONE', ( #4551, #10177, #1739, #7173 ) ) ;
#1098 = PRESENTATION_LAYER_ASSIGNMENT (  '', '', ( #890 ) ) ;
#1099 = LINE ( 'NONE', #4027, #4818 ) ;
#1100 = EDGE_LOOP ( 'NONE', ( #2298, #7531, #3008, #1617 ) ) ;
#1101 = ORIENTED_EDGE ( 'NONE', *, *, #2209, .F. ) ;
#1102 = CARTESIAN_POINT ( 'NONE',  ( 2.730686611792915830, -7.930036988149721466, 0.000000000000000000 ) ) ;
#1103 = FACE_BOUND ( 'NONE', #1551, .T. ) ;
#1104 = PLANE ( 'NONE',  #10108 ) ;
#1105 = EDGE_CURVE ( 'NONE', #11563, #9987, #5968, .T. ) ;
#1106 = VERTEX_POINT ( 'NONE', #2160 ) ;
#1107 = ORIENTED_EDGE ( 'NONE', *, *, #7490, .F. ) ;
#1108 = SURFACE_STYLE_USAGE ( .BOTH. , #3972 ) ;
#1109 = ORIENTED_EDGE ( 'NONE', *, *, #10368, .T. ) ;
#1110 = DIRECTION ( 'NONE',  ( -1.000000000000000000, 0.000000000000000000, 0.000000000000000000 ) ) ;
#1111 = CYLINDRICAL_SURFACE ( 'NONE', #8731, 0.5000000000000000000 ) ;
#1112 = DIRECTION ( 'NONE',  ( -1.000000000000000000, -0.000000000000000000, 0.000000000000000000 ) ) ;
#1113 = PLANE ( 'NONE',  #7821 ) ;
#1114 = CARTESIAN_POINT ( 'NONE',  ( 0.000000000000000000, 0.000000000000000000, 5.059999999999999609 ) ) ;
#1115 = VERTEX_POINT ( 'NONE', #6034 ) ;
#1116 = MECHANICAL_DESIGN_GEOMETRIC_PRESENTATION_REPRESENTATION (  '', ( #7984 ), #9815 ) ;
#1117 = ORIENTED_EDGE ( 'NONE', *, *, #7441, .T. ) ;
#1118 = CARTESIAN_POINT ( 'NONE',  ( -2.575000000000014388, 0.4299999999999984945, 2.860000000000000764 ) ) ;
#1119 = PLANE ( 'NONE',  #398 ) ;
#1120 =( GEOMETRIC_REPRESENTATION_CONTEXT ( 3 ) GLOBAL_UNCERTAINTY_ASSIGNED_CONTEXT ( ( #12280 ) ) GLOBAL_UNIT_ASSIGNED_CONTEXT ( ( #6845, #2279, #7802 ) ) REPRESENTATION_CONTEXT ( 'NONE', 'WORKASPACE' ) );
#1121 = LINE ( 'NONE', #5745, #5662 ) ;
#1122 = FACE_OUTER_BOUND ( 'NONE', #10241, .T. ) ;
#1123 = ORIENTED_EDGE ( 'NONE', *, *, #3352, .F. ) ;
#1124 = DIRECTION ( 'NONE',  ( 1.000000000000000000, 0.000000000000000000, -0.000000000000000000 ) ) ;
#1125 = DIRECTION ( 'NONE',  ( 2.168404344971010594E-16, 2.923509266293775251E-32, 1.000000000000000000 ) ) ;
#1126 = LINE ( 'NONE', #10546, #1059 ) ;
#1127 = LINE ( 'NONE', #4808, #3106 ) ;
#1128 = EDGE_CURVE ( 'NONE', #8646, #5568, #219, .T. ) ;
#1129 = MECHANICAL_DESIGN_GEOMETRIC_PRESENTATION_REPRESENTATION (  '', ( #7602 ), #12001 ) ;
#1130 = LINE ( 'NONE', #3135, #5066 ) ;
#1131 = SURFACE_STYLE_USAGE ( .BOTH. , #6942 ) ;
#1132 =( GEOMETRIC_REPRESENTATION_CONTEXT ( 3 ) GLOBAL_UNCERTAINTY_ASSIGNED_CONTEXT ( ( #10752 ) ) GLOBAL_UNIT_ASSIGNED_CONTEXT ( ( #2324, #636, #7214 ) ) REPRESENTATION_CONTEXT ( 'NONE', 'WORKASPACE' ) );
#1133 = SURFACE_STYLE_USAGE ( .BOTH. , #10806 ) ;
#1134 = DIRECTION ( 'NONE',  ( 0.000000000000000000, 0.000000000000000000, 1.000000000000000000 ) ) ;
#1135 = EDGE_CURVE ( 'NONE', #8750, #2409, #3047, .T. ) ;
#1136 = VERTEX_POINT ( 'NONE', #7928 ) ;
#1137 = DIRECTION ( 'NONE',  ( 0.000000000000000000, -1.000000000000000000, 0.000000000000000000 ) ) ;
#1138 =( LENGTH_UNIT ( ) NAMED_UNIT ( * ) SI_UNIT ( .MILLI., .METRE. ) );
#1139 = EDGE_LOOP ( 'NONE', ( #1473, #10486, #4550, #11967 ) ) ;
#1140 = UNCERTAINTY_MEASURE_WITH_UNIT (LENGTH_MEASURE( 1.000000000000000082E-05 ), #7619, 'distance_accuracy_value', 'NONE');
#1141 = DIRECTION ( 'NONE',  ( 0.000000000000000000, 0.000000000000000000, -1.000000000000000000 ) ) ;
#1142 =( NAMED_UNIT ( * ) SI_UNIT ( $, .STERADIAN. ) SOLID_ANGLE_UNIT ( ) );
#1143 = EDGE_CURVE ( 'NONE', #9669, #10934, #9909, .T. ) ;
#1144 = PRESENTATION_STYLE_ASSIGNMENT (( #10758 ) ) ;
#1145 = ADVANCED_FACE ( 'NONE', ( #5030 ), #3827, .T. ) ;
#1146 = DIRECTION ( 'NONE',  ( -0.000000000000000000, 1.000000000000000000, 0.000000000000000000 ) ) ;
#1147 = DIRECTION ( 'NONE',  ( -0.000000000000000000, 0.000000000000000000, -1.000000000000000000 ) ) ;
#1148 = CARTESIAN_POINT ( 'NONE',  ( 0.8945473432507211609, -7.465300574875980644, 0.01000000000000000021 ) ) ;
#1149 = VECTOR ( 'NONE', #3619, 1000.000000000000000 ) ;
#1150 = ADVANCED_FACE ( 'NONE', ( #1159 ), #3044, .T. ) ;
#1151 =( NAMED_UNIT ( * ) PLANE_ANGLE_UNIT ( ) SI_UNIT ( $, .RADIAN. ) );
#1152 = DIRECTION ( 'NONE',  ( 0.000000000000000000, 0.000000000000000000, -1.000000000000000000 ) ) ;
#1153 = VECTOR ( 'NONE', #11853, 1000.000000000000000 ) ;
#1154 = VERTEX_POINT ( 'NONE', #4898 ) ;
#1155 =( LENGTH_UNIT ( ) NAMED_UNIT ( * ) SI_UNIT ( .MILLI., .METRE. ) );
#1156 = CARTESIAN_POINT ( 'NONE',  ( 1.749999999999995559, -0.9700000000000014166, 1.299682133541857576 ) ) ;
#1157 = DIRECTION ( 'NONE',  ( 0.000000000000000000, -1.000000000000000000, 0.000000000000000000 ) ) ;
#1158 =( GEOMETRIC_REPRESENTATION_CONTEXT ( 3 ) GLOBAL_UNCERTAINTY_ASSIGNED_CONTEXT ( ( #2013 ) ) GLOBAL_UNIT_ASSIGNED_CONTEXT ( ( #9592, #3122, #8634 ) ) REPRESENTATION_CONTEXT ( 'NONE', 'WORKASPACE' ) );
#1159 = FACE_OUTER_BOUND ( 'NONE', #5354, .T. ) ;
#1160 = FACE_OUTER_BOUND ( 'NONE', #6230, .T. ) ;
#1161 = DIRECTION ( 'NONE',  ( -1.000000000000000000, 0.000000000000000000, 0.000000000000000000 ) ) ;
#1162 = SURFACE_STYLE_FILL_AREA ( #11763 ) ;
#1163 = AXIS2_PLACEMENT_3D ( 'NONE', #1081, #4947, #7968 ) ;
#1164 = EDGE_LOOP ( 'NONE', ( #10604, #6384, #5748, #3777, #5796, #6596 ) ) ;
#1165 = EDGE_CURVE ( 'NONE', #8832, #8804, #7925, .T. ) ;
#1166 = LINE ( 'NONE', #10777, #10275 ) ;
#1167 = VECTOR ( 'NONE', #7051, 1000.000000000000000 ) ;
#1168 = ORIENTED_EDGE ( 'NONE', *, *, #11854, .F. ) ;
#1169 = AXIS2_PLACEMENT_3D ( 'NONE', #6223, #10838, #9004 ) ;
#1170 = VERTEX_POINT ( 'NONE', #8676 ) ;
#1171 = CARTESIAN_POINT ( 'NONE',  ( 2.717736965080959965, -7.844601930064511564, 0.000000000000000000 ) ) ;
#1172 = LINE ( 'NONE', #9649, #1989 ) ;
#1173 = SURFACE_STYLE_USAGE ( .BOTH. , #1420 ) ;
#1174 =( GEOMETRIC_REPRESENTATION_CONTEXT ( 3 ) GLOBAL_UNCERTAINTY_ASSIGNED_CONTEXT ( ( #1010 ) ) GLOBAL_UNIT_ASSIGNED_CONTEXT ( ( #10717, #6107, #11645 ) ) REPRESENTATION_CONTEXT ( 'NONE', 'WORKASPACE' ) );
#1175 = VERTEX_POINT ( 'NONE', #1894 ) ;
#1176 = ORIENTED_EDGE ( 'NONE', *, *, #8782, .F. ) ;
#1177 = DIRECTION ( 'NONE',  ( 1.000000000000000000, 0.000000000000000000, 0.000000000000000000 ) ) ;
#1178 = ORIENTED_EDGE ( 'NONE', *, *, #212, .T. ) ;
#1179 = VECTOR ( 'NONE', #4667, 1000.000000000000000 ) ;
#1180 = CARTESIAN_POINT ( 'NONE',  ( 0.9134908536585339967, -7.574647180484375575, 0.01000000000000000021 ) ) ;
#1181 = STYLED_ITEM ( 'NONE', ( #7980 ), #1216 ) ;
#1182 = AXIS2_PLACEMENT_3D ( 'NONE', #5963, #8104, #2211 ) ;
#1183 = CARTESIAN_POINT ( 'NONE',  ( 2.366545006263509165, -8.367171566766222313, 6.776263578034402713E-18 ) ) ;
#1184 = DIRECTION ( 'NONE',  ( -0.000000000000000000, 1.000000000000000000, -0.000000000000000000 ) ) ;
#1185 =( GEOMETRIC_REPRESENTATION_CONTEXT ( 3 ) GLOBAL_UNCERTAINTY_ASSIGNED_CONTEXT ( ( #6588 ) ) GLOBAL_UNIT_ASSIGNED_CONTEXT ( ( #6981, #11898, #9922 ) ) REPRESENTATION_CONTEXT ( 'NONE', 'WORKASPACE' ) );
#1186 = PRESENTATION_LAYER_ASSIGNMENT (  '', '', ( #2182 ) ) ;
#1187 = EDGE_CURVE ( 'NONE', #5951, #7579, #11760, .T. ) ;
#1188 = FILL_AREA_STYLE_COLOUR ( '', #3171 ) ;
#1189 = VERTEX_POINT ( 'NONE', #3889 ) ;
#1190 = ORIENTED_EDGE ( 'NONE', *, *, #4010, .F. ) ;
#1191 = SURFACE_STYLE_FILL_AREA ( #3253 ) ;
#1192 = FILL_AREA_STYLE_COLOUR ( '', #7034 ) ;
#1193 = VECTOR ( 'NONE', #5379, 1000.000000000000000 ) ;
#1194 =( NAMED_UNIT ( * ) PLANE_ANGLE_UNIT ( ) SI_UNIT ( $, .RADIAN. ) );
#1195 = PRODUCT ( 'CONN-SMD_1x2P-L9.7-W9.9-H3.9-P3.0', 'CONN-SMD_1x2P-L9.7-W9.9-H3.9-P3.0', '', ( #2498 ) ) ;
#1196 = VECTOR ( 'NONE', #5032, 1000.000000000000000 ) ;
#1197 = EDGE_LOOP ( 'NONE', ( #3341, #10873, #8173, #6736 ) ) ;
#1198 = CARTESIAN_POINT ( 'NONE',  ( 5.224999999999986322, -2.170000000000001705, 3.000000000000000000 ) ) ;
#1199 = AXIS2_PLACEMENT_3D ( 'NONE', #7546, #8412, #6459 ) ;
#1200 = CARTESIAN_POINT ( 'NONE',  ( 4.127219230472783328E-17, -0.4700000000000016387, 2.560317866458142966 ) ) ;
#1201 =( NAMED_UNIT ( * ) SI_UNIT ( $, .STERADIAN. ) SOLID_ANGLE_UNIT ( ) );
#1202 = AXIS2_PLACEMENT_3D ( 'NONE', #38, #4916, #10788 ) ;
#1203 = CARTESIAN_POINT ( 'NONE',  ( 2.718674090743240068, -8.099822289887717019, 0.01000000000000000021 ) ) ;
#1204 = SURFACE_STYLE_USAGE ( .BOTH. , #2068 ) ;
#1205 = CARTESIAN_POINT ( 'NONE',  ( 0.3199999999999999512, 0.3199999999999998956, 0.3554264934286703870 ) ) ;
#1206 = PRESENTATION_LAYER_ASSIGNMENT (  '', '', ( #197 ) ) ;
#1207 = ORIENTED_EDGE ( 'NONE', *, *, #8700, .T. ) ;
#1208 = SURFACE_STYLE_USAGE ( .BOTH. , #2256 ) ;
#1209 = ORIENTED_EDGE ( 'NONE', *, *, #4493, .T. ) ;
#1210 = LINE ( 'NONE', #7011, #10963 ) ;
#1211 = CARTESIAN_POINT ( 'NONE',  ( 1.195121951219509704, -7.464891082923399424, 0.01000000000000000021 ) ) ;
#1212 = SURFACE_STYLE_USAGE ( .BOTH. , #10015 ) ;
#1213 = MECHANICAL_DESIGN_GEOMETRIC_PRESENTATION_REPRESENTATION (  '', ( #2208 ), #7683 ) ;
#1214 = CIRCLE ( 'NONE', #8279, 0.5000000000000000000 ) ;
#1215 = SURFACE_STYLE_FILL_AREA ( #7918 ) ;
#1216 = ADVANCED_FACE ( 'NONE', ( #1831 ), #2909, .F. ) ;
#1217 = EDGE_CURVE ( 'NONE', #8241, #9540, #2158, .T. ) ;
#1218 = CARTESIAN_POINT ( 'NONE',  ( 1.414634146341460674, -7.574647180484375575, 0.01000000000000000021 ) ) ;
#1219 = AXIS2_PLACEMENT_3D ( 'NONE', #5289, #350, #9136 ) ;
#1220 = ORIENTED_EDGE ( 'NONE', *, *, #6244, .F. ) ;
#1221 = LINE ( 'NONE', #7865, #11253 ) ;
#1222 = EDGE_CURVE ( 'NONE', #5680, #2012, #5148, .T. ) ;
#1223 = CARTESIAN_POINT ( 'NONE',  ( 2.462710950633605567, -7.460988490755304348, 0.000000000000000000 ) ) ;
#1224 = AXIS2_PLACEMENT_3D ( 'NONE', #4323, #8986, #11751 ) ;
#1225 = CARTESIAN_POINT ( 'NONE',  ( 2.634706780220303024, -8.261899878878786296, 0.000000000000000000 ) ) ;
#1226 = CARTESIAN_POINT ( 'NONE',  ( 2.499999999999996891, -6.419999999999999929, 3.859999999999999876 ) ) ;
#1227 = ORIENTED_EDGE ( 'NONE', *, *, #5500, .T. ) ;
#1228 = AXIS2_PLACEMENT_3D ( 'NONE', #7264, #8377, #6303 ) ;
#1229 =( NAMED_UNIT ( * ) PLANE_ANGLE_UNIT ( ) SI_UNIT ( $, .RADIAN. ) );
#1230 = DIRECTION ( 'NONE',  ( -5.321237656370560445E-17, -7.297135085974559675E-33, -1.000000000000000000 ) ) ;
#1231 = STYLED_ITEM ( 'NONE', ( #8911 ), #10495 ) ;
#1232 = CARTESIAN_POINT ( 'NONE',  ( 0.4999999999999970024, -7.019999999999975593, 5.059999999999999609 ) ) ;
#1233 = MECHANICAL_DESIGN_GEOMETRIC_PRESENTATION_REPRESENTATION (  '', ( #2229 ), #8929 ) ;
#1234 = FILL_AREA_STYLE ('',( #231 ) ) ;
#1235 = ORIENTED_EDGE ( 'NONE', *, *, #6124, .T. ) ;
#1236 = VERTEX_POINT ( 'NONE', #8168 ) ;
#1237 = EDGE_CURVE ( 'NONE', #9987, #10315, #4548, .T. ) ;
#1238 = DIRECTION ( 'NONE',  ( 1.000000000000000000, 0.000000000000000000, 0.000000000000000000 ) ) ;
#1239 =( NAMED_UNIT ( * ) SI_UNIT ( $, .STERADIAN. ) SOLID_ANGLE_UNIT ( ) );
#1240 = CARTESIAN_POINT ( 'NONE',  ( 2.650000000000000799, -0.4700000000000016387, 3.859999999999999876 ) ) ;
#1241 = CARTESIAN_POINT ( 'NONE',  ( 2.121951219512192566, -8.303305717069740410, 6.776263578034402713E-18 ) ) ;
#1242 = FILL_AREA_STYLE_COLOUR ( '', #9626 ) ;
#1243 = CARTESIAN_POINT ( 'NONE',  ( -1.825000000000004619, -0.9700000000000038591, 2.529999999999998472 ) ) ;
#1244 = ORIENTED_EDGE ( 'NONE', *, *, #1512, .T. ) ;
#1245 = ORIENTED_EDGE ( 'NONE', *, *, #1476, .F. ) ;
#1246 = SURFACE_STYLE_USAGE ( .BOTH. , #6179 ) ;
#1247 = CARTESIAN_POINT ( 'NONE',  ( -0.2200000000000001399, 2.429999999999997939, -0.4000000000000001887 ) ) ;
#1248 = CARTESIAN_POINT ( 'NONE',  ( 2.739067176039443385, -8.342328732649345824, 6.776263578034402713E-18 ) ) ;
#1249 = DIRECTION ( 'NONE',  ( -1.000000000000000000, 0.000000000000000000, 0.000000000000000000 ) ) ;
#1250 = ORIENTED_EDGE ( 'NONE', *, *, #6334, .F. ) ;
#1251 = DIRECTION ( 'NONE',  ( 1.000000000000000000, 0.000000000000000000, 0.000000000000000000 ) ) ;
#1252 = ADVANCED_FACE ( 'NONE', ( #9189 ), #5278, .F. ) ;
#1253 = DIRECTION ( 'NONE',  ( -0.000000000000000000, 1.000000000000000000, -2.195852501236467750E-16 ) ) ;
#1254 = CARTESIAN_POINT ( 'NONE',  ( 1.749999999999995559, -0.4700000000000014722, 0.5000000000000003331 ) ) ;
#1255 = CARTESIAN_POINT ( 'NONE',  ( 2.680000000000000160, 0.5354264934286704358, 0.3554264934286704425 ) ) ;
#1256 =( NAMED_UNIT ( * ) PLANE_ANGLE_UNIT ( ) SI_UNIT ( $, .RADIAN. ) );
#1257 =( NAMED_UNIT ( * ) SI_UNIT ( $, .STERADIAN. ) SOLID_ANGLE_UNIT ( ) );
#1258 = VECTOR ( 'NONE', #824, 1000.000000000000000 ) ;
#1259 = VERTEX_POINT ( 'NONE', #9502 ) ;
#1260 = VERTEX_POINT ( 'NONE', #4523 ) ;
#1261 = UNCERTAINTY_MEASURE_WITH_UNIT (LENGTH_MEASURE( 1.000000000000000082E-05 ), #6449, 'distance_accuracy_value', 'NONE');
#1262 = STYLED_ITEM ( 'NONE', ( #8630 ), #1671 ) ;
#1263 = DIRECTION ( 'NONE',  ( 0.000000000000000000, 1.000000000000000000, -7.228014483236698528E-16 ) ) ;
#1264 = CARTESIAN_POINT ( 'NONE',  ( -2.524999999999990585, -4.885000000000001563, -0.01000000000000000021 ) ) ;
#1265 = PRESENTATION_STYLE_ASSIGNMENT (( #7015 ) ) ;
#1266 = LINE ( 'NONE', #4004, #9609 ) ;
#1267 = CARTESIAN_POINT ( 'NONE',  ( 0.3199999999999999512, -1.420000000000001039, 0.000000000000000000 ) ) ;
#1268 = SURFACE_STYLE_USAGE ( .BOTH. , #8863 ) ;
#1269 = SURFACE_STYLE_USAGE ( .BOTH. , #210 ) ;
#1270 = PLANE ( 'NONE',  #1182 ) ;
#1271 = AXIS2_PLACEMENT_3D ( 'NONE', #2015, #326, #5009 ) ;
#1272 = FILL_AREA_STYLE_COLOUR ( '', #12243 ) ;
#1273 = VERTEX_POINT ( 'NONE', #3417 ) ;
#1274 =( NAMED_UNIT ( * ) SI_UNIT ( $, .STERADIAN. ) SOLID_ANGLE_UNIT ( ) );
#1275 = PRESENTATION_LAYER_ASSIGNMENT (  '', '', ( #12153 ) ) ;
#1276 =( LENGTH_UNIT ( ) NAMED_UNIT ( * ) SI_UNIT ( .MILLI., .METRE. ) );
#1277 = CARTESIAN_POINT ( 'NONE',  ( -2.224999999999990763, -2.170000000000001705, 2.529999999999998472 ) ) ;
#1278 = SURFACE_STYLE_FILL_AREA ( #5913 ) ;
#1279 = PRESENTATION_STYLE_ASSIGNMENT (( #8877 ) ) ;
#1280 = CARTESIAN_POINT ( 'NONE',  ( 5.224999999999986322, -0.9700000000000019718, 1.329999999999998739 ) ) ;
#1281 = EDGE_CURVE ( 'NONE', #11452, #7194, #10662, .T. ) ;
#1282 = MECHANICAL_DESIGN_GEOMETRIC_PRESENTATION_REPRESENTATION (  '', ( #6333 ), #9564 ) ;
#1283 = ORIENTED_EDGE ( 'NONE', *, *, #3558, .T. ) ;
#1284 = VERTEX_POINT ( 'NONE', #11194 ) ;
#1285 = ADVANCED_FACE ( 'NONE', ( #9433 ), #703, .F. ) ;
#1286 = ADVANCED_FACE ( 'NONE', ( #9254 ), #12063, .F. ) ;
#1287 = CARTESIAN_POINT ( 'NONE',  ( 2.149999999999999911, 0.5299999999999985834, 0.000000000000000000 ) ) ;
#1288 = DIRECTION ( 'NONE',  ( 0.000000000000000000, -1.000000000000000000, 0.000000000000000000 ) ) ;
#1289 = DIRECTION ( 'NONE',  ( -0.000000000000000000, -1.000000000000000000, -0.000000000000000000 ) ) ;
#1290 = ORIENTED_EDGE ( 'NONE', *, *, #3849, .T. ) ;
#1291 = ORIENTED_EDGE ( 'NONE', *, *, #5326, .F. ) ;
#1292 = ORIENTED_EDGE ( 'NONE', *, *, #1768, .F. ) ;
#1293 = CARTESIAN_POINT ( 'NONE',  ( 2.691709487912725685, -7.768741975962140778, 0.01000000000000000021 ) ) ;
#1294 = CARTESIAN_POINT ( 'NONE',  ( 0.6556353020324801051, -8.275087951582948520, 0.01000000000000000021 ) ) ;
#1295 =( LENGTH_UNIT ( ) NAMED_UNIT ( * ) SI_UNIT ( .MILLI., .METRE. ) );
#1296 = ADVANCED_FACE ( 'NONE', ( #8292 ), #644, .F. ) ;
#1297 = SURFACE_STYLE_USAGE ( .BOTH. , #6169 ) ;
#1298 = EDGE_CURVE ( 'NONE', #7829, #4902, #882, .T. ) ;
#1299 = FILL_AREA_STYLE ('',( #178 ) ) ;
#1300 = EDGE_CURVE ( 'NONE', #8890, #9669, #11426, .T. ) ;
#1301 = EDGE_CURVE ( 'NONE', #2848, #7257, #11489, .T. ) ;
#1302 = ORIENTED_EDGE ( 'NONE', *, *, #10157, .F. ) ;
#1303 = ORIENTED_EDGE ( 'NONE', *, *, #556, .F. ) ;
#1304 = LINE ( 'NONE', #11843, #8859 ) ;
#1305 = CARTESIAN_POINT ( 'NONE',  ( 2.544919053398652764, -8.458940851468476296, 0.01000000000000000021 ) ) ;
#1306 = AXIS2_PLACEMENT_3D ( 'NONE', #9022, #1431, #365 ) ;
#1307 = VERTEX_POINT ( 'NONE', #8662 ) ;
#1308 = DIRECTION ( 'NONE',  ( 0.000000000000000000, 1.000000000000000000, 0.000000000000000000 ) ) ;
#1309 = VECTOR ( 'NONE', #1161, 1000.000000000000000 ) ;
#1310 = VERTEX_POINT ( 'NONE', #9692 ) ;
#1311 = LINE ( 'NONE', #11788, #7075 ) ;
#1312 = SURFACE_STYLE_FILL_AREA ( #5177 ) ;
#1313 = LINE ( 'NONE', #10740, #6866 ) ;
#1314 = PLANE ( 'NONE',  #11407 ) ;
#1315 = COLOUR_RGB ( '',0.6470588235294117974, 0.6196078431372549211, 0.5882352941176470784 ) ;
#1316 = CARTESIAN_POINT ( 'NONE',  ( -2.626372070731854524, -4.885000000000001563, -0.1999999999999996503 ) ) ;
#1317 = EDGE_CURVE ( 'NONE', #12356, #6097, #6644, .T. ) ;
#1318 = EDGE_LOOP ( 'NONE', ( #9741, #412, #12376, #4974 ) ) ;
#1319 = SURFACE_STYLE_FILL_AREA ( #10932 ) ;
#1320 = DIRECTION ( 'NONE',  ( 0.000000000000000000, 0.000000000000000000, -1.000000000000000000 ) ) ;
#1321 = AXIS2_PLACEMENT_3D ( 'NONE', #4313, #5187, #4375 ) ;
#1322 = COLOUR_RGB ( '',0.2235294117647058654, 0.2235294117647058654, 0.2235294117647058654 ) ;
#1323 = DIRECTION ( 'NONE',  ( 1.000000000000000000, -3.252606517456513302E-16, 0.000000000000000000 ) ) ;
#1324 = VERTEX_POINT ( 'NONE', #1014 ) ;
#1325 = PRESENTATION_LAYER_ASSIGNMENT (  '', '', ( #8585 ) ) ;
#1326 = CARTESIAN_POINT ( 'NONE',  ( 0.7553052904335133544, -7.482786098639266470, 6.776263578034402713E-18 ) ) ;
#1327 = PLANE ( 'NONE',  #6600 ) ;
#1328 = CARTESIAN_POINT ( 'NONE',  ( 2.680000000000000160, 1.862871818038229543, -0.5000000000000000000 ) ) ;
#1329 = DIRECTION ( 'NONE',  ( -1.371322905910519660E-16, 1.000000000000000000, 0.000000000000000000 ) ) ;
#1330 = CARTESIAN_POINT ( 'NONE',  ( 0.4102173554804668942, -7.798188103550158345, 0.01000000000000000021 ) ) ;
#1331 =( NAMED_UNIT ( * ) PLANE_ANGLE_UNIT ( ) SI_UNIT ( $, .RADIAN. ) );
#1332 = COLOUR_RGB ( '',0.6470588235294117974, 0.6196078431372549211, 0.5882352941176470784 ) ;
#1333 = EDGE_CURVE ( 'NONE', #2606, #1488, #10565, .T. ) ;
#1334 = VECTOR ( 'NONE', #8083, 1000.000000000000000 ) ;
#1335 = CARTESIAN_POINT ( 'NONE',  ( 0.000000000000000000, 2.429999999999997939, -0.4000000000000001887 ) ) ;
#1336 = AXIS2_PLACEMENT_3D ( 'NONE', #2941, #6808, #6165 ) ;
#1337 = FACE_OUTER_BOUND ( 'NONE', #2474, .T. ) ;
#1338 = VERTEX_POINT ( 'NONE', #75 ) ;
#1339 = FACE_OUTER_BOUND ( 'NONE', #4692, .T. ) ;
#1340 = DIRECTION ( 'NONE',  ( 1.000000000000000000, -0.000000000000000000, -0.000000000000000000 ) ) ;
#1341 = CARTESIAN_POINT ( 'NONE',  ( 0.000000000000000000, -0.5596891741410527921, 1.370310825858947590 ) ) ;
#1342 = CARTESIAN_POINT ( 'NONE',  ( 2.785877509321167622, -7.676884725523861697, 0.000000000000000000 ) ) ;
#1343 = STYLED_ITEM ( 'NONE', ( #4589 ), #10719 ) ;
#1344 = CARTESIAN_POINT ( 'NONE',  ( 2.582060473926105271, -8.308358991311452613, 0.000000000000000000 ) ) ;
#1345 =( GEOMETRIC_REPRESENTATION_CONTEXT ( 3 ) GLOBAL_UNCERTAINTY_ASSIGNED_CONTEXT ( ( #395 ) ) GLOBAL_UNIT_ASSIGNED_CONTEXT ( ( #1463, #7541, #5703 ) ) REPRESENTATION_CONTEXT ( 'NONE', 'WORKASPACE' ) );
#1346 = EDGE_LOOP ( 'NONE', ( #1830, #6425, #682, #12401 ) ) ;
#1347 = FILL_AREA_STYLE ('',( #472 ) ) ;
#1348 = APPLICATION_CONTEXT ( 'automotive_design' ) ;
#1349 = COLOUR_RGB ( '',0.6470588235294117974, 0.6196078431372549211, 0.5882352941176470784 ) ;
#1350 = CARTESIAN_POINT ( 'NONE',  ( 2.673392787691767580, -7.734715795874356203, 0.000000000000000000 ) ) ;
#1351 = CARTESIAN_POINT ( 'NONE',  ( -0.3499999999999998668, -0.4700000000000016387, 0.4999999999999970024 ) ) ;
#1352 = STYLED_ITEM ( 'NONE', ( #3977 ), #6262 ) ;
#1353 = CARTESIAN_POINT ( 'NONE',  ( 0.4999999999999970024, -7.019999999999975593, 5.059999999999999609 ) ) ;
#1354 = ORIENTED_EDGE ( 'NONE', *, *, #8941, .F. ) ;
#1355 = ORIENTED_EDGE ( 'NONE', *, *, #7001, .T. ) ;
#1356 = CARTESIAN_POINT ( 'NONE',  ( 6.324999999999997513, -3.470000000000001528, 0.9299999999999991607 ) ) ;
#1357 = SURFACE_SIDE_STYLE ('',( #422 ) ) ;
#1358 = DIRECTION ( 'NONE',  ( 1.000000000000000000, 1.596371296911168195E-16, -2.769262765127345574E-32 ) ) ;
#1359 = CARTESIAN_POINT ( 'NONE',  ( 0.7914018464903549432, -8.341025484806616319, 0.000000000000000000 ) ) ;
#1360 = CARTESIAN_POINT ( 'NONE',  ( -2.224999999999990763, -2.170000000000001705, 3.000000000000000000 ) ) ;
#1361 = FACE_OUTER_BOUND ( 'NONE', #6431, .T. ) ;
#1362 = VECTOR ( 'NONE', #6632, 1000.000000000000000 ) ;
#1363 = EDGE_LOOP ( 'NONE', ( #8240, #338, #4615, #3597 ) ) ;
#1364 = DIRECTION ( 'NONE',  ( 0.000000000000000000, -1.000000000000000000, 0.000000000000000000 ) ) ;
#1365 = LINE ( 'NONE', #3311, #3994 ) ;
#1366 = SURFACE_STYLE_USAGE ( .BOTH. , #489 ) ;
#1367 = VECTOR ( 'NONE', #4747, 1000.000000000000000 ) ;
#1368 = ORIENTED_EDGE ( 'NONE', *, *, #7203, .T. ) ;
#1369 = ORIENTED_EDGE ( 'NONE', *, *, #9413, .T. ) ;
#1370 = DIRECTION ( 'NONE',  ( 1.000000000000000000, 0.000000000000000000, 0.000000000000000000 ) ) ;
#1371 = ADVANCED_FACE ( 'NONE', ( #9621 ), #5710, .F. ) ;
#1372 = CARTESIAN_POINT ( 'NONE',  ( 2.794929607997452159, -8.268991940770705540, 6.776263578034402713E-18 ) ) ;
#1373 = MECHANICAL_DESIGN_GEOMETRIC_PRESENTATION_REPRESENTATION (  '', ( #12240 ), #8836 ) ;
#1374 = EDGE_CURVE ( 'NONE', #10106, #1324, #11553, .T. ) ;
#1375 = EDGE_LOOP ( 'NONE', ( #5299, #6714, #6659, #8544 ) ) ;
#1376 = FILL_AREA_STYLE_COLOUR ( '', #4303 ) ;
#1377 = PRESENTATION_LAYER_ASSIGNMENT (  '', '', ( #6817 ) ) ;
#1378 = VERTEX_POINT ( 'NONE', #8793 ) ;
#1379 = DIRECTION ( 'NONE',  ( 0.000000000000000000, 0.000000000000000000, 1.000000000000000000 ) ) ;
#1380 = SURFACE_SIDE_STYLE ('',( #11790 ) ) ;
#1381 = STYLED_ITEM ( 'NONE', ( #8823 ), #4338 ) ;
#1382 =( NAMED_UNIT ( * ) SI_UNIT ( $, .STERADIAN. ) SOLID_ANGLE_UNIT ( ) );
#1383 = VERTEX_POINT ( 'NONE', #9560 ) ;
#1384 = LINE ( 'NONE', #8325, #1916 ) ;
#1385 =( NAMED_UNIT ( * ) PLANE_ANGLE_UNIT ( ) SI_UNIT ( $, .RADIAN. ) );
#1386 = FILL_AREA_STYLE ('',( #3019 ) ) ;
#1387 = FILL_AREA_STYLE ('',( #8779 ) ) ;
#1388 = VECTOR ( 'NONE', #3815, 1000.000000000000000 ) ;
#1389 = ORIENTED_EDGE ( 'NONE', *, *, #6536, .T. ) ;
#1390 = MECHANICAL_DESIGN_GEOMETRIC_PRESENTATION_REPRESENTATION (  '', ( #779 ), #5839 ) ;
#1391 = VECTOR ( 'NONE', #12181, 1000.000000000000000 ) ;
#1392 = FILL_AREA_STYLE_COLOUR ( '', #4962 ) ;
#1393 = CARTESIAN_POINT ( 'NONE',  ( -0.3199999999999999512, -6.852871818038222429, 2.249999999999999556 ) ) ;
#1394 = ORIENTED_EDGE ( 'NONE', *, *, #7089, .T. ) ;
#1395 = UNCERTAINTY_MEASURE_WITH_UNIT (LENGTH_MEASURE( 1.000000000000000082E-05 ), #1705, 'distance_accuracy_value', 'NONE');
#1396 = CYLINDRICAL_SURFACE ( 'NONE', #2962, 0.5000000000000000000 ) ;
#1397 = CARTESIAN_POINT ( 'NONE',  ( 0.9232088414634120888, -8.464891082923399424, 0.000000000000000000 ) ) ;
#1398 = DIRECTION ( 'NONE',  ( -0.000000000000000000, 0.000000000000000000, 1.000000000000000000 ) ) ;
#1399 = PRESENTATION_LAYER_ASSIGNMENT (  '', '', ( #8651 ) ) ;
#1400 = EDGE_CURVE ( 'NONE', #10239, #11060, #2898, .T. ) ;
#1401 = DIRECTION ( 'NONE',  ( -1.000000000000000000, 0.000000000000000000, 0.000000000000000000 ) ) ;
#1402 = CARTESIAN_POINT ( 'NONE',  ( 2.180467148344216621, -8.441548771008095642, 0.01000000000000000021 ) ) ;
#1403 = B_SPLINE_SURFACE_WITH_KNOTS ( 'NONE', 3, 1, ( 
 ( #8902, #9991 ),
 ( #3129, #10919 ),
 ( #6991, #10054 ),
 ( #9088, #11844 ),
 ( #1305, #245 ),
 ( #8007, #6063 ),
 ( #2302, #10978 ),
 ( #3255, #435 ),
 ( #8136, #2362 ),
 ( #7192, #1248 ),
 ( #10856, #11973 ),
 ( #11040, #1372 ),
 ( #6182, #2186 ),
 ( #4298, #3314 ),
 ( #9933, #5241 ),
 ( #8965, #7126 ),
 ( #6245, #3196 ),
 ( #10113, #3379 ),
 ( #4118, #8073 ) ),
 .UNSPECIFIED., .F., .F., .F.,
 ( 4, 1, 1, 1, 1, 1, 1, 1, 1, 1, 1, 1, 1, 1, 1, 1, 4 ),
 ( 2, 2 ),
 ( 0.000000000000000000, 0.06783324845577373696, 0.1326555365079042925, 0.1950508840508280994, 0.2555829330687775514, 0.3147998341472899031, 0.3736004728263740415, 0.4325455953267438591, 0.4924306292835657906, 0.5526712559629691768, 0.6125130441881170285, 0.6726102503570061675, 0.7338383693139457487, 0.7965942385677736715, 0.8614497992905730817, 0.9291989423509066093, 1.000000000000000000 ),
 ( 0.000000000000000000, 1.000000000000000000 ),
 .UNSPECIFIED. ) ;
#1404 = CIRCLE ( 'NONE', #10482, 0.5000000000000000000 ) ;
#1405 = ORIENTED_EDGE ( 'NONE', *, *, #10288, .F. ) ;
#1406 = CARTESIAN_POINT ( 'NONE',  ( 6.324999999999997513, -0.9700000000000019718, 1.329999999999998739 ) ) ;
#1407 = FILL_AREA_STYLE_COLOUR ( '', #10331 ) ;
#1408 = UNCERTAINTY_MEASURE_WITH_UNIT (LENGTH_MEASURE( 1.000000000000000082E-05 ), #9572, 'distance_accuracy_value', 'NONE');
#1409 = VECTOR ( 'NONE', #9288, 1000.000000000000000 ) ;
#1410 = DIRECTION ( 'NONE',  ( 0.000000000000000000, 0.000000000000000000, -1.000000000000000000 ) ) ;
#1411 = EDGE_CURVE ( 'NONE', #11142, #6162, #6892, .T. ) ;
#1412 =( NAMED_UNIT ( * ) SI_UNIT ( $, .STERADIAN. ) SOLID_ANGLE_UNIT ( ) );
#1413 = DIRECTION ( 'NONE',  ( 0.000000000000000000, -1.000000000000000000, 0.000000000000000000 ) ) ;
#1414 = LINE ( 'NONE', #4211, #8955 ) ;
#1415 = VERTEX_POINT ( 'NONE', #2432 ) ;
#1416 = UNCERTAINTY_MEASURE_WITH_UNIT (LENGTH_MEASURE( 1.000000000000000082E-05 ), #8846, 'distance_accuracy_value', 'NONE');
#1417 = SURFACE_STYLE_FILL_AREA ( #6156 ) ;
#1418 = FACE_OUTER_BOUND ( 'NONE', #2314, .T. ) ;
#1419 = CARTESIAN_POINT ( 'NONE',  ( -2.525000000000000355, 1.029999999999998028, -0.5000000000000000000 ) ) ;
#1420 = SURFACE_SIDE_STYLE ('',( #9851 ) ) ;
#1421 = VERTEX_POINT ( 'NONE', #7389 ) ;
#1422 = COLOUR_RGB ( '',0.2235294117647058654, 0.2235294117647058654, 0.2235294117647058654 ) ;
#1423 = EDGE_LOOP ( 'NONE', ( #9833, #7646, #9218, #6727 ) ) ;
#1424 = DIRECTION ( 'NONE',  ( -0.000000000000000000, 0.000000000000000000, -1.000000000000000000 ) ) ;
#1425 = SURFACE_STYLE_USAGE ( .BOTH. , #12134 ) ;
#1426 = FILL_AREA_STYLE ('',( #10222 ) ) ;
#1427 = VERTEX_POINT ( 'NONE', #2495 ) ;
#1428 = DIRECTION ( 'NONE',  ( 0.000000000000000000, 0.000000000000000000, 1.000000000000000000 ) ) ;
#1429 = VECTOR ( 'NONE', #9704, 1000.000000000000000 ) ;
#1430 = ORIENTED_EDGE ( 'NONE', *, *, #8905, .F. ) ;
#1431 = DIRECTION ( 'NONE',  ( 1.445602896647341135E-16, -3.964776730046191943E-32, 1.000000000000000000 ) ) ;
#1432 = CARTESIAN_POINT ( 'NONE',  ( 5.224999999999986322, -0.9700000000000019718, 2.529999999999998472 ) ) ;
#1433 = CARTESIAN_POINT ( 'NONE',  ( -0.3199999999999999512, -6.852871818038222429, 2.249999999999999556 ) ) ;
#1434 = ORIENTED_EDGE ( 'NONE', *, *, #12082, .T. ) ;
#1435 = ORIENTED_EDGE ( 'NONE', *, *, #23, .T. ) ;
#1436 = DIRECTION ( 'NONE',  ( 1.000000000000000000, 4.336808689942017736E-16, 0.000000000000000000 ) ) ;
#1437 =( NAMED_UNIT ( * ) PLANE_ANGLE_UNIT ( ) SI_UNIT ( $, .RADIAN. ) );
#1438 = SURFACE_STYLE_USAGE ( .BOTH. , #4182 ) ;
#1439 = CARTESIAN_POINT ( 'NONE',  ( 4.825000000000001066, -3.470000000000001528, 2.929999999999998384 ) ) ;
#1440 = PRESENTATION_LAYER_ASSIGNMENT (  '', '', ( #12115 ) ) ;
#1441 = CARTESIAN_POINT ( 'NONE',  ( 5.224999999999986322, -3.470000000000001528, 0.9299999999999991607 ) ) ;
#1442 = ORIENTED_EDGE ( 'NONE', *, *, #7635, .T. ) ;
#1443 = CARTESIAN_POINT ( 'NONE',  ( 2.731707317073167829, -7.975561814630715674, 0.01000000000000000021 ) ) ;
#1444 = CARTESIAN_POINT ( 'NONE',  ( 0.8500000000000000888, 1.029999999999998472, 3.859999999999999876 ) ) ;
#1445 = EDGE_CURVE ( 'NONE', #6907, #2215, #3387, .T. ) ;
#1446 = LINE ( 'NONE', #2499, #11053 ) ;
#1447 = EDGE_CURVE ( 'NONE', #4685, #344, #7266, .T. ) ;
#1448 = ORIENTED_EDGE ( 'NONE', *, *, #3445, .T. ) ;
#1449 = MECHANICAL_DESIGN_GEOMETRIC_PRESENTATION_REPRESENTATION (  '', ( #10941 ), #4096 ) ;
#1450 = EDGE_CURVE ( 'NONE', #8494, #11638, #6015, .T. ) ;
#1451 = CARTESIAN_POINT ( 'NONE',  ( 4.927962312940882939, -0.9700000000000019718, 1.329999999999998739 ) ) ;
#1452 =( LENGTH_UNIT ( ) NAMED_UNIT ( * ) SI_UNIT ( .MILLI., .METRE. ) );
#1453 = DIRECTION ( 'NONE',  ( 8.537024980200821325E-17, -0.000000000000000000, 1.000000000000000000 ) ) ;
#1454 = ORIENTED_EDGE ( 'NONE', *, *, #11033, .T. ) ;
#1455 = LINE ( 'NONE', #5137, #3616 ) ;
#1456 = CARTESIAN_POINT ( 'NONE',  ( 2.691709487912725685, -7.768741975962140778, 0.01000000000000000021 ) ) ;
#1457 = LINE ( 'NONE', #11064, #5769 ) ;
#1458 = LINE ( 'NONE', #9051, #5770 ) ;
#1459 = CARTESIAN_POINT ( 'NONE',  ( 2.498002776618577503, -8.469573366365217737, 0.000000000000000000 ) ) ;
#1460 = EDGE_CURVE ( 'NONE', #2785, #7298, #5447, .T. ) ;
#1461 = EDGE_CURVE ( 'NONE', #6544, #6990, #9160, .T. ) ;
#1462 = VECTOR ( 'NONE', #10722, 1000.000000000000000 ) ;
#1463 =( LENGTH_UNIT ( ) NAMED_UNIT ( * ) SI_UNIT ( .MILLI., .METRE. ) );
#1464 = VECTOR ( 'NONE', #3133, 1000.000000000000000 ) ;
#1465 = ORIENTED_EDGE ( 'NONE', *, *, #4856, .T. ) ;
#1466 = CARTESIAN_POINT ( 'NONE',  ( 3.350000000000000089, -0.4700000000000016387, 0.000000000000000000 ) ) ;
#1467 =( NAMED_UNIT ( * ) PLANE_ANGLE_UNIT ( ) SI_UNIT ( $, .RADIAN. ) );
#1468 = CARTESIAN_POINT ( 'NONE',  ( 1.060975609756094951, -8.355134985362424160, 0.01000000000000000021 ) ) ;
#1469 = MECHANICAL_DESIGN_GEOMETRIC_PRESENTATION_REPRESENTATION (  '', ( #12345 ), #3904 ) ;
#1470 =( NAMED_UNIT ( * ) SI_UNIT ( $, .STERADIAN. ) SOLID_ANGLE_UNIT ( ) );
#1471 = SURFACE_STYLE_USAGE ( .BOTH. , #3551 ) ;
#1472 = CARTESIAN_POINT ( 'NONE',  ( -2.224999999999990763, -4.885000000000001563, -0.09862792926813598871 ) ) ;
#1473 = ORIENTED_EDGE ( 'NONE', *, *, #8114, .F. ) ;
#1474 = VECTOR ( 'NONE', #2640, 1000.000000000000000 ) ;
#1475 = CARTESIAN_POINT ( 'NONE',  ( 7.625000000000000000, -4.884999999999999787, -0.1999999999999987899 ) ) ;
#1476 = EDGE_CURVE ( 'NONE', #352, #8722, #8919, .T. ) ;
#1477 = DIRECTION ( 'NONE',  ( -0.000000000000000000, -0.000000000000000000, -1.000000000000000000 ) ) ;
#1478 = VECTOR ( 'NONE', #7613, 1000.000000000000000 ) ;
#1479 = CARTESIAN_POINT ( 'NONE',  ( 2.397103658536582582, -8.477086204874618502, 0.01000000000000000021 ) ) ;
#1480 = CARTESIAN_POINT ( 'NONE',  ( 0.000000000000000000, -0.5596891741410527921, 1.370310825858947590 ) ) ;
#1481 = ORIENTED_EDGE ( 'NONE', *, *, #2687, .T. ) ;
#1482 = ORIENTED_EDGE ( 'NONE', *, *, #2579, .T. ) ;
#1483 = CARTESIAN_POINT ( 'NONE',  ( -1.825000000000004619, -3.470000000000001528, 0.9300000000000043787 ) ) ;
#1484 = FACE_OUTER_BOUND ( 'NONE', #8693, .T. ) ;
#1485 = CARTESIAN_POINT ( 'NONE',  ( 0.5644682872638053794, -8.159078321302876802, 6.776263578034402713E-18 ) ) ;
#1486 = DIRECTION ( 'NONE',  ( -0.8944271909999166326, -2.424349759030541109E-16, -0.4472135954999563734 ) ) ;
#1487 =( NAMED_UNIT ( * ) SI_UNIT ( $, .STERADIAN. ) SOLID_ANGLE_UNIT ( ) );
#1488 = VERTEX_POINT ( 'NONE', #620 ) ;
#1489 = FILL_AREA_STYLE ('',( #6359 ) ) ;
#1490 = ADVANCED_FACE ( 'NONE', ( #9224 ), #7328, .T. ) ;
#1491 = ORIENTED_EDGE ( 'NONE', *, *, #1594, .T. ) ;
#1492 = SURFACE_STYLE_FILL_AREA ( #10172 ) ;
#1493 = LINE ( 'NONE', #1550, #1409 ) ;
#1494 = ORIENTED_EDGE ( 'NONE', *, *, #7858, .F. ) ;
#1495 = VERTEX_POINT ( 'NONE', #1439 ) ;
#1496 = ORIENTED_EDGE ( 'NONE', *, *, #7170, .F. ) ;
#1497 = CARTESIAN_POINT ( 'NONE',  ( 1.792682926829265666, -7.903915473167301364, 0.01000000000000000021 ) ) ;
#1498 = CARTESIAN_POINT ( 'NONE',  ( -2.626372070731854524, -4.885000000000001563, -0.1999999999999996503 ) ) ;
#1499 = ORIENTED_EDGE ( 'NONE', *, *, #2990, .F. ) ;
#1500 = CARTESIAN_POINT ( 'NONE',  ( 2.708061749045526767, -8.136923321067310866, 0.01000000000000000021 ) ) ;
#1501 = CARTESIAN_POINT ( 'NONE',  ( 2.680000000000000160, 0.5354264934286706579, 0.1399999999999999301 ) ) ;
#1502 = CARTESIAN_POINT ( 'NONE',  ( 3.329268292682923569, -8.355134985362424160, 0.01000000000000000021 ) ) ;
#1503 = ORIENTED_EDGE ( 'NONE', *, *, #10308, .T. ) ;
#1504 = CARTESIAN_POINT ( 'NONE',  ( 2.198931997024693885, -7.467715504584228725, 0.000000000000000000 ) ) ;
#1505 = LINE ( 'NONE', #3465, #12137 ) ;
#1506 = ORIENTED_EDGE ( 'NONE', *, *, #5793, .T. ) ;
#1507 = CARTESIAN_POINT ( 'NONE',  ( 2.472107144239671594, -7.577317536862717695, 0.01000000000000000021 ) ) ;
#1508 = DIRECTION ( 'NONE',  ( 1.084946484143766651E-16, -3.414809992080327544E-16, -1.000000000000000000 ) ) ;
#1509 = PRESENTATION_LAYER_ASSIGNMENT (  '', '', ( #6556 ) ) ;
#1510 = FILL_AREA_STYLE_COLOUR ( '', #1322 ) ;
#1511 = LINE ( 'NONE', #8213, #3757 ) ;
#1512 = EDGE_CURVE ( 'NONE', #6557, #6855, #9894, .T. ) ;
#1513 = SURFACE_SIDE_STYLE ('',( #2572 ) ) ;
#1514 = LINE ( 'NONE', #696, #9879 ) ;
#1515 = AXIS2_PLACEMENT_3D ( 'NONE', #2889, #9685, #2 ) ;
#1516 = MECHANICAL_DESIGN_GEOMETRIC_PRESENTATION_REPRESENTATION (  '', ( #6970 ), #4393 ) ;
#1517 = DIRECTION ( 'NONE',  ( 0.000000000000000000, -1.000000000000000000, 0.000000000000000000 ) ) ;
#1518 = EDGE_CURVE ( 'NONE', #9584, #5131, #11107, .T. ) ;
#1519 = EDGE_CURVE ( 'NONE', #11342, #5859, #2553, .T. ) ;
#1520 =( NAMED_UNIT ( * ) SI_UNIT ( $, .STERADIAN. ) SOLID_ANGLE_UNIT ( ) );
#1521 = LINE ( 'NONE', #10144, #10502 ) ;
#1522 = UNCERTAINTY_MEASURE_WITH_UNIT (LENGTH_MEASURE( 1.000000000000000082E-05 ), #6708, 'distance_accuracy_value', 'NONE');
#1523 = DIRECTION ( 'NONE',  ( 3.414809992080328037E-16, 1.000000000000000000, 0.000000000000000000 ) ) ;
#1524 = DIRECTION ( 'NONE',  ( 1.000000000000000000, 1.348230680810990322E-16, 0.000000000000000000 ) ) ;
#1525 = CARTESIAN_POINT ( 'NONE',  ( 2.999999999999996891, 0.000000000000000000, -0.5000000000000000000 ) ) ;
#1526 = DIRECTION ( 'NONE',  ( -0.000000000000000000, -0.000000000000000000, -1.000000000000000000 ) ) ;
#1527 = EDGE_CURVE ( 'NONE', #7601, #5744, #2204, .T. ) ;
#1528 = PRESENTATION_LAYER_ASSIGNMENT (  '', '', ( #10243 ) ) ;
#1529 = UNCERTAINTY_MEASURE_WITH_UNIT (LENGTH_MEASURE( 1.000000000000000082E-05 ), #8034, 'distance_accuracy_value', 'NONE');
#1530 = STYLED_ITEM ( 'NONE', ( #2310 ), #6087 ) ;
#1531 = PRESENTATION_STYLE_ASSIGNMENT (( #10210 ) ) ;
#1532 = CARTESIAN_POINT ( 'NONE',  ( -4.625000000000000888, -3.615000000000001101, -0.4999999999999998890 ) ) ;
#1533 = AXIS2_PLACEMENT_3D ( 'NONE', #7552, #3486, #6580 ) ;
#1534 = ORIENTED_EDGE ( 'NONE', *, *, #1187, .T. ) ;
#1535 = VERTEX_POINT ( 'NONE', #204 ) ;
#1536 = CARTESIAN_POINT ( 'NONE',  ( -0.1282921838072741683, -7.594529676406588159, -0.000000000000000000 ) ) ;
#1537 = CARTESIAN_POINT ( 'NONE',  ( 0.7184749468784868975, -8.314629369271816728, 0.01000000000000000021 ) ) ;
#1538 = LINE ( 'NONE', #6354, #4181 ) ;
#1539 = SURFACE_STYLE_FILL_AREA ( #1426 ) ;
#1540 = EDGE_CURVE ( 'NONE', #1707, #4746, #559, .T. ) ;
#1541 = CARTESIAN_POINT ( 'NONE',  ( 0.5038193580273513383, -8.289216452539545088, 0.01000000000000000021 ) ) ;
#1542 = VERTEX_POINT ( 'NONE', #498 ) ;
#1543 = CARTESIAN_POINT ( 'NONE',  ( 0.3199999999999999512, -0.3200000000000007283, 1.370310825858947368 ) ) ;
#1544 = MECHANICAL_DESIGN_GEOMETRIC_PRESENTATION_REPRESENTATION (  '', ( #7986 ), #1905 ) ;
#1545 = AXIS2_PLACEMENT_3D ( 'NONE', #1937, #5827, #11609 ) ;
#1546 = EDGE_LOOP ( 'NONE', ( #3316, #3192, #8179, #6802, #863, #975, #5496, #7513, #1800, #5896, #3893, #8690, #8518, #11469, #3652, #2594, #8397, #8127 ) ) ;
#1547 = ORIENTED_EDGE ( 'NONE', *, *, #5422, .F. ) ;
#1548 = DIRECTION ( 'NONE',  ( 0.000000000000000000, 0.000000000000000000, -1.000000000000000000 ) ) ;
#1549 = SURFACE_STYLE_USAGE ( .BOTH. , #7634 ) ;
#1550 = CARTESIAN_POINT ( 'NONE',  ( 5.524999999999987921, -3.614999999999999769, -0.09862792926813598871 ) ) ;
#1551 = EDGE_LOOP ( 'NONE', ( #11371, #12398, #12071, #1078 ) ) ;
#1552 = ORIENTED_EDGE ( 'NONE', *, *, #6966, .T. ) ;
#1553 = CYLINDRICAL_SURFACE ( 'NONE', #12101, 0.4000000000000001887 ) ;
#1554 = ORIENTED_EDGE ( 'NONE', *, *, #5566, .F. ) ;
#1555 = VECTOR ( 'NONE', #6943, 1000.000000000000000 ) ;
#1556 = CARTESIAN_POINT ( 'NONE',  ( -8.577962312940892176, -3.470000000000001528, 0.9299999999999991607 ) ) ;
#1557 = CARTESIAN_POINT ( 'NONE',  ( -8.577962312940892176, -3.470000000000001528, 2.929999999999998384 ) ) ;
#1558 =( GEOMETRIC_REPRESENTATION_CONTEXT ( 3 ) GLOBAL_UNCERTAINTY_ASSIGNED_CONTEXT ( ( #11396 ) ) GLOBAL_UNIT_ASSIGNED_CONTEXT ( ( #10123, #1385, #6130 ) ) REPRESENTATION_CONTEXT ( 'NONE', 'WORKASPACE' ) );
#1559 = EDGE_CURVE ( 'NONE', #1622, #4835, #5079, .T. ) ;
#1560 = DIRECTION ( 'NONE',  ( 0.000000000000000000, -1.000000000000000000, 2.195852501236467750E-16 ) ) ;
#1561 = VERTEX_POINT ( 'NONE', #11808 ) ;
#1562 =( NAMED_UNIT ( * ) PLANE_ANGLE_UNIT ( ) SI_UNIT ( $, .RADIAN. ) );
#1563 = MECHANICAL_DESIGN_GEOMETRIC_PRESENTATION_REPRESENTATION (  '', ( #8028 ), #5423 ) ;
#1564 = CARTESIAN_POINT ( 'NONE',  ( -0.2200000000000001676, -7.420000000000000817, 1.709999999999999298 ) ) ;
#1565 = COLOUR_RGB ( '',0.2235294117647058654, 0.2235294117647058654, 0.2235294117647058654 ) ;
#1566 = EDGE_LOOP ( 'NONE', ( #9523, #6472, #1974, #8195, #6484, #5678, #7232, #12151, #11473, #4222, #5688, #8115, #4689, #3650, #6283, #3654, #7845, #9469, #903 ) ) ;
#1567 =( LENGTH_UNIT ( ) NAMED_UNIT ( * ) SI_UNIT ( .MILLI., .METRE. ) );
#1568 = CARTESIAN_POINT ( 'NONE',  ( -2.524999999999990585, -3.470000000000001528, 0.9299999999999991607 ) ) ;
#1569 = VECTOR ( 'NONE', #6447, 1000.000000000000000 ) ;
#1570 = COLOUR_RGB ( '',0.2235294117647058654, 0.2235294117647058654, 0.2235294117647058654 ) ;
#1571 = SURFACE_STYLE_USAGE ( .BOTH. , #1630 ) ;
#1572 = VERTEX_POINT ( 'NONE', #6433 ) ;
#1573 = PRESENTATION_STYLE_ASSIGNMENT (( #2694 ) ) ;
#1574 = PRESENTATION_STYLE_ASSIGNMENT (( #11182 ) ) ;
#1575 =( LENGTH_UNIT ( ) NAMED_UNIT ( * ) SI_UNIT ( .MILLI., .METRE. ) );
#1576 = AXIS2_PLACEMENT_3D ( 'NONE', #10226, #11968, #1608 ) ;
#1577 = LINE ( 'NONE', #10197, #12397 ) ;
#1578 = CARTESIAN_POINT ( 'NONE',  ( 2.397103658536582582, -8.477086204874618502, 0.01000000000000000021 ) ) ;
#1579 =( GEOMETRIC_REPRESENTATION_CONTEXT ( 3 ) GLOBAL_UNCERTAINTY_ASSIGNED_CONTEXT ( ( #4475 ) ) GLOBAL_UNIT_ASSIGNED_CONTEXT ( ( #12310, #11135, #5655 ) ) REPRESENTATION_CONTEXT ( 'NONE', 'WORKASPACE' ) );
#1580 =( GEOMETRIC_REPRESENTATION_CONTEXT ( 3 ) GLOBAL_UNCERTAINTY_ASSIGNED_CONTEXT ( ( #4194 ) ) GLOBAL_UNIT_ASSIGNED_CONTEXT ( ( #9181, #5532, #4518 ) ) REPRESENTATION_CONTEXT ( 'NONE', 'WORKASPACE' ) );
#1581 = LINE ( 'NONE', #11243, #2551 ) ;
#1582 = VECTOR ( 'NONE', #1878, 1000.000000000000000 ) ;
#1583 = AXIS2_PLACEMENT_3D ( 'NONE', #9512, #5600, #8806 ) ;
#1584 = CARTESIAN_POINT ( 'NONE',  ( 1.060975609756094951, -7.574647180484375575, 0.01000000000000000021 ) ) ;
#1585 = LINE ( 'NONE', #12116, #2744 ) ;
#1586 = VECTOR ( 'NONE', #2300, 1000.000000000000000 ) ;
#1587 = CARTESIAN_POINT ( 'NONE',  ( -1.825000000000000178, -8.920000000000001705, 1.000000000000000000 ) ) ;
#1588 = FACE_OUTER_BOUND ( 'NONE', #9632, .T. ) ;
#1589 = CARTESIAN_POINT ( 'NONE',  ( 0.3199999999999999512, -0.5596891741410527921, 1.370310825858947590 ) ) ;
#1590 = PRESENTATION_STYLE_ASSIGNMENT (( #10269 ) ) ;
#1591 = CARTESIAN_POINT ( 'NONE',  ( 2.649999999999999911, -0.4700000000000016387, 0.4999999999999970024 ) ) ;
#1592 = DIRECTION ( 'NONE',  ( 1.000000000000000000, 1.596371296911168195E-16, 0.000000000000000000 ) ) ;
#1593 = EDGE_CURVE ( 'NONE', #9708, #1415, #5011, .T. ) ;
#1594 = EDGE_CURVE ( 'NONE', #4357, #8562, #8268, .T. ) ;
#1595 = B_SPLINE_SURFACE_WITH_KNOTS ( 'NONE', 3, 1, ( 
 ( #238, #11777 ),
 ( #1985, #1183 ),
 ( #8695, #3187 ),
 ( #7818, #7048 ),
 ( #5985, #2999 ),
 ( #4111, #9927 ),
 ( #4982, #8826 ),
 ( #4919, #2113 ),
 ( #5113, #10789 ),
 ( #6790, #8896 ),
 ( #7949, #1241 ) ),
 .UNSPECIFIED., .F., .F., .F.,
 ( 4, 1, 1, 1, 1, 1, 1, 1, 4 ),
 ( 2, 2 ),
 ( 0.000000000000000000, 0.1352946047634289439, 0.2667656579247482673, 0.3948160188358723066, 0.5200516544342466130, 0.6421757029708202724, 0.7626518205584216226, 0.8818340043805003026, 1.000000000000000000 ),
 ( 0.000000000000000000, 1.000000000000000000 ),
 .UNSPECIFIED. ) ;
#1596 = CARTESIAN_POINT ( 'NONE',  ( 5.224999999999986322, -3.614999999999999769, -0.01000000000000000021 ) ) ;
#1597 = DIRECTION ( 'NONE',  ( 0.000000000000000000, -0.000000000000000000, -1.000000000000000000 ) ) ;
#1598 = B_SPLINE_CURVE_WITH_KNOTS ( 'NONE', 3,
 ( #6418, #8188, #9281, #11966, #4481, #6356, #10223, #427, #1541, #11091, #2294, #606, #10043, #7250, #11213, #3308, #3366, #12138, #9210 ),
 .UNSPECIFIED., .F., .F.,
 ( 4, 1, 1, 1, 1, 1, 1, 1, 1, 1, 1, 1, 1, 1, 1, 1, 4 ),
 ( 0.000000000000000000, 0.06806869584499505854, 0.1334274328189550551, 0.1961460338131575387, 0.2570485924493137730, 0.3168826631591620813, 0.3761872086663224368, 0.4359603353635461698, 0.4965352368627269919, 0.5574653434807338437, 0.6176868634101474465, 0.6779436406969068241, 0.7388052848060405742, 0.8009493367665845298, 0.8648146674702267278, 0.9310247810786572709, 1.000000000000000000 ),
 .UNSPECIFIED. ) ;
#1599 = PRESENTATION_LAYER_ASSIGNMENT (  '', '', ( #7474 ) ) ;
#1600 = ADVANCED_FACE ( 'NONE', ( #7013 ), #3453, .F. ) ;
#1601 = EDGE_LOOP ( 'NONE', ( #9393, #7880, #11518, #9921 ) ) ;
#1602 = ORIENTED_EDGE ( 'NONE', *, *, #11782, .F. ) ;
#1603 =( NAMED_UNIT ( * ) SI_UNIT ( $, .STERADIAN. ) SOLID_ANGLE_UNIT ( ) );
#1604 = CARTESIAN_POINT ( 'NONE',  ( 0.5247353599228331555, -7.970555636622515649, 0.01000000000000000021 ) ) ;
#1605 = CARTESIAN_POINT ( 'NONE',  ( 2.171813550063521170, -7.474693083109626990, 0.01000000000000000021 ) ) ;
#1606 = ORIENTED_EDGE ( 'NONE', *, *, #979, .T. ) ;
#1607 = STYLED_ITEM ( 'NONE', ( #9025 ), #3520 ) ;
#1608 = DIRECTION ( 'NONE',  ( 0.000000000000000000, -0.000000000000000000, -1.000000000000000000 ) ) ;
#1609 = ORIENTED_EDGE ( 'NONE', *, *, #1811, .T. ) ;
#1610 = FACE_OUTER_BOUND ( 'NONE', #4606, .T. ) ;
#1611 = DIRECTION ( 'NONE',  ( 1.000000000000000000, 0.000000000000000000, 0.000000000000000000 ) ) ;
#1612 = EDGE_CURVE ( 'NONE', #5444, #10233, #679, .T. ) ;
#1613 = DIRECTION ( 'NONE',  ( -1.162683294890621319E-16, 1.000000000000000000, -0.000000000000000000 ) ) ;
#1614 = VERTEX_POINT ( 'NONE', #12283 ) ;
#1615 = VERTEX_POINT ( 'NONE', #8565 ) ;
#1616 = PLANE ( 'NONE',  #2613 ) ;
#1617 = ORIENTED_EDGE ( 'NONE', *, *, #2425, .T. ) ;
#1618 = LINE ( 'NONE', #1497, #4709 ) ;
#1619 = CARTESIAN_POINT ( 'NONE',  ( 2.180467148344216621, -8.441548771008095642, 0.000000000000000000 ) ) ;
#1620 = FILL_AREA_STYLE_COLOUR ( '', #5271 ) ;
#1621 = COLOUR_RGB ( '',0.6470588235294117974, 0.6196078431372549211, 0.5882352941176470784 ) ;
#1622 = VERTEX_POINT ( 'NONE', #10477 ) ;
#1623 = FILL_AREA_STYLE_COLOUR ( '', #3590 ) ;
#1624 = FILL_AREA_STYLE_COLOUR ( '', #5611 ) ;
#1625 = STYLED_ITEM ( 'NONE', ( #8078 ), #4175 ) ;
#1626 = ORIENTED_EDGE ( 'NONE', *, *, #8002, .F. ) ;
#1627 = EDGE_CURVE ( 'NONE', #8646, #445, #11285, .T. ) ;
#1628 = CARTESIAN_POINT ( 'NONE',  ( 2.680000000000000160, -0.4700000000000012501, -1.495982857385225759E-31 ) ) ;
#1629 = PRESENTATION_LAYER_ASSIGNMENT (  '', '', ( #7086 ) ) ;
#1630 = SURFACE_SIDE_STYLE ('',( #1688 ) ) ;
#1631 = ORIENTED_EDGE ( 'NONE', *, *, #1135, .F. ) ;
#1632 = CARTESIAN_POINT ( 'NONE',  ( -4.625000000000000888, 0.000000000000000000, -2.724999999999990319 ) ) ;
#1633 = CARTESIAN_POINT ( 'NONE',  ( 2.725936129110462236, -7.886100544730569872, 6.776263578034402713E-18 ) ) ;
#1634 = LINE ( 'NONE', #7595, #11840 ) ;
#1635 = CARTESIAN_POINT ( 'NONE',  ( 2.544919053398652764, -8.458940851468476296, 0.000000000000000000 ) ) ;
#1636 = CARTESIAN_POINT ( 'NONE',  ( -2.524999999999990585, -2.170000000000001705, 3.000000000000000000 ) ) ;
#1637 = PRESENTATION_LAYER_ASSIGNMENT (  '', '', ( #446 ) ) ;
#1638 = FILL_AREA_STYLE ('',( #579 ) ) ;
#1639 = DIRECTION ( 'NONE',  ( -0.000000000000000000, -7.478108553735038078E-16, 1.000000000000000000 ) ) ;
#1640 = UNCERTAINTY_MEASURE_WITH_UNIT (LENGTH_MEASURE( 1.000000000000000082E-05 ), #1816, 'distance_accuracy_value', 'NONE');
#1641 = SURFACE_SIDE_STYLE ('',( #5535 ) ) ;
#1642 = AXIS2_PLACEMENT_3D ( 'NONE', #3760, #3493, #5485 ) ;
#1643 = PLANE ( 'NONE',  #8606 ) ;
#1644 = LINE ( 'NONE', #11137, #7179 ) ;
#1645 = LINE ( 'NONE', #3628, #7743 ) ;
#1646 = CARTESIAN_POINT ( 'NONE',  ( 1.390243902439021628, -8.464891082923399424, 0.000000000000000000 ) ) ;
#1647 = COLOUR_RGB ( '',0.2235294117647058654, 0.2235294117647058654, 0.2235294117647058654 ) ;
#1648 = LINE ( 'NONE', #9198, #11588 ) ;
#1649 = ORIENTED_EDGE ( 'NONE', *, *, #692, .T. ) ;
#1650 = ORIENTED_EDGE ( 'NONE', *, *, #1817, .T. ) ;
#1651 = EDGE_CURVE ( 'NONE', #1715, #1780, #12344, .T. ) ;
#1652 = CARTESIAN_POINT ( 'NONE',  ( 3.319999999999999840, 0.5354264934286706579, 0.1399999999999999301 ) ) ;
#1653 = UNCERTAINTY_MEASURE_WITH_UNIT (LENGTH_MEASURE( 1.000000000000000082E-05 ), #6846, 'distance_accuracy_value', 'NONE');
#1654 = CARTESIAN_POINT ( 'NONE',  ( 2.680000000000000160, -0.5596891741410529031, 2.249999999999999556 ) ) ;
#1655 = VECTOR ( 'NONE', #12463, 1000.000000000000000 ) ;
#1656 = FACE_OUTER_BOUND ( 'NONE', #5729, .T. ) ;
#1657 = FILL_AREA_STYLE_COLOUR ( '', #272 ) ;
#1658 =( GEOMETRIC_REPRESENTATION_CONTEXT ( 3 ) GLOBAL_UNCERTAINTY_ASSIGNED_CONTEXT ( ( #10684 ) ) GLOBAL_UNIT_ASSIGNED_CONTEXT ( ( #11597, #3732, #4805 ) ) REPRESENTATION_CONTEXT ( 'NONE', 'WORKASPACE' ) );
#1659 = CARTESIAN_POINT ( 'NONE',  ( 2.204662283777382825, -7.587058934135913368, 0.000000000000000000 ) ) ;
#1660 = VERTEX_POINT ( 'NONE', #3656 ) ;
#1661 = EDGE_CURVE ( 'NONE', #4225, #8900, #7581, .T. ) ;
#1662 =( GEOMETRIC_REPRESENTATION_CONTEXT ( 3 ) GLOBAL_UNCERTAINTY_ASSIGNED_CONTEXT ( ( #2535 ) ) GLOBAL_UNIT_ASSIGNED_CONTEXT ( ( #9294, #5622, #9470 ) ) REPRESENTATION_CONTEXT ( 'NONE', 'WORKASPACE' ) );
#1663 = EDGE_CURVE ( 'NONE', #5637, #241, #7454, .T. ) ;
#1664 = FACE_OUTER_BOUND ( 'NONE', #6992, .T. ) ;
#1665 = VECTOR ( 'NONE', #1526, 1000.000000000000000 ) ;
#1666 = ORIENTED_EDGE ( 'NONE', *, *, #7163, .T. ) ;
#1667 = STYLED_ITEM ( 'NONE', ( #9499 ), #9506 ) ;
#1668 = CARTESIAN_POINT ( 'NONE',  ( 1.749999999999996225, -0.9700000000000014166, 3.360000000000000320 ) ) ;
#1669 = VERTEX_POINT ( 'NONE', #5740 ) ;
#1670 = ORIENTED_EDGE ( 'NONE', *, *, #1333, .T. ) ;
#1671 = ADVANCED_FACE ( 'NONE', ( #5623 ), #8510, .F. ) ;
#1672 =( NAMED_UNIT ( * ) SI_UNIT ( $, .STERADIAN. ) SOLID_ANGLE_UNIT ( ) );
#1673 = UNCERTAINTY_MEASURE_WITH_UNIT (LENGTH_MEASURE( 1.000000000000000082E-05 ), #3610, 'distance_accuracy_value', 'NONE');
#1674 = ORIENTED_EDGE ( 'NONE', *, *, #12482, .F. ) ;
#1675 = ADVANCED_FACE ( 'NONE', ( #2803, #8381 ), #2869, .F. ) ;
#1676 = STYLED_ITEM ( 'NONE', ( #5490 ), #2510 ) ;
#1677 = CARTESIAN_POINT ( 'NONE',  ( 2.318364589294818590, -8.473444748315616337, 0.000000000000000000 ) ) ;
#1678 = SURFACE_STYLE_USAGE ( .BOTH. , #3783 ) ;
#1679 = VERTEX_POINT ( 'NONE', #4166 ) ;
#1680 = FILL_AREA_STYLE ('',( #1726 ) ) ;
#1681 = CARTESIAN_POINT ( 'NONE',  ( 0.6891662028234573079, -7.627778906980427820, 0.01000000000000000021 ) ) ;
#1682 = EDGE_CURVE ( 'NONE', #8757, #615, #9925, .T. ) ;
#1683 = EDGE_CURVE ( 'NONE', #11023, #8494, #8951, .T. ) ;
#1684 =( LENGTH_UNIT ( ) NAMED_UNIT ( * ) SI_UNIT ( .MILLI., .METRE. ) );
#1685 = EDGE_LOOP ( 'NONE', ( #11893, #9071, #7240, #5823, #3847, #2984, #8105, #9289 ) ) ;
#1686 = PLANE ( 'NONE',  #5903 ) ;
#1687 = EDGE_LOOP ( 'NONE', ( #6115, #8566, #6592, #3256 ) ) ;
#1688 = SURFACE_STYLE_FILL_AREA ( #8459 ) ;
#1689 = ORIENTED_EDGE ( 'NONE', *, *, #8253, .T. ) ;
#1690 = FILL_AREA_STYLE_COLOUR ( '', #4621 ) ;
#1691 = DIRECTION ( 'NONE',  ( 1.000000000000000000, 0.000000000000000000, 0.000000000000000000 ) ) ;
#1692 = FILL_AREA_STYLE_COLOUR ( '', #7299 ) ;
#1693 = ADVANCED_FACE ( 'NONE', ( #10848 ), #4855, .F. ) ;
#1694 = DIRECTION ( 'NONE',  ( 1.000000000000000000, -0.000000000000000000, -0.000000000000000000 ) ) ;
#1695 =( GEOMETRIC_REPRESENTATION_CONTEXT ( 3 ) GLOBAL_UNCERTAINTY_ASSIGNED_CONTEXT ( ( #9497 ) ) GLOBAL_UNIT_ASSIGNED_CONTEXT ( ( #8752, #6856, #1782 ) ) REPRESENTATION_CONTEXT ( 'NONE', 'WORKASPACE' ) );
#1696 = PRESENTATION_LAYER_ASSIGNMENT (  '', '', ( #6558 ) ) ;
#1697 =( NAMED_UNIT ( * ) PLANE_ANGLE_UNIT ( ) SI_UNIT ( $, .RADIAN. ) );
#1698 = LINE ( 'NONE', #1880, #12062 ) ;
#1699 = FACE_OUTER_BOUND ( 'NONE', #10643, .T. ) ;
#1700 = DIRECTION ( 'NONE',  ( 0.000000000000000000, 0.000000000000000000, -1.000000000000000000 ) ) ;
#1701 =( NAMED_UNIT ( * ) SI_UNIT ( $, .STERADIAN. ) SOLID_ANGLE_UNIT ( ) );
#1702 = EDGE_CURVE ( 'NONE', #6302, #8376, #5111, .T. ) ;
#1703 = COLOUR_RGB ( '',0.6470588235294117974, 0.6196078431372549211, 0.5882352941176470784 ) ;
#1704 = VECTOR ( 'NONE', #3552, 1000.000000000000000 ) ;
#1705 =( LENGTH_UNIT ( ) NAMED_UNIT ( * ) SI_UNIT ( .MILLI., .METRE. ) );
#1706 = CARTESIAN_POINT ( 'NONE',  ( -0.1282921838072741683, -7.594529676406588159, 0.01000000000000000021 ) ) ;
#1707 = VERTEX_POINT ( 'NONE', #2045 ) ;
#1708 = FACE_OUTER_BOUND ( 'NONE', #11541, .T. ) ;
#1709 = ORIENTED_EDGE ( 'NONE', *, *, #4496, .T. ) ;
#1710 = MECHANICAL_DESIGN_GEOMETRIC_PRESENTATION_REPRESENTATION (  '', ( #121 ), #10408 ) ;
#1711 = SURFACE_SIDE_STYLE ('',( #12327 ) ) ;
#1712 = CARTESIAN_POINT ( 'NONE',  ( 0.6629005727039893880, -8.411044711878288282, 0.01000000000000000021 ) ) ;
#1713 = PLANE ( 'NONE',  #12180 ) ;
#1714 = CARTESIAN_POINT ( 'NONE',  ( 5.224999999999986322, -6.170000000000001705, 0.9299999999999994937 ) ) ;
#1715 = VERTEX_POINT ( 'NONE', #5984 ) ;
#1716 = LINE ( 'NONE', #1900, #2767 ) ;
#1717 = VERTEX_POINT ( 'NONE', #7998 ) ;
#1718 = DIRECTION ( 'NONE',  ( 0.000000000000000000, -0.000000000000000000, 1.000000000000000000 ) ) ;
#1719 = DIRECTION ( 'NONE',  ( 0.000000000000000000, -1.734723475976807341E-16, -1.000000000000000000 ) ) ;
#1720 = ORIENTED_EDGE ( 'NONE', *, *, #9354, .F. ) ;
#1721 = EDGE_LOOP ( 'NONE', ( #12210, #11288, #4789, #2630 ) ) ;
#1722 = ORIENTED_EDGE ( 'NONE', *, *, #7600, .T. ) ;
#1723 =( NAMED_UNIT ( * ) SI_UNIT ( $, .STERADIAN. ) SOLID_ANGLE_UNIT ( ) );
#1724 = PLANE ( 'NONE',  #4464 ) ;
#1725 = ORIENTED_EDGE ( 'NONE', *, *, #6330, .T. ) ;
#1726 = FILL_AREA_STYLE_COLOUR ( '', #7186 ) ;
#1727 = CARTESIAN_POINT ( 'NONE',  ( 0.6591692083714970618, -7.647360677131874951, 6.776263578034402713E-18 ) ) ;
#1728 = AXIS2_PLACEMENT_3D ( 'NONE', #5533, #6270, #6392 ) ;
#1729 =( NAMED_UNIT ( * ) SI_UNIT ( $, .STERADIAN. ) SOLID_ANGLE_UNIT ( ) );
#1730 = EDGE_CURVE ( 'NONE', #10577, #2717, #5927, .T. ) ;
#1731 = ADVANCED_FACE ( 'NONE', ( #9858 ), #1111, .T. ) ;
#1732 = ORIENTED_EDGE ( 'NONE', *, *, #11631, .F. ) ;
#1733 = CARTESIAN_POINT ( 'NONE',  ( -1.825000000000003508, -7.419999999999996376, 0.9299999999999996048 ) ) ;
#1734 = CIRCLE ( 'NONE', #1944, 0.2154264934286704847 ) ;
#1735 = FILL_AREA_STYLE ('',( #6560 ) ) ;
#1736 = VERTEX_POINT ( 'NONE', #483 ) ;
#1737 = CARTESIAN_POINT ( 'NONE',  ( 0.000000000000000000, -6.170000000000001705, 0.000000000000000000 ) ) ;
#1738 = EDGE_CURVE ( 'NONE', #2848, #7642, #12136, .T. ) ;
#1739 = ORIENTED_EDGE ( 'NONE', *, *, #223, .F. ) ;
#1740 = LINE ( 'NONE', #8461, #6809 ) ;
#1741 = VECTOR ( 'NONE', #10378, 1000.000000000000000 ) ;
#1742 =( NAMED_UNIT ( * ) SI_UNIT ( $, .STERADIAN. ) SOLID_ANGLE_UNIT ( ) );
#1743 = PLANE ( 'NONE',  #12198 ) ;
#1744 = SURFACE_STYLE_USAGE ( .BOTH. , #4937 ) ;
#1745 = LINE ( 'NONE', #9680, #4205 ) ;
#1746 = STYLED_ITEM ( 'NONE', ( #12468 ), #11333 ) ;
#1747 = PRESENTATION_LAYER_ASSIGNMENT (  '', '', ( #12040 ) ) ;
#1748 = VECTOR ( 'NONE', #9365, 1000.000000000000000 ) ;
#1749 = CARTESIAN_POINT ( 'NONE',  ( -1.028492179432889548E-15, -1.420000000000001039, 2.249999999999999556 ) ) ;
#1750 = EDGE_CURVE ( 'NONE', #9571, #4791, #4289, .T. ) ;
#1751 = VECTOR ( 'NONE', #7872, 1000.000000000000000 ) ;
#1752 = PRESENTATION_STYLE_ASSIGNMENT (( #7477 ) ) ;
#1753 = UNCERTAINTY_MEASURE_WITH_UNIT (LENGTH_MEASURE( 1.000000000000000082E-05 ), #7810, 'distance_accuracy_value', 'NONE');
#1754 = CARTESIAN_POINT ( 'NONE',  ( 3.000000000000000888, -0.9700000000000020828, 0.000000000000000000 ) ) ;
#1755 = DIRECTION ( 'NONE',  ( 0.000000000000000000, 1.000000000000000000, 0.000000000000000000 ) ) ;
#1756 = PRESENTATION_STYLE_ASSIGNMENT (( #10388 ) ) ;
#1757 = VECTOR ( 'NONE', #6958, 1000.000000000000000 ) ;
#1758 = PLANE ( 'NONE',  #11803 ) ;
#1759 = PRESENTATION_STYLE_ASSIGNMENT (( #8597 ) ) ;
#1760 = LINE ( 'NONE', #4588, #278 ) ;
#1761 = VECTOR ( 'NONE', #8724, 1000.000000000000000 ) ;
#1762 = VECTOR ( 'NONE', #293, 1000.000000000000000 ) ;
#1763 = DIRECTION ( 'NONE',  ( -0.000000000000000000, 0.000000000000000000, 1.000000000000000000 ) ) ;
#1764 = VECTOR ( 'NONE', #3088, 1000.000000000000000 ) ;
#1765 = CARTESIAN_POINT ( 'NONE',  ( -1.270000000000000684, -1.420000000000001039, 3.199999999999999734 ) ) ;
#1766 = CARTESIAN_POINT ( 'NONE',  ( 1.195121951219509704, -7.464891082923399424, 0.01000000000000000021 ) ) ;
#1767 = COLOUR_RGB ( '',0.2235294117647058654, 0.2235294117647058654, 0.2235294117647058654 ) ;
#1768 = EDGE_CURVE ( 'NONE', #5620, #1535, #9015, .T. ) ;
#1769 = EDGE_LOOP ( 'NONE', ( #6826, #2550, #3564, #11611 ) ) ;
#1770 = CARTESIAN_POINT ( 'NONE',  ( -3.325000000000000178, -7.419999999999996376, 0.9299999999999996048 ) ) ;
#1771 = ORIENTED_EDGE ( 'NONE', *, *, #3743, .F. ) ;
#1772 = DIRECTION ( 'NONE',  ( -1.000000000000000000, 0.000000000000000000, -0.000000000000000000 ) ) ;
#1773 = UNCERTAINTY_MEASURE_WITH_UNIT (LENGTH_MEASURE( 1.000000000000000082E-05 ), #325, 'distance_accuracy_value', 'NONE');
#1774 = VECTOR ( 'NONE', #5926, 1000.000000000000000 ) ;
#1775 = CARTESIAN_POINT ( 'NONE',  ( 0.3986925413281797725, -7.847054861497317013, 0.000000000000000000 ) ) ;
#1776 = CARTESIAN_POINT ( 'NONE',  ( 0.8500000000000009770, 1.029999999999998472, 3.360000000000000320 ) ) ;
#1777 =( NAMED_UNIT ( * ) SI_UNIT ( $, .STERADIAN. ) SOLID_ANGLE_UNIT ( ) );
#1778 = ORIENTED_EDGE ( 'NONE', *, *, #8313, .T. ) ;
#1779 = DIRECTION ( 'NONE',  ( 0.000000000000000000, -1.000000000000000000, 0.000000000000000000 ) ) ;
#1780 = VERTEX_POINT ( 'NONE', #2236 ) ;
#1781 = ORIENTED_EDGE ( 'NONE', *, *, #11098, .T. ) ;
#1782 =( NAMED_UNIT ( * ) SI_UNIT ( $, .STERADIAN. ) SOLID_ANGLE_UNIT ( ) );
#1783 = CARTESIAN_POINT ( 'NONE',  ( -1.825000000000004174, -7.419999999999996376, 1.000000000000000000 ) ) ;
#1784 = PRESENTATION_LAYER_ASSIGNMENT (  '', '', ( #8433 ) ) ;
#1785 = CARTESIAN_POINT ( 'NONE',  ( 5.575000000000005507, -0.4700000000000008060, 3.359999999999999876 ) ) ;
#1786 = ORIENTED_EDGE ( 'NONE', *, *, #2891, .F. ) ;
#1787 = VERTEX_POINT ( 'NONE', #7247 ) ;
#1788 = UNCERTAINTY_MEASURE_WITH_UNIT (LENGTH_MEASURE( 1.000000000000000082E-05 ), #5145, 'distance_accuracy_value', 'NONE');
#1789 = ORIENTED_EDGE ( 'NONE', *, *, #5404, .F. ) ;
#1790 = CARTESIAN_POINT ( 'NONE',  ( -0.4390243902439051049, -8.464891082923399424, 0.000000000000000000 ) ) ;
#1791 = DIRECTION ( 'NONE',  ( -0.000000000000000000, 0.000000000000000000, 1.000000000000000000 ) ) ;
#1792 = LINE ( 'NONE', #2804, #419 ) ;
#1793 = ORIENTED_EDGE ( 'NONE', *, *, #417, .F. ) ;
#1794 = DIRECTION ( 'NONE',  ( -0.000000000000000000, 0.000000000000000000, 1.000000000000000000 ) ) ;
#1795 = EDGE_LOOP ( 'NONE', ( #8003, #1117, #11397, #8270 ) ) ;
#1796 = CARTESIAN_POINT ( 'NONE',  ( 0.5247180244848475006, -7.939852209980988285, -0.000000000000000000 ) ) ;
#1797 = ORIENTED_EDGE ( 'NONE', *, *, #7723, .T. ) ;
#1798 = DIRECTION ( 'NONE',  ( 0.000000000000000000, 1.000000000000000000, 0.000000000000000000 ) ) ;
#1799 = FILL_AREA_STYLE ('',( #3987 ) ) ;
#1800 = ORIENTED_EDGE ( 'NONE', *, *, #10669, .F. ) ;
#1801 =( GEOMETRIC_REPRESENTATION_CONTEXT ( 3 ) GLOBAL_UNCERTAINTY_ASSIGNED_CONTEXT ( ( #11173 ) ) GLOBAL_UNIT_ASSIGNED_CONTEXT ( ( #12465, #8512, #10534 ) ) REPRESENTATION_CONTEXT ( 'NONE', 'WORKASPACE' ) );
#1802 = CARTESIAN_POINT ( 'NONE',  ( 5.626372070731853192, -3.614999999999999769, -0.5000000000000013323 ) ) ;
#1803 =( NAMED_UNIT ( * ) SI_UNIT ( $, .STERADIAN. ) SOLID_ANGLE_UNIT ( ) );
#1804 = EDGE_CURVE ( 'NONE', #8888, #1378, #5226, .T. ) ;
#1805 = EDGE_CURVE ( 'NONE', #8257, #9483, #9279, .T. ) ;
#1806 = DIRECTION ( 'NONE',  ( -0.1710878697460329056, 0.9702875252478146972, 0.1710878697460336550 ) ) ;
#1808 = MECHANICAL_DESIGN_GEOMETRIC_PRESENTATION_REPRESENTATION (  '', ( #10918 ), #11910 ) ;
#1807 = LINE ( 'NONE', #58, #6084 ) ;
#1809 = SURFACE_SIDE_STYLE ('',( #8586 ) ) ;
#1810 = UNCERTAINTY_MEASURE_WITH_UNIT (LENGTH_MEASURE( 1.000000000000000082E-05 ), #1684, 'distance_accuracy_value', 'NONE');
#1811 = EDGE_CURVE ( 'NONE', #9480, #5312, #7115, .T. ) ;
#1812 =( GEOMETRIC_REPRESENTATION_CONTEXT ( 3 ) GLOBAL_UNCERTAINTY_ASSIGNED_CONTEXT ( ( #4252 ) ) GLOBAL_UNIT_ASSIGNED_CONTEXT ( ( #10629, #11619, #10296 ) ) REPRESENTATION_CONTEXT ( 'NONE', 'WORKASPACE' ) );
#1813 = ORIENTED_EDGE ( 'NONE', *, *, #2214, .T. ) ;
#1814 = MECHANICAL_DESIGN_GEOMETRIC_PRESENTATION_REPRESENTATION (  '', ( #22 ), #10541 ) ;
#1815 = LINE ( 'NONE', #3870, #5999 ) ;
#1816 =( LENGTH_UNIT ( ) NAMED_UNIT ( * ) SI_UNIT ( .MILLI., .METRE. ) );
#1817 = EDGE_CURVE ( 'NONE', #8754, #8356, #10969, .T. ) ;
#1818 =( NAMED_UNIT ( * ) PLANE_ANGLE_UNIT ( ) SI_UNIT ( $, .RADIAN. ) );
#1819 = VECTOR ( 'NONE', #10330, 1000.000000000000000 ) ;
#1820 = FILL_AREA_STYLE ('',( #11556 ) ) ;
#1821 = CARTESIAN_POINT ( 'NONE',  ( -1.825000000000002620, -7.419999999999996376, 2.929999999999999272 ) ) ;
#1822 = PLANE ( 'NONE',  #486 ) ;
#1823 = AXIS2_PLACEMENT_3D ( 'NONE', #6445, #10189, #2627 ) ;
#1824 =( NAMED_UNIT ( * ) PLANE_ANGLE_UNIT ( ) SI_UNIT ( $, .RADIAN. ) );
#1825 = EDGE_CURVE ( 'NONE', #10002, #11335, #2293, .T. ) ;
#1826 = CARTESIAN_POINT ( 'NONE',  ( 0.04153963414633878720, -8.074647180484374687, 0.01000000000000000021 ) ) ;
#1827 =( LENGTH_UNIT ( ) NAMED_UNIT ( * ) SI_UNIT ( .MILLI., .METRE. ) );
#1828 = ORIENTED_EDGE ( 'NONE', *, *, #417, .T. ) ;
#1829 = CARTESIAN_POINT ( 'NONE',  ( 0.9999999999999961142, -7.419999999999999929, 0.000000000000000000 ) ) ;
#1830 = ORIENTED_EDGE ( 'NONE', *, *, #3288, .T. ) ;
#1831 = FACE_OUTER_BOUND ( 'NONE', #4494, .T. ) ;
#1832 = CARTESIAN_POINT ( 'NONE',  ( 0.3906430703327959386, -7.934187896840218635, -0.000000000000000000 ) ) ;
#1833 = CARTESIAN_POINT ( 'NONE',  ( 5.524999999999991473, 0.000000000000000000, 0.000000000000000000 ) ) ;
#1834 = CARTESIAN_POINT ( 'NONE',  ( 3.350000000000000977, 0.5299999999999988054, 3.360000000000000320 ) ) ;
#1835 = ORIENTED_EDGE ( 'NONE', *, *, #754, .T. ) ;
#1836 = EDGE_CURVE ( 'NONE', #7384, #5056, #12018, .T. ) ;
#1837 = PLANE ( 'NONE',  #3611 ) ;
#1838 =( GEOMETRIC_REPRESENTATION_CONTEXT ( 3 ) GLOBAL_UNCERTAINTY_ASSIGNED_CONTEXT ( ( #12423 ) ) GLOBAL_UNIT_ASSIGNED_CONTEXT ( ( #525, #7612, #9561 ) ) REPRESENTATION_CONTEXT ( 'NONE', 'WORKASPACE' ) );
#1839 = VERTEX_POINT ( 'NONE', #3307 ) ;
#1840 = ORIENTED_EDGE ( 'NONE', *, *, #2901, .F. ) ;
#1841 = FACE_OUTER_BOUND ( 'NONE', #9348, .T. ) ;
#1842 = CARTESIAN_POINT ( 'NONE',  ( 1.730000000000000648, -8.920000000000001705, 0.6599999999999995870 ) ) ;
#1843 = CARTESIAN_POINT ( 'NONE',  ( 1.414634146341460674, -7.574647180484375575, 0.000000000000000000 ) ) ;
#1844 = VERTEX_POINT ( 'NONE', #3435 ) ;
#1845 = ORIENTED_EDGE ( 'NONE', *, *, #11573, .F. ) ;
#1846 = FILL_AREA_STYLE_COLOUR ( '', #2624 ) ;
#1847 = VECTOR ( 'NONE', #8645, 1000.000000000000000 ) ;
#1848 = ORIENTED_EDGE ( 'NONE', *, *, #11927, .F. ) ;
#1849 = LINE ( 'NONE', #6921, #1071 ) ;
#1850 = CARTESIAN_POINT ( 'NONE',  ( 5.626372070731854080, -4.884999999999998899, -0.4999999999999995559 ) ) ;
#1851 = DIRECTION ( 'NONE',  ( -1.000000000000000000, 0.000000000000000000, 3.208582496119555449E-15 ) ) ;
#1852 = CARTESIAN_POINT ( 'NONE',  ( 2.416686677663277827, -8.366349023671320495, 6.776263578034402713E-18 ) ) ;
#1853 = LINE ( 'NONE', #3519, #7427 ) ;
#1854 = EDGE_CURVE ( 'NONE', #4902, #4845, #7181, .T. ) ;
#1855 =( NAMED_UNIT ( * ) SI_UNIT ( $, .STERADIAN. ) SOLID_ANGLE_UNIT ( ) );
#1856 =( GEOMETRIC_REPRESENTATION_CONTEXT ( 3 ) GLOBAL_UNCERTAINTY_ASSIGNED_CONTEXT ( ( #5489 ) ) GLOBAL_UNIT_ASSIGNED_CONTEXT ( ( #10459, #5726, #1777 ) ) REPRESENTATION_CONTEXT ( 'NONE', 'WORKASPACE' ) );
#1857 = VERTEX_POINT ( 'NONE', #7311 ) ;
#1858 = ORIENTED_EDGE ( 'NONE', *, *, #12391, .F. ) ;
#1859 = LINE ( 'NONE', #4989, #2127 ) ;
#1860 = VECTOR ( 'NONE', #4649, 1000.000000000000000 ) ;
#1861 = SURFACE_STYLE_FILL_AREA ( #1735 ) ;
#1862 = ORIENTED_EDGE ( 'NONE', *, *, #7638, .T. ) ;
#1863 = PRESENTATION_STYLE_ASSIGNMENT (( #10543 ) ) ;
#1864 = SURFACE_STYLE_FILL_AREA ( #1799 ) ;
#1865 = VERTEX_POINT ( 'NONE', #2481 ) ;
#1866 = CARTESIAN_POINT ( 'NONE',  ( 2.951219512195118799, -8.464891082923399424, 0.01000000000000000021 ) ) ;
#1867 = DIRECTION ( 'NONE',  ( 1.084202172485505297E-16, 1.461754633146887626E-32, 1.000000000000000000 ) ) ;
#1868 =( NAMED_UNIT ( * ) PLANE_ANGLE_UNIT ( ) SI_UNIT ( $, .RADIAN. ) );
#1869 = CARTESIAN_POINT ( 'NONE',  ( 0.5243902439024364925, -7.955173095118522220, 0.01000000000000000021 ) ) ;
#1870 = CARTESIAN_POINT ( 'NONE',  ( 5.574999999999998401, -0.9700000000000019718, 2.529999999999999361 ) ) ;
#1871 = CARTESIAN_POINT ( 'NONE',  ( 2.121951219512192566, -8.303305717069740410, 0.01000000000000000021 ) ) ;
#1872 = ORIENTED_EDGE ( 'NONE', *, *, #3372, .F. ) ;
#1873 =( NAMED_UNIT ( * ) PLANE_ANGLE_UNIT ( ) SI_UNIT ( $, .RADIAN. ) );
#1874 = CARTESIAN_POINT ( 'NONE',  ( 3.850000000000000977, 1.029999999999998694, 3.859999999999999876 ) ) ;
#1875 = CARTESIAN_POINT ( 'NONE',  ( -2.575000000000014833, -0.4700000000000020828, 1.329999999999998739 ) ) ;
#1876 = UNCERTAINTY_MEASURE_WITH_UNIT (LENGTH_MEASURE( 1.000000000000000082E-05 ), #12195, 'distance_accuracy_value', 'NONE');
#1877 = ADVANCED_FACE ( 'NONE', ( #2352 ), #6355, .F. ) ;
#1878 = DIRECTION ( 'NONE',  ( 0.000000000000000000, -1.000000000000000000, 0.000000000000000000 ) ) ;
#1879 = FILL_AREA_STYLE ('',( #10563 ) ) ;
#1880 = CARTESIAN_POINT ( 'NONE',  ( 0.9190167682926804193, -8.355134985362424160, 0.01000000000000000021 ) ) ;
#1881 = DIRECTION ( 'NONE',  ( 0.000000000000000000, -0.1736481776669307475, 0.9848077530122080203 ) ) ;
#1882 = CARTESIAN_POINT ( 'NONE',  ( -0.3199999999999999512, 1.862871818038229543, -0.5000000000000000000 ) ) ;
#1883 = DIRECTION ( 'NONE',  ( -0.1710878697460358477, 0.9702875252478136980, -0.1710878697460358755 ) ) ;
#1884 = LINE ( 'NONE', #4204, #1757 ) ;
#1885 = EDGE_CURVE ( 'NONE', #11142, #1495, #5551, .T. ) ;
#1886 = ADVANCED_FACE ( 'NONE', ( #4605, #3769, #5494, #8549, #10519, #4719, #10400, #901 ), #9577, .F. ) ;
#1887 = FACE_OUTER_BOUND ( 'NONE', #3666, .T. ) ;
#1888 = VECTOR ( 'NONE', #2911, 1000.000000000000000 ) ;
#1889 = LINE ( 'NONE', #2024, #3462 ) ;
#1890 = ORIENTED_EDGE ( 'NONE', *, *, #5422, .T. ) ;
#1891 =( NAMED_UNIT ( * ) PLANE_ANGLE_UNIT ( ) SI_UNIT ( $, .RADIAN. ) );
#1892 = UNCERTAINTY_MEASURE_WITH_UNIT (LENGTH_MEASURE( 1.000000000000000082E-05 ), #11917, 'distance_accuracy_value', 'NONE');
#1893 = EDGE_CURVE ( 'NONE', #4799, #10410, #7564, .T. ) ;
#1894 = CARTESIAN_POINT ( 'NONE',  ( -1.270000000000000684, -1.420000000000001039, 3.199999999999999734 ) ) ;
#1895 = CARTESIAN_POINT ( 'NONE',  ( 0.4474525682208887467, -7.708785703275868428, 0.000000000000000000 ) ) ;
#1896 = CARTESIAN_POINT ( 'NONE',  ( 3.329268292682923569, -8.355134985362424160, 0.01000000000000000021 ) ) ;
#1897 = CIRCLE ( 'NONE', #5581, 0.5000000000000000000 ) ;
#1898 = ORIENTED_EDGE ( 'NONE', *, *, #12006, .T. ) ;
#1899 = VECTOR ( 'NONE', #4525, 1000.000000000000000 ) ;
#1900 = CARTESIAN_POINT ( 'NONE',  ( 2.951219512195118799, -8.464891082923399424, 0.01000000000000000021 ) ) ;
#1901 = EDGE_LOOP ( 'NONE', ( #7953, #11647, #3885, #6915 ) ) ;
#1902 = SURFACE_SIDE_STYLE ('',( #12393 ) ) ;
#1903 = PLANE ( 'NONE',  #1219 ) ;
#1904 = VECTOR ( 'NONE', #3211, 1000.000000000000000 ) ;
#1905 =( GEOMETRIC_REPRESENTATION_CONTEXT ( 3 ) GLOBAL_UNCERTAINTY_ASSIGNED_CONTEXT ( ( #8780 ) ) GLOBAL_UNIT_ASSIGNED_CONTEXT ( ( #6018, #2323, #2264 ) ) REPRESENTATION_CONTEXT ( 'NONE', 'WORKASPACE' ) );
#1906 = ORIENTED_EDGE ( 'NONE', *, *, #4163, .T. ) ;
#1907 = VERTEX_POINT ( 'NONE', #840 ) ;
#1908 = EDGE_CURVE ( 'NONE', #1324, #1383, #12384, .T. ) ;
#1909 = ORIENTED_EDGE ( 'NONE', *, *, #9573, .T. ) ;
#1910 = DIRECTION ( 'NONE',  ( 7.675767592817732391E-16, 0.000000000000000000, -1.000000000000000000 ) ) ;
#1911 =( NAMED_UNIT ( * ) SI_UNIT ( $, .STERADIAN. ) SOLID_ANGLE_UNIT ( ) );
#1912 = FILL_AREA_STYLE_COLOUR ( '', #470 ) ;
#1913 =( LENGTH_UNIT ( ) NAMED_UNIT ( * ) SI_UNIT ( .MILLI., .METRE. ) );
#1914 = PRESENTATION_STYLE_ASSIGNMENT (( #4736 ) ) ;
#1915 = LINE ( 'NONE', #7765, #6595 ) ;
#1916 = VECTOR ( 'NONE', #9352, 1000.000000000000000 ) ;
#1917 = VECTOR ( 'NONE', #1867, 1000.000000000000000 ) ;
#1918 = ORIENTED_EDGE ( 'NONE', *, *, #6173, .T. ) ;
#1919 = DIRECTION ( 'NONE',  ( -1.084202172485505297E-16, -1.461754633146887626E-32, -1.000000000000000000 ) ) ;
#1920 = DIRECTION ( 'NONE',  ( 0.000000000000000000, -1.000000000000000000, 0.000000000000000000 ) ) ;
#1921 = ORIENTED_EDGE ( 'NONE', *, *, #7489, .F. ) ;
#1922 = FILL_AREA_STYLE_COLOUR ( '', #2005 ) ;
#1923 = EDGE_CURVE ( 'NONE', #3838, #8654, #8615, .T. ) ;
#1924 = STYLED_ITEM ( 'NONE', ( #1986 ), #10686 ) ;
#1925 = DIRECTION ( 'NONE',  ( 4.358601698434190141E-17, -1.000000000000000000, -0.000000000000000000 ) ) ;
#1926 = EDGE_LOOP ( 'NONE', ( #1778, #3240, #2202, #10960 ) ) ;
#1927 =( NAMED_UNIT ( * ) PLANE_ANGLE_UNIT ( ) SI_UNIT ( $, .RADIAN. ) );
#1928 = LINE ( 'NONE', #2000, #9589 ) ;
#1929 = VECTOR ( 'NONE', #4256, 1000.000000000000000 ) ;
#1930 = DIRECTION ( 'NONE',  ( 0.7071067811865463515, -0.7071067811865487940, -0.000000000000000000 ) ) ;
#1931 = PLANE ( 'NONE',  #6385 ) ;
#1932 =( NAMED_UNIT ( * ) PLANE_ANGLE_UNIT ( ) SI_UNIT ( $, .RADIAN. ) );
#1933 = UNCERTAINTY_MEASURE_WITH_UNIT (LENGTH_MEASURE( 1.000000000000000082E-05 ), #749, 'distance_accuracy_value', 'NONE');
#1934 =( GEOMETRIC_REPRESENTATION_CONTEXT ( 3 ) GLOBAL_UNCERTAINTY_ASSIGNED_CONTEXT ( ( #2073 ) ) GLOBAL_UNIT_ASSIGNED_CONTEXT ( ( #271, #1331, #4075 ) ) REPRESENTATION_CONTEXT ( 'NONE', 'WORKASPACE' ) );
#1935 = VERTEX_POINT ( 'NONE', #11212 ) ;
#1936 = AXIS2_PLACEMENT_3D ( 'NONE', #3340, #7220, #1152 ) ;
#1937 = CARTESIAN_POINT ( 'NONE',  ( 1.390243902439021628, -8.464891082923399424, 0.01000000000000000021 ) ) ;
#1938 = DIRECTION ( 'NONE',  ( 0.000000000000000000, -1.000000000000000000, 1.734723475976807341E-16 ) ) ;
#1939 = ORIENTED_EDGE ( 'NONE', *, *, #8626, .F. ) ;
#1940 = CARTESIAN_POINT ( 'NONE',  ( -4.625000000000000888, -4.885000000000001563, -0.4999999999999995559 ) ) ;
#1941 = LINE ( 'NONE', #4760, #12146 ) ;
#1942 = PRESENTATION_STYLE_ASSIGNMENT (( #9822 ) ) ;
#1943 =( LENGTH_UNIT ( ) NAMED_UNIT ( * ) SI_UNIT ( .MILLI., .METRE. ) );
#1944 = AXIS2_PLACEMENT_3D ( 'NONE', #61, #10553, #5645 ) ;
#1945 = LINE ( 'NONE', #7791, #11828 ) ;
#1946 = PLANE ( 'NONE',  #5374 ) ;
#1947 = CARTESIAN_POINT ( 'NONE',  ( -7.806255641895631925E-15, -7.419999999999999929, -0.5000000000000000000 ) ) ;
#1948 = FILL_AREA_STYLE ('',( #3944 ) ) ;
#1949 = VECTOR ( 'NONE', #4043, 1000.000000000000000 ) ;
#1950 = CARTESIAN_POINT ( 'NONE',  ( 0.3199999999999999512, 0.5354264934286706579, 0.1399999999999999301 ) ) ;
#1951 = VECTOR ( 'NONE', #10820, 1000.000000000000000 ) ;
#1952 = LINE ( 'NONE', #889, #2178 ) ;
#1953 = AXIS2_PLACEMENT_3D ( 'NONE', #11656, #4044, #239 ) ;
#1954 = DIRECTION ( 'NONE',  ( -1.000000000000000000, -0.000000000000000000, -0.000000000000000000 ) ) ;
#1955 = VECTOR ( 'NONE', #7611, 1000.000000000000000 ) ;
#1956 = VECTOR ( 'NONE', #11952, 1000.000000000000000 ) ;
#1957 = ORIENTED_EDGE ( 'NONE', *, *, #9938, .T. ) ;
#1958 = DIRECTION ( 'NONE',  ( -1.000000000000000000, 0.000000000000000000, 0.000000000000000000 ) ) ;
#1959 = FILL_AREA_STYLE_COLOUR ( '', #189 ) ;
#1960 = VECTOR ( 'NONE', #2707, 1000.000000000000000 ) ;
#1961 = MECHANICAL_DESIGN_GEOMETRIC_PRESENTATION_REPRESENTATION (  '', ( #6479 ), #7443 ) ;
#1962 = SURFACE_STYLE_USAGE ( .BOTH. , #10639 ) ;
#1963 =( LENGTH_UNIT ( ) NAMED_UNIT ( * ) SI_UNIT ( .MILLI., .METRE. ) );
#1964 = DIRECTION ( 'NONE',  ( 0.000000000000000000, -0.000000000000000000, -1.000000000000000000 ) ) ;
#1965 = EDGE_CURVE ( 'NONE', #10364, #4024, #2540, .T. ) ;
#1966 = VECTOR ( 'NONE', #792, 1000.000000000000000 ) ;
#1967 = ORIENTED_EDGE ( 'NONE', *, *, #11382, .T. ) ;
#1968 = ADVANCED_FACE ( 'NONE', ( #7437 ), #2604, .T. ) ;
#1969 = AXIS2_PLACEMENT_3D ( 'NONE', #4498, #11225, #10882 ) ;
#1970 = STYLED_ITEM ( 'NONE', ( #10256 ), #6951 ) ;
#1971 = VECTOR ( 'NONE', #6140, 1000.000000000000000 ) ;
#1972 = ADVANCED_FACE ( 'NONE', ( #6847 ), #10774, .T. ) ;
#1973 = COLOUR_RGB ( '',0.6470588235294117974, 0.6196078431372549211, 0.5882352941176470784 ) ;
#1974 = ORIENTED_EDGE ( 'NONE', *, *, #1683, .T. ) ;
#1975 = CARTESIAN_POINT ( 'NONE',  ( 6.324999999999997513, 1.029999999999999138, 3.859999999999999876 ) ) ;
#1976 = LINE ( 'NONE', #9784, #4248 ) ;
#1977 = FILL_AREA_STYLE_COLOUR ( '', #12485 ) ;
#1978 = ORIENTED_EDGE ( 'NONE', *, *, #10349, .T. ) ;
#1979 = ORIENTED_EDGE ( 'NONE', *, *, #2844, .T. ) ;
#1980 = VECTOR ( 'NONE', #10796, 1000.000000000000000 ) ;
#1981 = FACE_OUTER_BOUND ( 'NONE', #10214, .T. ) ;
#1982 = VERTEX_POINT ( 'NONE', #6906 ) ;
#1983 = PRESENTATION_STYLE_ASSIGNMENT (( #169 ) ) ;
#1984 = PRESENTATION_STYLE_ASSIGNMENT (( #12462 ) ) ;
#1985 = CARTESIAN_POINT ( 'NONE',  ( 2.366545006263509165, -8.367171566766222313, 0.01000000000000000021 ) ) ;
#1986 = PRESENTATION_STYLE_ASSIGNMENT (( #8897 ) ) ;
#1987 = SURFACE_STYLE_FILL_AREA ( #6731 ) ;
#1988 = CARTESIAN_POINT ( 'NONE',  ( -5.010077000835909011, 1.029999999999998472, 2.860000000000000320 ) ) ;
#1989 = VECTOR ( 'NONE', #10527, 1000.000000000000000 ) ;
#1990 = ADVANCED_FACE ( 'NONE', ( #220 ), #964, .F. ) ;
#1991 = ORIENTED_EDGE ( 'NONE', *, *, #9758, .F. ) ;
#1992 = CARTESIAN_POINT ( 'NONE',  ( 0.6591692083714970618, -7.647360677131874951, 0.000000000000000000 ) ) ;
#1993 = CARTESIAN_POINT ( 'NONE',  ( 0.1707317073170705191, -8.464891082923399424, 0.01000000000000000021 ) ) ;
#1994 = PLANE ( 'NONE',  #8883 ) ;
#1995 = AXIS2_PLACEMENT_3D ( 'NONE', #9463, #12208, #3580 ) ;
#1996 = EDGE_LOOP ( 'NONE', ( #5721, #4557, #6134, #7744 ) ) ;
#1997 = PLANE ( 'NONE',  #8733 ) ;
#1998 = ORIENTED_EDGE ( 'NONE', *, *, #10003, .T. ) ;
#1999 = CARTESIAN_POINT ( 'NONE',  ( 3.319999999999999840, -0.3199999999999999512, 0.3554264934286701649 ) ) ;
#2000 = CARTESIAN_POINT ( 'NONE',  ( -8.577962312940892176, -0.4700000000000030820, 1.329999999999998739 ) ) ;
#2001 = DIRECTION ( 'NONE',  ( -0.000000000000000000, -0.000000000000000000, -1.000000000000000000 ) ) ;
#2002 = CARTESIAN_POINT ( 'NONE',  ( -8.577962312940892176, -7.419999999999996376, 0.9299999999999996048 ) ) ;
#2003 =( LENGTH_UNIT ( ) NAMED_UNIT ( * ) SI_UNIT ( .MILLI., .METRE. ) );
#2004 = CARTESIAN_POINT ( 'NONE',  ( 0.07526676829268028057, -8.184403278045349950, 0.01000000000000000021 ) ) ;
#2005 = COLOUR_RGB ( '',0.2235294117647058654, 0.2235294117647058654, 0.2235294117647058654 ) ;
#2006 = EDGE_CURVE ( 'NONE', #495, #5365, #1414, .T. ) ;
#2007 = ORIENTED_EDGE ( 'NONE', *, *, #11949, .T. ) ;
#2008 = FILL_AREA_STYLE ('',( #10748 ) ) ;
#2009 = CIRCLE ( 'NONE', #12085, 0.8554264934286703870 ) ;
#2010 = CARTESIAN_POINT ( 'NONE',  ( -0.1165787611304110183, -7.626264129667209346, 0.01000000000000000021 ) ) ;
#2011 = CARTESIAN_POINT ( 'NONE',  ( 1.439024390243899720, -8.013671570728277516, 0.000000000000000000 ) ) ;
#2012 = VERTEX_POINT ( 'NONE', #2336 ) ;
#2013 = UNCERTAINTY_MEASURE_WITH_UNIT (LENGTH_MEASURE( 1.000000000000000082E-05 ), #9592, 'distance_accuracy_value', 'NONE');
#2014 = DIRECTION ( 'NONE',  ( 1.000000000000000000, 0.000000000000000000, 0.000000000000000000 ) ) ;
#2015 = CARTESIAN_POINT ( 'NONE',  ( 0.000000000000000000, 2.429999999999997939, -2.109999999999999432 ) ) ;
#2016 = PRESENTATION_STYLE_ASSIGNMENT (( #6077 ) ) ;
#2017 = CARTESIAN_POINT ( 'NONE',  ( -1.825000000000005507, -0.9700000000000038591, 1.329999999999998739 ) ) ;
#2018 =( NAMED_UNIT ( * ) PLANE_ANGLE_UNIT ( ) SI_UNIT ( $, .RADIAN. ) );
#2019 =( NAMED_UNIT ( * ) PLANE_ANGLE_UNIT ( ) SI_UNIT ( $, .RADIAN. ) );
#2020 = CARTESIAN_POINT ( 'NONE',  ( -1.825000000000002398, -7.419999999999996376, 3.259999999999999787 ) ) ;
#2021 =( NAMED_UNIT ( * ) PLANE_ANGLE_UNIT ( ) SI_UNIT ( $, .RADIAN. ) );
#2022 = DIRECTION ( 'NONE',  ( 0.000000000000000000, -1.000000000000000000, 0.000000000000000000 ) ) ;
#2023 = ORIENTED_EDGE ( 'NONE', *, *, #5500, .F. ) ;
#2024 = CARTESIAN_POINT ( 'NONE',  ( 6.324999999999997513, -8.920000000000001705, 3.859999999999999876 ) ) ;
#2025 = VECTOR ( 'NONE', #7716, 1000.000000000000000 ) ;
#2026 = CARTESIAN_POINT ( 'NONE',  ( 7.625000000000000000, -4.884999999999998899, -0.4999999999999987232 ) ) ;
#2027 = PRESENTATION_LAYER_ASSIGNMENT (  '', '', ( #5288 ) ) ;
#2028 = PLANE ( 'NONE',  #7296 ) ;
#2029 = CARTESIAN_POINT ( 'NONE',  ( -2.575000000000014388, 1.029999999999998028, 3.360000000000000320 ) ) ;
#2030 = DIRECTION ( 'NONE',  ( 1.000000000000000000, -0.000000000000000000, -0.000000000000000000 ) ) ;
#2031 = SURFACE_STYLE_USAGE ( .BOTH. , #11697 ) ;
#2032 = ORIENTED_EDGE ( 'NONE', *, *, #4594, .F. ) ;
#2033 = CARTESIAN_POINT ( 'NONE',  ( 3.220000000000000195, -7.420000000000000817, 2.249999999999999112 ) ) ;
#2034 = EDGE_LOOP ( 'NONE', ( #10099, #7026, #4242, #8369, #3199, #1292, #10369, #6868 ) ) ;
#2035 = COLOUR_RGB ( '',0.2235294117647058654, 0.2235294117647058654, 0.2235294117647058654 ) ;
#2036 = ORIENTED_EDGE ( 'NONE', *, *, #11037, .T. ) ;
#2037 = EDGE_CURVE ( 'NONE', #8314, #95, #3418, .T. ) ;
#2038 = CARTESIAN_POINT ( 'NONE',  ( -2.626372070731854524, -3.615000000000001101, -0.2000000000000000944 ) ) ;
#2039 = ORIENTED_EDGE ( 'NONE', *, *, #2859, .F. ) ;
#2040 = ORIENTED_EDGE ( 'NONE', *, *, #10802, .T. ) ;
#2041 = ORIENTED_EDGE ( 'NONE', *, *, #8477, .T. ) ;
#2042 =( NAMED_UNIT ( * ) SI_UNIT ( $, .STERADIAN. ) SOLID_ANGLE_UNIT ( ) );
#2043 = EDGE_CURVE ( 'NONE', #11443, #8448, #3233, .T. ) ;
#2044 = CARTESIAN_POINT ( 'NONE',  ( 1.414634146341460674, -7.574647180484375575, 0.000000000000000000 ) ) ;
#2045 = CARTESIAN_POINT ( 'NONE',  ( 5.524999999999986144, -3.470000000000001528, 2.929999999999998384 ) ) ;
#2046 =( GEOMETRIC_REPRESENTATION_CONTEXT ( 3 ) GLOBAL_UNCERTAINTY_ASSIGNED_CONTEXT ( ( #6603 ) ) GLOBAL_UNIT_ASSIGNED_CONTEXT ( ( #1155, #85, #148 ) ) REPRESENTATION_CONTEXT ( 'NONE', 'WORKASPACE' ) );
#2047 = EDGE_CURVE ( 'NONE', #3258, #1679, #11138, .T. ) ;
#2048 =( NAMED_UNIT ( * ) SI_UNIT ( $, .STERADIAN. ) SOLID_ANGLE_UNIT ( ) );
#2049 = FILL_AREA_STYLE_COLOUR ( '', #4404 ) ;
#2050 = SURFACE_STYLE_FILL_AREA ( #1299 ) ;
#2051 = ORIENTED_EDGE ( 'NONE', *, *, #9926, .T. ) ;
#2052 = DIRECTION ( 'NONE',  ( -0.1710878697460329056, 0.9702875252478149193, -0.1710878697460329056 ) ) ;
#2053 = LINE ( 'NONE', #1993, #11868 ) ;
#2054 = EDGE_CURVE ( 'NONE', #10594, #1857, #12065, .T. ) ;
#2055 = SURFACE_STYLE_FILL_AREA ( #3070 ) ;
#2056 = EDGE_LOOP ( 'NONE', ( #11507, #6239, #9803, #9947 ) ) ;
#2057 = EDGE_CURVE ( 'NONE', #10655, #6635, #11079, .T. ) ;
#2058 = DIRECTION ( 'NONE',  ( -1.162683294890621319E-16, 1.000000000000000000, -0.000000000000000000 ) ) ;
#2059 = EDGE_LOOP ( 'NONE', ( #2622, #8498, #607, #4620 ) ) ;
#2060 = VECTOR ( 'NONE', #8144, 1000.000000000000000 ) ;
#2061 = FILL_AREA_STYLE ('',( #5176 ) ) ;
#2062 = CARTESIAN_POINT ( 'NONE',  ( 5.524999999999986144, -3.470000000000001528, 0.9299999999999991607 ) ) ;
#2063 = ADVANCED_FACE ( 'NONE', ( #10895 ), #4275, .F. ) ;
#2064 = CARTESIAN_POINT ( 'NONE',  ( 2.649999999999999911, 0.5299999999999988054, 0.4999999999999970024 ) ) ;
#2065 = EDGE_CURVE ( 'NONE', #5744, #4094, #11948, .T. ) ;
#2066 = DIRECTION ( 'NONE',  ( -1.000000000000000000, -0.000000000000000000, -0.000000000000000000 ) ) ;
#2067 = VECTOR ( 'NONE', #10910, 1000.000000000000000 ) ;
#2068 = SURFACE_SIDE_STYLE ('',( #10741 ) ) ;
#2069 = CYLINDRICAL_SURFACE ( 'NONE', #5387, 0.1013720707318639114 ) ;
#2070 = LINE ( 'NONE', #3262, #9319 ) ;
#2071 = PRESENTATION_LAYER_ASSIGNMENT (  '', '', ( #6316 ) ) ;
#2072 = CARTESIAN_POINT ( 'NONE',  ( 4.824999999999999289, -7.419999999999996376, 2.929999999999999272 ) ) ;
#2073 = UNCERTAINTY_MEASURE_WITH_UNIT (LENGTH_MEASURE( 1.000000000000000082E-05 ), #271, 'distance_accuracy_value', 'NONE');
#2074 = AXIS2_PLACEMENT_3D ( 'NONE', #1556, #12282, #12343 ) ;
#2075 = VERTEX_POINT ( 'NONE', #2464 ) ;
#2076 = MECHANICAL_DESIGN_GEOMETRIC_PRESENTATION_REPRESENTATION (  '', ( #473 ), #3705 ) ;
#2077 = VECTOR ( 'NONE', #1263, 1000.000000000000000 ) ;
#2078 = CARTESIAN_POINT ( 'NONE',  ( 2.830764114352940286, -7.767921703001536393, 0.01000000000000000021 ) ) ;
#2079 = ORIENTED_EDGE ( 'NONE', *, *, #12162, .T. ) ;
#2080 = CARTESIAN_POINT ( 'NONE',  ( 6.324999999999998401, -0.9700000000000020828, 0.4000000000000010214 ) ) ;
#2081 = CARTESIAN_POINT ( 'NONE',  ( 0.6181210415495502764, -7.538776313639284687, 6.776263578034402713E-18 ) ) ;
#2082 = FACE_OUTER_BOUND ( 'NONE', #9263, .T. ) ;
#2083 = EDGE_CURVE ( 'NONE', #8118, #2875, #3292, .T. ) ;
#2084 = DIRECTION ( 'NONE',  ( -0.000000000000000000, 1.000000000000000000, -0.000000000000000000 ) ) ;
#2085 = VECTOR ( 'NONE', #11268, 1000.000000000000000 ) ;
#2086 = DIRECTION ( 'NONE',  ( 0.000000000000000000, 0.000000000000000000, -1.000000000000000000 ) ) ;
#2087 = FACE_OUTER_BOUND ( 'NONE', #9065, .T. ) ;
#2088 =( NAMED_UNIT ( * ) SI_UNIT ( $, .STERADIAN. ) SOLID_ANGLE_UNIT ( ) );
#2089 = DIRECTION ( 'NONE',  ( -1.162683294890621319E-16, 1.000000000000000000, -0.000000000000000000 ) ) ;
#2090 = B_SPLINE_SURFACE_WITH_KNOTS ( 'NONE', 3, 1, ( 
 ( #2175, #481 ),
 ( #9923, #9979 ),
 ( #5223, #9076 ),
 ( #8184, #5164 ),
 ( #3362, #355 ),
 ( #4227, #8063 ),
 ( #8122, #7177 ),
 ( #12016, #5049 ),
 ( #8893, #4410 ),
 ( #3431, #5491 ),
 ( #5604, #7500 ),
 ( #12076, #7308 ),
 ( #1712, #10164 ),
 ( #11377, #9277 ),
 ( #10397, #4602 ),
 ( #6476, #5359 ),
 ( #11147, #10347 ),
 ( #4660, #2478 ),
 ( #9205, #6531 ) ),
 .UNSPECIFIED., .F., .F., .F.,
 ( 4, 1, 1, 1, 1, 1, 1, 1, 1, 1, 1, 1, 1, 1, 1, 1, 4 ),
 ( 2, 2 ),
 ( 0.000000000000000000, 0.06806869584499505854, 0.1334274328189550551, 0.1961460338131575387, 0.2570485924493137730, 0.3168826631591620813, 0.3761872086663224368, 0.4359603353635461698, 0.4965352368627269919, 0.5574653434807338437, 0.6176868634101474465, 0.6779436406969068241, 0.7388052848060405742, 0.8009493367665845298, 0.8648146674702267278, 0.9310247810786572709, 1.000000000000000000 ),
 ( 0.000000000000000000, 1.000000000000000000 ),
 .UNSPECIFIED. ) ;
#2091 =( NAMED_UNIT ( * ) SI_UNIT ( $, .STERADIAN. ) SOLID_ANGLE_UNIT ( ) );
#2092 = VERTEX_POINT ( 'NONE', #2401 ) ;
#2093 = EDGE_CURVE ( 'NONE', #9511, #8562, #8933, .T. ) ;
#2094 = SURFACE_SIDE_STYLE ('',( #2852 ) ) ;
#2095 = FILL_AREA_STYLE ('',( #340 ) ) ;
#2096 = PLANE ( 'NONE',  #6774 ) ;
#2097 = PLANE ( 'NONE',  #5899 ) ;
#2098 = SURFACE_SIDE_STYLE ('',( #1031 ) ) ;
#2099 = ORIENTED_EDGE ( 'NONE', *, *, #7441, .F. ) ;
#2100 =( GEOMETRIC_REPRESENTATION_CONTEXT ( 3 ) GLOBAL_UNCERTAINTY_ASSIGNED_CONTEXT ( ( #3811 ) ) GLOBAL_UNIT_ASSIGNED_CONTEXT ( ( #6616, #10484, #3851 ) ) REPRESENTATION_CONTEXT ( 'NONE', 'WORKASPACE' ) );
#2101 = CARTESIAN_POINT ( 'NONE',  ( -2.524999999999990585, -2.170000000000001705, 3.000000000000000000 ) ) ;
#2102 = SURFACE_STYLE_USAGE ( .BOTH. , #8175 ) ;
#2103 = EDGE_LOOP ( 'NONE', ( #8687, #9588, #6190, #10734 ) ) ;
#2104 = CARTESIAN_POINT ( 'NONE',  ( 2.378620426829265444, -8.367330107313643239, 0.000000000000000000 ) ) ;
#2105 = CARTESIAN_POINT ( 'NONE',  ( 3.220000000000000195, -7.420000000000000817, 2.149999999999999023 ) ) ;
#2106 = LINE ( 'NONE', #6227, #5479 ) ;
#2107 = ORIENTED_EDGE ( 'NONE', *, *, #7084, .T. ) ;
#2108 = ORIENTED_EDGE ( 'NONE', *, *, #8020, .T. ) ;
#2109 = FACE_OUTER_BOUND ( 'NONE', #11455, .T. ) ;
#2110 = VECTOR ( 'NONE', #11890, 1000.000000000000000 ) ;
#2111 = ORIENTED_EDGE ( 'NONE', *, *, #11188, .F. ) ;
#2112 = SURFACE_SIDE_STYLE ('',( #10432 ) ) ;
#2113 = CARTESIAN_POINT ( 'NONE',  ( 2.178921819330834175, -8.331645993231779457, 6.776263578034402713E-18 ) ) ;
#2114 = PLANE ( 'NONE',  #12011 ) ;
#2115 = FILL_AREA_STYLE ('',( #4922 ) ) ;
#2116 = DIRECTION ( 'NONE',  ( 0.000000000000000000, -1.000000000000000000, 0.000000000000000000 ) ) ;
#2117 = VECTOR ( 'NONE', #3151, 1000.000000000000000 ) ;
#2118 = EDGE_LOOP ( 'NONE', ( #9974, #4368, #8131, #1227, #4877, #10071, #4407, #2224, #2440, #6548 ) ) ;
#2119 = PLANE ( 'NONE',  #1306 ) ;
#2120 = FILL_AREA_STYLE ('',( #10855 ) ) ;
#2121 = CIRCLE ( 'NONE', #5970, 0.2396891741410518972 ) ;
#2122 = CARTESIAN_POINT ( 'NONE',  ( 2.000000000000000888, -0.9700000000000024158, -0.5000000000000000000 ) ) ;
#2123 = EDGE_LOOP ( 'NONE', ( #5845, #7814, #6374, #247 ) ) ;
#2124 = PRESENTATION_STYLE_ASSIGNMENT (( #10799 ) ) ;
#2125 = VERTEX_POINT ( 'NONE', #12000 ) ;
#2126 = LINE ( 'NONE', #7899, #270 ) ;
#2127 = VECTOR ( 'NONE', #8766, 1000.000000000000000 ) ;
#2128 = DIRECTION ( 'NONE',  ( 0.000000000000000000, 0.000000000000000000, 1.000000000000000000 ) ) ;
#2129 = CARTESIAN_POINT ( 'NONE',  ( 1.730000000000000648, -8.920000000000001705, 0.6599999999999995870 ) ) ;
#2130 = VECTOR ( 'NONE', #7666, 1000.000000000000000 ) ;
#2131 = DIRECTION ( 'NONE',  ( 1.000000000000000000, 0.000000000000000000, 0.000000000000000000 ) ) ;
#2132 = EDGE_CURVE ( 'NONE', #8383, #2532, #9192, .T. ) ;
#2133 = LINE ( 'NONE', #11735, #10254 ) ;
#2134 = VERTEX_POINT ( 'NONE', #11824 ) ;
#2135 = EDGE_CURVE ( 'NONE', #6105, #7257, #9962, .T. ) ;
#2136 = MECHANICAL_DESIGN_GEOMETRIC_PRESENTATION_REPRESENTATION (  '', ( #4785 ), #8200 ) ;
#2137 = SURFACE_STYLE_USAGE ( .BOTH. , #11740 ) ;
#2138 = DIRECTION ( 'NONE',  ( 1.000000000000000000, 0.000000000000000000, 0.000000000000000000 ) ) ;
#2139 = ORIENTED_EDGE ( 'NONE', *, *, #12341, .F. ) ;
#2140 = UNCERTAINTY_MEASURE_WITH_UNIT (LENGTH_MEASURE( 1.000000000000000082E-05 ), #11682, 'distance_accuracy_value', 'NONE');
#2141 = PLANE ( 'NONE',  #7455 ) ;
#2142 = CARTESIAN_POINT ( 'NONE',  ( 0.3906430703327959386, -7.934187896840218635, 0.01000000000000000021 ) ) ;
#2143 = CARTESIAN_POINT ( 'NONE',  ( 2.649999999999999911, 0.5299999999999988054, 0.4999999999999970024 ) ) ;
#2144 = SURFACE_STYLE_FILL_AREA ( #9951 ) ;
#2145 = DIRECTION ( 'NONE',  ( 0.000000000000000000, 1.000000000000000000, 0.000000000000000000 ) ) ;
#2146 = LINE ( 'NONE', #5083, #9314 ) ;
#2147 = MECHANICAL_DESIGN_GEOMETRIC_PRESENTATION_REPRESENTATION (  '', ( #9232 ), #3345 ) ;
#2148 = VECTOR ( 'NONE', #693, 1000.000000000000114 ) ;
#2149 = MECHANICAL_DESIGN_GEOMETRIC_PRESENTATION_REPRESENTATION (  '', ( #7423 ), #8408 ) ;
#2150 = LINE ( 'NONE', #8041, #9266 ) ;
#2151 = EDGE_CURVE ( 'NONE', #7342, #12259, #1645, .T. ) ;
#2152 = FACE_OUTER_BOUND ( 'NONE', #3509, .T. ) ;
#2153 = AXIS2_PLACEMENT_3D ( 'NONE', #5130, #1134, #8084 ) ;
#2154 = ORIENTED_EDGE ( 'NONE', *, *, #7425, .T. ) ;
#2155 = SURFACE_STYLE_FILL_AREA ( #11005 ) ;
#2156 = FILL_AREA_STYLE ('',( #1959 ) ) ;
#2157 = PRESENTATION_LAYER_ASSIGNMENT (  '', '', ( #7632 ) ) ;
#2158 = LINE ( 'NONE', #7095, #2573 ) ;
#2159 = DIRECTION ( 'NONE',  ( 0.000000000000000000, -2.861335727341666912E-17, -1.000000000000000000 ) ) ;
#2160 = CARTESIAN_POINT ( 'NONE',  ( 0.9134908536585339967, -7.574647180484375575, 0.01000000000000000021 ) ) ;
#2161 = ORIENTED_EDGE ( 'NONE', *, *, #1540, .T. ) ;
#2162 = LINE ( 'NONE', #2033, #2569 ) ;
#2163 = VECTOR ( 'NONE', #8898, 1000.000000000000000 ) ;
#2164 = CARTESIAN_POINT ( 'NONE',  ( -0.2200000000000001676, -7.420000000000000817, 2.149999999999999023 ) ) ;
#2165 = AXIS2_PLACEMENT_3D ( 'NONE', #6284, #3557, #9440 ) ;
#2166 = ADVANCED_FACE ( 'NONE', ( #7422 ), #12121, .F. ) ;
#2167 = CARTESIAN_POINT ( 'NONE',  ( 2.680000000000000160, -6.852871818038222429, 1.609999999999999432 ) ) ;
#2168 = VECTOR ( 'NONE', #5638, 1000.000000000000000 ) ;
#2169 = FACE_OUTER_BOUND ( 'NONE', #490, .T. ) ;
#2170 = COLOUR_RGB ( '',0.6470588235294117974, 0.6196078431372549211, 0.5882352941176470784 ) ;
#2171 = ORIENTED_EDGE ( 'NONE', *, *, #1105, .T. ) ;
#2172 = ORIENTED_EDGE ( 'NONE', *, *, #1923, .F. ) ;
#2173 =( NAMED_UNIT ( * ) PLANE_ANGLE_UNIT ( ) SI_UNIT ( $, .RADIAN. ) );
#2174 = CARTESIAN_POINT ( 'NONE',  ( 5.575000000000006395, -0.4700000000000008060, 2.529999999999998472 ) ) ;
#2175 = CARTESIAN_POINT ( 'NONE',  ( 0.3902439024390217948, -7.952314863411204193, 0.01000000000000000021 ) ) ;
#2176 = DIRECTION ( 'NONE',  ( 1.000000000000000000, 0.000000000000000000, 0.000000000000000000 ) ) ;
#2177 = STYLED_ITEM ( 'NONE', ( #8474 ), #1286 ) ;
#2178 = VECTOR ( 'NONE', #4707, 1000.000000000000000 ) ;
#2179 = DIRECTION ( 'NONE',  ( -1.000000000000000000, 0.000000000000000000, 0.000000000000000000 ) ) ;
#2180 = SURFACE_STYLE_FILL_AREA ( #2929 ) ;
#2181 = VECTOR ( 'NONE', #3030, 1000.000000000000000 ) ;
#2182 = STYLED_ITEM ( 'NONE', ( #4145 ), #4562 ) ;
#2183 = DIRECTION ( 'NONE',  ( 2.168404344971010594E-16, 0.000000000000000000, 1.000000000000000000 ) ) ;
#2184 = VERTEX_POINT ( 'NONE', #7551 ) ;
#2185 = DIRECTION ( 'NONE',  ( -0.000000000000000000, -0.000000000000000000, 1.000000000000000000 ) ) ;
#2186 = CARTESIAN_POINT ( 'NONE',  ( 2.816988156574528279, -8.228127203143369428, 6.776263578034402713E-18 ) ) ;
#2187 = ORIENTED_EDGE ( 'NONE', *, *, #10279, .F. ) ;
#2188 = FACE_OUTER_BOUND ( 'NONE', #5245, .T. ) ;
#2189 = CARTESIAN_POINT ( 'NONE',  ( -3.325000000000000178, -3.470000000000001528, 2.929999999999998384 ) ) ;
#2190 = CARTESIAN_POINT ( 'NONE',  ( 5.524999999999986144, -2.170000000000001705, 3.000000000000000000 ) ) ;
#2191 = COLOUR_RGB ( '',0.2235294117647058654, 0.2235294117647058654, 0.2235294117647058654 ) ;
#2192 = CARTESIAN_POINT ( 'NONE',  ( -0.3199999999999999512, 0.3200000000000001732, 0.3554264934286706090 ) ) ;
#2193 = PRESENTATION_STYLE_ASSIGNMENT (( #8909 ) ) ;
#2194 = CARTESIAN_POINT ( 'NONE',  ( 0.7214563823503847839, -7.611337266629626619, 0.01000000000000000021 ) ) ;
#2195 =( NAMED_UNIT ( * ) PLANE_ANGLE_UNIT ( ) SI_UNIT ( $, .RADIAN. ) );
#2196 = FACE_OUTER_BOUND ( 'NONE', #9865, .T. ) ;
#2197 = VERTEX_POINT ( 'NONE', #7484 ) ;
#2198 =( NAMED_UNIT ( * ) SI_UNIT ( $, .STERADIAN. ) SOLID_ANGLE_UNIT ( ) );
#2199 = PLANE ( 'NONE',  #4995 ) ;
#2200 = EDGE_CURVE ( 'NONE', #3984, #11831, #1760, .T. ) ;
#2201 = CARTESIAN_POINT ( 'NONE',  ( 5.224999999999986322, -3.470000000000001528, 0.9299999999999991607 ) ) ;
#2202 = ORIENTED_EDGE ( 'NONE', *, *, #9345, .T. ) ;
#2203 = LINE ( 'NONE', #1940, #12251 ) ;
#2204 = LINE ( 'NONE', #1211, #2378 ) ;
#2205 =( NAMED_UNIT ( * ) PLANE_ANGLE_UNIT ( ) SI_UNIT ( $, .RADIAN. ) );
#2206 = EDGE_CURVE ( 'NONE', #1236, #11331, #8416, .T. ) ;
#2208 = STYLED_ITEM ( 'NONE', ( #12395 ), #3622 ) ;
#2207 = LINE ( 'NONE', #8403, #8496 ) ;
#2209 = EDGE_CURVE ( 'NONE', #2215, #469, #10506, .T. ) ;
#2210 =( GEOMETRIC_REPRESENTATION_CONTEXT ( 3 ) GLOBAL_UNCERTAINTY_ASSIGNED_CONTEXT ( ( #4340 ) ) GLOBAL_UNIT_ASSIGNED_CONTEXT ( ( #9710, #6776, #9746 ) ) REPRESENTATION_CONTEXT ( 'NONE', 'WORKASPACE' ) );
#2211 = DIRECTION ( 'NONE',  ( -7.675767592817732391E-16, 0.000000000000000000, -1.000000000000000000 ) ) ;
#2212 = PRESENTATION_STYLE_ASSIGNMENT (( #3283 ) ) ;
#2213 = STYLED_ITEM ( 'NONE', ( #5146 ), #3923 ) ;
#2214 = EDGE_CURVE ( 'NONE', #8374, #5505, #8536, .T. ) ;
#2215 = VERTEX_POINT ( 'NONE', #8476 ) ;
#2216 = ADVANCED_FACE ( 'NONE', ( #11367 ), #10271, .T. ) ;
#2217 = SURFACE_SIDE_STYLE ('',( #2155 ) ) ;
#2218 = DIRECTION ( 'NONE',  ( 0.000000000000000000, 0.000000000000000000, 1.000000000000000000 ) ) ;
#2219 =( LENGTH_UNIT ( ) NAMED_UNIT ( * ) SI_UNIT ( .MILLI., .METRE. ) );
#2220 = LINE ( 'NONE', #3290, #821 ) ;
#2221 = CARTESIAN_POINT ( 'NONE',  ( 1.269999999999999352, -1.420000000000001039, 3.199999999999999734 ) ) ;
#2222 = SURFACE_STYLE_USAGE ( .BOTH. , #6341 ) ;
#2223 = ADVANCED_FACE ( 'NONE', ( #948, #12 ), #4073, .F. ) ;
#2224 = ORIENTED_EDGE ( 'NONE', *, *, #8617, .T. ) ;
#2225 = STYLED_ITEM ( 'NONE', ( #3012 ), #3946 ) ;
#2226 = ORIENTED_EDGE ( 'NONE', *, *, #5728, .F. ) ;
#2227 = CARTESIAN_POINT ( 'NONE',  ( -1.269999999999999574, -8.920000000000001705, 3.199999999999999734 ) ) ;
#2228 = PLANE ( 'NONE',  #7259 ) ;
#2229 = STYLED_ITEM ( 'NONE', ( #8109 ), #9990 ) ;
#2230 = CARTESIAN_POINT ( 'NONE',  ( 5.524999999999997691, -0.9700000000000023048, -0.5000000000000000000 ) ) ;
#2231 = VERTEX_POINT ( 'NONE', #5961 ) ;
#2232 = ORIENTED_EDGE ( 'NONE', *, *, #841, .F. ) ;
#2233 = FILL_AREA_STYLE_COLOUR ( '', #1570 ) ;
#2234 = ORIENTED_EDGE ( 'NONE', *, *, #8868, .F. ) ;
#2235 = SURFACE_STYLE_FILL_AREA ( #11089 ) ;
#2236 = CARTESIAN_POINT ( 'NONE',  ( 0.3500000000000000888, -0.4700000000000016387, 0.4999999999999970024 ) ) ;
#2237 = EDGE_CURVE ( 'NONE', #5673, #5517, #7733, .T. ) ;
#2238 = PLANE ( 'NONE',  #4471 ) ;
#2239 = SURFACE_STYLE_USAGE ( .BOTH. , #10046 ) ;
#2240 = ORIENTED_EDGE ( 'NONE', *, *, #225, .F. ) ;
#2241 = PLANE ( 'NONE',  #2303 ) ;
#2242 = DIRECTION ( 'NONE',  ( -0.1710878697460329056, -0.9702875252478146972, -0.1710878697460336550 ) ) ;
#2243 = CYLINDRICAL_SURFACE ( 'NONE', #608, 0.8796891741410518550 ) ;
#2244 = SURFACE_STYLE_USAGE ( .BOTH. , #3983 ) ;
#2245 = ORIENTED_EDGE ( 'NONE', *, *, #11791, .T. ) ;
#2246 = PLANE ( 'NONE',  #8691 ) ;
#2247 =( GEOMETRIC_REPRESENTATION_CONTEXT ( 3 ) GLOBAL_UNCERTAINTY_ASSIGNED_CONTEXT ( ( #1788 ) ) GLOBAL_UNIT_ASSIGNED_CONTEXT ( ( #5145, #5089, #462 ) ) REPRESENTATION_CONTEXT ( 'NONE', 'WORKASPACE' ) );
#2248 = PLANE ( 'NONE',  #11752 ) ;
#2249 = EDGE_CURVE ( 'NONE', #7428, #10715, #11558, .T. ) ;
#2250 = DIRECTION ( 'NONE',  ( 0.000000000000000000, -1.000000000000000000, 0.000000000000000000 ) ) ;
#2251 = CARTESIAN_POINT ( 'NONE',  ( 0.5243902439024364925, -7.955173095118522220, 6.776263578034402713E-18 ) ) ;
#2252 = SURFACE_STYLE_USAGE ( .BOTH. , #4127 ) ;
#2253 = VECTOR ( 'NONE', #1938, 1000.000000000000000 ) ;
#2254 = ORIENTED_EDGE ( 'NONE', *, *, #10716, .F. ) ;
#2255 =( LENGTH_UNIT ( ) NAMED_UNIT ( * ) SI_UNIT ( .MILLI., .METRE. ) );
#2256 = SURFACE_SIDE_STYLE ('',( #9886 ) ) ;
#2257 = ORIENTED_EDGE ( 'NONE', *, *, #7877, .T. ) ;
#2258 = UNCERTAINTY_MEASURE_WITH_UNIT (LENGTH_MEASURE( 1.000000000000000082E-05 ), #8803, 'distance_accuracy_value', 'NONE');
#2259 = AXIS2_PLACEMENT_3D ( 'NONE', #11583, #8895, #11776 ) ;
#2260 = SURFACE_SIDE_STYLE ('',( #12107 ) ) ;
#2261 = CARTESIAN_POINT ( 'NONE',  ( 0.4264923439298013985, -7.752087241129173023, 0.01000000000000000021 ) ) ;
#2262 = CARTESIAN_POINT ( 'NONE',  ( 2.345652102790810378, -7.452779305407787547, 6.776263578034402713E-18 ) ) ;
#2263 = COLOUR_RGB ( '',0.2235294117647058654, 0.2235294117647058654, 0.2235294117647058654 ) ;
#2264 =( NAMED_UNIT ( * ) SI_UNIT ( $, .STERADIAN. ) SOLID_ANGLE_UNIT ( ) );
#2265 = SURFACE_STYLE_USAGE ( .BOTH. , #6388 ) ;
#2266 = DIRECTION ( 'NONE',  ( 1.000000000000000000, 1.371322905910519660E-16, -8.537024980200821325E-17 ) ) ;
#2267 = CARTESIAN_POINT ( 'NONE',  ( 0.4264923439298013985, -7.752087241129173023, 0.01000000000000000021 ) ) ;
#2268 = VECTOR ( 'NONE', #9936, 1000.000000000000000 ) ;
#2269 = CARTESIAN_POINT ( 'NONE',  ( 1.899999999999995914, -0.9700000000000014166, 1.299682133541857576 ) ) ;
#2270 = VECTOR ( 'NONE', #8363, 1000.000000000000000 ) ;
#2271 = CARTESIAN_POINT ( 'NONE',  ( 3.319999999999999840, 0.3199999999999998956, 0.3554264934286703870 ) ) ;
#2272 = LINE ( 'NONE', #9832, #10660 ) ;
#2273 = ORIENTED_EDGE ( 'NONE', *, *, #5326, .T. ) ;
#2274 = CARTESIAN_POINT ( 'NONE',  ( 2.680000000000000160, -0.5596891741410529031, 1.609999999999999432 ) ) ;
#2275 = STYLED_ITEM ( 'NONE', ( #6144 ), #2377 ) ;
#2276 = FACE_OUTER_BOUND ( 'NONE', #2123, .T. ) ;
#2277 = CARTESIAN_POINT ( 'NONE',  ( 2.865418135081419848, -7.964299901081895783, -0.000000000000000000 ) ) ;
#2278 = DIRECTION ( 'NONE',  ( 1.000000000000000000, 0.000000000000000000, 0.000000000000000000 ) ) ;
#2279 =( NAMED_UNIT ( * ) PLANE_ANGLE_UNIT ( ) SI_UNIT ( $, .RADIAN. ) );
#2280 = DIRECTION ( 'NONE',  ( -0.000000000000000000, -0.000000000000000000, -1.000000000000000000 ) ) ;
#2281 = EDGE_LOOP ( 'NONE', ( #11093, #7367, #748, #9219 ) ) ;
#2282 = UNCERTAINTY_MEASURE_WITH_UNIT (LENGTH_MEASURE( 1.000000000000000082E-05 ), #10868, 'distance_accuracy_value', 'NONE');
#2283 = EDGE_CURVE ( 'NONE', #10228, #10934, #2666, .T. ) ;
#2284 = EDGE_CURVE ( 'NONE', #11889, #8119, #8862, .T. ) ;
#2285 = CARTESIAN_POINT ( 'NONE',  ( 2.571385730023813654, -7.624939091798913715, 0.000000000000000000 ) ) ;
#2286 = DIRECTION ( 'NONE',  ( 0.000000000000000000, -1.000000000000000000, 0.000000000000000000 ) ) ;
#2287 = EDGE_CURVE ( 'NONE', #3838, #7663, #7916, .T. ) ;
#2288 = CARTESIAN_POINT ( 'NONE',  ( -2.626372070731854524, -3.615000000000001101, -0.2000000000000000944 ) ) ;
#2289 = EDGE_LOOP ( 'NONE', ( #5024, #6980, #10158, #11779, #12070, #160, #9846, #10176 ) ) ;
#2290 = ORIENTED_EDGE ( 'NONE', *, *, #7600, .F. ) ;
#2291 = DIRECTION ( 'NONE',  ( -1.000000000000000000, 0.000000000000000000, 0.000000000000000000 ) ) ;
#2292 = FILL_AREA_STYLE_COLOUR ( '', #2191 ) ;
#2293 = LINE ( 'NONE', #1360, #6516 ) ;
#2294 = CARTESIAN_POINT ( 'NONE',  ( 0.5773205591638850276, -8.358083573956241352, 0.01000000000000000021 ) ) ;
#2295 = ORIENTED_EDGE ( 'NONE', *, *, #4330, .T. ) ;
#2296 = CARTESIAN_POINT ( 'NONE',  ( 2.356135670731704490, -7.562452058533155608, 0.01000000000000000021 ) ) ;
#2297 = SURFACE_SIDE_STYLE ('',( #11214 ) ) ;
#2298 = ORIENTED_EDGE ( 'NONE', *, *, #7071, .F. ) ;
#2299 = SURFACE_STYLE_USAGE ( .BOTH. , #11780 ) ;
#2300 = DIRECTION ( 'NONE',  ( 1.000000000000000000, -0.000000000000000000, -0.000000000000000000 ) ) ;
#2301 = ADVANCED_FACE ( 'NONE', ( #6699 ), #11685, .T. ) ;
#2302 = CARTESIAN_POINT ( 'NONE',  ( 2.630828880894822586, -8.425124699456995714, 0.01000000000000000021 ) ) ;
#2303 = AXIS2_PLACEMENT_3D ( 'NONE', #11842, #11722, #5119 ) ;
#2304 = ORIENTED_EDGE ( 'NONE', *, *, #1128, .F. ) ;
#2305 = VECTOR ( 'NONE', #2350, 1000.000000000000000 ) ;
#2306 = ORIENTED_EDGE ( 'NONE', *, *, #793, .T. ) ;
#2307 = CARTESIAN_POINT ( 'NONE',  ( -2.524999999999994582, -1.100546928854630410E-16, 0.000000000000000000 ) ) ;
#2308 = LINE ( 'NONE', #2062, #264 ) ;
#2309 = CARTESIAN_POINT ( 'NONE',  ( -1.825000000000002398, -7.419999999999996376, 3.259999999999999787 ) ) ;
#2310 = PRESENTATION_STYLE_ASSIGNMENT (( #9037 ) ) ;
#2311 = PRESENTATION_STYLE_ASSIGNMENT (( #10001 ) ) ;
#2312 = UNCERTAINTY_MEASURE_WITH_UNIT (LENGTH_MEASURE( 1.000000000000000082E-05 ), #8714, 'distance_accuracy_value', 'NONE');
#2313 = VECTOR ( 'NONE', #2335, 1000.000000000000000 ) ;
#2314 = EDGE_LOOP ( 'NONE', ( #723, #2500, #2108, #5106 ) ) ;
#2315 = ADVANCED_FACE ( 'NONE', ( #6955 ), #1822, .T. ) ;
#2316 = LINE ( 'NONE', #3212, #1929 ) ;
#2317 = AXIS2_PLACEMENT_3D ( 'NONE', #6444, #745, #4507 ) ;
#2318 = AXIS2_PLACEMENT_3D ( 'NONE', #1067, #4246, #124 ) ;
#2319 = LINE ( 'NONE', #10070, #9957 ) ;
#2320 = EDGE_LOOP ( 'NONE', ( #275, #5306, #8692, #187 ) ) ;
#2321 = AXIS2_PLACEMENT_3D ( 'NONE', #2821, #6683, #10550 ) ;
#2322 = CARTESIAN_POINT ( 'NONE',  ( 2.706377465836589113, -7.805464606195375410, 6.776263578034402713E-18 ) ) ;
#2323 =( NAMED_UNIT ( * ) PLANE_ANGLE_UNIT ( ) SI_UNIT ( $, .RADIAN. ) );
#2324 =( LENGTH_UNIT ( ) NAMED_UNIT ( * ) SI_UNIT ( .MILLI., .METRE. ) );
#2325 = CARTESIAN_POINT ( 'NONE',  ( 0.3902439024390217948, -7.952314863411204193, 0.01000000000000000021 ) ) ;
#2326 = LINE ( 'NONE', #9116, #8413 ) ;
#2327 = MECHANICAL_DESIGN_GEOMETRIC_PRESENTATION_REPRESENTATION (  '', ( #7808 ), #11022 ) ;
#2328 = ORIENTED_EDGE ( 'NONE', *, *, #6536, .F. ) ;
#2329 = LINE ( 'NONE', #1406, #10736 ) ;
#2330 = DIRECTION ( 'NONE',  ( -1.000000000000000000, -1.596371296911167949E-16, 0.000000000000000000 ) ) ;
#2331 = CARTESIAN_POINT ( 'NONE',  ( 1.390243902439021628, -8.464891082923399424, 0.01000000000000000021 ) ) ;
#2332 =( NAMED_UNIT ( * ) PLANE_ANGLE_UNIT ( ) SI_UNIT ( $, .RADIAN. ) );
#2333 = PRESENTATION_LAYER_ASSIGNMENT (  '', '', ( #7808 ) ) ;
#2334 =( NAMED_UNIT ( * ) PLANE_ANGLE_UNIT ( ) SI_UNIT ( $, .RADIAN. ) );
#2335 = DIRECTION ( 'NONE',  ( -1.000000000000000000, -0.000000000000000000, -0.000000000000000000 ) ) ;
#2336 = CARTESIAN_POINT ( 'NONE',  ( -3.903130732623572938E-15, -0.9700000000000020828, 0.000000000000000000 ) ) ;
#2337 = VERTEX_POINT ( 'NONE', #6756 ) ;
#2338 = STYLED_ITEM ( 'NONE', ( #4264 ), #10913 ) ;
#2339 = LINE ( 'NONE', #414, #8571 ) ;
#2340 = CARTESIAN_POINT ( 'NONE',  ( 0.3199999999999999512, -0.3199999999999999512, 0.3554264934286703870 ) ) ;
#2341 = VECTOR ( 'NONE', #1428, 1000.000000000000000 ) ;
#2342 =( NAMED_UNIT ( * ) PLANE_ANGLE_UNIT ( ) SI_UNIT ( $, .RADIAN. ) );
#2343 = ORIENTED_EDGE ( 'NONE', *, *, #12388, .F. ) ;
#2344 = ORIENTED_EDGE ( 'NONE', *, *, #9261, .F. ) ;
#2345 = EDGE_CURVE ( 'NONE', #5545, #5190, #7793, .T. ) ;
#2346 =( NAMED_UNIT ( * ) PLANE_ANGLE_UNIT ( ) SI_UNIT ( $, .RADIAN. ) );
#2347 = VERTEX_POINT ( 'NONE', #885 ) ;
#2348 = EDGE_CURVE ( 'NONE', #11710, #6298, #3816, .T. ) ;
#2349 = CARTESIAN_POINT ( 'NONE',  ( 2.731707317073167829, -7.975561814630715674, 0.01000000000000000021 ) ) ;
#2350 = DIRECTION ( 'NONE',  ( 1.000000000000000000, 0.000000000000000000, 0.000000000000000000 ) ) ;
#2351 = FACE_OUTER_BOUND ( 'NONE', #5218, .T. ) ;
#2352 = FACE_OUTER_BOUND ( 'NONE', #4316, .T. ) ;
#2353 = ORIENTED_EDGE ( 'NONE', *, *, #6465, .T. ) ;
#2354 = DIRECTION ( 'NONE',  ( 0.000000000000000000, -0.000000000000000000, 1.000000000000000000 ) ) ;
#2355 = PRESENTATION_LAYER_ASSIGNMENT (  '', '', ( #3805 ) ) ;
#2356 = EDGE_CURVE ( 'NONE', #8077, #3895, #5838, .T. ) ;
#2357 = PRESENTATION_STYLE_ASSIGNMENT (( #9083 ) ) ;
#2358 = STYLED_ITEM ( 'NONE', ( #1573 ), #488 ) ;
#2359 = VECTOR ( 'NONE', #815, 1000.000000000000000 ) ;
#2360 = EDGE_LOOP ( 'NONE', ( #8502, #5663, #4786, #4820 ) ) ;
#2361 = DIRECTION ( 'NONE',  ( -0.000000000000000000, -0.000000000000000000, -1.000000000000000000 ) ) ;
#2362 = CARTESIAN_POINT ( 'NONE',  ( 2.705682198047719922, -8.373816223682149840, 6.776263578034402713E-18 ) ) ;
#2363 = VECTOR ( 'NONE', #10602, 1000.000000000000000 ) ;
#2364 = VERTEX_POINT ( 'NONE', #9695 ) ;
#2365 = ORIENTED_EDGE ( 'NONE', *, *, #7242, .T. ) ;
#2366 = VECTOR ( 'NONE', #830, 1000.000000000000000 ) ;
#2367 = EDGE_CURVE ( 'NONE', #5620, #3780, #8729, .T. ) ;
#2368 = DIRECTION ( 'NONE',  ( -0.000000000000000000, 0.000000000000000000, 1.000000000000000000 ) ) ;
#2369 = DIRECTION ( 'NONE',  ( 1.000000000000000000, 0.000000000000000000, 0.000000000000000000 ) ) ;
#2370 = LINE ( 'NONE', #9033, #2462 ) ;
#2371 = MECHANICAL_DESIGN_GEOMETRIC_PRESENTATION_REPRESENTATION (  '', ( #1381 ), #5432 ) ;
#2372 = CARTESIAN_POINT ( 'NONE',  ( 2.416686677663277827, -8.366349023671320495, 0.01000000000000000021 ) ) ;
#2373 = B_SPLINE_CURVE_WITH_KNOTS ( 'NONE', 3,
 ( #7168, #11708, #9783, #5975, #7988, #4031, #4280, #2285, #9848, #6975, #3175, #1350, #8055, #6158, #1171, #7036, #1102, #5042, #8885 ),
 .UNSPECIFIED., .F., .F.,
 ( 4, 1, 1, 1, 1, 1, 1, 1, 1, 1, 1, 1, 1, 1, 1, 1, 4 ),
 ( 0.000000000000000000, 0.06460397028839222344, 0.1267024139629474022, 0.1867568140356185014, 0.2455056873654377358, 0.3036520244499758547, 0.3615030739706259211, 0.4202402229284681878, 0.4800333407766971816, 0.5406781347755165168, 0.6011918063807822898, 0.6623335024774430480, 0.7247395102972324921, 0.7894677361728874576, 0.8565048600438303072, 0.9263120958391913851, 0.9999999999999998890 ),
 .UNSPECIFIED. ) ;
#2374 = ORIENTED_EDGE ( 'NONE', *, *, #10948, .T. ) ;
#2375 = DIRECTION ( 'NONE',  ( -2.168404344971008868E-16, -1.000000000000000000, 0.000000000000000000 ) ) ;
#2376 = PRESENTATION_STYLE_ASSIGNMENT (( #4308 ) ) ;
#2377 = ADVANCED_FACE ( 'NONE', ( #329 ), #10939, .F. ) ;
#2378 = VECTOR ( 'NONE', #6308, 1000.000000000000000 ) ;
#2379 = VECTOR ( 'NONE', #1370, 1000.000000000000000 ) ;
#2380 = ORIENTED_EDGE ( 'NONE', *, *, #9566, .F. ) ;
#2381 = AXIS2_PLACEMENT_3D ( 'NONE', #1341, #4459, #8291 ) ;
#2382 = FACE_OUTER_BOUND ( 'NONE', #11704, .T. ) ;
#2383 = CARTESIAN_POINT ( 'NONE',  ( 2.512163064414587588, -7.472362392242970053, 0.01000000000000000021 ) ) ;
#2384 = ORIENTED_EDGE ( 'NONE', *, *, #11791, .F. ) ;
#2385 = UNCERTAINTY_MEASURE_WITH_UNIT (LENGTH_MEASURE( 1.000000000000000082E-05 ), #9608, 'distance_accuracy_value', 'NONE');
#2386 = SURFACE_STYLE_USAGE ( .BOTH. , #11865 ) ;
#2387 = CARTESIAN_POINT ( 'NONE',  ( 2.369685032596215102, -7.562743394619133142, 0.01000000000000000021 ) ) ;
#2388 = VECTOR ( 'NONE', #6763, 1000.000000000000000 ) ;
#2389 = PRESENTATION_STYLE_ASSIGNMENT (( #3471 ) ) ;
#2390 = SURFACE_SIDE_STYLE ('',( #11065 ) ) ;
#2391 = EDGE_CURVE ( 'NONE', #6601, #7601, #5082, .T. ) ;
#2392 =( NAMED_UNIT ( * ) SI_UNIT ( $, .STERADIAN. ) SOLID_ANGLE_UNIT ( ) );
#2393 = PLANE ( 'NONE',  #10872 ) ;
#2394 = MECHANICAL_DESIGN_GEOMETRIC_PRESENTATION_REPRESENTATION (  '', ( #6817 ), #11679 ) ;
#2395 = EDGE_LOOP ( 'NONE', ( #731, #1058, #9734, #4941, #3839 ) ) ;
#2396 = SURFACE_STYLE_FILL_AREA ( #405 ) ;
#2397 = UNCERTAINTY_MEASURE_WITH_UNIT (LENGTH_MEASURE( 1.000000000000000082E-05 ), #5197, 'distance_accuracy_value', 'NONE');
#2398 = VECTOR ( 'NONE', #5676, 1000.000000000000000 ) ;
#2399 = SURFACE_SIDE_STYLE ('',( #3287 ) ) ;
#2400 = CARTESIAN_POINT ( 'NONE',  ( -0.3500000000000000333, 0.5299999999999983613, 0.4999999999999970024 ) ) ;
#2401 = CARTESIAN_POINT ( 'NONE',  ( 0.9232088414634121998, -8.464891082923401200, 5.082197683525802034E-18 ) ) ;
#2402 = EDGE_CURVE ( 'NONE', #2728, #6116, #3277, .T. ) ;
#2403 = ORIENTED_EDGE ( 'NONE', *, *, #1750, .T. ) ;
#2404 = UNCERTAINTY_MEASURE_WITH_UNIT (LENGTH_MEASURE( 1.000000000000000082E-05 ), #8013, 'distance_accuracy_value', 'NONE');
#2405 = AXIS2_PLACEMENT_3D ( 'NONE', #3491, #3561, #12010 ) ;
#2406 = LINE ( 'NONE', #3632, #3602 ) ;
#2407 = CARTESIAN_POINT ( 'NONE',  ( 1.060975609756094951, -7.574647180484375575, 0.000000000000000000 ) ) ;
#2408 = DIRECTION ( 'NONE',  ( 0.000000000000000000, 0.000000000000000000, -1.000000000000000000 ) ) ;
#2409 = VERTEX_POINT ( 'NONE', #9052 ) ;
#2410 = PRESENTATION_LAYER_ASSIGNMENT (  '', '', ( #5021 ) ) ;
#2411 = ORIENTED_EDGE ( 'NONE', *, *, #11249, .F. ) ;
#2412 = LINE ( 'NONE', #9074, #7231 ) ;
#2413 = DIRECTION ( 'NONE',  ( -0.000000000000000000, -0.000000000000000000, -1.000000000000000000 ) ) ;
#2414 = CARTESIAN_POINT ( 'NONE',  ( -2.524999999999991029, -6.170000000000001705, 3.000000000000000000 ) ) ;
#2415 = CARTESIAN_POINT ( 'NONE',  ( 1.749999999999996225, -0.4700000000000020828, 3.360000000000000320 ) ) ;
#2416 = VECTOR ( 'NONE', #3583, 1000.000000000000000 ) ;
#2417 = CARTESIAN_POINT ( 'NONE',  ( 4.825000000000002842, -3.470000000000001528, 0.9300000000000094857 ) ) ;
#2418 = ORIENTED_EDGE ( 'NONE', *, *, #9413, .F. ) ;
#2419 = LINE ( 'NONE', #4168, #11046 ) ;
#2420 = STYLED_ITEM ( 'NONE', ( #1590 ), #10115 ) ;
#2421 = VERTEX_POINT ( 'NONE', #10822 ) ;
#2422 = CARTESIAN_POINT ( 'NONE',  ( -0.1951219512195148664, -7.464891082923399424, 0.01000000000000000021 ) ) ;
#2423 = SURFACE_SIDE_STYLE ('',( #4297 ) ) ;
#2424 = ORIENTED_EDGE ( 'NONE', *, *, #8020, .F. ) ;
#2425 = EDGE_CURVE ( 'NONE', #4845, #2566, #4200, .T. ) ;
#2426 = ORIENTED_EDGE ( 'NONE', *, *, #7334, .F. ) ;
#2427 =( NAMED_UNIT ( * ) PLANE_ANGLE_UNIT ( ) SI_UNIT ( $, .RADIAN. ) );
#2428 = ORIENTED_EDGE ( 'NONE', *, *, #4054, .T. ) ;
#2429 = CARTESIAN_POINT ( 'NONE',  ( 6.324999999999997513, 1.029999999999999138, 3.859999999999999876 ) ) ;
#2430 = AXIS2_PLACEMENT_3D ( 'NONE', #510, #7410, #6390 ) ;
#2431 = LINE ( 'NONE', #5309, #5916 ) ;
#2432 = CARTESIAN_POINT ( 'NONE',  ( 0.8500000000000000888, 1.029999999999998472, 0.000000000000000000 ) ) ;
#2433 = AXIS2_PLACEMENT_3D ( 'NONE', #186, #3197, #8423 ) ;
#2434 = DIRECTION ( 'NONE',  ( -1.000000000000000000, -3.938574995911015039E-16, -0.000000000000000000 ) ) ;
#2435 = ORIENTED_EDGE ( 'NONE', *, *, #7071, .T. ) ;
#2436 = FILL_AREA_STYLE_COLOUR ( '', #6979 ) ;
#2437 = UNCERTAINTY_MEASURE_WITH_UNIT (LENGTH_MEASURE( 1.000000000000000082E-05 ), #196, 'distance_accuracy_value', 'NONE');
#2438 = EDGE_CURVE ( 'NONE', #7930, #7384, #401, .T. ) ;
#2439 = EDGE_CURVE ( 'NONE', #10183, #8646, #11870, .T. ) ;
#2440 = ORIENTED_EDGE ( 'NONE', *, *, #10267, .T. ) ;
#2441 = MECHANICAL_DESIGN_GEOMETRIC_PRESENTATION_REPRESENTATION (  '', ( #6502 ), #11133 ) ;
#2442 = SURFACE_STYLE_USAGE ( .BOTH. , #567 ) ;
#2443 = CARTESIAN_POINT ( 'NONE',  ( 2.357278963414631612, -7.452695960972180345, 0.000000000000000000 ) ) ;
#2444 = EDGE_CURVE ( 'NONE', #12080, #10346, #3637, .T. ) ;
#2445 = ORIENTED_EDGE ( 'NONE', *, *, #7297, .F. ) ;
#2446 = DIRECTION ( 'NONE',  ( 1.000000000000000000, 0.000000000000000000, 0.000000000000000000 ) ) ;
#2447 = CARTESIAN_POINT ( 'NONE',  ( 2.507191975558292540, -7.589601254141608244, 0.01000000000000000021 ) ) ;
#2448 =( NAMED_UNIT ( * ) SI_UNIT ( $, .STERADIAN. ) SOLID_ANGLE_UNIT ( ) );
#2449 = CARTESIAN_POINT ( 'NONE',  ( -0.3499999999999989786, -0.4700000000000016387, 3.360000000000000320 ) ) ;
#2450 = CARTESIAN_POINT ( 'NONE',  ( 2.281243180059471243, -8.468624544928847087, 6.776263578034402713E-18 ) ) ;
#2451 = CARTESIAN_POINT ( 'NONE',  ( 1.926829268292680197, -7.464891082923399424, 0.000000000000000000 ) ) ;
#2452 = AXIS2_PLACEMENT_3D ( 'NONE', #10690, #5761, #11610 ) ;
#2453 =( LENGTH_UNIT ( ) NAMED_UNIT ( * ) SI_UNIT ( .MILLI., .METRE. ) );
#2454 = CARTESIAN_POINT ( 'NONE',  ( 1.792682926829265666, -8.013671570728277516, 0.01000000000000000021 ) ) ;
#2455 = STYLED_ITEM ( 'NONE', ( #6056 ), #1675 ) ;
#2456 = LINE ( 'NONE', #5470, #8207 ) ;
#2457 = CIRCLE ( 'NONE', #8938, 0.2154264934286704847 ) ;
#2458 = EDGE_CURVE ( 'NONE', #10306, #9327, #8303, .T. ) ;
#2459 = ORIENTED_EDGE ( 'NONE', *, *, #8799, .F. ) ;
#2460 =( NAMED_UNIT ( * ) SI_UNIT ( $, .STERADIAN. ) SOLID_ANGLE_UNIT ( ) );
#2461 = CARTESIAN_POINT ( 'NONE',  ( -0.3199999999999999512, -0.5596891741410529031, 1.609999999999999432 ) ) ;
#2462 = VECTOR ( 'NONE', #7134, 1000.000000000000000 ) ;
#2463 = FILL_AREA_STYLE ('',( #4585 ) ) ;
#2464 = CARTESIAN_POINT ( 'NONE',  ( 2.499999999999996891, -8.219999999999988205, 3.859999999999999876 ) ) ;
#2465 = COLOUR_RGB ( '',0.2235294117647058654, 0.2235294117647058654, 0.2235294117647058654 ) ;
#2466 =( GEOMETRIC_REPRESENTATION_CONTEXT ( 3 ) GLOBAL_UNCERTAINTY_ASSIGNED_CONTEXT ( ( #5890 ) ) GLOBAL_UNIT_ASSIGNED_CONTEXT ( ( #6432, #1437, #3450 ) ) REPRESENTATION_CONTEXT ( 'NONE', 'WORKASPACE' ) );
#2467 = LINE ( 'NONE', #8481, #968 ) ;
#2468 = STYLED_ITEM ( 'NONE', ( #1984 ), #757 ) ;
#2469 =( NAMED_UNIT ( * ) PLANE_ANGLE_UNIT ( ) SI_UNIT ( $, .RADIAN. ) );
#2470 = VECTOR ( 'NONE', #6281, 1000.000000000000000 ) ;
#2471 = CARTESIAN_POINT ( 'NONE',  ( 2.705682198047719922, -8.373816223682149840, 0.01000000000000000021 ) ) ;
#2472 = DIRECTION ( 'NONE',  ( -1.084946484143765172E-16, -4.930380657631323784E-32, 1.000000000000000000 ) ) ;
#2473 = EDGE_CURVE ( 'NONE', #4439, #10986, #2719, .T. ) ;
#2474 = EDGE_LOOP ( 'NONE', ( #9602, #10344, #6139, #5251, #8059, #4968 ) ) ;
#2475 = ORIENTED_EDGE ( 'NONE', *, *, #10633, .F. ) ;
#2476 = FACE_OUTER_BOUND ( 'NONE', #5665, .T. ) ;
#2477 = CARTESIAN_POINT ( 'NONE',  ( 5.626372070731853192, -3.614999999999999769, -0.2000000000000013989 ) ) ;
#2478 = CARTESIAN_POINT ( 'NONE',  ( 0.9040681244844042119, -8.464544777547246213, 6.776263578034402713E-18 ) ) ;
#2479 = DIRECTION ( 'NONE',  ( -1.000000000000000000, 0.000000000000000000, -0.000000000000000000 ) ) ;
#2480 = DIRECTION ( 'NONE',  ( -2.742645811821039321E-16, -1.000000000000000000, -0.000000000000000000 ) ) ;
#2481 = CARTESIAN_POINT ( 'NONE',  ( 2.650000000000000799, 0.5299999999999988054, 3.360000000000000320 ) ) ;
#2482 = DIRECTION ( 'NONE',  ( 1.000000000000000000, 0.000000000000000000, 0.000000000000000000 ) ) ;
#2483 = VERTEX_POINT ( 'NONE', #4659 ) ;
#2484 = SURFACE_STYLE_USAGE ( .BOTH. , #12140 ) ;
#2485 = ORIENTED_EDGE ( 'NONE', *, *, #5628, .T. ) ;
#2486 = LINE ( 'NONE', #11094, #5958 ) ;
#2487 = CARTESIAN_POINT ( 'NONE',  ( 2.324688136734540223, -7.562927522583111184, 6.776263578034402713E-18 ) ) ;
#2488 = LINE ( 'NONE', #12147, #4654 ) ;
#2489 = ORIENTED_EDGE ( 'NONE', *, *, #2508, .F. ) ;
#2490 = ORIENTED_EDGE ( 'NONE', *, *, #8058, .T. ) ;
#2491 = SURFACE_SIDE_STYLE ('',( #11161 ) ) ;
#2492 = EDGE_LOOP ( 'NONE', ( #9646, #2424, #11204, #12091 ) ) ;
#2493 = DIRECTION ( 'NONE',  ( -1.000000000000000000, -0.000000000000000000, -0.000000000000000000 ) ) ;
#2494 = FILL_AREA_STYLE ('',( #2738 ) ) ;
#2495 = CARTESIAN_POINT ( 'NONE',  ( 5.524999999999987921, -3.614999999999999769, -0.09862792926813598871 ) ) ;
#2496 = VERTEX_POINT ( 'NONE', #2536 ) ;
#2497 = CARTESIAN_POINT ( 'NONE',  ( 2.731429497223041292, -7.990183020326488084, 6.776263578034402713E-18 ) ) ;
#2498 = PRODUCT_CONTEXT ( 'NONE', #5718, 'mechanical' ) ;
#2499 = CARTESIAN_POINT ( 'NONE',  ( -1.270000000000000684, -1.420000000000001039, 3.199999999999999734 ) ) ;
#2500 = ORIENTED_EDGE ( 'NONE', *, *, #5104, .T. ) ;
#2501 = AXIS2_PLACEMENT_3D ( 'NONE', #6414, #7373, #602 ) ;
#2502 = DIRECTION ( 'NONE',  ( 1.000000000000000000, 0.000000000000000000, 0.000000000000000000 ) ) ;
#2503 = CARTESIAN_POINT ( 'NONE',  ( 2.345652102790810378, -7.452779305407787547, -0.000000000000000000 ) ) ;
#2504 = ORIENTED_EDGE ( 'NONE', *, *, #7191, .T. ) ;
#2505 =( LENGTH_UNIT ( ) NAMED_UNIT ( * ) SI_UNIT ( .MILLI., .METRE. ) );
#2506 = SURFACE_SIDE_STYLE ('',( #7279 ) ) ;
#2507 = CARTESIAN_POINT ( 'NONE',  ( 2.146139853729131186, -7.482511407394959235, 6.776263578034402713E-18 ) ) ;
#2508 = EDGE_CURVE ( 'NONE', #1535, #9511, #8490, .T. ) ;
#2509 = VECTOR ( 'NONE', #9968, 1000.000000000000000 ) ;
#2510 = ADVANCED_FACE ( 'NONE', ( #9387 ), #5603, .T. ) ;
#2511 = FILL_AREA_STYLE ('',( #5330 ) ) ;
#2512 = PRESENTATION_LAYER_ASSIGNMENT (  '', '', ( #3747 ) ) ;
#2513 = PRESENTATION_STYLE_ASSIGNMENT (( #9313 ) ) ;
#2514 = ADVANCED_FACE ( 'NONE', ( #8359 ), #7433, .F. ) ;
#2515 = FILL_AREA_STYLE ('',( #6269 ) ) ;
#2516 = PRESENTATION_LAYER_ASSIGNMENT (  '', '', ( #3125 ) ) ;
#2517 = CARTESIAN_POINT ( 'NONE',  ( 0.7098576811665019415, -8.430681899491345277, 0.000000000000000000 ) ) ;
#2518 = STYLED_ITEM ( 'NONE', ( #4261 ), #5807 ) ;
#2519 = LINE ( 'NONE', #11305, #3474 ) ;
#2520 = UNCERTAINTY_MEASURE_WITH_UNIT (LENGTH_MEASURE( 1.000000000000000082E-05 ), #3559, 'distance_accuracy_value', 'NONE');
#2521 = DIRECTION ( 'NONE',  ( 0.000000000000000000, -0.000000000000000000, 1.000000000000000000 ) ) ;
#2522 = FILL_AREA_STYLE ('',( #5410 ) ) ;
#2523 = SURFACE_STYLE_USAGE ( .BOTH. , #6280 ) ;
#2524 = VECTOR ( 'NONE', #12266, 1000.000000000000000 ) ;
#2525 = UNCERTAINTY_MEASURE_WITH_UNIT (LENGTH_MEASURE( 1.000000000000000082E-05 ), #3335, 'distance_accuracy_value', 'NONE');
#2526 = EDGE_CURVE ( 'NONE', #5292, #7721, #12264, .T. ) ;
#2527 = ORIENTED_EDGE ( 'NONE', *, *, #12385, .T. ) ;
#2528 = DIRECTION ( 'NONE',  ( 0.000000000000000000, -1.000000000000000000, -0.000000000000000000 ) ) ;
#2529 = CARTESIAN_POINT ( 'NONE',  ( 2.768855527674394246, -8.307098625588269059, 0.01000000000000000021 ) ) ;
#2530 =( NAMED_UNIT ( * ) SI_UNIT ( $, .STERADIAN. ) SOLID_ANGLE_UNIT ( ) );
#2531 = VECTOR ( 'NONE', #1112, 1000.000000000000000 ) ;
#2532 = VERTEX_POINT ( 'NONE', #6734 ) ;
#2533 = FILL_AREA_STYLE_COLOUR ( '', #6686 ) ;
#2534 = ORIENTED_EDGE ( 'NONE', *, *, #11623, .F. ) ;
#2535 = UNCERTAINTY_MEASURE_WITH_UNIT (LENGTH_MEASURE( 1.000000000000000082E-05 ), #9294, 'distance_accuracy_value', 'NONE');
#2536 = CARTESIAN_POINT ( 'NONE',  ( 2.951219512195118799, -8.355134985362424160, 0.000000000000000000 ) ) ;
#2537 = CARTESIAN_POINT ( 'NONE',  ( 0.9039491995211077491, -8.354809276445639199, 6.776263578034402713E-18 ) ) ;
#2538 =( NAMED_UNIT ( * ) PLANE_ANGLE_UNIT ( ) SI_UNIT ( $, .RADIAN. ) );
#2539 = LINE ( 'NONE', #11211, #333 ) ;
#2540 = LINE ( 'NONE', #6416, #10556 ) ;
#2541 = SURFACE_STYLE_FILL_AREA ( #5298 ) ;
#2542 = VERTEX_POINT ( 'NONE', #1118 ) ;
#2543 = EDGE_CURVE ( 'NONE', #4712, #8178, #6612, .T. ) ;
#2544 = MECHANICAL_DESIGN_GEOMETRIC_PRESENTATION_REPRESENTATION (  '', ( #3154 ), #1934 ) ;
#2545 = VECTOR ( 'NONE', #7672, 1000.000000000000000 ) ;
#2546 = VERTEX_POINT ( 'NONE', #3004 ) ;
#2547 = LINE ( 'NONE', #2422, #3104 ) ;
#2548 = ORIENTED_EDGE ( 'NONE', *, *, #639, .T. ) ;
#2549 = EDGE_LOOP ( 'NONE', ( #2793, #5369, #9543, #6272 ) ) ;
#2550 = ORIENTED_EDGE ( 'NONE', *, *, #6092, .F. ) ;
#2551 = VECTOR ( 'NONE', #5529, 1000.000000000000000 ) ;
#2552 = CARTESIAN_POINT ( 'NONE',  ( 2.357278963414631612, -7.452695960972180345, 0.01000000000000000021 ) ) ;
#2553 = LINE ( 'NONE', #10313, #7848 ) ;
#2554 = VECTOR ( 'NONE', #4858, 1000.000000000000000 ) ;
#2555 = CARTESIAN_POINT ( 'NONE',  ( -8.577962312940892176, -6.170000000000001705, 2.929999999999998828 ) ) ;
#2556 = ORIENTED_EDGE ( 'NONE', *, *, #11624, .T. ) ;
#2557 = DIRECTION ( 'NONE',  ( 0.000000000000000000, 0.000000000000000000, 1.000000000000000000 ) ) ;
#2558 = CARTESIAN_POINT ( 'NONE',  ( 0.5654985365492064542, -7.754858261514095297, 0.01000000000000000021 ) ) ;
#2559 = STYLED_ITEM ( 'NONE', ( #6626 ), #471 ) ;
#2560 = LINE ( 'NONE', #9355, #146 ) ;
#2561 = ORIENTED_EDGE ( 'NONE', *, *, #8011, .F. ) ;
#2562 = DIRECTION ( 'NONE',  ( 0.000000000000000000, 0.000000000000000000, -1.000000000000000000 ) ) ;
#2563 = LINE ( 'NONE', #1568, #9943 ) ;
#2564 = AXIS2_PLACEMENT_3D ( 'NONE', #5547, #12325, #7622 ) ;
#2565 =( NAMED_UNIT ( * ) PLANE_ANGLE_UNIT ( ) SI_UNIT ( $, .RADIAN. ) );
#2566 = VERTEX_POINT ( 'NONE', #6869 ) ;
#2567 = CARTESIAN_POINT ( 'NONE',  ( 2.435079751057897202, -7.568924597630443785, 6.776263578034402713E-18 ) ) ;
#2568 = LINE ( 'NONE', #8580, #2359 ) ;
#2569 = VECTOR ( 'NONE', #3894, 1000.000000000000000 ) ;
#2570 = FILL_AREA_STYLE ('',( #1510 ) ) ;
#2571 = CARTESIAN_POINT ( 'NONE',  ( 0.5504260061891312894, -7.789312601461663377, 0.01000000000000000021 ) ) ;
#2572 = SURFACE_STYLE_FILL_AREA ( #695 ) ;
#2573 = VECTOR ( 'NONE', #10021, 999.9999999999998863 ) ;
#2574 = PRESENTATION_LAYER_ASSIGNMENT (  '', '', ( #4625 ) ) ;
#2575 = CARTESIAN_POINT ( 'NONE',  ( 0.000000000000000000, 0.5354264934286704358, 0.3554264934286704425 ) ) ;
#2576 = PRESENTATION_LAYER_ASSIGNMENT (  '', '', ( #6237 ) ) ;
#2577 = MECHANICAL_DESIGN_GEOMETRIC_PRESENTATION_REPRESENTATION (  '', ( #3191 ), #7029 ) ;
#2578 = CARTESIAN_POINT ( 'NONE',  ( -2.575000000000001954, -0.9700000000000019718, 2.529999999999999361 ) ) ;
#2579 = EDGE_CURVE ( 'NONE', #167, #5444, #9536, .T. ) ;
#2580 = SURFACE_STYLE_USAGE ( .BOTH. , #11248 ) ;
#2581 =( NAMED_UNIT ( * ) SI_UNIT ( $, .STERADIAN. ) SOLID_ANGLE_UNIT ( ) );
#2582 = EDGE_CURVE ( 'NONE', #11638, #8804, #4863, .T. ) ;
#2583 = EDGE_CURVE ( 'NONE', #1865, #8376, #10538, .T. ) ;
#2584 = PRESENTATION_STYLE_ASSIGNMENT (( #7357 ) ) ;
#2585 = PRESENTATION_STYLE_ASSIGNMENT (( #1471 ) ) ;
#2586 = SURFACE_STYLE_FILL_AREA ( #4462 ) ;
#2587 = VECTOR ( 'NONE', #1288, 1000.000000000000000 ) ;
#2588 = ORIENTED_EDGE ( 'NONE', *, *, #257, .F. ) ;
#2589 = DIRECTION ( 'NONE',  ( 0.000000000000000000, 0.000000000000000000, -1.000000000000000000 ) ) ;
#2590 = EDGE_CURVE ( 'NONE', #9483, #845, #3792, .T. ) ;
#2591 = EDGE_CURVE ( 'NONE', #1857, #10056, #7707, .T. ) ;
#2592 = SURFACE_STYLE_FILL_AREA ( #710 ) ;
#2593 = CARTESIAN_POINT ( 'NONE',  ( -0.1345106590289901760, -7.628147848041240131, 0.01000000000000000021 ) ) ;
#2594 = ORIENTED_EDGE ( 'NONE', *, *, #3848, .T. ) ;
#2595 = PLANE ( 'NONE',  #1642 ) ;
#2596 = EDGE_CURVE ( 'NONE', #11276, #7965, #11590, .T. ) ;
#2597 = ORIENTED_EDGE ( 'NONE', *, *, #11714, .T. ) ;
#2598 = DIRECTION ( 'NONE',  ( -1.000000000000000000, 0.000000000000000000, -0.000000000000000000 ) ) ;
#2599 = EDGE_CURVE ( 'NONE', #10816, #10646, #9799, .T. ) ;
#2600 =( NAMED_UNIT ( * ) SI_UNIT ( $, .STERADIAN. ) SOLID_ANGLE_UNIT ( ) );
#2601 = CARTESIAN_POINT ( 'NONE',  ( 0.8057011334433490379, -7.472202428830459375, 0.000000000000000000 ) ) ;
#2602 = CARTESIAN_POINT ( 'NONE',  ( 1.749999999999995559, -0.9700000000000014166, 1.299682133541857576 ) ) ;
#2603 = FILL_AREA_STYLE_COLOUR ( '', #1332 ) ;
#2604 = PLANE ( 'NONE',  #4124 ) ;
#2605 = LINE ( 'NONE', #9334, #226 ) ;
#2606 = VERTEX_POINT ( 'NONE', #8833 ) ;
#2607 =( LENGTH_UNIT ( ) NAMED_UNIT ( * ) SI_UNIT ( .MILLI., .METRE. ) );
#2608 = EDGE_LOOP ( 'NONE', ( #10246, #7182, #6917, #7325 ) ) ;
#2609 = PRESENTATION_STYLE_ASSIGNMENT (( #3377 ) ) ;
#2610 = CARTESIAN_POINT ( 'NONE',  ( 0.3500000000000000888, -0.4700000000000016387, 0.000000000000000000 ) ) ;
#2611 = FILL_AREA_STYLE ('',( #8441 ) ) ;
#2612 = ORIENTED_EDGE ( 'NONE', *, *, #1128, .T. ) ;
#2613 = AXIS2_PLACEMENT_3D ( 'NONE', #7195, #11043, #2368 ) ;
#2614 = ORIENTED_EDGE ( 'NONE', *, *, #2065, .F. ) ;
#2615 = FACE_OUTER_BOUND ( 'NONE', #9988, .T. ) ;
#2616 = ADVANCED_FACE ( 'NONE', ( #181 ), #2747, .F. ) ;
#2617 = ORIENTED_EDGE ( 'NONE', *, *, #8176, .T. ) ;
#2618 =( NAMED_UNIT ( * ) PLANE_ANGLE_UNIT ( ) SI_UNIT ( $, .RADIAN. ) );
#2619 = CARTESIAN_POINT ( 'NONE',  ( -2.575000000000014833, -0.4700000000000020828, 0.5000000000000004441 ) ) ;
#2620 = PLANE ( 'NONE',  #3 ) ;
#2621 = STYLED_ITEM ( 'NONE', ( #11031 ), #12099 ) ;
#2622 = ORIENTED_EDGE ( 'NONE', *, *, #7722, .F. ) ;
#2623 = FACE_BOUND ( 'NONE', #6161, .T. ) ;
#2624 = COLOUR_RGB ( '',0.2235294117647058654, 0.2235294117647058654, 0.2235294117647058654 ) ;
#2625 = ORIENTED_EDGE ( 'NONE', *, *, #7405, .T. ) ;
#2626 = PRESENTATION_LAYER_ASSIGNMENT (  '', '', ( #4082 ) ) ;
#2627 = DIRECTION ( 'NONE',  ( 0.000000000000000000, 0.000000000000000000, -1.000000000000000000 ) ) ;
#2628 = PRESENTATION_LAYER_ASSIGNMENT (  '', '', ( #2420 ) ) ;
#2629 = ADVANCED_FACE ( 'NONE', ( #7188 ), #2119, .T. ) ;
#2630 = ORIENTED_EDGE ( 'NONE', *, *, #6173, .F. ) ;
#2631 = FACE_OUTER_BOUND ( 'NONE', #9789, .T. ) ;
#2632 = FILL_AREA_STYLE ('',( #7469 ) ) ;
#2633 = SURFACE_SIDE_STYLE ('',( #6327 ) ) ;
#2634 = PLANE ( 'NONE',  #7395 ) ;
#2635 = CARTESIAN_POINT ( 'NONE',  ( 2.589142849635947652, -8.444001777156538324, 0.000000000000000000 ) ) ;
#2636 = SURFACE_STYLE_FILL_AREA ( #11126 ) ;
#2637 =( LENGTH_UNIT ( ) NAMED_UNIT ( * ) SI_UNIT ( .MILLI., .METRE. ) );
#2638 = CARTESIAN_POINT ( 'NONE',  ( -2.224999999999990763, -2.170000000000001705, 0.000000000000000000 ) ) ;
#2639 = CARTESIAN_POINT ( 'NONE',  ( -0.1951219512195148664, -7.464891082923399424, 0.01000000000000000021 ) ) ;
#2640 = DIRECTION ( 'NONE',  ( 1.000000000000000000, 0.000000000000000000, -0.000000000000000000 ) ) ;
#2641 = DIRECTION ( 'NONE',  ( 0.000000000000000000, 0.000000000000000000, 1.000000000000000000 ) ) ;
#2642 = PRESENTATION_LAYER_ASSIGNMENT (  '', '', ( #6502 ) ) ;
#2643 =( LENGTH_UNIT ( ) NAMED_UNIT ( * ) SI_UNIT ( .MILLI., .METRE. ) );
#2644 = DIRECTION ( 'NONE',  ( 1.000000000000000000, 1.162683294890621566E-16, -2.711582832752521336E-16 ) ) ;
#2645 = DIRECTION ( 'NONE',  ( -0.000000000000000000, -0.000000000000000000, -1.000000000000000000 ) ) ;
#2646 = ORIENTED_EDGE ( 'NONE', *, *, #5052, .T. ) ;
#2647 = LINE ( 'NONE', #10391, #4014 ) ;
#2648 = STYLED_ITEM ( 'NONE', ( #1752 ), #8874 ) ;
#2649 = CARTESIAN_POINT ( 'NONE',  ( -0.1091714849054198355, -7.652406375648344472, -0.000000000000000000 ) ) ;
#2650 = PRESENTATION_LAYER_ASSIGNMENT (  '', '', ( #855 ) ) ;
#2651 = ORIENTED_EDGE ( 'NONE', *, *, #12305, .F. ) ;
#2652 = ORIENTED_EDGE ( 'NONE', *, *, #4366, .F. ) ;
#2653 = PLANE ( 'NONE',  #1583 ) ;
#2654 = UNCERTAINTY_MEASURE_WITH_UNIT (LENGTH_MEASURE( 1.000000000000000082E-05 ), #3921, 'distance_accuracy_value', 'NONE');
#2655 =( LENGTH_UNIT ( ) NAMED_UNIT ( * ) SI_UNIT ( .MILLI., .METRE. ) );
#2656 = VECTOR ( 'NONE', #6922, 1000.000000000000000 ) ;
#2657 = CARTESIAN_POINT ( 'NONE',  ( 0.6038721632870122091, -8.222671460152133349, 6.776263578034402713E-18 ) ) ;
#2658 = CARTESIAN_POINT ( 'NONE',  ( 2.289654194974143131, -7.454982414738263508, 0.01000000000000000021 ) ) ;
#2659 = ADVANCED_FACE ( 'NONE', ( #5303 ), #2241, .T. ) ;
#2660 = VECTOR ( 'NONE', #11414, 1000.000000000000000 ) ;
#2661 = SURFACE_SIDE_STYLE ('',( #10697 ) ) ;
#2662 = VERTEX_POINT ( 'NONE', #8963 ) ;
#2663 = EDGE_CURVE ( 'NONE', #3858, #7749, #6117, .T. ) ;
#2664 = STYLED_ITEM ( 'NONE', ( #10415 ), #740 ) ;
#2665 = LINE ( 'NONE', #11329, #1966 ) ;
#2666 = CIRCLE ( 'NONE', #4326, 0.4000000000000001887 ) ;
#2667 = EDGE_CURVE ( 'NONE', #5107, #10346, #11580, .T. ) ;
#2668 = EDGE_CURVE ( 'NONE', #10127, #5634, #7890, .T. ) ;
#2669 = ORIENTED_EDGE ( 'NONE', *, *, #8539, .F. ) ;
#2670 = VERTEX_POINT ( 'NONE', #11039 ) ;
#2671 = CARTESIAN_POINT ( 'NONE',  ( 4.927962312940882939, -3.470000000000001528, 2.529999999999998916 ) ) ;
#2672 = CARTESIAN_POINT ( 'NONE',  ( 2.293703735666710486, -7.566168156172169645, 0.01000000000000000021 ) ) ;
#2673 =( GEOMETRIC_REPRESENTATION_CONTEXT ( 3 ) GLOBAL_UNCERTAINTY_ASSIGNED_CONTEXT ( ( #5755 ) ) GLOBAL_UNIT_ASSIGNED_CONTEXT ( ( #8, #1080, #1142 ) ) REPRESENTATION_CONTEXT ( 'NONE', 'WORKASPACE' ) );
#2674 = PLANE ( 'NONE',  #1995 ) ;
#2675 = ORIENTED_EDGE ( 'NONE', *, *, #374, .F. ) ;
#2676 = ORIENTED_EDGE ( 'NONE', *, *, #9517, .T. ) ;
#2677 = SURFACE_STYLE_FILL_AREA ( #1041 ) ;
#2678 = UNCERTAINTY_MEASURE_WITH_UNIT (LENGTH_MEASURE( 1.000000000000000082E-05 ), #1138, 'distance_accuracy_value', 'NONE');
#2679 = ORIENTED_EDGE ( 'NONE', *, *, #7271, .F. ) ;
#2680 = MECHANICAL_DESIGN_GEOMETRIC_PRESENTATION_REPRESENTATION (  '', ( #2275 ), #1083 ) ;
#2681 = SURFACE_STYLE_FILL_AREA ( #2494 ) ;
#2682 = CARTESIAN_POINT ( 'NONE',  ( 5.574999999999998401, 1.029999999999998472, 2.860000000000000320 ) ) ;
#2683 = PLANE ( 'NONE',  #4265 ) ;
#2684 = ORIENTED_EDGE ( 'NONE', *, *, #8701, .F. ) ;
#2685 =( NAMED_UNIT ( * ) SI_UNIT ( $, .STERADIAN. ) SOLID_ANGLE_UNIT ( ) );
#2686 = FACE_OUTER_BOUND ( 'NONE', #9661, .T. ) ;
#2687 = EDGE_CURVE ( 'NONE', #808, #2092, #8132, .T. ) ;
#2688 = ORIENTED_EDGE ( 'NONE', *, *, #2439, .T. ) ;
#2689 = PRESENTATION_STYLE_ASSIGNMENT (( #10608 ) ) ;
#2690 = ORIENTED_EDGE ( 'NONE', *, *, #6246, .F. ) ;
#2691 = FACE_OUTER_BOUND ( 'NONE', #11699, .T. ) ;
#2692 = CARTESIAN_POINT ( 'NONE',  ( -2.524999999999990141, -3.615000000000001101, -0.01000000000000000021 ) ) ;
#2693 = ORIENTED_EDGE ( 'NONE', *, *, #3348, .T. ) ;
#2694 = SURFACE_STYLE_USAGE ( .BOTH. , #6386 ) ;
#2695 = CARTESIAN_POINT ( 'NONE',  ( 4.824999999999999289, -7.419999999999996376, 3.259999999999999787 ) ) ;
#2696 = FACE_OUTER_BOUND ( 'NONE', #8460, .T. ) ;
#2697 = LINE ( 'NONE', #5698, #6759 ) ;
#2698 = DIRECTION ( 'NONE',  ( 0.000000000000000000, 0.000000000000000000, -1.000000000000000000 ) ) ;
#2699 = PRESENTATION_LAYER_ASSIGNMENT (  '', '', ( #12374 ) ) ;
#2700 = LINE ( 'NONE', #2004, #6800 ) ;
#2701 = EDGE_CURVE ( 'NONE', #8750, #8543, #5502, .T. ) ;
#2702 = FACE_OUTER_BOUND ( 'NONE', #5762, .T. ) ;
#2703 = CARTESIAN_POINT ( 'NONE',  ( 3.319999999999999840, 0.5354264934286706579, 0.1399999999999999301 ) ) ;
#2704 = VECTOR ( 'NONE', #8554, 1000.000000000000000 ) ;
#2705 = PLANE ( 'NONE',  #7730 ) ;
#2706 = STYLED_ITEM ( 'NONE', ( #5668 ), #5247 ) ;
#2707 = DIRECTION ( 'NONE',  ( -1.162683294890621319E-16, 1.000000000000000000, -0.000000000000000000 ) ) ;
#2708 =( NAMED_UNIT ( * ) SI_UNIT ( $, .STERADIAN. ) SOLID_ANGLE_UNIT ( ) );
#2709 = LINE ( 'NONE', #7610, #2784 ) ;
#2710 = CARTESIAN_POINT ( 'NONE',  ( 6.324999999999997513, -7.420000000000000817, 3.859999999999999876 ) ) ;
#2711 = CIRCLE ( 'NONE', #8387, 0.5000000000000000000 ) ;
#2712 = PRESENTATION_LAYER_ASSIGNMENT (  '', '', ( #7986 ) ) ;
#2713 = LINE ( 'NONE', #1021, #12053 ) ;
#2714 = CARTESIAN_POINT ( 'NONE',  ( 2.865541110044779405, -8.001876877888548734, 0.01000000000000000021 ) ) ;
#2715 = ORIENTED_EDGE ( 'NONE', *, *, #3236, .F. ) ;
#2716 = FACE_OUTER_BOUND ( 'NONE', #500, .T. ) ;
#2717 = VERTEX_POINT ( 'NONE', #9340 ) ;
#2718 = DIRECTION ( 'NONE',  ( -0.000000000000000000, -0.000000000000000000, -1.000000000000000000 ) ) ;
#2719 = LINE ( 'NONE', #11323, #3915 ) ;
#2720 = STYLED_ITEM ( 'NONE', ( #11533 ), #10416 ) ;
#2721 = CARTESIAN_POINT ( 'NONE',  ( 0.7071991634030363461, -7.497224597368884247, 0.000000000000000000 ) ) ;
#2722 = STYLED_ITEM ( 'NONE', ( #3860 ), #5888 ) ;
#2723 = DIRECTION ( 'NONE',  ( 0.000000000000000000, 0.000000000000000000, 1.000000000000000000 ) ) ;
#2724 =( LENGTH_UNIT ( ) NAMED_UNIT ( * ) SI_UNIT ( .MILLI., .METRE. ) );
#2725 = ORIENTED_EDGE ( 'NONE', *, *, #9926, .F. ) ;
#2726 = SURFACE_STYLE_FILL_AREA ( #3771 ) ;
#2727 = STYLED_ITEM ( 'NONE', ( #983 ), #10645 ) ;
#2728 = VERTEX_POINT ( 'NONE', #664 ) ;
#2729 = SURFACE_SIDE_STYLE ('',( #11512 ) ) ;
#2730 = CARTESIAN_POINT ( 'NONE',  ( 2.204662283777382825, -7.587058934135913368, 6.776263578034402713E-18 ) ) ;
#2731 = EDGE_CURVE ( 'NONE', #4415, #615, #2486, .T. ) ;
#2732 = DIRECTION ( 'NONE',  ( 1.000000000000000000, 0.000000000000000000, 0.000000000000000000 ) ) ;
#2733 = ADVANCED_FACE ( 'NONE', ( #612 ), #12206, .F. ) ;
#2734 = ORIENTED_EDGE ( 'NONE', *, *, #12385, .F. ) ;
#2735 = VERTEX_POINT ( 'NONE', #551 ) ;
#2736 = CARTESIAN_POINT ( 'NONE',  ( -0.06097560975610021722, -7.464891082923399424, 0.000000000000000000 ) ) ;
#2737 = ORIENTED_EDGE ( 'NONE', *, *, #8439, .F. ) ;
#2738 = FILL_AREA_STYLE_COLOUR ( '', #5530 ) ;
#2739 = FILL_AREA_STYLE ('',( #6494 ) ) ;
#2740 = EDGE_CURVE ( 'NONE', #1260, #11342, #2547, .T. ) ;
#2741 = CARTESIAN_POINT ( 'NONE',  ( -0.3378429878048807566, -8.184403278045349950, 0.01000000000000000021 ) ) ;
#2742 = AXIS2_PLACEMENT_3D ( 'NONE', #637, #8286, #4639 ) ;
#2743 = ORIENTED_EDGE ( 'NONE', *, *, #10964, .F. ) ;
#2744 = VECTOR ( 'NONE', #6335, 1000.000000000000000 ) ;
#2745 =( NAMED_UNIT ( * ) SI_UNIT ( $, .STERADIAN. ) SOLID_ANGLE_UNIT ( ) );
#2746 = ORIENTED_EDGE ( 'NONE', *, *, #4197, .T. ) ;
#2747 = PLANE ( 'NONE',  #3309 ) ;
#2748 = EDGE_CURVE ( 'NONE', #90, #8257, #5434, .T. ) ;
#2749 = ORIENTED_EDGE ( 'NONE', *, *, #66, .F. ) ;
#2750 = STYLED_ITEM ( 'NONE', ( #2376 ), #6152 ) ;
#2751 =( NAMED_UNIT ( * ) PLANE_ANGLE_UNIT ( ) SI_UNIT ( $, .RADIAN. ) );
#2752 = CARTESIAN_POINT ( 'NONE',  ( -1.270000000000000462, -1.420000000000001039, 0.6599999999999995870 ) ) ;
#2753 = EDGE_LOOP ( 'NONE', ( #3962, #2384, #8513, #2161, #2860, #8030, #9721, #1368 ) ) ;
#2754 = PLANE ( 'NONE',  #2764 ) ;
#2755 =( NAMED_UNIT ( * ) SI_UNIT ( $, .STERADIAN. ) SOLID_ANGLE_UNIT ( ) );
#2756 = ADVANCED_FACE ( 'NONE', ( #1610 ), #4547, .F. ) ;
#2757 = COLOUR_RGB ( '',0.6470588235294117974, 0.6196078431372549211, 0.5882352941176470784 ) ;
#2758 = LINE ( 'NONE', #4749, #726 ) ;
#2759 = CARTESIAN_POINT ( 'NONE',  ( -0.5853658536585393257, -8.464891082923399424, 0.000000000000000000 ) ) ;
#2760 = CARTESIAN_POINT ( 'NONE',  ( 5.524999999999989697, -4.884999999999999787, -0.01000000000000000021 ) ) ;
#2761 = LINE ( 'NONE', #936, #3159 ) ;
#2762 = STYLED_ITEM ( 'NONE', ( #4155 ), #6549 ) ;
#2763 = ORIENTED_EDGE ( 'NONE', *, *, #11737, .F. ) ;
#2764 = AXIS2_PLACEMENT_3D ( 'NONE', #1632, #4632, #10489 ) ;
#2765 = STYLED_ITEM ( 'NONE', ( #11322 ), #4441 ) ;
#2766 = CARTESIAN_POINT ( 'NONE',  ( 0.3199999999999999512, -6.852871818038222429, 1.609999999999998987 ) ) ;
#2767 = VECTOR ( 'NONE', #5730, 1000.000000000000000 ) ;
#2768 = CARTESIAN_POINT ( 'NONE',  ( 2.864565772781526132, -7.926223549513304434, 0.01000000000000000021 ) ) ;
#2769 = UNCERTAINTY_MEASURE_WITH_UNIT (LENGTH_MEASURE( 1.000000000000000082E-05 ), #4536, 'distance_accuracy_value', 'NONE');
#2770 = CARTESIAN_POINT ( 'NONE',  ( 3.319999999999999840, 2.429999999999997939, 0.1399999999999999301 ) ) ;
#2771 =( LENGTH_UNIT ( ) NAMED_UNIT ( * ) SI_UNIT ( .MILLI., .METRE. ) );
#2772 = CARTESIAN_POINT ( 'NONE',  ( -0.3199999999999999512, 0.5354264934286706579, -0.5000000000000000000 ) ) ;
#2773 = AXIS2_PLACEMENT_3D ( 'NONE', #5469, #8341, #12175 ) ;
#2774 = EDGE_CURVE ( 'NONE', #11074, #8750, #5614, .T. ) ;
#2775 = DIRECTION ( 'NONE',  ( 0.000000000000000000, 0.000000000000000000, -1.000000000000000000 ) ) ;
#2776 =( NAMED_UNIT ( * ) PLANE_ANGLE_UNIT ( ) SI_UNIT ( $, .RADIAN. ) );
#2777 = CARTESIAN_POINT ( 'NONE',  ( 5.575000000000008171, -0.4700000000000008060, 0.5000000000000004441 ) ) ;
#2778 = DIRECTION ( 'NONE',  ( -0.000000000000000000, -0.000000000000000000, -1.000000000000000000 ) ) ;
#2779 = MECHANICAL_DESIGN_GEOMETRIC_PRESENTATION_REPRESENTATION (  '', ( #4643 ), #6031 ) ;
#2780 = FILL_AREA_STYLE ('',( #8067 ) ) ;
#2781 = VECTOR ( 'NONE', #6372, 1000.000000000000000 ) ;
#2782 =( GEOMETRIC_REPRESENTATION_CONTEXT ( 3 ) GLOBAL_UNCERTAINTY_ASSIGNED_CONTEXT ( ( #5955 ) ) GLOBAL_UNIT_ASSIGNED_CONTEXT ( ( #5304, #8192, #729 ) ) REPRESENTATION_CONTEXT ( 'NONE', 'WORKASPACE' ) );
#2783 = PLANE ( 'NONE',  #5214 ) ;
#2784 = VECTOR ( 'NONE', #9620, 1000.000000000000000 ) ;
#2785 = VERTEX_POINT ( 'NONE', #5791 ) ;
#2786 = VERTEX_POINT ( 'NONE', #6720 ) ;
#2787 = UNCERTAINTY_MEASURE_WITH_UNIT (LENGTH_MEASURE( 1.000000000000000082E-05 ), #5739, 'distance_accuracy_value', 'NONE');
#2788 = VECTOR ( 'NONE', #2176, 1000.000000000000000 ) ;
#2789 = ADVANCED_FACE ( 'NONE', ( #1841 ), #10526, .T. ) ;
#2790 = LINE ( 'NONE', #3891, #5183 ) ;
#2791 = CARTESIAN_POINT ( 'NONE',  ( 3.000000000000000000, -0.4700000000000011946, 2.245415902488527404 ) ) ;
#2792 = DIRECTION ( 'NONE',  ( -0.1710878697460329056, -0.9702875252478149193, 0.1710878697460329056 ) ) ;
#2793 = ORIENTED_EDGE ( 'NONE', *, *, #3856, .T. ) ;
#2794 = LINE ( 'NONE', #10463, #7022 ) ;
#2795 = EDGE_LOOP ( 'NONE', ( #2107, #11574, #2737, #4101 ) ) ;
#2796 = CARTESIAN_POINT ( 'NONE',  ( 6.324999999999998401, -0.9700000000000020828, -0.5000000000000000000 ) ) ;
#2797 = VERTEX_POINT ( 'NONE', #7754 ) ;
#2798 = ORIENTED_EDGE ( 'NONE', *, *, #10793, .F. ) ;
#2799 = PRESENTATION_STYLE_ASSIGNMENT (( #10657 ) ) ;
#2800 = ORIENTED_EDGE ( 'NONE', *, *, #1923, .T. ) ;
#2801 = LINE ( 'NONE', #3782, #5928 ) ;
#2802 = COLOUR_RGB ( '',0.2235294117647058654, 0.2235294117647058654, 0.2235294117647058654 ) ;
#2803 = FACE_OUTER_BOUND ( 'NONE', #11974, .T. ) ;
#2804 = CARTESIAN_POINT ( 'NONE',  ( 5.575000000000005507, -0.4700000000000008060, 3.359999999999999876 ) ) ;
#2805 = ORIENTED_EDGE ( 'NONE', *, *, #3179, .F. ) ;
#2806 =( NAMED_UNIT ( * ) PLANE_ANGLE_UNIT ( ) SI_UNIT ( $, .RADIAN. ) );
#2807 = CARTESIAN_POINT ( 'NONE',  ( 6.324999999999997513, -8.920000000000001705, 3.859999999999999876 ) ) ;
#2808 = VECTOR ( 'NONE', #4556, 1000.000000000000000 ) ;
#2809 = ORIENTED_EDGE ( 'NONE', *, *, #3978, .T. ) ;
#2810 = ORIENTED_EDGE ( 'NONE', *, *, #3078, .T. ) ;
#2811 = SURFACE_SIDE_STYLE ('',( #4047 ) ) ;
#2812 = EDGE_CURVE ( 'NONE', #7629, #84, #2987, .T. ) ;
#2813 = SURFACE_STYLE_USAGE ( .BOTH. , #10607 ) ;
#2814 = DIRECTION ( 'NONE',  ( 0.000000000000000000, -0.000000000000000000, 1.000000000000000000 ) ) ;
#2815 = ORIENTED_EDGE ( 'NONE', *, *, #2731, .T. ) ;
#2816 = DIRECTION ( 'NONE',  ( -1.000000000000000000, -0.000000000000000000, -0.000000000000000000 ) ) ;
#2817 = ORIENTED_EDGE ( 'NONE', *, *, #11875, .F. ) ;
#2818 = VECTOR ( 'NONE', #4290, 1000.000000000000000 ) ;
#2819 = DIRECTION ( 'NONE',  ( 1.000000000000000000, 0.000000000000000000, -0.000000000000000000 ) ) ;
#2820 = SURFACE_STYLE_FILL_AREA ( #8583 ) ;
#2821 = CARTESIAN_POINT ( 'NONE',  ( 3.329268292682923569, -7.464891082923399424, 0.01000000000000000021 ) ) ;
#2823 = STYLED_ITEM ( 'NONE', ( #11221 ), #4208 ) ;
#2822 = CARTESIAN_POINT ( 'NONE',  ( 5.575000000000008171, -0.4700000000000008060, 0.5000000000000004441 ) ) ;
#2824 = EDGE_CURVE ( 'NONE', #2075, #7508, #10467, .T. ) ;
#2825 = LINE ( 'NONE', #3927, #3353 ) ;
#2826 = ADVANCED_FACE ( 'NONE', ( #3964 ), #6780, .F. ) ;
#2827 = UNCERTAINTY_MEASURE_WITH_UNIT (LENGTH_MEASURE( 1.000000000000000082E-05 ), #12372, 'distance_accuracy_value', 'NONE');
#2828 =( GEOMETRIC_REPRESENTATION_CONTEXT ( 3 ) GLOBAL_UNCERTAINTY_ASSIGNED_CONTEXT ( ( #11797 ) ) GLOBAL_UNIT_ASSIGNED_CONTEXT ( ( #7281, #6453, #12172 ) ) REPRESENTATION_CONTEXT ( 'NONE', 'WORKASPACE' ) );
#2829 = EDGE_LOOP ( 'NONE', ( #11985, #4062, #4120 ) ) ;
#2830 = MECHANICAL_DESIGN_GEOMETRIC_PRESENTATION_REPRESENTATION (  '', ( #2420 ), #11503 ) ;
#2831 = EDGE_CURVE ( 'NONE', #5312, #1669, #795, .T. ) ;
#2832 =( LENGTH_UNIT ( ) NAMED_UNIT ( * ) SI_UNIT ( .MILLI., .METRE. ) );
#2833 = CARTESIAN_POINT ( 'NONE',  ( -0.1091714849054198355, -7.652406375648344472, 6.776263578034402713E-18 ) ) ;
#2834 = SURFACE_SIDE_STYLE ('',( #3997 ) ) ;
#2835 = DIRECTION ( 'NONE',  ( -1.000000000000000000, 0.000000000000000000, 0.000000000000000000 ) ) ;
#2836 = CARTESIAN_POINT ( 'NONE',  ( 0.3199999999999999512, -7.420000000000000817, 1.709999999999999298 ) ) ;
#2837 =( NAMED_UNIT ( * ) PLANE_ANGLE_UNIT ( ) SI_UNIT ( $, .RADIAN. ) );
#2838 =( NAMED_UNIT ( * ) PLANE_ANGLE_UNIT ( ) SI_UNIT ( $, .RADIAN. ) );
#2839 = DIRECTION ( 'NONE',  ( 0.000000000000000000, -0.000000000000000000, 1.000000000000000000 ) ) ;
#2840 = CARTESIAN_POINT ( 'NONE',  ( 2.680000000000000160, 0.3199999999999995626, 1.370310825858947812 ) ) ;
#2841 = VECTOR ( 'NONE', #7338, 1000.000000000000000 ) ;
#2842 = CARTESIAN_POINT ( 'NONE',  ( 5.575000000000005507, -0.4700000000000008060, 3.359999999999999876 ) ) ;
#2843 = DIRECTION ( 'NONE',  ( 1.000000000000000000, 0.000000000000000000, -0.000000000000000000 ) ) ;
#2844 = EDGE_CURVE ( 'NONE', #7194, #4739, #4670, .T. ) ;
#2845 =( GEOMETRIC_REPRESENTATION_CONTEXT ( 3 ) GLOBAL_UNCERTAINTY_ASSIGNED_CONTEXT ( ( #541 ) ) GLOBAL_UNIT_ASSIGNED_CONTEXT ( ( #963, #4840, #4900 ) ) REPRESENTATION_CONTEXT ( 'NONE', 'WORKASPACE' ) );
#2846 = CARTESIAN_POINT ( 'NONE',  ( -8.577962312940892176, -3.470000000000001528, 0.9299999999999991607 ) ) ;
#2847 = AXIS2_PLACEMENT_3D ( 'NONE', #4833, #3886, #8738 ) ;
#2848 = VERTEX_POINT ( 'NONE', #7572 ) ;
#2849 = LINE ( 'NONE', #4016, #8716 ) ;
#2850 = ORIENTED_EDGE ( 'NONE', *, *, #7203, .F. ) ;
#2851 = PRESENTATION_STYLE_ASSIGNMENT (( #8675 ) ) ;
#2852 = SURFACE_STYLE_FILL_AREA ( #7746 ) ;
#2853 = FACE_OUTER_BOUND ( 'NONE', #928, .T. ) ;
#2854 = SURFACE_SIDE_STYLE ('',( #6655 ) ) ;
#2855 = VERTEX_POINT ( 'NONE', #5674 ) ;
#2856 = CIRCLE ( 'NONE', #4516, 0.8554264934286703870 ) ;
#2857 = SURFACE_STYLE_FILL_AREA ( #3833 ) ;
#2858 = ORIENTED_EDGE ( 'NONE', *, *, #7084, .F. ) ;
#2859 = EDGE_CURVE ( 'NONE', #11563, #9404, #7529, .T. ) ;
#2860 = ORIENTED_EDGE ( 'NONE', *, *, #7340, .F. ) ;
#2861 = CARTESIAN_POINT ( 'NONE',  ( 2.680000000000000160, 0.5354264934286706579, 0.1399999999999999856 ) ) ;
#2862 = EDGE_LOOP ( 'NONE', ( #3647, #7757, #6361, #2079 ) ) ;
#2863 = MECHANICAL_DESIGN_GEOMETRIC_PRESENTATION_REPRESENTATION (  '', ( #8937 ), #10367 ) ;
#2864 = ORIENTED_EDGE ( 'NONE', *, *, #12472, .F. ) ;
#2865 = SURFACE_STYLE_USAGE ( .BOTH. , #7759 ) ;
#2866 = AXIS2_PLACEMENT_3D ( 'NONE', #7132, #1125, #8079 ) ;
#2867 = ORIENTED_EDGE ( 'NONE', *, *, #4420, .T. ) ;
#2868 = DIRECTION ( 'NONE',  ( 0.3363908276654488660, -0.9417224702971435102, 0.000000000000000000 ) ) ;
#2869 = PLANE ( 'NONE',  #2259 ) ;
#2870 = SURFACE_STYLE_FILL_AREA ( #3658 ) ;
#2871 = VECTOR ( 'NONE', #10628, 1000.000000000000000 ) ;
#2872 = CARTESIAN_POINT ( 'NONE',  ( 2.779999999999999805, -7.420000000000000817, 1.709999999999999298 ) ) ;
#2873 = LINE ( 'NONE', #7886, #10061 ) ;
#2874 = PLANE ( 'NONE',  #9049 ) ;
#2875 = VERTEX_POINT ( 'NONE', #2104 ) ;
#2876 =( GEOMETRIC_REPRESENTATION_CONTEXT ( 3 ) GLOBAL_UNCERTAINTY_ASSIGNED_CONTEXT ( ( #5340 ) ) GLOBAL_UNIT_ASSIGNED_CONTEXT ( ( #2655, #12380, #10291 ) ) REPRESENTATION_CONTEXT ( 'NONE', 'WORKASPACE' ) );
#2877 = DIRECTION ( 'NONE',  ( 1.000000000000000000, -6.051360962709794804E-16, 0.000000000000000000 ) ) ;
#2878 = ORIENTED_EDGE ( 'NONE', *, *, #4517, .T. ) ;
#2879 = DIRECTION ( 'NONE',  ( 1.000000000000000000, 0.000000000000000000, -0.000000000000000000 ) ) ;
#2880 = CARTESIAN_POINT ( 'NONE',  ( 2.121951219512192566, -7.492330107313643239, 0.000000000000000000 ) ) ;
#2881 = ORIENTED_EDGE ( 'NONE', *, *, #7089, .F. ) ;
#2882 =( LENGTH_UNIT ( ) NAMED_UNIT ( * ) SI_UNIT ( .MILLI., .METRE. ) );
#2883 = CARTESIAN_POINT ( 'NONE',  ( -0.3199999999999999512, -0.4700000000000016387, 2.245415902488527404 ) ) ;
#2884 = CIRCLE ( 'NONE', #12303, 0.5000000000000000000 ) ;
#2885 = CARTESIAN_POINT ( 'NONE',  ( -5.372500000000004050, -5.372499999999985398, 3.859999999999999876 ) ) ;
#2886 = CARTESIAN_POINT ( 'NONE',  ( 0.8992515774520943861, -7.574940174653470137, 0.01000000000000000021 ) ) ;
#2887 = SURFACE_STYLE_FILL_AREA ( #6684 ) ;
#2888 = CARTESIAN_POINT ( 'NONE',  ( 1.899999999999995914, -0.9700000000000014166, 1.299682133541857576 ) ) ;
#2889 = CARTESIAN_POINT ( 'NONE',  ( -1.825000000000002398, -7.419999999999996376, 3.259999999999999787 ) ) ;
#2890 = EDGE_CURVE ( 'NONE', #2855, #2662, #2339, .T. ) ;
#2891 = EDGE_CURVE ( 'NONE', #8918, #7402, #2373, .T. ) ;
#2892 = CARTESIAN_POINT ( 'NONE',  ( 2.603896141848203616, -7.508946911517773160, 0.01000000000000000021 ) ) ;
#2893 = ORIENTED_EDGE ( 'NONE', *, *, #5560, .T. ) ;
#2894 = UNCERTAINTY_MEASURE_WITH_UNIT (LENGTH_MEASURE( 1.000000000000000082E-05 ), #10982, 'distance_accuracy_value', 'NONE');
#2895 = LINE ( 'NONE', #261, #9269 ) ;
#2896 = FILL_AREA_STYLE_COLOUR ( '', #3281 ) ;
#2897 = PRESENTATION_STYLE_ASSIGNMENT (( #5834 ) ) ;
#2898 = LINE ( 'NONE', #11683, #774 ) ;
#2899 = DIRECTION ( 'NONE',  ( -1.000000000000000000, -0.000000000000000000, -0.000000000000000000 ) ) ;
#2900 = PRESENTATION_STYLE_ASSIGNMENT (( #8666 ) ) ;
#2901 = EDGE_CURVE ( 'NONE', #6200, #99, #10901, .T. ) ;
#2902 = SURFACE_STYLE_USAGE ( .BOTH. , #2960 ) ;
#2903 = DIRECTION ( 'NONE',  ( 0.000000000000000000, -0.000000000000000000, 1.000000000000000000 ) ) ;
#2904 = VECTOR ( 'NONE', #10605, 1000.000000000000000 ) ;
#2905 = PRESENTATION_STYLE_ASSIGNMENT (( #2964 ) ) ;
#2906 = VERTEX_POINT ( 'NONE', #4098 ) ;
#2907 = CARTESIAN_POINT ( 'NONE',  ( 2.176319040626428336, -7.598199072309999913, 0.01000000000000000021 ) ) ;
#2908 = FACE_OUTER_BOUND ( 'NONE', #8379, .T. ) ;
#2909 = PLANE ( 'NONE',  #11651 ) ;
#2910 = CARTESIAN_POINT ( 'NONE',  ( 0.7553052904335133544, -7.482786098639266470, 0.000000000000000000 ) ) ;
#2911 = DIRECTION ( 'NONE',  ( 0.000000000000000000, -1.000000000000000000, 0.000000000000000000 ) ) ;
#2912 = EDGE_CURVE ( 'NONE', #3592, #3730, #10839, .T. ) ;
#2913 = AXIS2_PLACEMENT_3D ( 'NONE', #12127, #4342, #1597 ) ;
#2914 = ORIENTED_EDGE ( 'NONE', *, *, #10794, .F. ) ;
#2915 = AXIS2_PLACEMENT_3D ( 'NONE', #6095, #8876, #7096 ) ;
#2916 = ORIENTED_EDGE ( 'NONE', *, *, #6108, .T. ) ;
#2917 = CARTESIAN_POINT ( 'NONE',  ( 0.000000000000000000, 0.000000000000000000, 3.859999999999999876 ) ) ;
#2918 =( LENGTH_UNIT ( ) NAMED_UNIT ( * ) SI_UNIT ( .MILLI., .METRE. ) );
#2919 = VECTOR ( 'NONE', #7068, 1000.000000000000000 ) ;
#2920 = PRESENTATION_LAYER_ASSIGNMENT (  '', '', ( #6970 ) ) ;
#2921 = ORIENTED_EDGE ( 'NONE', *, *, #822, .F. ) ;
#2922 = ORIENTED_EDGE ( 'NONE', *, *, #7425, .F. ) ;
#2923 = CARTESIAN_POINT ( 'NONE',  ( 7.625000000000000000, -4.884999999999998899, -0.1999999999999986788 ) ) ;
#2924 = EDGE_LOOP ( 'NONE', ( #4291, #1649, #6563, #10411, #1689, #6674, #9121, #3920, #12212, #5597 ) ) ;
#2925 = SURFACE_STYLE_FILL_AREA ( #6510 ) ;
#2926 = FACE_OUTER_BOUND ( 'NONE', #12281, .T. ) ;
#2927 = PRESENTATION_STYLE_ASSIGNMENT (( #3062 ) ) ;
#2928 = EDGE_CURVE ( 'NONE', #1324, #11906, #11767, .T. ) ;
#2929 = FILL_AREA_STYLE ('',( #3907 ) ) ;
#2930 = LINE ( 'NONE', #984, #2554 ) ;
#2931 = STYLED_ITEM ( 'NONE', ( #2977 ), #1018 ) ;
#2932 = SURFACE_STYLE_FILL_AREA ( #6671 ) ;
#2933 = AXIS2_PLACEMENT_3D ( 'NONE', #11919, #11048, #3390 ) ;
#2934 = ORIENTED_EDGE ( 'NONE', *, *, #2740, .F. ) ;
#2935 = FILL_AREA_STYLE ('',( #924 ) ) ;
#2936 = LINE ( 'NONE', #6870, #1980 ) ;
#2937 = DIRECTION ( 'NONE',  ( 0.000000000000000000, 1.000000000000000000, 0.000000000000000000 ) ) ;
#2938 = ORIENTED_EDGE ( 'NONE', *, *, #6017, .T. ) ;
#2939 = CARTESIAN_POINT ( 'NONE',  ( 6.324999999999997513, 1.029999999999999138, 3.859999999999999876 ) ) ;
#2940 = ORIENTED_EDGE ( 'NONE', *, *, #3928, .T. ) ;
#2941 = CARTESIAN_POINT ( 'NONE',  ( -0.3199999999999999512, 2.429999999999997939, -0.5000000000000000000 ) ) ;
#2942 = VECTOR ( 'NONE', #68, 1000.000000000000000 ) ;
#2943 =( LENGTH_UNIT ( ) NAMED_UNIT ( * ) SI_UNIT ( .MILLI., .METRE. ) );
#2944 = LINE ( 'NONE', #253, #11210 ) ;
#2945 = CARTESIAN_POINT ( 'NONE',  ( -2.524999999999993694, -8.220000000000005969, 0.000000000000000000 ) ) ;
#2946 = UNCERTAINTY_MEASURE_WITH_UNIT (LENGTH_MEASURE( 1.000000000000000082E-05 ), #2643, 'distance_accuracy_value', 'NONE');
#2947 = COLOUR_RGB ( '',0.2235294117647058654, 0.2235294117647058654, 0.2235294117647058654 ) ;
#2948 = ORIENTED_EDGE ( 'NONE', *, *, #8167, .T. ) ;
#2949 = SURFACE_SIDE_STYLE ('',( #4943 ) ) ;
#2950 = CARTESIAN_POINT ( 'NONE',  ( -0.1225000760641315189, -7.593963194723815313, 6.776263578034402713E-18 ) ) ;
#2951 = PRESENTATION_STYLE_ASSIGNMENT (( #7844 ) ) ;
#2952 = EDGE_LOOP ( 'NONE', ( #7251, #12324, #3585, #11402 ) ) ;
#2953 =( NAMED_UNIT ( * ) PLANE_ANGLE_UNIT ( ) SI_UNIT ( $, .RADIAN. ) );
#2954 = CARTESIAN_POINT ( 'NONE',  ( 0.4264923439298013985, -7.752087241129173023, 6.776263578034402713E-18 ) ) ;
#2955 = FILL_AREA_STYLE_COLOUR ( '', #2757 ) ;
#2956 = VECTOR ( 'NONE', #4939, 1000.000000000000000 ) ;
#2957 = CARTESIAN_POINT ( 'NONE',  ( 0.8500000000000009770, 0.5299999999999985834, 3.360000000000000320 ) ) ;
#2958 = DIRECTION ( 'NONE',  ( 1.596371296911168195E-16, -1.000000000000000000, 1.452410541150706185E-31 ) ) ;
#2959 = CARTESIAN_POINT ( 'NONE',  ( 2.121951219512192566, -7.626476448777058437, 0.000000000000000000 ) ) ;
#2960 = SURFACE_SIDE_STYLE ('',( #6757 ) ) ;
#2961 = EDGE_CURVE ( 'NONE', #7508, #3773, #9917, .T. ) ;
#2962 = AXIS2_PLACEMENT_3D ( 'NONE', #396, #5395, #5264 ) ;
#2963 = VECTOR ( 'NONE', #10756, 1000.000000000000000 ) ;
#2964 = SURFACE_STYLE_USAGE ( .BOTH. , #10574 ) ;
#2965 =( GEOMETRIC_REPRESENTATION_CONTEXT ( 3 ) GLOBAL_UNCERTAINTY_ASSIGNED_CONTEXT ( ( #2258 ) ) GLOBAL_UNIT_ASSIGNED_CONTEXT ( ( #8803, #8602, #7617 ) ) REPRESENTATION_CONTEXT ( 'NONE', 'WORKASPACE' ) );
#2966 = EDGE_CURVE ( 'NONE', #5757, #3258, #9005, .T. ) ;
#2967 = COLOUR_RGB ( '',0.2235294117647058654, 0.2235294117647058654, 0.2235294117647058654 ) ;
#2968 = VECTOR ( 'NONE', #10341, 1000.000000000000000 ) ;
#2969 = EDGE_CURVE ( 'NONE', #8811, #503, #6102, .T. ) ;
#2970 = ORIENTED_EDGE ( 'NONE', *, *, #12122, .T. ) ;
#2971 = CARTESIAN_POINT ( 'NONE',  ( 2.263368450326486148, -7.570984766884983230, 0.01000000000000000021 ) ) ;
#2972 = FILL_AREA_STYLE ('',( #277 ) ) ;
#2973 = PRESENTATION_LAYER_ASSIGNMENT (  '', '', ( #6434 ) ) ;
#2974 = COLOUR_RGB ( '',0.2235294117647058654, 0.2235294117647058654, 0.2235294117647058654 ) ;
#2975 = SURFACE_STYLE_FILL_AREA ( #960 ) ;
#2976 = FILL_AREA_STYLE_COLOUR ( '', #11003 ) ;
#2977 = PRESENTATION_STYLE_ASSIGNMENT (( #3830 ) ) ;
#2978 = DIRECTION ( 'NONE',  ( 0.000000000000000000, 0.000000000000000000, 1.000000000000000000 ) ) ;
#2979 = VECTOR ( 'NONE', #8748, 1000.000000000000000 ) ;
#2980 = ORIENTED_EDGE ( 'NONE', *, *, #7366, .F. ) ;
#2981 = VECTOR ( 'NONE', #1611, 1000.000000000000000 ) ;
#2982 = EDGE_CURVE ( 'NONE', #9708, #9584, #1897, .T. ) ;
#2983 = ADVANCED_FACE ( 'NONE', ( #347 ), #5351, .T. ) ;
#2984 = ORIENTED_EDGE ( 'NONE', *, *, #12326, .T. ) ;
#2985 = COLOUR_RGB ( '',0.2235294117647058654, 0.2235294117647058654, 0.2235294117647058654 ) ;
#2986 = ORIENTED_EDGE ( 'NONE', *, *, #10870, .T. ) ;
#2987 = LINE ( 'NONE', #34, #2704 ) ;
#2988 = DIRECTION ( 'NONE',  ( -1.000000000000000000, -0.000000000000000000, -0.000000000000000000 ) ) ;
#2989 = EDGE_CURVE ( 'NONE', #2797, #8274, #5481, .T. ) ;
#2990 = EDGE_CURVE ( 'NONE', #31, #6011, #1648, .T. ) ;
#2991 = LINE ( 'NONE', #2038, #11687 ) ;
#2992 = ORIENTED_EDGE ( 'NONE', *, *, #10264, .F. ) ;
#2993 = VERTEX_POINT ( 'NONE', #7300 ) ;
#2994 = STYLED_ITEM ( 'NONE', ( #1055 ), #7097 ) ;
#2995 = LINE ( 'NONE', #7043, #5824 ) ;
#2996 = EDGE_LOOP ( 'NONE', ( #6783, #1813, #1178, #9273, #8783, #9292 ) ) ;
#2997 = DIRECTION ( 'NONE',  ( 0.000000000000000000, -1.000000000000000000, 1.734723475976807341E-16 ) ) ;
#2998 = CARTESIAN_POINT ( 'NONE',  ( -3.903127820947815962E-15, -0.9700000000000020828, -0.5000000000000000000 ) ) ;
#2999 = CARTESIAN_POINT ( 'NONE',  ( 2.273613317146587764, -8.358822771911096794, 6.776263578034402713E-18 ) ) ;
#3000 = PRESENTATION_STYLE_ASSIGNMENT (( #5114 ) ) ;
#3001 = SURFACE_STYLE_USAGE ( .BOTH. , #4923 ) ;
#3002 = VECTOR ( 'NONE', #8177, 1000.000000000000000 ) ;
#3003 = ORIENTED_EDGE ( 'NONE', *, *, #6315, .T. ) ;
#3004 = CARTESIAN_POINT ( 'NONE',  ( 5.224999999999989875, -4.884999999999999787, -0.09862792926813598871 ) ) ;
#3005 = DIRECTION ( 'NONE',  ( 0.000000000000000000, 0.000000000000000000, -1.000000000000000000 ) ) ;
#3006 = ADVANCED_FACE ( 'NONE', ( #535 ), #4467, .T. ) ;
#3007 =( NAMED_UNIT ( * ) PLANE_ANGLE_UNIT ( ) SI_UNIT ( $, .RADIAN. ) );
#3008 = ORIENTED_EDGE ( 'NONE', *, *, #10793, .T. ) ;
#3009 = CARTESIAN_POINT ( 'NONE',  ( 1.792682926829265666, -8.013671570728277516, 0.01000000000000000021 ) ) ;
#3010 = VECTOR ( 'NONE', #6932, 1000.000000000000000 ) ;
#3011 = ORIENTED_EDGE ( 'NONE', *, *, #4140, .T. ) ;
#3012 = PRESENTATION_STYLE_ASSIGNMENT (( #994 ) ) ;
#3013 = SURFACE_STYLE_USAGE ( .BOTH. , #7774 ) ;
#3014 = DIRECTION ( 'NONE',  ( 1.000000000000000000, 1.734723475976806700E-15, 0.000000000000000000 ) ) ;
#3015 = LINE ( 'NONE', #8711, #892 ) ;
#3016 = DIRECTION ( 'NONE',  ( 0.000000000000000000, 1.000000000000000000, -0.000000000000000000 ) ) ;
#3017 = DIRECTION ( 'NONE',  ( -1.000000000000000000, -1.348230680810990322E-16, 0.000000000000000000 ) ) ;
#3018 = PLANE ( 'NONE',  #8618 ) ;
#3019 = FILL_AREA_STYLE_COLOUR ( '', #10522 ) ;
#3020 = LINE ( 'NONE', #11674, #558 ) ;
#3021 = MECHANICAL_DESIGN_GEOMETRIC_PRESENTATION_REPRESENTATION (  '', ( #11485 ), #7066 ) ;
#3022 = ORIENTED_EDGE ( 'NONE', *, *, #2151, .T. ) ;
#3023 = EDGE_CURVE ( 'NONE', #4845, #6660, #9400, .T. ) ;
#3024 = PRESENTATION_LAYER_ASSIGNMENT (  '', '', ( #8479 ) ) ;
#3025 = FACE_OUTER_BOUND ( 'NONE', #9406, .T. ) ;
#3026 = CARTESIAN_POINT ( 'NONE',  ( 5.626372070731854080, -4.884999999999999787, -0.1999999999999987899 ) ) ;
#3027 = ORIENTED_EDGE ( 'NONE', *, *, #10322, .T. ) ;
#3028 = UNCERTAINTY_MEASURE_WITH_UNIT (LENGTH_MEASURE( 1.000000000000000082E-05 ), #962, 'distance_accuracy_value', 'NONE');
#3029 = PRESENTATION_LAYER_ASSIGNMENT (  '', '', ( #10918 ) ) ;
#3030 = DIRECTION ( 'NONE',  ( -1.000000000000000000, -0.000000000000000000, -0.000000000000000000 ) ) ;
#3031 = CARTESIAN_POINT ( 'NONE',  ( 0.3986925413281797725, -7.847054861497317013, 0.01000000000000000021 ) ) ;
#3032 = FILL_AREA_STYLE ('',( #6204 ) ) ;
#3033 = CARTESIAN_POINT ( 'NONE',  ( 3.350000000000000977, -0.4700000000000016387, 3.360000000000000320 ) ) ;
#3034 = SURFACE_SIDE_STYLE ('',( #207 ) ) ;
#3035 = PRESENTATION_STYLE_ASSIGNMENT (( #4006 ) ) ;
#3036 = COLOUR_RGB ( '',0.6470588235294117974, 0.6196078431372549211, 0.5882352941176470784 ) ;
#3037 = COLOUR_RGB ( '',0.6470588235294117974, 0.6196078431372549211, 0.5882352941176470784 ) ;
#3038 = CARTESIAN_POINT ( 'NONE',  ( -0.3500000000000004774, -0.4700000000000016942, 0.5000000000000004441 ) ) ;
#3039 = ORIENTED_EDGE ( 'NONE', *, *, #6555, .F. ) ;
#3040 = FILL_AREA_STYLE_COLOUR ( '', #6215 ) ;
#3041 = COLOUR_RGB ( '',0.6470588235294117974, 0.6196078431372549211, 0.5882352941176470784 ) ;
#3042 = DIRECTION ( 'NONE',  ( 0.000000000000000000, -1.000000000000000000, 0.000000000000000000 ) ) ;
#3043 = MECHANICAL_DESIGN_GEOMETRIC_PRESENTATION_REPRESENTATION (  '', ( #5288 ), #7906 ) ;
#3044 = PLANE ( 'NONE',  #9264 ) ;
#3045 = CARTESIAN_POINT ( 'NONE',  ( 2.416686677663277827, -8.366349023671320495, 0.000000000000000000 ) ) ;
#3046 = CARTESIAN_POINT ( 'NONE',  ( -7.806255641895631925E-15, -7.419999999999999929, 0.000000000000000000 ) ) ;
#3047 = LINE ( 'NONE', #4087, #5232 ) ;
#3048 = CARTESIAN_POINT ( 'NONE',  ( -5.010077000835909011, 1.029999999999998472, 2.860000000000000320 ) ) ;
#3049 = ORIENTED_EDGE ( 'NONE', *, *, #2200, .T. ) ;
#3050 = STYLED_ITEM ( 'NONE', ( #1279 ), #1076 ) ;
#3051 = ORIENTED_EDGE ( 'NONE', *, *, #3778, .F. ) ;
#3052 = VECTOR ( 'NONE', #6842, 1000.000000000000000 ) ;
#3053 = ORIENTED_EDGE ( 'NONE', *, *, #4324, .T. ) ;
#3054 = CARTESIAN_POINT ( 'NONE',  ( 2.722789633655546382, -7.598141589716255417, 0.01000000000000000021 ) ) ;
#3055 = CARTESIAN_POINT ( 'NONE',  ( 3.319999999999999840, -0.5596891741410529031, 2.249999999999999556 ) ) ;
#3056 = CARTESIAN_POINT ( 'NONE',  ( 2.383631664902990721, -8.476928201064225732, 0.01000000000000000021 ) ) ;
#3057 = EDGE_LOOP ( 'NONE', ( #802, #2763, #2403, #4675 ) ) ;
#3058 = ORIENTED_EDGE ( 'NONE', *, *, #4897, .F. ) ;
#3059 = ADVANCED_FACE ( 'NONE', ( #1418 ), #3354, .F. ) ;
#3060 = EDGE_CURVE ( 'NONE', #10465, #4595, #8718, .T. ) ;
#3061 =( LENGTH_UNIT ( ) NAMED_UNIT ( * ) SI_UNIT ( .MILLI., .METRE. ) );
#3062 = SURFACE_STYLE_USAGE ( .BOTH. , #11713 ) ;
#3063 = VECTOR ( 'NONE', #9376, 1000.000000000000000 ) ;
#3064 = FACE_OUTER_BOUND ( 'NONE', #966, .T. ) ;
#3065 = ADVANCED_FACE ( 'NONE', ( #4131 ), #11739, .F. ) ;
#3066 = CARTESIAN_POINT ( 'NONE',  ( -0.3499999999999989786, -0.4700000000000016387, 3.360000000000000320 ) ) ;
#3067 = EDGE_LOOP ( 'NONE', ( #1394, #2172, #10853, #1650 ) ) ;
#3068 = VECTOR ( 'NONE', #3720, 1000.000000000000000 ) ;
#3069 = MECHANICAL_DESIGN_GEOMETRIC_PRESENTATION_REPRESENTATION (  '', ( #11536 ), #9965 ) ;
#3070 = FILL_AREA_STYLE ('',( #990 ) ) ;
#3071 = SURFACE_STYLE_FILL_AREA ( #4050 ) ;
#3072 = VERTEX_POINT ( 'NONE', #5758 ) ;
#3073 = CARTESIAN_POINT ( 'NONE',  ( -2.524999999999990585, -0.9700000000000011946, 1.329999999999998739 ) ) ;
#3074 = CARTESIAN_POINT ( 'NONE',  ( 0.3500000000000000888, -0.4700000000000016387, 0.4999999999999970024 ) ) ;
#3075 = DIRECTION ( 'NONE',  ( 0.000000000000000000, 2.534880976481962484E-16, -1.000000000000000000 ) ) ;
#3076 = DIRECTION ( 'NONE',  ( 0.000000000000000000, -0.000000000000000000, -1.000000000000000000 ) ) ;
#3077 = LINE ( 'NONE', #5068, #3138 ) ;
#3078 = EDGE_CURVE ( 'NONE', #8757, #791, #11677, .T. ) ;
#3079 = CARTESIAN_POINT ( 'NONE',  ( 1.439024390243899720, -7.903915473167301364, 0.01000000000000000021 ) ) ;
#3080 = ORIENTED_EDGE ( 'NONE', *, *, #4683, .T. ) ;
#3081 = VECTOR ( 'NONE', #7162, 1000.000000000000000 ) ;
#3082 = LINE ( 'NONE', #11861, #7623 ) ;
#3083 = VECTOR ( 'NONE', #1110, 1000.000000000000000 ) ;
#3084 = LINE ( 'NONE', #11236, #8125 ) ;
#3085 = ORIENTED_EDGE ( 'NONE', *, *, #7475, .F. ) ;
#3086 = FILL_AREA_STYLE ('',( #9820 ) ) ;
#3087 = CARTESIAN_POINT ( 'NONE',  ( 0.8057011334433490379, -7.472202428830459375, 6.776263578034402713E-18 ) ) ;
#3088 = DIRECTION ( 'NONE',  ( -7.675767592817731405E-16, 0.000000000000000000, 1.000000000000000000 ) ) ;
#3089 = DIRECTION ( 'NONE',  ( 0.000000000000000000, -0.000000000000000000, 1.000000000000000000 ) ) ;
#3090 = DIRECTION ( 'NONE',  ( -0.3390537954853694025, -0.9407669869669987861, 0.000000000000000000 ) ) ;
#3091 = LINE ( 'NONE', #9053, #1020 ) ;
#3092 = B_SPLINE_SURFACE_WITH_KNOTS ( 'NONE', 3, 1, ( 
 ( #544, #4477 ),
 ( #9388, #2537 ),
 ( #8428, #5425 ),
 ( #6413, #7434 ),
 ( #3568, #10218 ),
 ( #8304, #786 ),
 ( #1537, #9451 ),
 ( #11324, #12133 ),
 ( #12328, #8245 ),
 ( #6352, #9331 ),
 ( #8491, #2657 ),
 ( #601, #3498 ),
 ( #3697, #1485 ),
 ( #6292, #7372 ),
 ( #7561, #12265 ),
 ( #5549, #11208 ),
 ( #10292, #718 ),
 ( #1604, #658 ),
 ( #4542, #3638 ) ),
 .UNSPECIFIED., .F., .F., .F.,
 ( 4, 1, 1, 1, 1, 1, 1, 1, 1, 1, 1, 1, 1, 1, 1, 1, 4 ),
 ( 2, 2 ),
 ( 0.000000000000000000, 0.07082657255516255912, 0.1381690332797995413, 0.2024753315338425896, 0.2639737544135196678, 0.3233803205980373963, 0.3817976227131848477, 0.4393900745193886626, 0.4969027245459978759, 0.5546621696093694265, 0.6127418784921979666, 0.6715388363911718450, 0.7316557220901976910, 0.7942978116139541855, 0.8594822049793595653, 0.9276813254527898067, 1.000000000000000000 ),
 ( 0.000000000000000000, 1.000000000000000000 ),
 .UNSPECIFIED. ) ;
#3093 = EDGE_CURVE ( 'NONE', #2546, #8646, #4765, .T. ) ;
#3094 = FACE_OUTER_BOUND ( 'NONE', #4239, .T. ) ;
#3095 = SURFACE_STYLE_USAGE ( .BOTH. , #4266 ) ;
#3096 = FILL_AREA_STYLE ('',( #1272 ) ) ;
#3097 = CYLINDRICAL_SURFACE ( 'NONE', #4697, 0.5000000000000000000 ) ;
#3098 =( NAMED_UNIT ( * ) PLANE_ANGLE_UNIT ( ) SI_UNIT ( $, .RADIAN. ) );
#3099 = LINE ( 'NONE', #9836, #5648 ) ;
#3100 = SURFACE_STYLE_USAGE ( .BOTH. , #4391 ) ;
#3101 = DIRECTION ( 'NONE',  ( 1.000000000000000000, 3.938574995911015039E-16, 1.084946484143765172E-16 ) ) ;
#3102 = CARTESIAN_POINT ( 'NONE',  ( 2.680000000000000160, 2.429999999999997939, 0.1399999999999999301 ) ) ;
#3103 = ORIENTED_EDGE ( 'NONE', *, *, #9381, .F. ) ;
#3104 = VECTOR ( 'NONE', #6300, 1000.000000000000000 ) ;
#3105 = FILL_AREA_STYLE ('',( #7750 ) ) ;
#3106 = VECTOR ( 'NONE', #7900, 1000.000000000000000 ) ;
#3107 = ORIENTED_EDGE ( 'NONE', *, *, #5333, .F. ) ;
#3108 = SURFACE_SIDE_STYLE ('',( #8054 ) ) ;
#3109 = CARTESIAN_POINT ( 'NONE',  ( 2.685911678932952906, -7.563968083215018900, 0.01000000000000000021 ) ) ;
#3110 = CARTESIAN_POINT ( 'NONE',  ( 2.544919053398652764, -8.458940851468476296, 0.01000000000000000021 ) ) ;
#3111 = DIRECTION ( 'NONE',  ( 0.000000000000000000, -1.000000000000000000, 0.000000000000000000 ) ) ;
#3112 = VERTEX_POINT ( 'NONE', #6689 ) ;
#3113 = VERTEX_POINT ( 'NONE', #6747 ) ;
#3114 = CARTESIAN_POINT ( 'NONE',  ( 3.350000000000000089, -0.4700000000000016387, 0.000000000000000000 ) ) ;
#3115 = CARTESIAN_POINT ( 'NONE',  ( 5.224999999999986322, 0.000000000000000000, 0.000000000000000000 ) ) ;
#3116 = DIRECTION ( 'NONE',  ( 0.000000000000000000, 0.000000000000000000, 1.000000000000000000 ) ) ;
#3117 = VECTOR ( 'NONE', #6460, 1000.000000000000000 ) ;
#3118 = FACE_BOUND ( 'NONE', #7005, .T. ) ;
#3119 = SURFACE_STYLE_FILL_AREA ( #5866 ) ;
#3120 = CARTESIAN_POINT ( 'NONE',  ( -2.524999999999990585, -2.170000000000001705, 2.529999999999998472 ) ) ;
#3121 = CYLINDRICAL_SURFACE ( 'NONE', #11227, 0.2396891741410517862 ) ;
#3122 =( NAMED_UNIT ( * ) PLANE_ANGLE_UNIT ( ) SI_UNIT ( $, .RADIAN. ) );
#3123 = ADVANCED_FACE ( 'NONE', ( #5072 ), #8915, .F. ) ;
#3124 = ADVANCED_FACE ( 'NONE', ( #8087 ), #9944, .F. ) ;
#3125 = STYLED_ITEM ( 'NONE', ( #10695 ), #10196 ) ;
#3126 = ORIENTED_EDGE ( 'NONE', *, *, #5950, .T. ) ;
#3127 =( NAMED_UNIT ( * ) SI_UNIT ( $, .STERADIAN. ) SOLID_ANGLE_UNIT ( ) );
#3128 = DIRECTION ( 'NONE',  ( -0.9848077530122080203, -0.1736481776669307475, -0.000000000000000000 ) ) ;
#3129 = CARTESIAN_POINT ( 'NONE',  ( 2.414462720088084158, -8.476699047789766794, 0.01000000000000000021 ) ) ;
#3130 = ORIENTED_EDGE ( 'NONE', *, *, #5459, .F. ) ;
#3131 = LINE ( 'NONE', #5246, #11701 ) ;
#3132 = EDGE_CURVE ( 'NONE', #1935, #1865, #2711, .T. ) ;
#3133 = DIRECTION ( 'NONE',  ( -7.675767592817732391E-16, 0.000000000000000000, 1.000000000000000000 ) ) ;
#3134 = DIRECTION ( 'NONE',  ( 0.000000000000000000, 0.000000000000000000, 1.000000000000000000 ) ) ;
#3135 = CARTESIAN_POINT ( 'NONE',  ( 6.324999999999998401, -0.9700000000000020828, -0.5000000000000000000 ) ) ;
#3136 = FILL_AREA_STYLE ('',( #7903 ) ) ;
#3137 = DIRECTION ( 'NONE',  ( 8.537024980200821325E-17, 0.000000000000000000, -1.000000000000000000 ) ) ;
#3138 = VECTOR ( 'NONE', #8910, 1000.000000000000000 ) ;
#3139 =( NAMED_UNIT ( * ) PLANE_ANGLE_UNIT ( ) SI_UNIT ( $, .RADIAN. ) );
#3140 = EDGE_CURVE ( 'NONE', #10234, #12321, #5585, .T. ) ;
#3141 = EDGE_LOOP ( 'NONE', ( #8308, #8625, #1709, #8853 ) ) ;
#3142 = PRESENTATION_LAYER_ASSIGNMENT (  '', '', ( #6581 ) ) ;
#3143 = SURFACE_STYLE_FILL_AREA ( #320 ) ;
#3144 = EDGE_CURVE ( 'NONE', #4770, #6365, #11860, .T. ) ;
#3145 = ORIENTED_EDGE ( 'NONE', *, *, #2093, .T. ) ;
#3146 = UNCERTAINTY_MEASURE_WITH_UNIT (LENGTH_MEASURE( 1.000000000000000082E-05 ), #5711, 'distance_accuracy_value', 'NONE');
#3147 = CARTESIAN_POINT ( 'NONE',  ( 0.3199999999999999512, -6.852871818038222429, 2.249999999999999556 ) ) ;
#3148 = CARTESIAN_POINT ( 'NONE',  ( 0.3986925413281797725, -7.847054861497317013, 6.776263578034402713E-18 ) ) ;
#3149 = PLANE ( 'NONE',  #363 ) ;
#3150 = DIRECTION ( 'NONE',  ( 0.000000000000000000, 0.000000000000000000, -1.000000000000000000 ) ) ;
#3151 = DIRECTION ( 'NONE',  ( 0.000000000000000000, 0.000000000000000000, -1.000000000000000000 ) ) ;
#3152 = DIRECTION ( 'NONE',  ( -1.000000000000000000, -0.000000000000000000, -0.000000000000000000 ) ) ;
#3153 = LINE ( 'NONE', #7017, #5091 ) ;
#3154 = STYLED_ITEM ( 'NONE', ( #6146 ), #10897 ) ;
#3155 = MECHANICAL_DESIGN_GEOMETRIC_PRESENTATION_REPRESENTATION (  '', ( #3125 ), #3787 ) ;
#3156 = STYLED_ITEM ( 'NONE', ( #7145 ), #8208 ) ;
#3157 = CARTESIAN_POINT ( 'NONE',  ( -2.575000000000001954, 0.4299999999999985500, 2.529999999999999361 ) ) ;
#3158 = PRESENTATION_STYLE_ASSIGNMENT (( #6960 ) ) ;
#3159 = VECTOR ( 'NONE', #10436, 1000.000000000000000 ) ;
#3160 = ORIENTED_EDGE ( 'NONE', *, *, #6330, .F. ) ;
#3161 = FACE_OUTER_BOUND ( 'NONE', #9444, .T. ) ;
#3162 = PRESENTATION_STYLE_ASSIGNMENT (( #9771 ) ) ;
#3163 = FACE_OUTER_BOUND ( 'NONE', #1097, .T. ) ;
#3164 = PRESENTATION_LAYER_ASSIGNMENT (  '', '', ( #2750 ) ) ;
#3165 = CARTESIAN_POINT ( 'NONE',  ( 2.603896141848203616, -7.508946911517773160, 0.000000000000000000 ) ) ;
#3166 = CARTESIAN_POINT ( 'NONE',  ( -8.577962312940892176, -3.470000000000001528, 0.9299999999999991607 ) ) ;
#3167 =( NAMED_UNIT ( * ) SI_UNIT ( $, .STERADIAN. ) SOLID_ANGLE_UNIT ( ) );
#3168 = DIRECTION ( 'NONE',  ( 1.371322905910519660E-16, -1.000000000000000000, -0.000000000000000000 ) ) ;
#3169 = MECHANICAL_DESIGN_GEOMETRIC_PRESENTATION_REPRESENTATION (  '', ( #12238 ), #10258 ) ;
#3170 = ORIENTED_EDGE ( 'NONE', *, *, #7665, .F. ) ;
#3171 = COLOUR_RGB ( '',0.2235294117647058654, 0.2235294117647058654, 0.2235294117647058654 ) ;
#3172 = DIRECTION ( 'NONE',  ( 1.000000000000000000, 0.000000000000000000, 0.000000000000000000 ) ) ;
#3173 =( GEOMETRIC_REPRESENTATION_CONTEXT ( 3 ) GLOBAL_UNCERTAINTY_ASSIGNED_CONTEXT ( ( #4946 ) ) GLOBAL_UNIT_ASSIGNED_CONTEXT ( ( #10768, #9959, #4095 ) ) REPRESENTATION_CONTEXT ( 'NONE', 'WORKASPACE' ) );
#3174 = ORIENTED_EDGE ( 'NONE', *, *, #6849, .T. ) ;
#3175 = CARTESIAN_POINT ( 'NONE',  ( 2.652269957356319541, -7.702789085204115871, 0.000000000000000000 ) ) ;
#3176 = CARTESIAN_POINT ( 'NONE',  ( -0.8499999999999999778, 0.5299999999999983613, 0.000000000000000000 ) ) ;
#3177 = CARTESIAN_POINT ( 'NONE',  ( 1.249999999999996225, -0.9700000000000014166, 3.360000000000000320 ) ) ;
#3178 = AXIS2_PLACEMENT_3D ( 'NONE', #10578, #8608, #11567 ) ;
#3179 = EDGE_CURVE ( 'NONE', #1338, #12254, #5389, .T. ) ;
#3180 = VERTEX_POINT ( 'NONE', #4255 ) ;
#3181 = ORIENTED_EDGE ( 'NONE', *, *, #5133, .T. ) ;
#3182 = FACE_OUTER_BOUND ( 'NONE', #4301, .T. ) ;
#3183 = CARTESIAN_POINT ( 'NONE',  ( 2.507191975558292540, -7.589601254141608244, 0.01000000000000000021 ) ) ;
#3184 = CARTESIAN_POINT ( 'NONE',  ( 0.6857453339508735590, -8.296573770795514946, 0.01000000000000000021 ) ) ;
#3185 = AXIS2_PLACEMENT_3D ( 'NONE', #3625, #6339, #11254 ) ;
#3186 = VECTOR ( 'NONE', #11368, 1000.000000000000000 ) ;
#3187 = CARTESIAN_POINT ( 'NONE',  ( 2.342735427769417456, -8.366858966174987700, 6.776263578034402713E-18 ) ) ;
#3188 = DIRECTION ( 'NONE',  ( -1.371322905910519414E-16, 1.000000000000000000, -0.000000000000000000 ) ) ;
#3189 = DIRECTION ( 'NONE',  ( 0.000000000000000000, 0.000000000000000000, -1.000000000000000000 ) ) ;
#3190 = VECTOR ( 'NONE', #2014, 1000.000000000000000 ) ;
#3191 = STYLED_ITEM ( 'NONE', ( #5911 ), #4635 ) ;
#3192 = ORIENTED_EDGE ( 'NONE', *, *, #6246, .T. ) ;
#3193 = CARTESIAN_POINT ( 'NONE',  ( 1.060975609756094951, -7.574647180484375575, 0.01000000000000000021 ) ) ;
#3194 = LINE ( 'NONE', #8134, #8053 ) ;
#3195 = PRESENTATION_LAYER_ASSIGNMENT (  '', '', ( #2994 ) ) ;
#3196 = CARTESIAN_POINT ( 'NONE',  ( 2.864929485618410432, -8.037338674545482675, 6.776263578034402713E-18 ) ) ;
#3197 = DIRECTION ( 'NONE',  ( 1.000000000000000000, 0.000000000000000000, -0.000000000000000000 ) ) ;
#3198 = B_SPLINE_SURFACE_WITH_KNOTS ( 'NONE', 3, 1, ( 
 ( #6205, #8157 ),
 ( #5399, #5268 ),
 ( #400, #10013 ),
 ( #1402, #12111 ),
 ( #7280, #10997 ),
 ( #8098, #12171 ),
 ( #10251, #2450 ),
 ( #574, #8283 ),
 ( #9177, #9242 ),
 ( #3407, #10074 ),
 ( #1578, #5466 ) ),
 .UNSPECIFIED., .F., .F., .F.,
 ( 4, 1, 1, 1, 1, 1, 1, 1, 4 ),
 ( 2, 2 ),
 ( 0.000000000000000000, 0.1124483899088023903, 0.2265276752126795801, 0.3444019493260283560, 0.4658649724874584508, 0.5916594493521161180, 0.7221684870248873400, 0.8586063875549264646, 1.000000000000000000 ),
 ( 0.000000000000000000, 1.000000000000000000 ),
 .UNSPECIFIED. ) ;
#3199 = ORIENTED_EDGE ( 'NONE', *, *, #6171, .F. ) ;
#3200 = CARTESIAN_POINT ( 'NONE',  ( 3.350000000000000089, 0.5299999999999988054, 0.4999999999999970024 ) ) ;
#3201 = LINE ( 'NONE', #4427, #10168 ) ;
#3202 = CARTESIAN_POINT ( 'NONE',  ( 7.624999999999999112, -3.614999999999998881, -0.5000000000000003331 ) ) ;
#3203 = CARTESIAN_POINT ( 'NONE',  ( 1.730000000000000426, -8.920000000000001705, 3.199999999999999734 ) ) ;
#3204 = FACE_OUTER_BOUND ( 'NONE', #3785, .T. ) ;
#3205 = LINE ( 'NONE', #6003, #4687 ) ;
#3206 = VECTOR ( 'NONE', #2286, 1000.000000000000000 ) ;
#3207 = LINE ( 'NONE', #126, #11427 ) ;
#3208 = UNCERTAINTY_MEASURE_WITH_UNIT (LENGTH_MEASURE( 1.000000000000000082E-05 ), #1913, 'distance_accuracy_value', 'NONE');
#3209 = ORIENTED_EDGE ( 'NONE', *, *, #6579, .T. ) ;
#3210 = AXIS2_PLACEMENT_3D ( 'NONE', #9785, #11514, #4971 ) ;
#3211 = DIRECTION ( 'NONE',  ( 1.371322905910519660E-16, -1.000000000000000000, -0.000000000000000000 ) ) ;
#3212 = CARTESIAN_POINT ( 'NONE',  ( 0.000000000000000000, -2.170000000000001705, 0.000000000000000000 ) ) ;
#3213 = CARTESIAN_POINT ( 'NONE',  ( 2.410771652509240415, -7.453940562363999156, 0.01000000000000000021 ) ) ;
#3214 = ORIENTED_EDGE ( 'NONE', *, *, #5788, .F. ) ;
#3215 = CARTESIAN_POINT ( 'NONE',  ( 0.4474525682208887467, -7.708785703275868428, 6.776263578034402713E-18 ) ) ;
#3216 = SURFACE_STYLE_FILL_AREA ( #6203 ) ;
#3217 = EDGE_CURVE ( 'NONE', #11841, #11266, #11800, .T. ) ;
#3218 = ADVANCED_FACE ( 'NONE', ( #2382 ), #6256, .F. ) ;
#3219 = CARTESIAN_POINT ( 'NONE',  ( 1.792682926829265666, -7.574647180484375575, 0.01000000000000000021 ) ) ;
#3220 = CARTESIAN_POINT ( 'NONE',  ( 5.626372070731854080, -4.884999999999999787, -0.1999999999999996503 ) ) ;
#3221 = CARTESIAN_POINT ( 'NONE',  ( 0.5771071374949078292, -7.565741602238193586, 0.01000000000000000021 ) ) ;
#3222 =( LENGTH_UNIT ( ) NAMED_UNIT ( * ) SI_UNIT ( .MILLI., .METRE. ) );
#3223 = EDGE_CURVE ( 'NONE', #8750, #2184, #10370, .T. ) ;
#3224 = VECTOR ( 'NONE', #5741, 1000.000000000000000 ) ;
#3225 = DIRECTION ( 'NONE',  ( -1.000000000000000000, 0.000000000000000000, -0.000000000000000000 ) ) ;
#3226 = VERTEX_POINT ( 'NONE', #1733 ) ;
#3227 = DIRECTION ( 'NONE',  ( 1.000000000000000000, 0.000000000000000000, 0.000000000000000000 ) ) ;
#3228 = DIRECTION ( 'NONE',  ( 8.537024980200821325E-17, 0.000000000000000000, -1.000000000000000000 ) ) ;
#3229 = SURFACE_STYLE_FILL_AREA ( #8741 ) ;
#3230 =( NAMED_UNIT ( * ) SI_UNIT ( $, .STERADIAN. ) SOLID_ANGLE_UNIT ( ) );
#3231 = DIRECTION ( 'NONE',  ( 0.000000000000000000, -1.000000000000000000, 1.097926250618233875E-16 ) ) ;
#3232 = FILL_AREA_STYLE_COLOUR ( '', #12318 ) ;
#3233 = LINE ( 'NONE', #5282, #9969 ) ;
#3234 = ORIENTED_EDGE ( 'NONE', *, *, #907, .T. ) ;
#3235 = STYLED_ITEM ( 'NONE', ( #8196 ), #4183 ) ;
#3236 = EDGE_CURVE ( 'NONE', #4379, #2012, #4566, .T. ) ;
#3237 = DIRECTION ( 'NONE',  ( 9.098200048829411865E-16, -0.000000000000000000, -1.000000000000000000 ) ) ;
#3238 = CARTESIAN_POINT ( 'NONE',  ( -3.324999999999999734, -7.419999999999996376, 3.859999999999999876 ) ) ;
#3239 =( NAMED_UNIT ( * ) PLANE_ANGLE_UNIT ( ) SI_UNIT ( $, .RADIAN. ) );
#3240 = ORIENTED_EDGE ( 'NONE', *, *, #10494, .F. ) ;
#3241 = ORIENTED_EDGE ( 'NONE', *, *, #10078, .F. ) ;
#3242 = FACE_OUTER_BOUND ( 'NONE', #5858, .T. ) ;
#3243 = DIRECTION ( 'NONE',  ( 0.000000000000000000, -1.000000000000000000, 0.000000000000000000 ) ) ;
#3244 = CARTESIAN_POINT ( 'NONE',  ( -0.1308508750816010369, -7.608714196062025259, 0.01000000000000000021 ) ) ;
#3245 = CARTESIAN_POINT ( 'NONE',  ( 0.5496607970485763994, -8.123343031957874771, 0.01000000000000000021 ) ) ;
#3246 = DIRECTION ( 'NONE',  ( 1.000000000000000000, -0.000000000000000000, -0.000000000000000000 ) ) ;
#3247 = MECHANICAL_DESIGN_GEOMETRIC_PRESENTATION_REPRESENTATION (  '', ( #3050 ), #5287 ) ;
#3248 = CARTESIAN_POINT ( 'NONE',  ( 2.325366589781242639E-16, -0.9700000000000014166, 0.000000000000000000 ) ) ;
#3249 = AXIS2_PLACEMENT_3D ( 'NONE', #4119, #4178, #8966 ) ;
#3250 = ADVANCED_FACE ( 'NONE', ( #6619 ), #10424, .T. ) ;
#3251 = VERTEX_POINT ( 'NONE', #9305 ) ;
#3252 = ORIENTED_EDGE ( 'NONE', *, *, #9381, .T. ) ;
#3253 = FILL_AREA_STYLE ('',( #9086 ) ) ;
#3254 = PLANE ( 'NONE',  #10473 ) ;
#3255 = CARTESIAN_POINT ( 'NONE',  ( 2.669761209376146915, -8.401790769062479569, 0.01000000000000000021 ) ) ;
#3256 = ORIENTED_EDGE ( 'NONE', *, *, #6017, .F. ) ;
#3257 = FACE_OUTER_BOUND ( 'NONE', #12453, .T. ) ;
#3258 = VERTEX_POINT ( 'NONE', #11295 ) ;
#3259 = PRESENTATION_LAYER_ASSIGNMENT (  '', '', ( #10146 ) ) ;
#3260 = ORIENTED_EDGE ( 'NONE', *, *, #10634, .F. ) ;
#3261 = SURFACE_STYLE_FILL_AREA ( #6254 ) ;
#3262 = CARTESIAN_POINT ( 'NONE',  ( 1.439024390243899720, -8.013671570728277516, 0.01000000000000000021 ) ) ;
#3263 = DIRECTION ( 'NONE',  ( -0.000000000000000000, -0.000000000000000000, -1.000000000000000000 ) ) ;
#3264 = VECTOR ( 'NONE', #8029, 1000.000000000000000 ) ;
#3265 = EDGE_LOOP ( 'NONE', ( #2690, #11180, #9754, #915 ) ) ;
#3266 = VECTOR ( 'NONE', #5882, 1000.000000000000000 ) ;
#3267 = CARTESIAN_POINT ( 'NONE',  ( 1.414634146341460674, -7.464891082923399424, 0.01000000000000000021 ) ) ;
#3268 = CARTESIAN_POINT ( 'NONE',  ( 0.9134908536585339967, -7.574647180484375575, 0.000000000000000000 ) ) ;
#3269 = CARTESIAN_POINT ( 'NONE',  ( 2.410771652509240415, -7.453940562363999156, 5.082197683525802034E-18 ) ) ;
#3270 = VERTEX_POINT ( 'NONE', #9360 ) ;
#3271 = UNCERTAINTY_MEASURE_WITH_UNIT (LENGTH_MEASURE( 1.000000000000000082E-05 ), #7155, 'distance_accuracy_value', 'NONE');
#3272 = VECTOR ( 'NONE', #9079, 1000.000000000000000 ) ;
#3273 = SURFACE_STYLE_USAGE ( .BOTH. , #2260 ) ;
#3274 = FACE_OUTER_BOUND ( 'NONE', #9751, .T. ) ;
#3275 = PRESENTATION_STYLE_ASSIGNMENT (( #8097 ) ) ;
#3276 = DIRECTION ( 'NONE',  ( -0.000000000000000000, -0.000000000000000000, -1.000000000000000000 ) ) ;
#3277 = LINE ( 'NONE', #1267, #9780 ) ;
#3278 = CARTESIAN_POINT ( 'NONE',  ( -0.1399229991640932591, 1.029999999999998472, 0.5000000000000004441 ) ) ;
#3279 = LINE ( 'NONE', #9119, #7237 ) ;
#3280 = ADVANCED_FACE ( 'NONE', ( #689 ), #12103, .T. ) ;
#3281 = COLOUR_RGB ( '',0.6470588235294117974, 0.6196078431372549211, 0.5882352941176470784 ) ;
#3282 = EDGE_CURVE ( 'NONE', #9643, #1736, #4377, .T. ) ;
#3283 = SURFACE_STYLE_USAGE ( .BOTH. , #11994 ) ;
#3284 = ORIENTED_EDGE ( 'NONE', *, *, #11465, .T. ) ;
#3285 = DIRECTION ( 'NONE',  ( 0.3393303772748774150, 0.9406672605435406620, 0.000000000000000000 ) ) ;
#3286 = CARTESIAN_POINT ( 'NONE',  ( 6.324999999999997513, -8.920000000000001705, 3.859999999999999876 ) ) ;
#3287 = SURFACE_STYLE_FILL_AREA ( #11076 ) ;
#3288 = EDGE_CURVE ( 'NONE', #1679, #4295, #9733, .T. ) ;
#3289 = CARTESIAN_POINT ( 'NONE',  ( 2.559298305749340585, -7.488199655107693253, 0.000000000000000000 ) ) ;
#3290 = CARTESIAN_POINT ( 'NONE',  ( 5.626372070731854080, -4.884999999999999787, -0.1999999999999987899 ) ) ;
#3291 = DIRECTION ( 'NONE',  ( 0.000000000000000000, 1.000000000000000000, -1.734723475976807341E-16 ) ) ;
#3292 = LINE ( 'NONE', #10206, #3081 ) ;
#3293 = ORIENTED_EDGE ( 'NONE', *, *, #11286, .T. ) ;
#3294 = UNCERTAINTY_MEASURE_WITH_UNIT (LENGTH_MEASURE( 1.000000000000000082E-05 ), #5514, 'distance_accuracy_value', 'NONE');
#3295 = DIRECTION ( 'NONE',  ( 1.000000000000000000, 0.000000000000000000, 0.000000000000000000 ) ) ;
#3296 = CARTESIAN_POINT ( 'NONE',  ( 2.865418135081419848, -7.964299901081895783, 0.01000000000000000021 ) ) ;
#3297 = DIRECTION ( 'NONE',  ( 0.000000000000000000, -1.000000000000000000, 0.000000000000000000 ) ) ;
#3298 = CARTESIAN_POINT ( 'NONE',  ( 2.281243180059471243, -8.468624544928847087, 0.01000000000000000021 ) ) ;
#3299 = ORIENTED_EDGE ( 'NONE', *, *, #10983, .T. ) ;
#3300 = VERTEX_POINT ( 'NONE', #3793 ) ;
#3301 = CARTESIAN_POINT ( 'NONE',  ( 0.000000000000000000, -2.170000000000001705, 0.000000000000000000 ) ) ;
#3302 = EDGE_CURVE ( 'NONE', #11500, #1036, #7770, .T. ) ;
#3303 = CARTESIAN_POINT ( 'NONE',  ( 3.319999999999999840, 0.5354264934286704358, 0.3554264934286704425 ) ) ;
#3304 = DIRECTION ( 'NONE',  ( -1.000000000000000000, -1.596371296911167949E-16, 0.000000000000000000 ) ) ;
#3305 = CARTESIAN_POINT ( 'NONE',  ( -0.1282921838072741683, -7.594529676406588159, 0.01000000000000000021 ) ) ;
#3306 = CARTESIAN_POINT ( 'NONE',  ( 0.6857453339508735590, -8.296573770795514946, 0.000000000000000000 ) ) ;
#3307 = CARTESIAN_POINT ( 'NONE',  ( 1.792682926829265666, -8.355134985362424160, 0.000000000000000000 ) ) ;
#3308 = CARTESIAN_POINT ( 'NONE',  ( 0.8116959504727528918, -8.456887631010710393, 0.01000000000000000021 ) ) ;
#3309 = AXIS2_PLACEMENT_3D ( 'NONE', #6241, #10976, #8005 ) ;
#3310 = ORIENTED_EDGE ( 'NONE', *, *, #7081, .T. ) ;
#3311 = CARTESIAN_POINT ( 'NONE',  ( 2.680000000000000160, -0.3199999999999999512, 0.3554264934286701649 ) ) ;
#3312 = CARTESIAN_POINT ( 'NONE',  ( 0.9232088414634121998, -8.464891082923401200, 0.01000000000000000021 ) ) ;
#3313 = SURFACE_STYLE_USAGE ( .BOTH. , #2423 ) ;
#3314 = CARTESIAN_POINT ( 'NONE',  ( 2.834887178074135150, -8.184481978456060958, 6.776263578034402713E-18 ) ) ;
#3315 = STYLED_ITEM ( 'NONE', ( #11083 ), #3059 ) ;
#3316 = ORIENTED_EDGE ( 'NONE', *, *, #10485, .T. ) ;
#3317 = VECTOR ( 'NONE', #1064, 1000.000000000000000 ) ;
#3318 = ORIENTED_EDGE ( 'NONE', *, *, #1051, .T. ) ;
#3319 = EDGE_CURVE ( 'NONE', #364, #1660, #1859, .T. ) ;
#3320 = DIRECTION ( 'NONE',  ( -1.000000000000000000, 0.000000000000000000, 0.000000000000000000 ) ) ;
#3321 = CARTESIAN_POINT ( 'NONE',  ( 2.488525554060014411, -8.353152044216738403, 0.01000000000000000021 ) ) ;
#3322 = ORIENTED_EDGE ( 'NONE', *, *, #5950, .F. ) ;
#3323 =( LENGTH_UNIT ( ) NAMED_UNIT ( * ) SI_UNIT ( .MILLI., .METRE. ) );
#3324 = DIRECTION ( 'NONE',  ( 0.000000000000000000, -1.000000000000000000, 0.000000000000000000 ) ) ;
#3325 = CARTESIAN_POINT ( 'NONE',  ( 1.414634146341460674, -7.574647180484375575, 0.01000000000000000021 ) ) ;
#3326 = ORIENTED_EDGE ( 'NONE', *, *, #374, .T. ) ;
#3327 = DIRECTION ( 'NONE',  ( 1.000000000000000000, 0.000000000000000000, 0.000000000000000000 ) ) ;
#3328 = PRESENTATION_STYLE_ASSIGNMENT (( #11983 ) ) ;
#3329 = AXIS2_PLACEMENT_3D ( 'NONE', #6887, #1137, #67 ) ;
#3330 = AXIS2_PLACEMENT_3D ( 'NONE', #10064, #7138, #2557 ) ;
#3331 = CARTESIAN_POINT ( 'NONE',  ( 2.375340140384345489, -7.453116185985632747, 0.01000000000000000021 ) ) ;
#3332 = ORIENTED_EDGE ( 'NONE', *, *, #8256, .T. ) ;
#3333 = CIRCLE ( 'NONE', #4767, 0.4013720707318635950 ) ;
#3334 = CARTESIAN_POINT ( 'NONE',  ( 2.680000000000000160, 2.429999999999997939, 0.1399999999999999301 ) ) ;
#3335 =( LENGTH_UNIT ( ) NAMED_UNIT ( * ) SI_UNIT ( .MILLI., .METRE. ) );
#3336 = CARTESIAN_POINT ( 'NONE',  ( 2.171813550063521170, -7.474693083109626990, 0.01000000000000000021 ) ) ;
#3337 = CARTESIAN_POINT ( 'NONE',  ( -2.525000000000000355, 1.029999999999998028, -0.5000000000000000000 ) ) ;
#3338 = FILL_AREA_STYLE ('',( #7349 ) ) ;
#3339 = VECTOR ( 'NONE', #1592, 1000.000000000000000 ) ;
#3340 = CARTESIAN_POINT ( 'NONE',  ( -1.825000000000000178, -8.920000000000001705, 3.859999999999999876 ) ) ;
#3341 = ORIENTED_EDGE ( 'NONE', *, *, #5184, .F. ) ;
#3342 = CARTESIAN_POINT ( 'NONE',  ( -0.1076600609756123983, -7.656964253655107022, 0.000000000000000000 ) ) ;
#3343 = FILL_AREA_STYLE_COLOUR ( '', #5840 ) ;
#3344 = CARTESIAN_POINT ( 'NONE',  ( 2.646120521756362365, -7.534147660407422897, 0.000000000000000000 ) ) ;
#3345 =( GEOMETRIC_REPRESENTATION_CONTEXT ( 3 ) GLOBAL_UNCERTAINTY_ASSIGNED_CONTEXT ( ( #647 ) ) GLOBAL_UNIT_ASSIGNED_CONTEXT ( ( #3222, #5270, #8987 ) ) REPRESENTATION_CONTEXT ( 'NONE', 'WORKASPACE' ) );
#3346 = PLANE ( 'NONE',  #6670 ) ;
#3347 = CARTESIAN_POINT ( 'NONE',  ( 0.04153963414633878720, -8.074647180484374687, 0.01000000000000000021 ) ) ;
#3348 = EDGE_CURVE ( 'NONE', #3911, #5312, #6673, .T. ) ;
#3349 = VECTOR ( 'NONE', #10557, 1000.000000000000000 ) ;
#3350 = ORIENTED_EDGE ( 'NONE', *, *, #1682, .F. ) ;
#3351 = ORIENTED_EDGE ( 'NONE', *, *, #12075, .T. ) ;
#3352 = EDGE_CURVE ( 'NONE', #1307, #3582, #6735, .T. ) ;
#3353 = VECTOR ( 'NONE', #3739, 1000.000000000000000 ) ;
#3354 = PLANE ( 'NONE',  #3329 ) ;
#3355 =( GEOMETRIC_REPRESENTATION_CONTEXT ( 3 ) GLOBAL_UNCERTAINTY_ASSIGNED_CONTEXT ( ( #7515 ) ) GLOBAL_UNIT_ASSIGNED_CONTEXT ( ( #5513, #684, #4502 ) ) REPRESENTATION_CONTEXT ( 'NONE', 'WORKASPACE' ) );
#3356 = SURFACE_SIDE_STYLE ('',( #9271 ) ) ;
#3357 = ORIENTED_EDGE ( 'NONE', *, *, #12092, .F. ) ;
#3358 = ORIENTED_EDGE ( 'NONE', *, *, #8167, .F. ) ;
#3359 = LINE ( 'NONE', #3301, #4630 ) ;
#3360 = COLOUR_RGB ( '',0.6470588235294117974, 0.6196078431372549211, 0.5882352941176470784 ) ;
#3361 = SURFACE_SIDE_STYLE ('',( #12015 ) ) ;
#3362 = CARTESIAN_POINT ( 'NONE',  ( 0.4102258999542249263, -8.113454890230364924, 0.01000000000000000021 ) ) ;
#3363 =( NAMED_UNIT ( * ) PLANE_ANGLE_UNIT ( ) SI_UNIT ( $, .RADIAN. ) );
#3364 = CARTESIAN_POINT ( 'NONE',  ( 0.5247353599228331555, -7.970555636622515649, 0.01000000000000000021 ) ) ;
#3365 = EDGE_CURVE ( 'NONE', #8961, #2855, #4926, .T. ) ;
#3366 = CARTESIAN_POINT ( 'NONE',  ( 0.8665540110081393355, -8.463866049619092280, 0.01000000000000000021 ) ) ;
#3367 = ORIENTED_EDGE ( 'NONE', *, *, #3541, .T. ) ;
#3368 = ADVANCED_FACE ( 'NONE', ( #7825 ), #1994, .F. ) ;
#3369 = CARTESIAN_POINT ( 'NONE',  ( 0.5423423636167622464, -7.594590382494044611, 0.01000000000000000021 ) ) ;
#3370 = MECHANICAL_DESIGN_GEOMETRIC_PRESENTATION_REPRESENTATION (  '', ( #6803 ), #11639 ) ;
#3371 =( LENGTH_UNIT ( ) NAMED_UNIT ( * ) SI_UNIT ( .MILLI., .METRE. ) );
#3372 = EDGE_CURVE ( 'NONE', #4755, #6615, #9801, .T. ) ;
#3373 = PRESENTATION_LAYER_ASSIGNMENT (  '', '', ( #2358 ) ) ;
#3374 = EDGE_CURVE ( 'NONE', #10306, #2786, #1121, .T. ) ;
#3375 = AXIS2_PLACEMENT_3D ( 'NONE', #9854, #11833, #1177 ) ;
#3376 = ORIENTED_EDGE ( 'NONE', *, *, #6639, .T. ) ;
#3377 = SURFACE_STYLE_USAGE ( .BOTH. , #11277 ) ;
#3378 = DIRECTION ( 'NONE',  ( -0.000000000000000000, -0.000000000000000000, -1.000000000000000000 ) ) ;
#3379 = CARTESIAN_POINT ( 'NONE',  ( 2.865541110044779405, -8.001876877888548734, 6.776263578034402713E-18 ) ) ;
#3380 = MECHANICAL_DESIGN_GEOMETRIC_PRESENTATION_REPRESENTATION (  '', ( #10869 ), #385 ) ;
#3381 = ORIENTED_EDGE ( 'NONE', *, *, #1281, .F. ) ;
#3382 =( GEOMETRIC_REPRESENTATION_CONTEXT ( 3 ) GLOBAL_UNCERTAINTY_ASSIGNED_CONTEXT ( ( #9386 ) ) GLOBAL_UNIT_ASSIGNED_CONTEXT ( ( #6696, #2838, #7679 ) ) REPRESENTATION_CONTEXT ( 'NONE', 'WORKASPACE' ) );
#3383 = ORIENTED_EDGE ( 'NONE', *, *, #9966, .T. ) ;
#3384 = VECTOR ( 'NONE', #9765, 1000.000000000000000 ) ;
#3385 = DIRECTION ( 'NONE',  ( 0.000000000000000000, 1.000000000000000000, -1.097926250618233875E-16 ) ) ;
#3386 =( NAMED_UNIT ( * ) PLANE_ANGLE_UNIT ( ) SI_UNIT ( $, .RADIAN. ) );
#3387 = LINE ( 'NONE', #11747, #10084 ) ;
#3388 = VECTOR ( 'NONE', #8425, 1000.000000000000000 ) ;
#3389 = VERTEX_POINT ( 'NONE', #9598 ) ;
#3390 = DIRECTION ( 'NONE',  ( 1.000000000000000000, 0.000000000000000000, -0.000000000000000000 ) ) ;
#3391 = PRESENTATION_STYLE_ASSIGNMENT (( #564 ) ) ;
#3392 = VECTOR ( 'NONE', #12095, 1000.000000000000000 ) ;
#3393 = PRESENTATION_LAYER_ASSIGNMENT (  '', '', ( #12458 ) ) ;
#3394 = ADVANCED_FACE ( 'NONE', ( #8835 ), #185, .T. ) ;
#3395 = ORIENTED_EDGE ( 'NONE', *, *, #3372, .T. ) ;
#3396 = VECTOR ( 'NONE', #12118, 1000.000000000000000 ) ;
#3397 = FILL_AREA_STYLE_COLOUR ( '', #9204 ) ;
#3398 = FILL_AREA_STYLE_COLOUR ( '', #10343 ) ;
#3399 = AXIS2_PLACEMENT_3D ( 'NONE', #425, #6111, #11775 ) ;
#3400 = CARTESIAN_POINT ( 'NONE',  ( 2.000000000000000888, -7.419999999999999929, 0.000000000000000000 ) ) ;
#3401 = ORIENTED_EDGE ( 'NONE', *, *, #8960, .T. ) ;
#3402 = DIRECTION ( 'NONE',  ( 1.000000000000000000, 0.000000000000000000, 0.000000000000000000 ) ) ;
#3403 = CARTESIAN_POINT ( 'NONE',  ( 0.000000000000000000, 0.000000000000000000, -0.01000000000000000021 ) ) ;
#3404 = LINE ( 'NONE', #7150, #763 ) ;
#3405 = VECTOR ( 'NONE', #8297, 1000.000000000000000 ) ;
#3406 = DIRECTION ( 'NONE',  ( -2.742645811821040800E-16, -1.000000000000000000, 1.734723475976807341E-16 ) ) ;
#3407 = CARTESIAN_POINT ( 'NONE',  ( 2.383631664902990721, -8.476928201064225732, 0.01000000000000000021 ) ) ;
#3408 = CYLINDRICAL_SURFACE ( 'NONE', #8101, 0.2154264934286704847 ) ;
#3409 = CARTESIAN_POINT ( 'NONE',  ( 2.240852566292971915, -8.351716057189147335, 0.01000000000000000021 ) ) ;
#3410 = EDGE_CURVE ( 'NONE', #90, #810, #10797, .T. ) ;
#3411 = SURFACE_STYLE_USAGE ( .BOTH. , #3542 ) ;
#3412 = CARTESIAN_POINT ( 'NONE',  ( 0.4264396618143128648, -8.161787675069133385, 0.000000000000000000 ) ) ;
#3413 = EDGE_LOOP ( 'NONE', ( #12129, #1967, #7954, #11914, #2445, #7985, #6061, #3160, #3145, #3517 ) ) ;
#3414 = FACE_OUTER_BOUND ( 'NONE', #942, .T. ) ;
#3415 = CYLINDRICAL_SURFACE ( 'NONE', #4263, 0.1013720707318636893 ) ;
#3416 = VECTOR ( 'NONE', #11783, 1000.000000000000000 ) ;
#3417 = CARTESIAN_POINT ( 'NONE',  ( 7.624999999999999112, -3.614999999999998881, -0.2000000000000004274 ) ) ;
#3418 = LINE ( 'NONE', #10951, #11542 ) ;
#3419 = VERTEX_POINT ( 'NONE', #3853 ) ;
#3420 = PRESENTATION_LAYER_ASSIGNMENT (  '', '', ( #11693 ) ) ;
#3421 = UNCERTAINTY_MEASURE_WITH_UNIT (LENGTH_MEASURE( 1.000000000000000082E-05 ), #12110, 'distance_accuracy_value', 'NONE');
#3422 = VECTOR ( 'NONE', #2330, 1000.000000000000000 ) ;
#3423 = DIRECTION ( 'NONE',  ( -1.000000000000000000, -1.596371296911168195E-16, 2.769262765127345574E-32 ) ) ;
#3424 = DIRECTION ( 'NONE',  ( -1.000000000000000000, 0.000000000000000000, -1.445602896647341135E-16 ) ) ;
#3425 = EDGE_LOOP ( 'NONE', ( #11282, #1732, #4561 ) ) ;
#3426 = VECTOR ( 'NONE', #2001, 1000.000000000000000 ) ;
#3427 = ORIENTED_EDGE ( 'NONE', *, *, #7873, .F. ) ;
#3428 = SURFACE_SIDE_STYLE ('',( #12073 ) ) ;
#3429 = UNCERTAINTY_MEASURE_WITH_UNIT (LENGTH_MEASURE( 1.000000000000000082E-05 ), #1943, 'distance_accuracy_value', 'NONE');
#3430 = CARTESIAN_POINT ( 'NONE',  ( 2.121951219512192566, -8.303305717069740410, 1.694065894508600678E-18 ) ) ;
#3431 = CARTESIAN_POINT ( 'NONE',  ( 0.5387214075957215131, -8.325558009807632942, 0.01000000000000000021 ) ) ;
#3432 = FACE_OUTER_BOUND ( 'NONE', #4597, .T. ) ;
#3433 = CARTESIAN_POINT ( 'NONE',  ( 0.6038721632870122091, -8.222671460152133349, 0.000000000000000000 ) ) ;
#3434 = MECHANICAL_DESIGN_GEOMETRIC_PRESENTATION_REPRESENTATION (  '', ( #1625 ), #6466 ) ;
#3435 = CARTESIAN_POINT ( 'NONE',  ( -2.524999999999990585, -3.470000000000001528, 1.329999999999999183 ) ) ;
#3436 = DIRECTION ( 'NONE',  ( 1.000000000000000000, 0.000000000000000000, -0.000000000000000000 ) ) ;
#3437 = PRESENTATION_LAYER_ASSIGNMENT (  '', '', ( #7292 ) ) ;
#3438 = ORIENTED_EDGE ( 'NONE', *, *, #9419, .T. ) ;
#3439 =( GEOMETRIC_REPRESENTATION_CONTEXT ( 3 ) GLOBAL_UNCERTAINTY_ASSIGNED_CONTEXT ( ( #2946 ) ) GLOBAL_UNIT_ASSIGNED_CONTEXT ( ( #2643, #12248, #4586 ) ) REPRESENTATION_CONTEXT ( 'NONE', 'WORKASPACE' ) );
#3440 = ORIENTED_EDGE ( 'NONE', *, *, #6682, .T. ) ;
#3441 = CARTESIAN_POINT ( 'NONE',  ( -0.3199999999999999512, -0.5596891741410529031, 2.249999999999999556 ) ) ;
#3442 = LINE ( 'NONE', #6180, #6839 ) ;
#3443 = ADVANCED_FACE ( 'NONE', ( #7708 ), #4800, .T. ) ;
#3444 = LINE ( 'NONE', #11334, #7273 ) ;
#3445 = EDGE_CURVE ( 'NONE', #9887, #3180, #4238, .T. ) ;
#3446 = ORIENTED_EDGE ( 'NONE', *, *, #8975, .T. ) ;
#3447 = ORIENTED_EDGE ( 'NONE', *, *, #1298, .F. ) ;
#3448 = DIRECTION ( 'NONE',  ( -5.421010862427519212E-16, 1.000000000000000000, 0.000000000000000000 ) ) ;
#3449 = ORIENTED_EDGE ( 'NONE', *, *, #2748, .F. ) ;
#3450 =( NAMED_UNIT ( * ) SI_UNIT ( $, .STERADIAN. ) SOLID_ANGLE_UNIT ( ) );
#3451 =( GEOMETRIC_REPRESENTATION_CONTEXT ( 3 ) GLOBAL_UNCERTAINTY_ASSIGNED_CONTEXT ( ( #7141 ) ) GLOBAL_UNIT_ASSIGNED_CONTEXT ( ( #8017, #2195, #8777 ) ) REPRESENTATION_CONTEXT ( 'NONE', 'WORKASPACE' ) );
#3452 = DIRECTION ( 'NONE',  ( -1.000000000000000000, -3.938574995911015039E-16, 0.000000000000000000 ) ) ;
#3453 = PLANE ( 'NONE',  #11146 ) ;
#3454 =( GEOMETRIC_REPRESENTATION_CONTEXT ( 3 ) GLOBAL_UNCERTAINTY_ASSIGNED_CONTEXT ( ( #134 ) ) GLOBAL_UNIT_ASSIGNED_CONTEXT ( ( #1452, #12043, #7709 ) ) REPRESENTATION_CONTEXT ( 'NONE', 'WORKASPACE' ) );
#3455 = ADVANCED_FACE ( 'NONE', ( #4176 ), #1403, .T. ) ;
#3456 =( NAMED_UNIT ( * ) PLANE_ANGLE_UNIT ( ) SI_UNIT ( $, .RADIAN. ) );
#3457 = VERTEX_POINT ( 'NONE', #7955 ) ;
#3458 = CARTESIAN_POINT ( 'NONE',  ( 2.634706780220303024, -8.261899878878786296, 6.776263578034402713E-18 ) ) ;
#3459 = DIRECTION ( 'NONE',  ( 1.000000000000000000, 1.596371296911168195E-16, -5.321237656370561062E-17 ) ) ;
#3460 = EDGE_LOOP ( 'NONE', ( #11436, #8452, #7450, #6947, #33, #1828, #8787, #2651, #5501, #3367 ) ) ;
#3461 = MECHANICAL_DESIGN_GEOMETRIC_PRESENTATION_REPRESENTATION (  '', ( #8920 ), #2845 ) ;
#3462 = VECTOR ( 'NONE', #5720, 1000.000000000000000 ) ;
#3463 =( NAMED_UNIT ( * ) PLANE_ANGLE_UNIT ( ) SI_UNIT ( $, .RADIAN. ) );
#3464 = CARTESIAN_POINT ( 'NONE',  ( 2.000000000000000888, -7.419999999999999929, -0.5000000000000000000 ) ) ;
#3465 = CARTESIAN_POINT ( 'NONE',  ( -3.325000000000000178, 1.029999999999998028, 3.859999999999999876 ) ) ;
#3466 = ORIENTED_EDGE ( 'NONE', *, *, #9120, .T. ) ;
#3467 = SURFACE_STYLE_FILL_AREA ( #10625 ) ;
#3468 = CARTESIAN_POINT ( 'NONE',  ( 2.731707317073167829, -7.975561814630715674, 0.01000000000000000021 ) ) ;
#3469 = CARTESIAN_POINT ( 'NONE',  ( 2.289654194974143131, -7.454982414738263508, 6.776263578034402713E-18 ) ) ;
#3470 = EDGE_CURVE ( 'NONE', #6489, #9137, #367, .T. ) ;
#3471 = SURFACE_STYLE_USAGE ( .BOTH. , #7347 ) ;
#3472 = CARTESIAN_POINT ( 'NONE',  ( 5.524999999999986144, -2.170000000000001261, 2.529999999999998472 ) ) ;
#3473 = CARTESIAN_POINT ( 'NONE',  ( 2.858590348318216900, -8.089074146431039836, 0.000000000000000000 ) ) ;
#3474 = VECTOR ( 'NONE', #3678, 1000.000000000000000 ) ;
#3475 = CARTESIAN_POINT ( 'NONE',  ( 2.131143549641029367, -8.308483271247780522, 0.01000000000000000021 ) ) ;
#3476 = VECTOR ( 'NONE', #5344, 1000.000000000000000 ) ;
#3477 =( NAMED_UNIT ( * ) SI_UNIT ( $, .STERADIAN. ) SOLID_ANGLE_UNIT ( ) );
#3478 = VECTOR ( 'NONE', #11149, 1000.000000000000000 ) ;
#3479 = CARTESIAN_POINT ( 'NONE',  ( 0.6185953954440538416, -8.387010386216143587, 0.000000000000000000 ) ) ;
#3480 = STYLED_ITEM ( 'NONE', ( #3607 ), #9101 ) ;
#3481 = LINE ( 'NONE', #11007, #11446 ) ;
#3482 = AXIS2_PLACEMENT_3D ( 'NONE', #8907, #11669, #2819 ) ;
#3483 = EDGE_CURVE ( 'NONE', #3419, #9384, #5122, .T. ) ;
#3484 = SURFACE_STYLE_FILL_AREA ( #8348 ) ;
#3485 = SURFACE_SIDE_STYLE ('',( #7420 ) ) ;
#3486 = DIRECTION ( 'NONE',  ( 1.000000000000000000, 0.000000000000000000, 0.000000000000000000 ) ) ;
#3487 =( GEOMETRIC_REPRESENTATION_CONTEXT ( 3 ) GLOBAL_UNCERTAINTY_ASSIGNED_CONTEXT ( ( #11375 ) ) GLOBAL_UNIT_ASSIGNED_CONTEXT ( ( #2724, #5607, #7504 ) ) REPRESENTATION_CONTEXT ( 'NONE', 'WORKASPACE' ) );
#3488 = FILL_AREA_STYLE_COLOUR ( '', #11434 ) ;
#3489 = CARTESIAN_POINT ( 'NONE',  ( -2.524999999999990585, -4.885000000000001563, -0.01000000000000000021 ) ) ;
#3490 = CARTESIAN_POINT ( 'NONE',  ( -0.1165787611304110183, -7.626264129667209346, 0.000000000000000000 ) ) ;
#3491 = CARTESIAN_POINT ( 'NONE',  ( 5.626372070731854080, -3.614999999999999769, -0.09862792926813601646 ) ) ;
#3492 = ORIENTED_EDGE ( 'NONE', *, *, #3848, .F. ) ;
#3493 = DIRECTION ( 'NONE',  ( 0.000000000000000000, 1.000000000000000000, 0.000000000000000000 ) ) ;
#3494 = ORIENTED_EDGE ( 'NONE', *, *, #2668, .T. ) ;
#3495 = SURFACE_SIDE_STYLE ('',( #8120 ) ) ;
#3496 = AXIS2_PLACEMENT_3D ( 'NONE', #2414, #3243, #9856 ) ;
#3497 = SURFACE_SIDE_STYLE ('',( #12132 ) ) ;
#3498 = CARTESIAN_POINT ( 'NONE',  ( 0.5823497974223876827, -8.192297616794013138, 6.776263578034402713E-18 ) ) ;
#3499 = CARTESIAN_POINT ( 'NONE',  ( 0.5496607970485763994, -8.123343031957874771, 0.000000000000000000 ) ) ;
#3500 = CARTESIAN_POINT ( 'NONE',  ( 0.9999999999999961142, -7.419999999999999929, -0.5000000000000000000 ) ) ;
#3501 = LINE ( 'NONE', #6234, #9712 ) ;
#3502 = ORIENTED_EDGE ( 'NONE', *, *, #3302, .T. ) ;
#3503 = FACE_OUTER_BOUND ( 'NONE', #1601, .T. ) ;
#3504 = ORIENTED_EDGE ( 'NONE', *, *, #10280, .T. ) ;
#3505 = EDGE_LOOP ( 'NONE', ( #4842, #1918, #11857, #12174 ) ) ;
#3506 = DIRECTION ( 'NONE',  ( 0.000000000000000000, 0.000000000000000000, -1.000000000000000000 ) ) ;
#3507 = CARTESIAN_POINT ( 'NONE',  ( 2.204662283777382825, -7.587058934135913368, 0.01000000000000000021 ) ) ;
#3508 = LINE ( 'NONE', #1668, #9492 ) ;
#3509 = EDGE_LOOP ( 'NONE', ( #3659, #37, #410, #5546 ) ) ;
#3510 = ORIENTED_EDGE ( 'NONE', *, *, #5516, .F. ) ;
#3511 =( NAMED_UNIT ( * ) PLANE_ANGLE_UNIT ( ) SI_UNIT ( $, .RADIAN. ) );
#3512 = ORIENTED_EDGE ( 'NONE', *, *, #2831, .T. ) ;
#3513 = SURFACE_SIDE_STYLE ('',( #9222 ) ) ;
#3514 = DIRECTION ( 'NONE',  ( -1.000000000000000000, 0.000000000000000000, 0.000000000000000000 ) ) ;
#3515 = DIRECTION ( 'NONE',  ( -0.000000000000000000, -0.000000000000000000, -1.000000000000000000 ) ) ;
#3516 = CARTESIAN_POINT ( 'NONE',  ( 2.657521680017705723, -8.234316519631898146, 0.01000000000000000021 ) ) ;
#3517 = ORIENTED_EDGE ( 'NONE', *, *, #5566, .T. ) ;
#3518 = CARTESIAN_POINT ( 'NONE',  ( 2.552699993788689170, -8.326491318142229758, 6.776263578034402713E-18 ) ) ;
#3519 = CARTESIAN_POINT ( 'NONE',  ( 4.927962312940882939, -3.470000000000001528, 2.929999999999998384 ) ) ;
#3520 = ADVANCED_FACE ( 'NONE', ( #11097 ), #2243, .T. ) ;
#3521 = STYLED_ITEM ( 'NONE', ( #6929 ), #2629 ) ;
#3522 = ORIENTED_EDGE ( 'NONE', *, *, #2054, .F. ) ;
#3523 = ADVANCED_FACE ( 'NONE', ( #4549 ), #10357, .T. ) ;
#3524 = VECTOR ( 'NONE', #11325, 1000.000000000000000 ) ;
#3525 = ADVANCED_FACE ( 'NONE', ( #4421 ), #10303, .T. ) ;
#3526 =( NAMED_UNIT ( * ) PLANE_ANGLE_UNIT ( ) SI_UNIT ( $, .RADIAN. ) );
#3527 = CARTESIAN_POINT ( 'NONE',  ( 2.289654194974143131, -7.454982414738263508, 0.000000000000000000 ) ) ;
#3528 = PRESENTATION_STYLE_ASSIGNMENT (( #11120 ) ) ;
#3529 = ORIENTED_EDGE ( 'NONE', *, *, #10948, .F. ) ;
#3530 = FILL_AREA_STYLE ('',( #1690 ) ) ;
#3531 = CARTESIAN_POINT ( 'NONE',  ( 2.627661367580466312, -7.673825981427565779, 6.776263578034402713E-18 ) ) ;
#3532 = SURFACE_STYLE_USAGE ( .BOTH. , #12169 ) ;
#3533 = STYLED_ITEM ( 'NONE', ( #5286 ), #2983 ) ;
#3534 = LINE ( 'NONE', #5398, #6995 ) ;
#3535 = CARTESIAN_POINT ( 'NONE',  ( 0.000000000000000000, -7.019999999999975593, 5.059999999999999609 ) ) ;
#3536 = MECHANICAL_DESIGN_GEOMETRIC_PRESENTATION_REPRESENTATION (  '', ( #11392 ), #5165 ) ;
#3537 = SURFACE_STYLE_USAGE ( .BOTH. , #1513 ) ;
#3538 = EDGE_CURVE ( 'NONE', #8604, #4685, #2488, .T. ) ;
#3539 = DIRECTION ( 'NONE',  ( -1.000000000000000000, -0.000000000000000000, -0.000000000000000000 ) ) ;
#3540 = EDGE_CURVE ( 'NONE', #8486, #7826, #3444, .T. ) ;
#3541 = EDGE_CURVE ( 'NONE', #6990, #10373, #3649, .T. ) ;
#3542 = SURFACE_SIDE_STYLE ('',( #10140 ) ) ;
#3543 = EDGE_CURVE ( 'NONE', #10845, #5236, #3508, .T. ) ;
#3544 = PRESENTATION_LAYER_ASSIGNMENT (  '', '', ( #514 ) ) ;
#3545 = VECTOR ( 'NONE', #1084, 1000.000000000000000 ) ;
#3546 = CARTESIAN_POINT ( 'NONE',  ( 0.8116959504727528918, -8.456887631010710393, 0.000000000000000000 ) ) ;
#3547 = MECHANICAL_DESIGN_GEOMETRIC_PRESENTATION_REPRESENTATION (  '', ( #9003 ), #4975 ) ;
#3548 = PLANE ( 'NONE',  #2452 ) ;
#3549 = UNCERTAINTY_MEASURE_WITH_UNIT (LENGTH_MEASURE( 1.000000000000000082E-05 ), #406, 'distance_accuracy_value', 'NONE');
#3550 = FILL_AREA_STYLE_COLOUR ( '', #8831 ) ;
#3551 = SURFACE_SIDE_STYLE ('',( #704 ) ) ;
#3552 = DIRECTION ( 'NONE',  ( -1.000000000000000000, 0.000000000000000000, 0.000000000000000000 ) ) ;
#3553 = FILL_AREA_STYLE_COLOUR ( '', #9361 ) ;
#3554 = DIRECTION ( 'NONE',  ( -0.000000000000000000, -1.000000000000000000, 2.861335727341666912E-17 ) ) ;
#3555 = PRESENTATION_LAYER_ASSIGNMENT (  '', '', ( #6176 ) ) ;
#3556 = VECTOR ( 'NONE', #11570, 1000.000000000000000 ) ;
#3557 = DIRECTION ( 'NONE',  ( -1.000000000000000000, -1.371322905910519660E-16, -8.537024980200821325E-17 ) ) ;
#3558 = EDGE_CURVE ( 'NONE', #2364, #6289, #6488, .T. ) ;
#3559 =( LENGTH_UNIT ( ) NAMED_UNIT ( * ) SI_UNIT ( .MILLI., .METRE. ) );
#3560 = FILL_AREA_STYLE ('',( #649 ) ) ;
#3561 = DIRECTION ( 'NONE',  ( 3.938574995911015039E-16, -1.000000000000000000, -0.000000000000000000 ) ) ;
#3562 = ORIENTED_EDGE ( 'NONE', *, *, #7007, .F. ) ;
#3563 =( NAMED_UNIT ( * ) PLANE_ANGLE_UNIT ( ) SI_UNIT ( $, .RADIAN. ) );
#3564 = ORIENTED_EDGE ( 'NONE', *, *, #515, .F. ) ;
#3565 = CARTESIAN_POINT ( 'NONE',  ( -0.1345106590289901760, -7.628147848041240131, 0.000000000000000000 ) ) ;
#3566 =( GEOMETRIC_REPRESENTATION_CONTEXT ( 3 ) GLOBAL_UNCERTAINTY_ASSIGNED_CONTEXT ( ( #801 ) ) GLOBAL_UNIT_ASSIGNED_CONTEXT ( ( #4132, #8916, #7963 ) ) REPRESENTATION_CONTEXT ( 'NONE', 'WORKASPACE' ) );
#3567 = UNCERTAINTY_MEASURE_WITH_UNIT (LENGTH_MEASURE( 1.000000000000000082E-05 ), #9978, 'distance_accuracy_value', 'NONE');
#3568 = CARTESIAN_POINT ( 'NONE',  ( 0.7914018464903549432, -8.341025484806616319, 0.01000000000000000021 ) ) ;
#3569 = CARTESIAN_POINT ( 'NONE',  ( 0.3500000000000010325, -0.4700000000000016387, 3.360000000000000320 ) ) ;
#3570 = CARTESIAN_POINT ( 'NONE',  ( 0.6556353020324801051, -8.275087951582948520, 0.000000000000000000 ) ) ;
#3571 = CARTESIAN_POINT ( 'NONE',  ( 3.301266522128489367, -6.959114650509133249, 1.628733477871510127 ) ) ;
#3572 = PLANE ( 'NONE',  #11706 ) ;
#3573 = ORIENTED_EDGE ( 'NONE', *, *, #5256, .F. ) ;
#3574 =( NAMED_UNIT ( * ) PLANE_ANGLE_UNIT ( ) SI_UNIT ( $, .RADIAN. ) );
#3575 =( GEOMETRIC_REPRESENTATION_CONTEXT ( 3 ) GLOBAL_UNCERTAINTY_ASSIGNED_CONTEXT ( ( #11612 ) ) GLOBAL_UNIT_ASSIGNED_CONTEXT ( ( #1049, #6793, #5803 ) ) REPRESENTATION_CONTEXT ( 'NONE', 'WORKASPACE' ) );
#3576 = ADVANCED_FACE ( 'NONE', ( #5559 ), #2674, .T. ) ;
#3577 = ORIENTED_EDGE ( 'NONE', *, *, #7950, .F. ) ;
#3578 = FILL_AREA_STYLE_COLOUR ( '', #10011 ) ;
#3579 =( NAMED_UNIT ( * ) SI_UNIT ( $, .STERADIAN. ) SOLID_ANGLE_UNIT ( ) );
#3580 = DIRECTION ( 'NONE',  ( 0.000000000000000000, -1.000000000000000000, 3.414809992080328037E-16 ) ) ;
#3581 = ORIENTED_EDGE ( 'NONE', *, *, #457, .F. ) ;
#3582 = VERTEX_POINT ( 'NONE', #614 ) ;
#3583 = DIRECTION ( 'NONE',  ( -1.371322905910519414E-16, 1.000000000000000000, -0.000000000000000000 ) ) ;
#3584 = UNCERTAINTY_MEASURE_WITH_UNIT (LENGTH_MEASURE( 1.000000000000000082E-05 ), #5041, 'distance_accuracy_value', 'NONE');
#3585 = ORIENTED_EDGE ( 'NONE', *, *, #9225, .F. ) ;
#3586 = STYLED_ITEM ( 'NONE', ( #4753 ), #11070 ) ;
#3587 = FILL_AREA_STYLE_COLOUR ( '', #2263 ) ;
#3588 = CARTESIAN_POINT ( 'NONE',  ( 5.524999999999987921, -3.614999999999999769, -0.09862792926813569727 ) ) ;
#3589 = CARTESIAN_POINT ( 'NONE',  ( 5.575000000000008171, -0.4700000000000008060, 0.5000000000000004441 ) ) ;
#3590 = COLOUR_RGB ( '',0.2235294117647058654, 0.2235294117647058654, 0.2235294117647058654 ) ;
#3591 = FILL_AREA_STYLE_COLOUR ( '', #1422 ) ;
#3592 = VERTEX_POINT ( 'NONE', #798 ) ;
#3593 = FACE_OUTER_BOUND ( 'NONE', #5922, .T. ) ;
#3594 = CARTESIAN_POINT ( 'NONE',  ( 0.7557868142339202455, -7.597826340593881511, 6.776263578034402713E-18 ) ) ;
#3595 = VECTOR ( 'NONE', #5325, 1000.000000000000000 ) ;
#3596 =( NAMED_UNIT ( * ) PLANE_ANGLE_UNIT ( ) SI_UNIT ( $, .RADIAN. ) );
#3597 = ORIENTED_EDGE ( 'NONE', *, *, #8941, .T. ) ;
#3598 = COLOUR_RGB ( '',0.2235294117647058654, 0.2235294117647058654, 0.2235294117647058654 ) ;
#3599 = ORIENTED_EDGE ( 'NONE', *, *, #8250, .T. ) ;
#3600 = COLOUR_RGB ( '',0.6470588235294117974, 0.6196078431372549211, 0.5882352941176470784 ) ;
#3601 = PRESENTATION_LAYER_ASSIGNMENT (  '', '', ( #9878 ) ) ;
#3602 = VECTOR ( 'NONE', #2589, 1000.000000000000000 ) ;
#3603 = DIRECTION ( 'NONE',  ( -5.321237656370560445E-17, -7.297135085974559675E-33, -1.000000000000000000 ) ) ;
#3604 = DIRECTION ( 'NONE',  ( 0.000000000000000000, 0.000000000000000000, -1.000000000000000000 ) ) ;
#3605 = MECHANICAL_DESIGN_GEOMETRIC_PRESENTATION_REPRESENTATION (  '', ( #377 ), #959 ) ;
#3606 = PRESENTATION_LAYER_ASSIGNMENT (  '', '', ( #3807 ) ) ;
#3607 = PRESENTATION_STYLE_ASSIGNMENT (( #1571 ) ) ;
#3608 = ORIENTED_EDGE ( 'NONE', *, *, #2249, .F. ) ;
#3609 = PRESENTATION_STYLE_ASSIGNMENT (( #12226 ) ) ;
#3610 =( LENGTH_UNIT ( ) NAMED_UNIT ( * ) SI_UNIT ( .MILLI., .METRE. ) );
#3611 = AXIS2_PLACEMENT_3D ( 'NONE', #7568, #906, #11383 ) ;
#3612 = PLANE ( 'NONE',  #922 ) ;
#3613 = VECTOR ( 'NONE', #10694, 1000.000000000000000 ) ;
#3614 = VECTOR ( 'NONE', #5540, 1000.000000000000000 ) ;
#3615 = DIRECTION ( 'NONE',  ( 0.000000000000000000, 0.000000000000000000, 1.000000000000000000 ) ) ;
#3616 = VECTOR ( 'NONE', #2446, 1000.000000000000000 ) ;
#3617 = STYLED_ITEM ( 'NONE', ( #1756 ), #4779 ) ;
#3618 = SURFACE_STYLE_FILL_AREA ( #1638 ) ;
#3619 = DIRECTION ( 'NONE',  ( 1.000000000000000000, -0.000000000000000000, -0.000000000000000000 ) ) ;
#3620 = VECTOR ( 'NONE', #6798, 1000.000000000000000 ) ;
#3621 = EDGE_CURVE ( 'NONE', #3251, #1427, #1493, .T. ) ;
#3622 = ADVANCED_FACE ( 'NONE', ( #5371 ), #9217, .T. ) ;
#3623 = CARTESIAN_POINT ( 'NONE',  ( 5.574999999999998401, 1.029999999999999138, 2.529999999999999361 ) ) ;
#3624 = FILL_AREA_STYLE ('',( #767 ) ) ;
#3625 = CARTESIAN_POINT ( 'NONE',  ( 0.000000000000000000, 0.5354264934286704358, 0.3554264934286704425 ) ) ;
#3626 = DIRECTION ( 'NONE',  ( -1.000000000000000000, -0.000000000000000000, 0.000000000000000000 ) ) ;
#3627 = DIRECTION ( 'NONE',  ( -0.8944271909999166326, 2.424349759030541109E-16, 0.4472135954999563734 ) ) ;
#3628 = CARTESIAN_POINT ( 'NONE',  ( -3.325000000000000178, -0.9700000000000019718, 1.329999999999998739 ) ) ;
#3629 = EDGE_CURVE ( 'NONE', #1338, #3911, #10713, .T. ) ;
#3630 = FILL_AREA_STYLE ('',( #10045 ) ) ;
#3631 = VERTEX_POINT ( 'NONE', #1785 ) ;
#3632 = CARTESIAN_POINT ( 'NONE',  ( 1.749999999999995559, -0.9700000000000014166, 1.299682133541857576 ) ) ;
#3633 = CARTESIAN_POINT ( 'NONE',  ( 2.816988156574528279, -8.228127203143369428, 0.01000000000000000021 ) ) ;
#3634 = VECTOR ( 'NONE', #11576, 1000.000000000000000 ) ;
#3635 = EDGE_LOOP ( 'NONE', ( #988, #10402, #11676, #10094 ) ) ;
#3636 = VERTEX_POINT ( 'NONE', #8820 ) ;
#3637 = LINE ( 'NONE', #11206, #2085 ) ;
#3638 = CARTESIAN_POINT ( 'NONE',  ( 0.5243902439024364925, -7.955173095118522220, 6.776263578034402713E-18 ) ) ;
#3639 = DIRECTION ( 'NONE',  ( 0.000000000000000000, 0.000000000000000000, -1.000000000000000000 ) ) ;
#3640 = SURFACE_STYLE_FILL_AREA ( #4662 ) ;
#3641 = SURFACE_STYLE_USAGE ( .BOTH. , #7628 ) ;
#3642 = EDGE_CURVE ( 'NONE', #6739, #10991, #10653, .T. ) ;
#3643 = ORIENTED_EDGE ( 'NONE', *, *, #9517, .F. ) ;
#3644 = MECHANICAL_DESIGN_GEOMETRIC_PRESENTATION_REPRESENTATION (  '', ( #5671 ), #4466 ) ;
#3645 = VERTEX_POINT ( 'NONE', #1843 ) ;
#3646 = COLOUR_RGB ( '',0.6470588235294117974, 0.6196078431372549211, 0.5882352941176470784 ) ;
#3647 = ORIENTED_EDGE ( 'NONE', *, *, #822, .T. ) ;
#3648 = DIRECTION ( 'NONE',  ( 0.000000000000000000, 1.000000000000000000, -1.734723475976807341E-16 ) ) ;
#3649 = LINE ( 'NONE', #11159, #5060 ) ;
#3650 = ORIENTED_EDGE ( 'NONE', *, *, #9133, .T. ) ;
#3651 =( GEOMETRIC_REPRESENTATION_CONTEXT ( 3 ) GLOBAL_UNCERTAINTY_ASSIGNED_CONTEXT ( ( #11484 ) ) GLOBAL_UNIT_ASSIGNED_CONTEXT ( ( #118, #2751, #9541 ) ) REPRESENTATION_CONTEXT ( 'NONE', 'WORKASPACE' ) );
#3652 = ORIENTED_EDGE ( 'NONE', *, *, #10384, .T. ) ;
#3653 =( NAMED_UNIT ( * ) SI_UNIT ( $, .STERADIAN. ) SOLID_ANGLE_UNIT ( ) );
#3654 = ORIENTED_EDGE ( 'NONE', *, *, #7099, .F. ) ;
#3655 = FACE_OUTER_BOUND ( 'NONE', #9446, .T. ) ;
#3656 = CARTESIAN_POINT ( 'NONE',  ( 3.319999999999999840, -0.4700000000000011946, 1.592587122936066635 ) ) ;
#3657 = EDGE_CURVE ( 'NONE', #2409, #5853, #7878, .T. ) ;
#3658 = FILL_AREA_STYLE ('',( #3591 ) ) ;
#3659 = ORIENTED_EDGE ( 'NONE', *, *, #6769, .F. ) ;
#3660 = DIRECTION ( 'NONE',  ( 3.938574995911014546E-16, -1.000000000000000000, 3.414809992080328037E-16 ) ) ;
#3661 = CARTESIAN_POINT ( 'NONE',  ( 0.5386171955153211677, -7.826611348270642310, 6.776263578034402713E-18 ) ) ;
#3662 = ORIENTED_EDGE ( 'NONE', *, *, #11251, .T. ) ;
#3663 = ORIENTED_EDGE ( 'NONE', *, *, #11482, .T. ) ;
#3664 = AXIS2_PLACEMENT_3D ( 'NONE', #2760, #3674, #6629 ) ;
#3665 = CARTESIAN_POINT ( 'NONE',  ( 2.999999999999999112, -1.420000000000001039, 0.000000000000000000 ) ) ;
#3666 = EDGE_LOOP ( 'NONE', ( #1303, #913, #11101, #2938 ) ) ;
#3667 = DIRECTION ( 'NONE',  ( 1.000000000000000000, 3.938574995911030323E-16, 0.000000000000000000 ) ) ;
#3668 = AXIS2_PLACEMENT_3D ( 'NONE', #307, #1308, #5174 ) ;
#3669 =( LENGTH_UNIT ( ) NAMED_UNIT ( * ) SI_UNIT ( .MILLI., .METRE. ) );
#3670 = EDGE_LOOP ( 'NONE', ( #5061, #8046, #12039, #1499, #9782, #6778, #1302, #9154, #7863, #10854 ) ) ;
#3671 = DIRECTION ( 'NONE',  ( 1.371322905910519660E-16, -1.000000000000000000, -0.000000000000000000 ) ) ;
#3672 = SURFACE_STYLE_FILL_AREA ( #12227 ) ;
#3673 = LINE ( 'NONE', #9546, #5392 ) ;
#3674 = DIRECTION ( 'NONE',  ( 3.938574995911015532E-16, -1.000000000000000000, -0.000000000000000000 ) ) ;
#3675 = LINE ( 'NONE', #7538, #4401 ) ;
#3676 = VECTOR ( 'NONE', #3285, 1000.000000000000114 ) ;
#3677 = CARTESIAN_POINT ( 'NONE',  ( 0.9040681244844042119, -8.464544777547246213, -0.000000000000000000 ) ) ;
#3678 = DIRECTION ( 'NONE',  ( -1.162683294890621319E-16, 1.000000000000000000, -0.000000000000000000 ) ) ;
#3679 = UNCERTAINTY_MEASURE_WITH_UNIT (LENGTH_MEASURE( 1.000000000000000082E-05 ), #2832, 'distance_accuracy_value', 'NONE');
#3680 = PRESENTATION_STYLE_ASSIGNMENT (( #599 ) ) ;
#3681 = LINE ( 'NONE', #10442, #3910 ) ;
#3682 = COLOUR_RGB ( '',0.2235294117647058654, 0.2235294117647058654, 0.2235294117647058654 ) ;
#3683 = DIRECTION ( 'NONE',  ( 1.000000000000000000, 0.000000000000000000, 0.000000000000000000 ) ) ;
#3684 = SURFACE_SIDE_STYLE ('',( #2586 ) ) ;
#3685 = FACE_OUTER_BOUND ( 'NONE', #5118, .T. ) ;
#3686 = ADVANCED_FACE ( 'NONE', ( #3837 ), #1104, .T. ) ;
#3687 = EDGE_CURVE ( 'NONE', #7298, #9651, #2991, .T. ) ;
#3688 = STYLED_ITEM ( 'NONE', ( #4480 ), #1877 ) ;
#3689 = SURFACE_STYLE_FILL_AREA ( #533 ) ;
#3690 = SURFACE_SIDE_STYLE ('',( #11316 ) ) ;
#3691 = EDGE_CURVE ( 'NONE', #2347, #1154, #5919, .T. ) ;
#3692 = VERTEX_POINT ( 'NONE', #2861 ) ;
#3693 = DIRECTION ( 'NONE',  ( 2.168404344971010594E-16, 0.000000000000000000, 1.000000000000000000 ) ) ;
#3694 = ORIENTED_EDGE ( 'NONE', *, *, #11977, .F. ) ;
#3695 = CARTESIAN_POINT ( 'NONE',  ( -0.4390243902439051049, -8.464891082923399424, 0.01000000000000000021 ) ) ;
#3696 = MECHANICAL_DESIGN_GEOMETRIC_PRESENTATION_REPRESENTATION (  '', ( #9356 ), #850 ) ;
#3697 = CARTESIAN_POINT ( 'NONE',  ( 0.5644682872638053794, -8.159078321302876802, 0.01000000000000000021 ) ) ;
#3698 = LINE ( 'NONE', #12329, #7406 ) ;
#3699 = CARTESIAN_POINT ( 'NONE',  ( 2.227665666505531661, -7.462362745192345770, 0.01000000000000000021 ) ) ;
#3700 =( GEOMETRIC_REPRESENTATION_CONTEXT ( 3 ) GLOBAL_UNCERTAINTY_ASSIGNED_CONTEXT ( ( #2404 ) ) GLOBAL_UNIT_ASSIGNED_CONTEXT ( ( #8013, #11789, #10737 ) ) REPRESENTATION_CONTEXT ( 'NONE', 'WORKASPACE' ) );
#3701 = EDGE_LOOP ( 'NONE', ( #6497, #12392, #9516, #102 ) ) ;
#3702 = AXIS2_PLACEMENT_3D ( 'NONE', #3588, #4617, #3452 ) ;
#3703 = ADVANCED_FACE ( 'NONE', ( #6723 ), #1903, .F. ) ;
#3704 = CARTESIAN_POINT ( 'NONE',  ( 0.3199999999999999512, 0.3199999999999995626, 1.370310825858947812 ) ) ;
#3705 =( GEOMETRIC_REPRESENTATION_CONTEXT ( 3 ) GLOBAL_UNCERTAINTY_ASSIGNED_CONTEXT ( ( #8358 ) ) GLOBAL_UNIT_ASSIGNED_CONTEXT ( ( #28, #12445, #7692 ) ) REPRESENTATION_CONTEXT ( 'NONE', 'WORKASPACE' ) );
#3706 = ORIENTED_EDGE ( 'NONE', *, *, #10109, .F. ) ;
#3707 = ORIENTED_EDGE ( 'NONE', *, *, #12461, .T. ) ;
#3708 = DIRECTION ( 'NONE',  ( -1.000000000000000000, -0.000000000000000000, -0.000000000000000000 ) ) ;
#3709 = LINE ( 'NONE', #6362, #11661 ) ;
#3710 = PRESENTATION_LAYER_ASSIGNMENT (  '', '', ( #7943 ) ) ;
#3711 = EDGE_CURVE ( 'NONE', #7298, #1907, #4282, .T. ) ;
#3712 = SURFACE_STYLE_FILL_AREA ( #2611 ) ;
#3713 = ORIENTED_EDGE ( 'NONE', *, *, #11852, .F. ) ;
#3714 = ORIENTED_EDGE ( 'NONE', *, *, #8812, .F. ) ;
#3715 = FILL_AREA_STYLE_COLOUR ( '', #2974 ) ;
#3716 = UNCERTAINTY_MEASURE_WITH_UNIT (LENGTH_MEASURE( 1.000000000000000082E-05 ), #6208, 'distance_accuracy_value', 'NONE');
#3717 = ORIENTED_EDGE ( 'NONE', *, *, #11108, .T. ) ;
#3718 = B_SPLINE_CURVE_WITH_KNOTS ( 'NONE', 3,
 ( #6186, #6936, #7059, #6873, #11727, #10860, #439 ),
 .UNSPECIFIED., .F., .F.,
 ( 4, 1, 1, 1, 4 ),
 ( 0.000000000000000000, 0.3005411131585096762, 0.5677471464835994741, 0.8000336137369805645, 1.000000000000000000 ),
 .UNSPECIFIED. ) ;
#3719 = VECTOR ( 'NONE', #11376, 1000.000000000000000 ) ;
#3720 = DIRECTION ( 'NONE',  ( -1.000000000000000000, 0.000000000000000000, 0.000000000000000000 ) ) ;
#3721 = LINE ( 'NONE', #11341, #3224 ) ;
#3722 = VERTEX_POINT ( 'NONE', #9973 ) ;
#3723 = CARTESIAN_POINT ( 'NONE',  ( 2.453509083748888209, -8.361301454363555763, 6.776263578034402713E-18 ) ) ;
#3724 = CARTESIAN_POINT ( 'NONE',  ( 0.5504260061891312894, -7.789312601461663377, 6.776263578034402713E-18 ) ) ;
#3725 = CARTESIAN_POINT ( 'NONE',  ( -8.577962312940892176, -0.9700000000000019718, 1.329999999999998739 ) ) ;
#3726 = ORIENTED_EDGE ( 'NONE', *, *, #2283, .T. ) ;
#3727 = EDGE_CURVE ( 'NONE', #8754, #3838, #5977, .T. ) ;
#3728 =( LENGTH_UNIT ( ) NAMED_UNIT ( * ) SI_UNIT ( .MILLI., .METRE. ) );
#3729 = SURFACE_STYLE_FILL_AREA ( #7525 ) ;
#3730 = VERTEX_POINT ( 'NONE', #3177 ) ;
#3731 = CARTESIAN_POINT ( 'NONE',  ( -2.524999999999990585, -3.470000000000000639, 2.929999999999998384 ) ) ;
#3732 =( NAMED_UNIT ( * ) PLANE_ANGLE_UNIT ( ) SI_UNIT ( $, .RADIAN. ) );
#3733 = ORIENTED_EDGE ( 'NONE', *, *, #7407, .T. ) ;
#3734 = CARTESIAN_POINT ( 'NONE',  ( 1.195121951219509704, -7.464891082923399424, 0.000000000000000000 ) ) ;
#3735 = SURFACE_STYLE_USAGE ( .BOTH. , #8463 ) ;
#3736 = FILL_AREA_STYLE_COLOUR ( '', #720 ) ;
#3737 = DIRECTION ( 'NONE',  ( -1.000000000000000000, 2.710505431213760099E-16, -0.000000000000000000 ) ) ;
#3738 = VECTOR ( 'NONE', #11467, 1000.000000000000227 ) ;
#3739 = DIRECTION ( 'NONE',  ( -1.000000000000000000, 0.000000000000000000, 0.000000000000000000 ) ) ;
#3740 = UNCERTAINTY_MEASURE_WITH_UNIT (LENGTH_MEASURE( 1.000000000000000082E-05 ), #7964, 'distance_accuracy_value', 'NONE');
#3741 = ORIENTED_EDGE ( 'NONE', *, *, #403, .T. ) ;
#3742 = ORIENTED_EDGE ( 'NONE', *, *, #7475, .T. ) ;
#3743 = EDGE_CURVE ( 'NONE', #11443, #12285, #12141, .T. ) ;
#3744 = CARTESIAN_POINT ( 'NONE',  ( -0.1236661585365880223, -7.586842302435594654, 6.776263578034402713E-18 ) ) ;
#3745 = COLOUR_RGB ( '',0.6470588235294117974, 0.6196078431372549211, 0.5882352941176470784 ) ;
#3746 = LINE ( 'NONE', #2011, #5112 ) ;
#3747 = STYLED_ITEM ( 'NONE', ( #9960 ), #5443 ) ;
#3748 = LINE ( 'NONE', #5653, #9659 ) ;
#3749 = DIRECTION ( 'NONE',  ( -0.000000000000000000, -0.000000000000000000, -1.000000000000000000 ) ) ;
#3750 = SURFACE_SIDE_STYLE ('',( #9500 ) ) ;
#3751 = DIRECTION ( 'NONE',  ( -1.000000000000000000, 0.000000000000000000, 0.000000000000000000 ) ) ;
#3752 = SURFACE_STYLE_USAGE ( .BOTH. , #6830 ) ;
#3753 = DIRECTION ( 'NONE',  ( 1.000000000000000000, 0.000000000000000000, 0.000000000000000000 ) ) ;
#3754 = SURFACE_SIDE_STYLE ('',( #5658 ) ) ;
#3755 =( GEOMETRIC_REPRESENTATION_CONTEXT ( 3 ) GLOBAL_UNCERTAINTY_ASSIGNED_CONTEXT ( ( #12366 ) ) GLOBAL_UNIT_ASSIGNED_CONTEXT ( ( #5893, #11607, #7842 ) ) REPRESENTATION_CONTEXT ( 'NONE', 'WORKASPACE' ) );
#3756 = AXIS2_PLACEMENT_3D ( 'NONE', #6894, #1146, #3089 ) ;
#3757 = VECTOR ( 'NONE', #11185, 1000.000000000000000 ) ;
#3758 = FILL_AREA_STYLE ('',( #9565 ) ) ;
#3759 = EDGE_LOOP ( 'NONE', ( #11664, #2099, #2234, #7157 ) ) ;
#3760 = CARTESIAN_POINT ( 'NONE',  ( 4.927962312940882939, -3.470000000000001528, 2.529999999999998916 ) ) ;
#3761 = VERTEX_POINT ( 'NONE', #2230 ) ;
#3762 = SURFACE_STYLE_USAGE ( .BOTH. , #3428 ) ;
#3763 = VECTOR ( 'NONE', #11724, 1000.000000000000000 ) ;
#3764 = COLOUR_RGB ( '',0.2235294117647058654, 0.2235294117647058654, 0.2235294117647058654 ) ;
#3765 =( LENGTH_UNIT ( ) NAMED_UNIT ( * ) SI_UNIT ( .MILLI., .METRE. ) );
#3766 = LINE ( 'NONE', #26, #1888 ) ;
#3767 = AXIS2_PLACEMENT_3D ( 'NONE', #328, #10760, #4199 ) ;
#3768 = SURFACE_SIDE_STYLE ('',( #8680 ) ) ;
#3769 = FACE_BOUND ( 'NONE', #4046, .T. ) ;
#3770 = EDGE_CURVE ( 'NONE', #2134, #7508, #5105, .T. ) ;
#3771 = FILL_AREA_STYLE ('',( #724 ) ) ;
#3772 = PRESENTATION_LAYER_ASSIGNMENT (  '', '', ( #1343 ) ) ;
#3773 = VERTEX_POINT ( 'NONE', #1353 ) ;
#3774 = FILL_AREA_STYLE_COLOUR ( '', #10807 ) ;
#3775 = SURFACE_STYLE_FILL_AREA ( #9341 ) ;
#3776 = ORIENTED_EDGE ( 'NONE', *, *, #11037, .F. ) ;
#3777 = ORIENTED_EDGE ( 'NONE', *, *, #11754, .T. ) ;
#3778 = EDGE_CURVE ( 'NONE', #3226, #8494, #2106, .T. ) ;
#3779 = SURFACE_STYLE_FILL_AREA ( #9585 ) ;
#3780 = VERTEX_POINT ( 'NONE', #9070 ) ;
#3781 = ADVANCED_FACE ( 'NONE', ( #2169 ), #11957, .F. ) ;
#3782 = CARTESIAN_POINT ( 'NONE',  ( 1.195121951219509704, -8.464891082923399424, 0.000000000000000000 ) ) ;
#3783 = SURFACE_SIDE_STYLE ('',( #10532 ) ) ;
#3784 = STYLED_ITEM ( 'NONE', ( #755 ), #10942 ) ;
#3785 = EDGE_LOOP ( 'NONE', ( #6688, #8769, #3126, #9401 ) ) ;
#3786 = SURFACE_STYLE_FILL_AREA ( #8567 ) ;
#3787 =( GEOMETRIC_REPRESENTATION_CONTEXT ( 3 ) GLOBAL_UNCERTAINTY_ASSIGNED_CONTEXT ( ( #5478 ) ) GLOBAL_UNIT_ASSIGNED_CONTEXT ( ( #12312, #2776, #10759 ) ) REPRESENTATION_CONTEXT ( 'NONE', 'WORKASPACE' ) );
#3788 = CARTESIAN_POINT ( 'NONE',  ( 0.6312051835298718716, -7.669611443922071281, 0.01000000000000000021 ) ) ;
#3789 = VECTOR ( 'NONE', #5405, 1000.000000000000000 ) ;
#3790 = EDGE_CURVE ( 'NONE', #11516, #10364, #9200, .T. ) ;
#3791 = ORIENTED_EDGE ( 'NONE', *, *, #7644, .F. ) ;
#3792 = LINE ( 'NONE', #7768, #91 ) ;
#3793 = CARTESIAN_POINT ( 'NONE',  ( 0.2200000000000001676, -7.420000000000000817, 2.149999999999999023 ) ) ;
#3794 = VERTEX_POINT ( 'NONE', #8238 ) ;
#3795 = DIRECTION ( 'NONE',  ( -1.734723475976807094E-15, 1.000000000000000000, 1.517883041479706208E-15 ) ) ;
#3796 = EDGE_LOOP ( 'NONE', ( #750, #10055, #10671, #7695 ) ) ;
#3797 = FILL_AREA_STYLE_COLOUR ( '', #6423 ) ;
#3798 = CARTESIAN_POINT ( 'NONE',  ( -0.3199999999999999512, -0.5596891741410529031, 2.249999999999999556 ) ) ;
#3799 =( LENGTH_UNIT ( ) NAMED_UNIT ( * ) SI_UNIT ( .MILLI., .METRE. ) );
#3800 = CARTESIAN_POINT ( 'NONE',  ( 4.927962312940882939, -0.4700000000000009170, 2.529999999999998472 ) ) ;
#3801 =( NAMED_UNIT ( * ) SI_UNIT ( $, .STERADIAN. ) SOLID_ANGLE_UNIT ( ) );
#3802 = ADVANCED_FACE ( 'NONE', ( #650 ), #7303, .T. ) ;
#3803 = LINE ( 'NONE', #9750, #756 ) ;
#3804 = MECHANICAL_DESIGN_GEOMETRIC_PRESENTATION_REPRESENTATION (  '', ( #11432 ), #4422 ) ;
#3805 = STYLED_ITEM ( 'NONE', ( #4592 ), #6613 ) ;
#3806 = ORIENTED_EDGE ( 'NONE', *, *, #11623, .T. ) ;
#3807 = STYLED_ITEM ( 'NONE', ( #7995 ), #4322 ) ;
#3808 = LINE ( 'NONE', #4, #2545 ) ;
#3809 = MECHANICAL_DESIGN_GEOMETRIC_PRESENTATION_REPRESENTATION (  '', ( #8231 ), #9663 ) ;
#3810 = CARTESIAN_POINT ( 'NONE',  ( 2.646120521756362365, -7.534147660407422897, 0.01000000000000000021 ) ) ;
#3811 = UNCERTAINTY_MEASURE_WITH_UNIT (LENGTH_MEASURE( 1.000000000000000082E-05 ), #6616, 'distance_accuracy_value', 'NONE');
#3812 = FILL_AREA_STYLE_COLOUR ( '', #4629 ) ;
#3813 = DIRECTION ( 'NONE',  ( 0.000000000000000000, 1.000000000000000000, 0.000000000000000000 ) ) ;
#3814 = VECTOR ( 'NONE', #8989, 1000.000000000000000 ) ;
#3815 = DIRECTION ( 'NONE',  ( 0.000000000000000000, 0.000000000000000000, -1.000000000000000000 ) ) ;
#3816 = LINE ( 'NONE', #2840, #677 ) ;
#3817 = PRESENTATION_LAYER_ASSIGNMENT (  '', '', ( #970 ) ) ;
#3818 = EDGE_CURVE ( 'NONE', #3251, #445, #616, .T. ) ;
#3819 = VECTOR ( 'NONE', #6930, 1000.000000000000000 ) ;
#3820 = CARTESIAN_POINT ( 'NONE',  ( 2.240852566292971915, -8.351716057189147335, 0.000000000000000000 ) ) ;
#3821 = ORIENTED_EDGE ( 'NONE', *, *, #6058, .T. ) ;
#3822 = LINE ( 'NONE', #956, #643 ) ;
#3823 = ORIENTED_EDGE ( 'NONE', *, *, #10744, .T. ) ;
#3824 = DIRECTION ( 'NONE',  ( 1.688693473518973824E-47, -1.452410541150706185E-31, -1.000000000000000000 ) ) ;
#3825 = UNCERTAINTY_MEASURE_WITH_UNIT (LENGTH_MEASURE( 1.000000000000000082E-05 ), #2219, 'distance_accuracy_value', 'NONE');
#3826 = PRESENTATION_LAYER_ASSIGNMENT (  '', '', ( #9284 ) ) ;
#3827 = PLANE ( 'NONE',  #12244 ) ;
#3828 = LINE ( 'NONE', #12381, #1429 ) ;
#3829 = LINE ( 'NONE', #4661, #10597 ) ;
#3830 = SURFACE_STYLE_USAGE ( .BOTH. , #3768 ) ;
#3831 = VECTOR ( 'NONE', #8056, 1000.000000000000000 ) ;
#3832 = ORIENTED_EDGE ( 'NONE', *, *, #11940, .T. ) ;
#3833 = FILL_AREA_STYLE ('',( #4782 ) ) ;
#3834 = ORIENTED_EDGE ( 'NONE', *, *, #515, .T. ) ;
#3835 = ORIENTED_EDGE ( 'NONE', *, *, #6014, .F. ) ;
#3836 =( NAMED_UNIT ( * ) SI_UNIT ( $, .STERADIAN. ) SOLID_ANGLE_UNIT ( ) );
#3837 = FACE_OUTER_BOUND ( 'NONE', #6919, .T. ) ;
#3838 = VERTEX_POINT ( 'NONE', #6347 ) ;
#3839 = ORIENTED_EDGE ( 'NONE', *, *, #9150, .T. ) ;
#3840 = CARTESIAN_POINT ( 'NONE',  ( 3.463414634146338322, -7.464891082923399424, 0.01000000000000000021 ) ) ;
#3841 = VERTEX_POINT ( 'NONE', #1532 ) ;
#3842 = SURFACE_STYLE_FILL_AREA ( #4980 ) ;
#3843 = AXIS2_PLACEMENT_3D ( 'NONE', #7511, #12088, #7382 ) ;
#3844 =( LENGTH_UNIT ( ) NAMED_UNIT ( * ) SI_UNIT ( .MILLI., .METRE. ) );
#3845 = PLANE ( 'NONE',  #10333 ) ;
#3846 = AXIS2_PLACEMENT_3D ( 'NONE', #6188, #621, #1560 ) ;
#3847 = ORIENTED_EDGE ( 'NONE', *, *, #11176, .T. ) ;
#3848 = EDGE_CURVE ( 'NONE', #8967, #10991, #11202, .T. ) ;
#3849 = EDGE_CURVE ( 'NONE', #1106, #10127, #1521, .T. ) ;
#3850 = EDGE_LOOP ( 'NONE', ( #7444, #8624, #7557, #7369 ) ) ;
#3851 =( NAMED_UNIT ( * ) SI_UNIT ( $, .STERADIAN. ) SOLID_ANGLE_UNIT ( ) );
#3852 = PRESENTATION_LAYER_ASSIGNMENT (  '', '', ( #2213 ) ) ;
#3853 = CARTESIAN_POINT ( 'NONE',  ( 3.350000000000000977, -0.4700000000000016387, 3.859999999999999876 ) ) ;
#3854 = ORIENTED_EDGE ( 'NONE', *, *, #12236, .T. ) ;
#3855 = SURFACE_SIDE_STYLE ('',( #9670 ) ) ;
#3856 = EDGE_CURVE ( 'NONE', #11719, #7467, #4389, .T. ) ;
#3857 = CARTESIAN_POINT ( 'NONE',  ( 1.899999999999995914, -0.9700000000000014166, 1.299682133541857576 ) ) ;
#3858 = VERTEX_POINT ( 'NONE', #11075 ) ;
#3859 = FILL_AREA_STYLE ('',( #4873 ) ) ;
#3860 = PRESENTATION_STYLE_ASSIGNMENT (( #10491 ) ) ;
#3862 = COLOUR_RGB ( '',0.2235294117647058654, 0.2235294117647058654, 0.2235294117647058654 ) ;
#3861 = DIRECTION ( 'NONE',  ( 9.098200048829411865E-16, -0.000000000000000000, -1.000000000000000000 ) ) ;
#3863 = LINE ( 'NONE', #4875, #1362 ) ;
#3864 = UNCERTAINTY_MEASURE_WITH_UNIT (LENGTH_MEASURE( 1.000000000000000082E-05 ), #3371, 'distance_accuracy_value', 'NONE');
#3865 = MECHANICAL_DESIGN_GEOMETRIC_PRESENTATION_REPRESENTATION (  '', ( #1231 ), #4876 ) ;
#3866 = EDGE_LOOP ( 'NONE', ( #9912, #11154, #9237, #858 ) ) ;
#3867 = ORIENTED_EDGE ( 'NONE', *, *, #5256, .T. ) ;
#3868 = COLOUR_RGB ( '',0.2235294117647058654, 0.2235294117647058654, 0.2235294117647058654 ) ;
#3869 = CARTESIAN_POINT ( 'NONE',  ( 5.626372070731854080, -4.884999999999999787, -0.09862792926813601646 ) ) ;
#3870 = CARTESIAN_POINT ( 'NONE',  ( -2.224999999999990763, -3.470000000000001528, 2.929999999999998384 ) ) ;
#3871 = ADVANCED_FACE ( 'NONE', ( #9251 ), #582, .F. ) ;
#3872 =( LENGTH_UNIT ( ) NAMED_UNIT ( * ) SI_UNIT ( .MILLI., .METRE. ) );
#3873 = ORIENTED_EDGE ( 'NONE', *, *, #9885, .T. ) ;
#3874 = FILL_AREA_STYLE_COLOUR ( '', #6835 ) ;
#3875 =( LENGTH_UNIT ( ) NAMED_UNIT ( * ) SI_UNIT ( .MILLI., .METRE. ) );
#3876 = DIRECTION ( 'NONE',  ( -5.321237656370560445E-17, -7.297135085974559675E-33, -1.000000000000000000 ) ) ;
#3877 = DIRECTION ( 'NONE',  ( 1.000000000000000000, 0.000000000000000000, 0.000000000000000000 ) ) ;
#3878 = DIRECTION ( 'NONE',  ( 1.000000000000000000, 0.000000000000000000, 0.000000000000000000 ) ) ;
#3879 = CARTESIAN_POINT ( 'NONE',  ( 2.233739755332301513, -7.578165933306226343, 0.000000000000000000 ) ) ;
#3880 = VECTOR ( 'NONE', #10244, 1000.000000000000000 ) ;
#3881 = DIRECTION ( 'NONE',  ( 7.675767592817731405E-16, -0.000000000000000000, 1.000000000000000000 ) ) ;
#3882 = CARTESIAN_POINT ( 'NONE',  ( 0.5243902439024364925, -7.955173095118522220, 0.01000000000000000021 ) ) ;
#3883 = VECTOR ( 'NONE', #10512, 1000.000000000000000 ) ;
#3884 = EDGE_CURVE ( 'NONE', #7749, #4225, #339, .T. ) ;
#3885 = ORIENTED_EDGE ( 'NONE', *, *, #3691, .T. ) ;
#3886 = DIRECTION ( 'NONE',  ( 0.000000000000000000, 0.000000000000000000, 1.000000000000000000 ) ) ;
#3887 =( NAMED_UNIT ( * ) SI_UNIT ( $, .STERADIAN. ) SOLID_ANGLE_UNIT ( ) );
#3888 = ORIENTED_EDGE ( 'NONE', *, *, #759, .F. ) ;
#3889 = CARTESIAN_POINT ( 'NONE',  ( -2.524999999999990141, -3.615000000000001101, -0.09862792926813598871 ) ) ;
#3890 = SURFACE_SIDE_STYLE ('',( #8678 ) ) ;
#3891 = CARTESIAN_POINT ( 'NONE',  ( 1.249999999999996225, -0.9700000000000014166, 1.299682133541857576 ) ) ;
#3892 =( LENGTH_UNIT ( ) NAMED_UNIT ( * ) SI_UNIT ( .MILLI., .METRE. ) );
#3893 = ORIENTED_EDGE ( 'NONE', *, *, #9640, .T. ) ;
#3894 = DIRECTION ( 'NONE',  ( 0.000000000000000000, 0.000000000000000000, 1.000000000000000000 ) ) ;
#3895 = VERTEX_POINT ( 'NONE', #6212 ) ;
#3896 = FACE_OUTER_BOUND ( 'NONE', #1546, .T. ) ;
#3897 = FILL_AREA_STYLE ('',( #1977 ) ) ;
#3898 = ORIENTED_EDGE ( 'NONE', *, *, #6899, .F. ) ;
#3899 = EDGE_LOOP ( 'NONE', ( #2725, #2614, #3854, #2154 ) ) ;
#3900 = AXIS2_PLACEMENT_3D ( 'NONE', #2692, #10245, #8209 ) ;
#3901 = ORIENTED_EDGE ( 'NONE', *, *, #12229, .F. ) ;
#3902 = CARTESIAN_POINT ( 'NONE',  ( -0.3199999999999999512, -7.420000000000000817, 2.149999999999999023 ) ) ;
#3903 = DIRECTION ( 'NONE',  ( -1.162683294890621319E-16, 1.000000000000000000, -0.000000000000000000 ) ) ;
#3904 =( GEOMETRIC_REPRESENTATION_CONTEXT ( 3 ) GLOBAL_UNCERTAINTY_ASSIGNED_CONTEXT ( ( #1892 ) ) GLOBAL_UNIT_ASSIGNED_CONTEXT ( ( #11917, #3386, #11106 ) ) REPRESENTATION_CONTEXT ( 'NONE', 'WORKASPACE' ) );
#3905 = SURFACE_STYLE_USAGE ( .BOTH. , #40 ) ;
#3906 = PRESENTATION_LAYER_ASSIGNMENT (  '', '', ( #10371 ) ) ;
#3907 = FILL_AREA_STYLE_COLOUR ( '', #7413 ) ;
#3908 = PLANE ( 'NONE',  #10638 ) ;
#3909 = FILL_AREA_STYLE_COLOUR ( '', #6221 ) ;
#3910 = VECTOR ( 'NONE', #11487, 1000.000000000000000 ) ;
#3911 = VERTEX_POINT ( 'NONE', #4456 ) ;
#3912 = CARTESIAN_POINT ( 'NONE',  ( 0.5654985365492064542, -7.754858261514095297, 0.000000000000000000 ) ) ;
#3913 = CARTESIAN_POINT ( 'NONE',  ( -0.3199999999999999512, 2.429999999999997939, 0.1399999999999999301 ) ) ;
#3914 = DIRECTION ( 'NONE',  ( -0.000000000000000000, 0.000000000000000000, 1.000000000000000000 ) ) ;
#3915 = VECTOR ( 'NONE', #6589, 1000.000000000000000 ) ;
#3916 = DIRECTION ( 'NONE',  ( -0.000000000000000000, 1.000000000000000000, 0.000000000000000000 ) ) ;
#3917 = VERTEX_POINT ( 'NONE', #6274 ) ;
#3918 = DIRECTION ( 'NONE',  ( -7.675767592817732391E-16, -2.677748047844222180E-31, -1.000000000000000000 ) ) ;
#3919 = CARTESIAN_POINT ( 'NONE',  ( -2.224999999999990763, -6.170000000000001705, 0.9299999999999994937 ) ) ;
#3920 = ORIENTED_EDGE ( 'NONE', *, *, #2891, .T. ) ;
#3921 =( LENGTH_UNIT ( ) NAMED_UNIT ( * ) SI_UNIT ( .MILLI., .METRE. ) );
#3922 = DIRECTION ( 'NONE',  ( -7.353384987991343076E-16, 1.000000000000000000, -0.000000000000000000 ) ) ;
#3923 = ADVANCED_FACE ( 'NONE', ( #2691 ), #3415, .F. ) ;
#3924 = DIRECTION ( 'NONE',  ( 1.000000000000000000, 1.348230680810990322E-16, 0.000000000000000000 ) ) ;
#3925 = CARTESIAN_POINT ( 'NONE',  ( 2.397103658536582582, -8.477086204874618502, 0.000000000000000000 ) ) ;
#3926 = FILL_AREA_STYLE ('',( #9490 ) ) ;
#3927 = CARTESIAN_POINT ( 'NONE',  ( 4.927962312940882939, -6.170000000000001705, 0.9299999999999994937 ) ) ;
#3928 = EDGE_CURVE ( 'NONE', #3984, #1236, #5205, .T. ) ;
#3929 = EDGE_CURVE ( 'NONE', #5872, #8888, #11527, .T. ) ;
#3930 = ORIENTED_EDGE ( 'NONE', *, *, #4856, .F. ) ;
#3931 =( NAMED_UNIT ( * ) PLANE_ANGLE_UNIT ( ) SI_UNIT ( $, .RADIAN. ) );
#3932 = LINE ( 'NONE', #3996, #10049 ) ;
#3933 = CARTESIAN_POINT ( 'NONE',  ( 2.846673798692248347, -7.817752595680978800, 0.01000000000000000021 ) ) ;
#3934 = ORIENTED_EDGE ( 'NONE', *, *, #542, .F. ) ;
#3935 = UNCERTAINTY_MEASURE_WITH_UNIT (LENGTH_MEASURE( 1.000000000000000082E-05 ), #11025, 'distance_accuracy_value', 'NONE');
#3936 = DIRECTION ( 'NONE',  ( 1.000000000000000000, -0.000000000000000000, 0.000000000000000000 ) ) ;
#3937 = CARTESIAN_POINT ( 'NONE',  ( -2.524999999999990141, -3.615000000000001101, -0.09862792926813584993 ) ) ;
#3938 = DIRECTION ( 'NONE',  ( 0.000000000000000000, 1.000000000000000000, 0.000000000000000000 ) ) ;
#3939 = EDGE_CURVE ( 'NONE', #10465, #9643, #9738, .T. ) ;
#3940 = ADVANCED_FACE ( 'NONE', ( #8770 ), #6737, .T. ) ;
#3941 = DIRECTION ( 'NONE',  ( 0.000000000000000000, 0.000000000000000000, -1.000000000000000000 ) ) ;
#3942 =( NAMED_UNIT ( * ) PLANE_ANGLE_UNIT ( ) SI_UNIT ( $, .RADIAN. ) );
#3943 = CARTESIAN_POINT ( 'NONE',  ( 3.157067222775391979, 2.786909515331971399, -0.02293277722460827089 ) ) ;
#3944 = FILL_AREA_STYLE_COLOUR ( '', #3036 ) ;
#3945 = EDGE_CURVE ( 'NONE', #1615, #12356, #5813, .T. ) ;
#3946 = ADVANCED_FACE ( 'NONE', ( #6621 ), #51, .F. ) ;
#3947 = SURFACE_STYLE_FILL_AREA ( #3758 ) ;
#3948 = CARTESIAN_POINT ( 'NONE',  ( 2.273613317146587764, -8.358822771911096794, 0.000000000000000000 ) ) ;
#3949 = MECHANICAL_DESIGN_GEOMETRIC_PRESENTATION_REPRESENTATION (  '', ( #6558 ), #5574 ) ;
#3950 = ORIENTED_EDGE ( 'NONE', *, *, #2132, .T. ) ;
#3951 = CARTESIAN_POINT ( 'NONE',  ( 2.204662283777382825, -7.587058934135913368, 0.01000000000000000021 ) ) ;
#3952 = CARTESIAN_POINT ( 'NONE',  ( 4.270000000000000462, -8.920000000000001705, 0.6599999999999995870 ) ) ;
#3953 =( NAMED_UNIT ( * ) SI_UNIT ( $, .STERADIAN. ) SOLID_ANGLE_UNIT ( ) );
#3954 = CARTESIAN_POINT ( 'NONE',  ( -0.3199999999999999512, -6.852871818038222429, 1.609999999999999432 ) ) ;
#3955 = PLANE ( 'NONE',  #4076 ) ;
#3956 = PLANE ( 'NONE',  #2915 ) ;
#3957 = CARTESIAN_POINT ( 'NONE',  ( 2.680000000000000160, -6.852871818038222429, 2.249999999999999556 ) ) ;
#3958 = VECTOR ( 'NONE', #96, 1000.000000000000000 ) ;
#3959 = ORIENTED_EDGE ( 'NONE', *, *, #8095, .F. ) ;
#3960 = AXIS2_PLACEMENT_3D ( 'NONE', #6340, #5538, #12064 ) ;
#3961 = EDGE_CURVE ( 'NONE', #5131, #2337, #7286, .T. ) ;
#3962 = ORIENTED_EDGE ( 'NONE', *, *, #7786, .F. ) ;
#3963 = VERTEX_POINT ( 'NONE', #6675 ) ;
#3964 = FACE_OUTER_BOUND ( 'NONE', #7895, .T. ) ;
#3965 = LINE ( 'NONE', #4847, #12276 ) ;
#3966 =( NAMED_UNIT ( * ) SI_UNIT ( $, .STERADIAN. ) SOLID_ANGLE_UNIT ( ) );
#3967 = VECTOR ( 'NONE', #6559, 1000.000000000000000 ) ;
#3968 = VECTOR ( 'NONE', #12348, 1000.000000000000000 ) ;
#3969 = ORIENTED_EDGE ( 'NONE', *, *, #11134, .T. ) ;
#3970 = VECTOR ( 'NONE', #9311, 1000.000000000000000 ) ;
#3971 = ORIENTED_EDGE ( 'NONE', *, *, #11573, .T. ) ;
#3972 = SURFACE_SIDE_STYLE ('',( #8062 ) ) ;
#3973 = ORIENTED_EDGE ( 'NONE', *, *, #10322, .F. ) ;
#3974 = SURFACE_STYLE_USAGE ( .BOTH. , #10377 ) ;
#3975 = PLANE ( 'NONE',  #1202 ) ;
#3976 = FILL_AREA_STYLE ('',( #1242 ) ) ;
#3977 = PRESENTATION_STYLE_ASSIGNMENT (( #4112 ) ) ;
#3978 = EDGE_CURVE ( 'NONE', #4024, #309, #6804, .T. ) ;
#3979 = ORIENTED_EDGE ( 'NONE', *, *, #5034, .F. ) ;
#3980 = CARTESIAN_POINT ( 'NONE',  ( 0.8992515774520943861, -7.574940174653470137, -0.000000000000000000 ) ) ;
#3981 =( NAMED_UNIT ( * ) PLANE_ANGLE_UNIT ( ) SI_UNIT ( $, .RADIAN. ) );
#3982 = DIRECTION ( 'NONE',  ( 0.3222024856061131426, -0.9466707760722532505, 0.000000000000000000 ) ) ;
#3983 = SURFACE_SIDE_STYLE ('',( #7828 ) ) ;
#3984 = VERTEX_POINT ( 'NONE', #3985 ) ;
#3985 = CARTESIAN_POINT ( 'NONE',  ( 3.329268292682923569, -7.464891082923399424, 0.01000000000000000021 ) ) ;
#3986 = COLOUR_RGB ( '',0.6470588235294117974, 0.6196078431372549211, 0.5882352941176470784 ) ;
#3987 = FILL_AREA_STYLE_COLOUR ( '', #9357 ) ;
#3988 = AXIS2_PLACEMENT_3D ( 'NONE', #7784, #9553, #10499 ) ;
#3989 = FILL_AREA_STYLE_COLOUR ( '', #11812 ) ;
#3990 = DIRECTION ( 'NONE',  ( -1.000000000000000000, 0.000000000000000000, 0.000000000000000000 ) ) ;
#3991 = FILL_AREA_STYLE ('',( #10928 ) ) ;
#3992 = UNCERTAINTY_MEASURE_WITH_UNIT (LENGTH_MEASURE( 1.000000000000000082E-05 ), #3799, 'distance_accuracy_value', 'NONE');
#3993 = MECHANICAL_DESIGN_GEOMETRIC_PRESENTATION_REPRESENTATION (  '', ( #3784 ), #9427 ) ;
#3994 = VECTOR ( 'NONE', #10973, 1000.000000000000000 ) ;
#3995 = SURFACE_STYLE_FILL_AREA ( #2008 ) ;
#3996 = CARTESIAN_POINT ( 'NONE',  ( 0.3170731707317046566, -8.464891082923399424, 0.01000000000000000021 ) ) ;
#3997 = SURFACE_STYLE_FILL_AREA ( #11483 ) ;
#3998 = ORIENTED_EDGE ( 'NONE', *, *, #154, .F. ) ;
#3999 = CARTESIAN_POINT ( 'NONE',  ( -2.524999999999991029, -4.885000000000001563, -0.01000000000000000021 ) ) ;
#4000 = CARTESIAN_POINT ( 'NONE',  ( 0.5039207494687040212, -7.630962125009912000, 0.01000000000000000021 ) ) ;
#4001 = DIRECTION ( 'NONE',  ( -1.371322905910519660E-16, 1.000000000000000000, 0.000000000000000000 ) ) ;
#4002 = CARTESIAN_POINT ( 'NONE',  ( 3.319999999999999840, -6.852871818038222429, 1.609999999999998987 ) ) ;
#4003 = VECTOR ( 'NONE', #5254, 1000.000000000000000 ) ;
#4004 = CARTESIAN_POINT ( 'NONE',  ( 6.324999999999997513, -8.920000000000001705, 0.4000000000000010214 ) ) ;
#4005 =( GEOMETRIC_REPRESENTATION_CONTEXT ( 3 ) GLOBAL_UNCERTAINTY_ASSIGNED_CONTEXT ( ( #1395 ) ) GLOBAL_UNIT_ASSIGNED_CONTEXT ( ( #1705, #5416, #4400 ) ) REPRESENTATION_CONTEXT ( 'NONE', 'WORKASPACE' ) );
#4006 = SURFACE_STYLE_USAGE ( .BOTH. , #141 ) ;
#4007 = MECHANICAL_DESIGN_GEOMETRIC_PRESENTATION_REPRESENTATION (  '', ( #2358 ), #12442 ) ;
#4008 = MECHANICAL_DESIGN_GEOMETRIC_PRESENTATION_REPRESENTATION (  '', ( #7219 ), #5616 ) ;
#4009 = DIRECTION ( 'NONE',  ( -1.000000000000000000, 0.000000000000000000, 0.000000000000000000 ) ) ;
#4010 = EDGE_CURVE ( 'NONE', #10655, #4739, #6074, .T. ) ;
#4011 = EDGE_CURVE ( 'NONE', #10593, #11906, #7659, .T. ) ;
#4012 = CARTESIAN_POINT ( 'NONE',  ( 2.131143549641029367, -8.308483271247780522, -0.000000000000000000 ) ) ;
#4013 = COLOUR_RGB ( '',0.6470588235294117974, 0.6196078431372549211, 0.5882352941176470784 ) ;
#4014 = VECTOR ( 'NONE', #4652, 1000.000000000000000 ) ;
#4015 = ORIENTED_EDGE ( 'NONE', *, *, #2287, .F. ) ;
#4016 = CARTESIAN_POINT ( 'NONE',  ( 5.524999999999991473, 0.000000000000000000, 0.000000000000000000 ) ) ;
#4017 = DIRECTION ( 'NONE',  ( 1.084202172485504434E-16, 1.000000000000000000, -0.000000000000000000 ) ) ;
#4018 = FILL_AREA_STYLE_COLOUR ( '', #10285 ) ;
#4019 = EDGE_CURVE ( 'NONE', #9887, #1338, #8577, .T. ) ;
#4020 = AXIS2_PLACEMENT_3D ( 'NONE', #11579, #4676, #6784 ) ;
#4021 =( NAMED_UNIT ( * ) SI_UNIT ( $, .STERADIAN. ) SOLID_ANGLE_UNIT ( ) );
#4022 = LINE ( 'NONE', #6772, #6085 ) ;
#4023 = LINE ( 'NONE', #6591, #10732 ) ;
#4024 = VERTEX_POINT ( 'NONE', #12416 ) ;
#4025 = COLOUR_RGB ( '',0.2235294117647058654, 0.2235294117647058654, 0.2235294117647058654 ) ;
#4026 = VECTOR ( 'NONE', #7381, 1000.000000000000000 ) ;
#4027 = CARTESIAN_POINT ( 'NONE',  ( 1.269999999999999130, -1.420000000000001039, 0.6599999999999995870 ) ) ;
#4028 = ORIENTED_EDGE ( 'NONE', *, *, #2206, .F. ) ;
#4029 = PRESENTATION_LAYER_ASSIGNMENT (  '', '', ( #9471 ) ) ;
#4030 = ORIENTED_EDGE ( 'NONE', *, *, #10802, .F. ) ;
#4031 = CARTESIAN_POINT ( 'NONE',  ( 2.507191975558292540, -7.589601254141608244, 0.000000000000000000 ) ) ;
#4032 = DIRECTION ( 'NONE',  ( 0.000000000000000000, 1.000000000000000000, -2.195852501236467750E-16 ) ) ;
#4033 = CARTESIAN_POINT ( 'NONE',  ( 4.824999999999992184, -8.920000000000001705, 3.859999999999999876 ) ) ;
#4034 = EDGE_LOOP ( 'NONE', ( #8639, #5562, #4664, #7962 ) ) ;
#4035 = ORIENTED_EDGE ( 'NONE', *, *, #939, .T. ) ;
#4036 = MECHANICAL_DESIGN_GEOMETRIC_PRESENTATION_REPRESENTATION (  '', ( #197 ), #5851 ) ;
#4037 = ADVANCED_FACE ( 'NONE', ( #8643 ), #811, .F. ) ;
#4038 =( NAMED_UNIT ( * ) SI_UNIT ( $, .STERADIAN. ) SOLID_ANGLE_UNIT ( ) );
#4039 = DIRECTION ( 'NONE',  ( 0.000000000000000000, -1.000000000000000000, -0.000000000000000000 ) ) ;
#4040 = CARTESIAN_POINT ( 'NONE',  ( 2.000000000000000888, -0.9700000000000024158, 0.000000000000000000 ) ) ;
#4041 = SURFACE_SIDE_STYLE ('',( #3119 ) ) ;
#4042 =( NAMED_UNIT ( * ) SI_UNIT ( $, .STERADIAN. ) SOLID_ANGLE_UNIT ( ) );
#4043 = DIRECTION ( 'NONE',  ( -1.084202172485505297E-16, -1.461754633146887626E-32, -1.000000000000000000 ) ) ;
#4044 = DIRECTION ( 'NONE',  ( 1.156482317317872711E-15, 1.000000000000000000, 8.876889492935278924E-31 ) ) ;
#4045 = MECHANICAL_DESIGN_GEOMETRIC_PRESENTATION_REPRESENTATION (  '', ( #8433 ), #9485 ) ;
#4046 = EDGE_LOOP ( 'NONE', ( #5954, #10361, #8483, #2051, #4487 ) ) ;
#4047 = SURFACE_STYLE_FILL_AREA ( #2935 ) ;
#4048 = CARTESIAN_POINT ( 'NONE',  ( -0.1399229991640932591, 1.029999999999998472, 0.5000000000000004441 ) ) ;
#4049 = DIRECTION ( 'NONE',  ( 1.000000000000000000, 0.000000000000000000, -0.000000000000000000 ) ) ;
#4050 = FILL_AREA_STYLE ('',( #6934 ) ) ;
#4051 = VECTOR ( 'NONE', #5992, 1000.000000000000000 ) ;
#4052 = ORIENTED_EDGE ( 'NONE', *, *, #8250, .F. ) ;
#4053 = DIRECTION ( 'NONE',  ( 0.000000000000000000, 0.000000000000000000, 1.000000000000000000 ) ) ;
#4054 = EDGE_CURVE ( 'NONE', #1495, #7458, #3131, .T. ) ;
#4055 = DIRECTION ( 'NONE',  ( -1.000000000000000000, -0.000000000000000000, -0.000000000000000000 ) ) ;
#4056 = CARTESIAN_POINT ( 'NONE',  ( -0.1382434669982376685, -7.643866907615093353, 6.776263578034402713E-18 ) ) ;
#4057 =( LENGTH_UNIT ( ) NAMED_UNIT ( * ) SI_UNIT ( .MILLI., .METRE. ) );
#4058 = CARTESIAN_POINT ( 'NONE',  ( -0.8499999999999992006, 1.029999999999998472, 3.859999999999999876 ) ) ;
#4059 = DIRECTION ( 'NONE',  ( -0.000000000000000000, -0.000000000000000000, -1.000000000000000000 ) ) ;
#4060 = PRESENTATION_STYLE_ASSIGNMENT (( #2252 ) ) ;
#4061 = VECTOR ( 'NONE', #3228, 1000.000000000000000 ) ;
#4062 = ORIENTED_EDGE ( 'NONE', *, *, #6933, .T. ) ;
#4063 = PRESENTATION_LAYER_ASSIGNMENT (  '', '', ( #8899 ) ) ;
#4064 = CARTESIAN_POINT ( 'NONE',  ( 0.3170731707317046566, -8.464891082923399424, 0.000000000000000000 ) ) ;
#4065 = CARTESIAN_POINT ( 'NONE',  ( 0.4999999999999970024, -6.337221664167199009, 4.329459271066772530 ) ) ;
#4066 = VERTEX_POINT ( 'NONE', #8010 ) ;
#4067 = COLOUR_RGB ( '',0.2235294117647058654, 0.2235294117647058654, 0.2235294117647058654 ) ;
#4068 = SURFACE_STYLE_USAGE ( .BOTH. , #3361 ) ;
#4069 = CARTESIAN_POINT ( 'NONE',  ( 0.3902439024390217948, -7.952314863411204193, 6.776263578034402713E-18 ) ) ;
#4070 = SURFACE_STYLE_FILL_AREA ( #12032 ) ;
#4071 = CARTESIAN_POINT ( 'NONE',  ( 2.499999999999996891, -5.943298562962315401, 3.859999999999999876 ) ) ;
#4072 = PRESENTATION_STYLE_ASSIGNMENT (( #267 ) ) ;
#4073 = PLANE ( 'NONE',  #11759 ) ;
#4074 = CARTESIAN_POINT ( 'NONE',  ( 0.5039207494687040212, -7.630962125009912000, 0.01000000000000000021 ) ) ;
#4075 =( NAMED_UNIT ( * ) SI_UNIT ( $, .STERADIAN. ) SOLID_ANGLE_UNIT ( ) );
#4076 = AXIS2_PLACEMENT_3D ( 'NONE', #5724, #961, #4718 ) ;
#4077 = FILL_AREA_STYLE_COLOUR ( '', #5835 ) ;
#4078 = CARTESIAN_POINT ( 'NONE',  ( 0.3199999999999999512, 0.5354264934286706579, 0.1399999999999999856 ) ) ;
#4079 = ORIENTED_EDGE ( 'NONE', *, *, #10280, .F. ) ;
#4080 = CARTESIAN_POINT ( 'NONE',  ( 0.3500000000000010880, -0.4700000000000016387, 3.859999999999999876 ) ) ;
#4081 = CARTESIAN_POINT ( 'NONE',  ( -2.524999999999990585, -2.170000000000001705, -0.01000000000000000021 ) ) ;
#4082 = STYLED_ITEM ( 'NONE', ( #8340 ), #12317 ) ;
#4083 = DIRECTION ( 'NONE',  ( 0.000000000000000000, -0.000000000000000000, -1.000000000000000000 ) ) ;
#4084 = VECTOR ( 'NONE', #4442, 1000.000000000000000 ) ;
#4085 = DIRECTION ( 'NONE',  ( -0.000000000000000000, 0.000000000000000000, 1.000000000000000000 ) ) ;
#4086 = CARTESIAN_POINT ( 'NONE',  ( 2.391467101840482279, -8.366999009229761697, -0.000000000000000000 ) ) ;
#4087 = CARTESIAN_POINT ( 'NONE',  ( -2.524999999999994582, -1.100546928854630410E-16, 0.000000000000000000 ) ) ;
#4088 = PRESENTATION_STYLE_ASSIGNMENT (( #2031 ) ) ;
#4089 = ADVANCED_FACE ( 'NONE', ( #4243 ), #188, .F. ) ;
#4090 = ORIENTED_EDGE ( 'NONE', *, *, #8008, .T. ) ;
#4091 = ADVANCED_FACE ( 'NONE', ( #7131 ), #248, .T. ) ;
#4092 = DIRECTION ( 'NONE',  ( -1.371322905910519414E-16, 1.000000000000000000, -0.000000000000000000 ) ) ;
#4093 = ORIENTED_EDGE ( 'NONE', *, *, #6920, .T. ) ;
#4094 = VERTEX_POINT ( 'NONE', #11848 ) ;
#4095 =( NAMED_UNIT ( * ) SI_UNIT ( $, .STERADIAN. ) SOLID_ANGLE_UNIT ( ) );
#4096 =( GEOMETRIC_REPRESENTATION_CONTEXT ( 3 ) GLOBAL_UNCERTAINTY_ASSIGNED_CONTEXT ( ( #7209 ) ) GLOBAL_UNIT_ASSIGNED_CONTEXT ( ( #8138, #3563, #5243 ) ) REPRESENTATION_CONTEXT ( 'NONE', 'WORKASPACE' ) );
#4097 = EDGE_CURVE ( 'NONE', #7939, #11719, #11976, .T. ) ;
#4098 = CARTESIAN_POINT ( 'NONE',  ( 2.680000000000000160, -0.4700000000000012501, 1.592587122936066635 ) ) ;
#4099 = LINE ( 'NONE', #7876, #987 ) ;
#4100 = CARTESIAN_POINT ( 'NONE',  ( 2.245942693746495689, -8.461508129179758697, 0.01000000000000000021 ) ) ;
#4101 = ORIENTED_EDGE ( 'NONE', *, *, #11012, .T. ) ;
#4102 = ORIENTED_EDGE ( 'NONE', *, *, #6687, .T. ) ;
#4103 =( LENGTH_UNIT ( ) NAMED_UNIT ( * ) SI_UNIT ( .MILLI., .METRE. ) );
#4104 = B_SPLINE_CURVE_WITH_KNOTS ( 'NONE', 3,
 ( #11068, #4384, #10138, #8215, #12233, #3409, #7284, #5400, #577, #3475, #1871 ),
 .UNSPECIFIED., .F., .F.,
 ( 4, 1, 1, 1, 1, 1, 1, 1, 4 ),
 ( 0.000000000000000000, 0.1352946047634289439, 0.2667656579247482673, 0.3948160188358723066, 0.5200516544342466130, 0.6421757029708202724, 0.7626518205584216226, 0.8818340043805003026, 1.000000000000000000 ),
 .UNSPECIFIED. ) ;
#4105 = ORIENTED_EDGE ( 'NONE', *, *, #5349, .F. ) ;
#4106 = CARTESIAN_POINT ( 'NONE',  ( 2.627661367580466312, -7.673825981427565779, 0.01000000000000000021 ) ) ;
#4107 = LINE ( 'NONE', #4165, #192 ) ;
#4108 = DIRECTION ( 'NONE',  ( 1.000000000000000000, -3.252606517456513302E-16, 0.000000000000000000 ) ) ;
#4109 = EDGE_CURVE ( 'NONE', #10346, #5162, #10801, .T. ) ;
#4110 = VECTOR ( 'NONE', #9250, 1000.000000000000227 ) ;
#4111 = CARTESIAN_POINT ( 'NONE',  ( 2.240852566292971915, -8.351716057189147335, 0.01000000000000000021 ) ) ;
#4112 = SURFACE_STYLE_USAGE ( .BOTH. , #8762 ) ;
#4113 = EDGE_CURVE ( 'NONE', #2409, #2993, #9870, .T. ) ;
#4114 = VERTEX_POINT ( 'NONE', #7957 ) ;
#4115 =( LENGTH_UNIT ( ) NAMED_UNIT ( * ) SI_UNIT ( .MILLI., .METRE. ) );
#4116 =( LENGTH_UNIT ( ) NAMED_UNIT ( * ) SI_UNIT ( .MILLI., .METRE. ) );
#4117 = PRESENTATION_LAYER_ASSIGNMENT (  '', '', ( #11536 ) ) ;
#4118 = CARTESIAN_POINT ( 'NONE',  ( 2.865853658536582582, -7.983755412191692713, 0.01000000000000000021 ) ) ;
#4119 = CARTESIAN_POINT ( 'NONE',  ( -0.06097560975610021722, -7.464891082923399424, 0.01000000000000000021 ) ) ;
#4120 = ORIENTED_EDGE ( 'NONE', *, *, #6849, .F. ) ;
#4121 = DIRECTION ( 'NONE',  ( -0.000000000000000000, 0.000000000000000000, -1.000000000000000000 ) ) ;
#4122 = FACE_OUTER_BOUND ( 'NONE', #7033, .T. ) ;
#4123 = CARTESIAN_POINT ( 'NONE',  ( 2.708061749045526767, -8.136923321067310866, 0.01000000000000000021 ) ) ;
#4124 = AXIS2_PLACEMENT_3D ( 'NONE', #4901, #6035, #2978 ) ;
#4125 = LINE ( 'NONE', #6813, #10231 ) ;
#4126 = AXIS2_PLACEMENT_3D ( 'NONE', #3403, #11122, #5396 ) ;
#4127 = SURFACE_SIDE_STYLE ('',( #9877 ) ) ;
#4128 = EDGE_CURVE ( 'NONE', #596, #5702, #1311, .T. ) ;
#4129 = VERTEX_POINT ( 'NONE', #6993 ) ;
#4130 =( GEOMETRIC_REPRESENTATION_CONTEXT ( 3 ) GLOBAL_UNCERTAINTY_ASSIGNED_CONTEXT ( ( #4715 ) ) GLOBAL_UNIT_ASSIGNED_CONTEXT ( ( #10390, #6578, #1701 ) ) REPRESENTATION_CONTEXT ( 'NONE', 'WORKASPACE' ) );
#4131 = FACE_OUTER_BOUND ( 'NONE', #3425, .T. ) ;
#4132 =( LENGTH_UNIT ( ) NAMED_UNIT ( * ) SI_UNIT ( .MILLI., .METRE. ) );
#4133 = AXIS2_PLACEMENT_3D ( 'NONE', #7761, #4039, #4915 ) ;
#4134 = ORIENTED_EDGE ( 'NONE', *, *, #10497, .T. ) ;
#4135 = CARTESIAN_POINT ( 'NONE',  ( 0.9129192073170706578, -7.464891082923399424, 0.01000000000000000021 ) ) ;
#4136 = CARTESIAN_POINT ( 'NONE',  ( 4.824999999999999289, -7.419999999999996376, 3.259999999999999787 ) ) ;
#4137 = DIRECTION ( 'NONE',  ( -0.000000000000000000, 0.000000000000000000, 1.000000000000000000 ) ) ;
#4138 =( LENGTH_UNIT ( ) NAMED_UNIT ( * ) SI_UNIT ( .MILLI., .METRE. ) );
#4139 = B_SPLINE_SURFACE_WITH_KNOTS ( 'NONE', 3, 1, ( 
 ( #1443, #6191 ),
 ( #9099, #2497 ),
 ( #443, #683 ),
 ( #6311, #4307 ),
 ( #624, #8147 ),
 ( #1500, #6375 ),
 ( #501, #4558 ),
 ( #4434, #10184 ),
 ( #4369, #7331 ),
 ( #11229, #3458 ),
 ( #10240, #5452 ),
 ( #9229, #5313 ),
 ( #11980, #3518 ),
 ( #8202, #9298 ),
 ( #562, #8271 ),
 ( #6439, #3723 ),
 ( #6610, #1852 ),
 ( #11289, #4681 ),
 ( #6553, #5626 ) ),
 .UNSPECIFIED., .F., .F., .F.,
 ( 4, 1, 1, 1, 1, 1, 1, 1, 1, 1, 1, 1, 1, 1, 1, 1, 4 ),
 ( 2, 2 ),
 ( 0.000000000000000000, 0.07377411937406352926, 0.1440791147260412630, 0.2113485183089114372, 0.2760768857398836484, 0.3385209158196778589, 0.3998851166931347567, 0.4602540674652130792, 0.5205889643912490206, 0.5802076845630447233, 0.6386329085525453975, 0.6963645494905242872, 0.7540017746600130577, 0.8128056813744977127, 0.8727544255255604844, 0.9351819969782672048, 1.000000000000000000 ),
 ( 0.000000000000000000, 1.000000000000000000 ),
 .UNSPECIFIED. ) ;
#4140 = EDGE_CURVE ( 'NONE', #1154, #352, #3718, .T. ) ;
#4141 = DIRECTION ( 'NONE',  ( 1.000000000000000000, 0.000000000000000000, 0.000000000000000000 ) ) ;
#4142 = ORIENTED_EDGE ( 'NONE', *, *, #4399, .T. ) ;
#4143 =( LENGTH_UNIT ( ) NAMED_UNIT ( * ) SI_UNIT ( .MILLI., .METRE. ) );
#4144 = SURFACE_STYLE_FILL_AREA ( #2972 ) ;
#4145 = PRESENTATION_STYLE_ASSIGNMENT (( #5965 ) ) ;
#4146 = CARTESIAN_POINT ( 'NONE',  ( 2.685911678932952906, -7.563968083215018900, 0.000000000000000000 ) ) ;
#4147 = CARTESIAN_POINT ( 'NONE',  ( 0.2200000000000001399, 2.429999999999997939, 0.04000000000000010492 ) ) ;
#4148 = SURFACE_STYLE_USAGE ( .BOTH. , #5209 ) ;
#4149 = FACE_OUTER_BOUND ( 'NONE', #7127, .T. ) ;
#4150 = DIRECTION ( 'NONE',  ( -1.000000000000000000, -0.000000000000000000, -0.000000000000000000 ) ) ;
#4151 = ORIENTED_EDGE ( 'NONE', *, *, #3348, .F. ) ;
#4152 = PRESENTATION_LAYER_ASSIGNMENT (  '', '', ( #7578 ) ) ;
#4153 = ORIENTED_EDGE ( 'NONE', *, *, #3629, .T. ) ;
#4154 = VECTOR ( 'NONE', #55, 1000.000000000000000 ) ;
#4155 = PRESENTATION_STYLE_ASSIGNMENT (( #2102 ) ) ;
#4156 = DIRECTION ( 'NONE',  ( 0.000000000000000000, -1.000000000000000000, 0.000000000000000000 ) ) ;
#4157 = CARTESIAN_POINT ( 'NONE',  ( 2.649999999999999911, -0.4700000000000016387, 0.000000000000000000 ) ) ;
#4158 = ORIENTED_EDGE ( 'NONE', *, *, #6108, .F. ) ;
#4159 = ORIENTED_EDGE ( 'NONE', *, *, #4582, .F. ) ;
#4160 = AXIS2_PLACEMENT_3D ( 'NONE', #2671, #10405, #1718 ) ;
#4161 = PLANE ( 'NONE',  #12055 ) ;
#4162 = CARTESIAN_POINT ( 'NONE',  ( 5.524999999999989697, -4.884999999999999787, -0.09862792926813598871 ) ) ;
#4163 = EDGE_CURVE ( 'NONE', #1787, #10577, #4302, .T. ) ;
#4164 = STYLED_ITEM ( 'NONE', ( #1759 ), #5646 ) ;
#4165 = CARTESIAN_POINT ( 'NONE',  ( 5.626372070731854080, -4.884999999999999787, -0.1999999999999996503 ) ) ;
#4166 = CARTESIAN_POINT ( 'NONE',  ( 1.270000000000000240, -8.920000000000001705, 0.6599999999999995870 ) ) ;
#4167 = DIRECTION ( 'NONE',  ( 0.000000000000000000, -1.000000000000000000, 0.000000000000000000 ) ) ;
#4168 = CARTESIAN_POINT ( 'NONE',  ( 4.927962312940882939, -6.170000000000001705, 2.929999999999998828 ) ) ;
#4169 =( NAMED_UNIT ( * ) SI_UNIT ( $, .STERADIAN. ) SOLID_ANGLE_UNIT ( ) );
#4170 = STYLED_ITEM ( 'NONE', ( #11925 ), #3124 ) ;
#4171 = ORIENTED_EDGE ( 'NONE', *, *, #7586, .F. ) ;
#4172 = FILL_AREA_STYLE_COLOUR ( '', #10392 ) ;
#4173 = LINE ( 'NONE', #6062, #6037 ) ;
#4174 = MECHANICAL_DESIGN_GEOMETRIC_PRESENTATION_REPRESENTATION (  '', ( #2722 ), #7605 ) ;
#4175 = ADVANCED_FACE ( 'NONE', ( #2188 ), #2246, .F. ) ;
#4176 = FACE_OUTER_BOUND ( 'NONE', #8822, .T. ) ;
#4177 = EDGE_CURVE ( 'NONE', #4225, #5294, #9156, .T. ) ;
#4178 = DIRECTION ( 'NONE',  ( 0.000000000000000000, -1.000000000000000000, 0.000000000000000000 ) ) ;
#4179 = ORIENTED_EDGE ( 'NONE', *, *, #2928, .T. ) ;
#4180 = DIRECTION ( 'NONE',  ( -0.000000000000000000, -0.000000000000000000, -1.000000000000000000 ) ) ;
#4181 = VECTOR ( 'NONE', #1486, 1000.000000000000000 ) ;
#4182 = SURFACE_SIDE_STYLE ('',( #8970 ) ) ;
#4183 = ADVANCED_FACE ( 'NONE', ( #2615 ), #1553, .F. ) ;
#4184 = CARTESIAN_POINT ( 'NONE',  ( 2.677507697770846740, -8.204197667997512156, 0.01000000000000000021 ) ) ;
#4185 = STYLED_ITEM ( 'NONE', ( #7778 ), #10423 ) ;
#4186 = CARTESIAN_POINT ( 'NONE',  ( -3.324999999999999734, -8.920000000000001705, 0.4000000000000010214 ) ) ;
#4187 =( NAMED_UNIT ( * ) PLANE_ANGLE_UNIT ( ) SI_UNIT ( $, .RADIAN. ) );
#4188 = LINE ( 'NONE', #1316, #10066 ) ;
#4189 = ORIENTED_EDGE ( 'NONE', *, *, #1965, .T. ) ;
#4190 = SURFACE_SIDE_STYLE ('',( #1319 ) ) ;
#4191 = PRESENTATION_LAYER_ASSIGNMENT (  '', '', ( #2727 ) ) ;
#4192 = CARTESIAN_POINT ( 'NONE',  ( 0.3199999999999999512, 0.5354264934286704358, 0.3554264934286704425 ) ) ;
#4193 = ORIENTED_EDGE ( 'NONE', *, *, #3140, .T. ) ;
#4194 = UNCERTAINTY_MEASURE_WITH_UNIT (LENGTH_MEASURE( 1.000000000000000082E-05 ), #9181, 'distance_accuracy_value', 'NONE');
#4195 = FACE_OUTER_BOUND ( 'NONE', #10691, .T. ) ;
#4196 = CARTESIAN_POINT ( 'NONE',  ( 2.129911343022846459, -7.489098917682770029, 6.776263578034402713E-18 ) ) ;
#4197 = EDGE_CURVE ( 'NONE', #5512, #8374, #4874, .T. ) ;
#4198 = CARTESIAN_POINT ( 'NONE',  ( -2.224999999999990763, -6.170000000000001705, 3.000000000000000000 ) ) ;
#4199 = DIRECTION ( 'NONE',  ( 0.000000000000000000, 0.000000000000000000, 1.000000000000000000 ) ) ;
#4200 = LINE ( 'NONE', #8985, #7555 ) ;
#4201 = DIRECTION ( 'NONE',  ( 0.000000000000000000, -0.1736481776669307753, -0.9848077530122080203 ) ) ;
#4202 = AXIS2_PLACEMENT_3D ( 'NONE', #8798, #4829, #4891 ) ;
#4203 = VECTOR ( 'NONE', #1517, 1000.000000000000000 ) ;
#4204 = CARTESIAN_POINT ( 'NONE',  ( 6.324999999999997513, -7.420000000000000817, 3.260000000000000231 ) ) ;
#4205 = VECTOR ( 'NONE', #9491, 1000.000000000000000 ) ;
#4206 = ORIENTED_EDGE ( 'NONE', *, *, #11539, .T. ) ;
#4207 = PRESENTATION_LAYER_ASSIGNMENT (  '', '', ( #9438 ) ) ;
#4208 = ADVANCED_FACE ( 'NONE', ( #4613 ), #1616, .T. ) ;
#4209 = DIRECTION ( 'NONE',  ( -0.000000000000000000, -0.000000000000000000, 1.000000000000000000 ) ) ;
#4210 =( NAMED_UNIT ( * ) PLANE_ANGLE_UNIT ( ) SI_UNIT ( $, .RADIAN. ) );
#4211 = CARTESIAN_POINT ( 'NONE',  ( 3.463414634146338322, -8.464891082923399424, 0.01000000000000000021 ) ) ;
#4212 = PRESENTATION_LAYER_ASSIGNMENT (  '', '', ( #12436 ) ) ;
#4213 = ORIENTED_EDGE ( 'NONE', *, *, #12302, .T. ) ;
#4214 = MECHANICAL_DESIGN_GEOMETRIC_PRESENTATION_REPRESENTATION (  '', ( #6016 ), #8432 ) ;
#4215 = FACE_OUTER_BOUND ( 'NONE', #2492, .T. ) ;
#4216 = VECTOR ( 'NONE', #5090, 1000.000000000000000 ) ;
#4217 = CARTESIAN_POINT ( 'NONE',  ( 2.559298305749340585, -7.488199655107693253, 0.01000000000000000021 ) ) ;
#4218 = LINE ( 'NONE', #6159, #5652 ) ;
#4219 = CIRCLE ( 'NONE', #7442, 0.2154264934286704847 ) ;
#4220 = CARTESIAN_POINT ( 'NONE',  ( 2.180467148344216621, -8.441548771008095642, 0.01000000000000000021 ) ) ;
#4221 = ORIENTED_EDGE ( 'NONE', *, *, #7516, .F. ) ;
#4222 = ORIENTED_EDGE ( 'NONE', *, *, #9353, .F. ) ;
#4223 = FILL_AREA_STYLE ('',( #2233 ) ) ;
#4224 = UNCERTAINTY_MEASURE_WITH_UNIT (LENGTH_MEASURE( 1.000000000000000082E-05 ), #7416, 'distance_accuracy_value', 'NONE');
#4225 = VERTEX_POINT ( 'NONE', #10530 ) ;
#4226 = MECHANICAL_DESIGN_GEOMETRIC_PRESENTATION_REPRESENTATION (  '', ( #10664 ), #5828 ) ;
#4227 = CARTESIAN_POINT ( 'NONE',  ( 0.4264396618143128648, -8.161787675069133385, 0.01000000000000000021 ) ) ;
#4228 = CARTESIAN_POINT ( 'NONE',  ( 0.8745552681767143621, -8.354173880936018648, 0.000000000000000000 ) ) ;
#4229 = CARTESIAN_POINT ( 'NONE',  ( 3.850000000000000089, 0.5299999999999988054, 0.4999999999999970024 ) ) ;
#4230 = MECHANICAL_DESIGN_GEOMETRIC_PRESENTATION_REPRESENTATION (  '', ( #9878 ), #7024 ) ;
#4231 = MECHANICAL_DESIGN_GEOMETRIC_PRESENTATION_REPRESENTATION (  '', ( #4625 ), #11856 ) ;
#4232 = DIRECTION ( 'NONE',  ( -6.051360962709794804E-16, 1.000000000000000000, 0.000000000000000000 ) ) ;
#4233 = SURFACE_STYLE_USAGE ( .BOTH. , #11197 ) ;
#4234 = CARTESIAN_POINT ( 'NONE',  ( -0.3199999999999999512, 0.3199999999999998956, 0.3554264934286703870 ) ) ;
#4235 = ORIENTED_EDGE ( 'NONE', *, *, #7412, .T. ) ;
#4236 = CARTESIAN_POINT ( 'NONE',  ( 0.3199999999999999512, -6.852871818038222429, 2.249999999999999556 ) ) ;
#4237 =( GEOMETRIC_REPRESENTATION_CONTEXT ( 3 ) GLOBAL_UNCERTAINTY_ASSIGNED_CONTEXT ( ( #5619 ) ) GLOBAL_UNIT_ASSIGNED_CONTEXT ( ( #4116, #8704, #4988 ) ) REPRESENTATION_CONTEXT ( 'NONE', 'WORKASPACE' ) );
#4238 = LINE ( 'NONE', #305, #3416 ) ;
#4239 = EDGE_LOOP ( 'NONE', ( #5994, #11979, #5613, #8153, #1789, #10916, #3058, #4299, #7304, #5941 ) ) ;
#4240 =( NAMED_UNIT ( * ) SI_UNIT ( $, .STERADIAN. ) SOLID_ANGLE_UNIT ( ) );
#4241 = PRODUCT_DEFINITION_SHAPE ( 'NONE', 'NONE',  #11105 ) ;
#4242 = ORIENTED_EDGE ( 'NONE', *, *, #6318, .T. ) ;
#4243 = FACE_OUTER_BOUND ( 'NONE', #4732, .T. ) ;
#4244 = FILL_AREA_STYLE ('',( #5126 ) ) ;
#4245 = VERTEX_POINT ( 'NONE', #5737 ) ;
#4246 = DIRECTION ( 'NONE',  ( 0.000000000000000000, -1.000000000000000000, -0.000000000000000000 ) ) ;
#4247 = CARTESIAN_POINT ( 'NONE',  ( 0.5247180244848475006, -7.939852209980988285, 0.01000000000000000021 ) ) ;
#4248 = VECTOR ( 'NONE', #2988, 1000.000000000000000 ) ;
#4249 = ADVANCED_FACE ( 'NONE', ( #4912 ), #11395, .T. ) ;
#4250 = CARTESIAN_POINT ( 'NONE',  ( -0.4390243902439051049, -8.464891082923399424, 0.01000000000000000021 ) ) ;
#4251 = EDGE_CURVE ( 'NONE', #10675, #11342, #5679, .T. ) ;
#4252 = UNCERTAINTY_MEASURE_WITH_UNIT (LENGTH_MEASURE( 1.000000000000000082E-05 ), #10629, 'distance_accuracy_value', 'NONE');
#4253 = ORIENTED_EDGE ( 'NONE', *, *, #9567, .F. ) ;
#4254 = ADVANCED_FACE ( 'NONE', ( #10412 ), #12459, .F. ) ;
#4255 = CARTESIAN_POINT ( 'NONE',  ( 5.224999999999986322, -6.170000000000001705, -0.01000000000000000021 ) ) ;
#4256 = DIRECTION ( 'NONE',  ( -1.000000000000000000, -0.000000000000000000, 0.000000000000000000 ) ) ;
#4257 = CARTESIAN_POINT ( 'NONE',  ( 2.559298305749340585, -7.488199655107693253, 0.01000000000000000021 ) ) ;
#4258 = EDGE_LOOP ( 'NONE', ( #12470, #1053, #6668, #1720 ) ) ;
#4259 = CARTESIAN_POINT ( 'NONE',  ( 0.3199999999999999512, 0.5354264934286706579, -0.5000000000000000000 ) ) ;
#4260 = FACE_OUTER_BOUND ( 'NONE', #6088, .T. ) ;
#4261 = PRESENTATION_STYLE_ASSIGNMENT (( #2265 ) ) ;
#4263 = AXIS2_PLACEMENT_3D ( 'NONE', #6148, #7289, #3667 ) ;
#4262 = CARTESIAN_POINT ( 'NONE',  ( 0.6181210415495502764, -7.538776313639284687, 0.01000000000000000021 ) ) ;
#4264 = PRESENTATION_STYLE_ASSIGNMENT (( #11811 ) ) ;
#4265 = AXIS2_PLACEMENT_3D ( 'NONE', #2741, #7645, #12404 ) ;
#4266 = SURFACE_SIDE_STYLE ('',( #1215 ) ) ;
#4267 = ADVANCED_FACE ( 'NONE', ( #1981 ), #11517, .F. ) ;
#4268 =( LENGTH_UNIT ( ) NAMED_UNIT ( * ) SI_UNIT ( .MILLI., .METRE. ) );
#4269 = AXIS2_PLACEMENT_3D ( 'NONE', #3840, #10595, #9525 ) ;
#4270 = VERTEX_POINT ( 'NONE', #2923 ) ;
#4271 =( NAMED_UNIT ( * ) PLANE_ANGLE_UNIT ( ) SI_UNIT ( $, .RADIAN. ) );
#4272 = PRESENTATION_LAYER_ASSIGNMENT (  '', '', ( #7494 ) ) ;
#4273 = SURFACE_STYLE_USAGE ( .BOTH. , #11009 ) ;
#4274 = CARTESIAN_POINT ( 'NONE',  ( -2.224999999999990763, -0.9700000000000019718, 2.529999999999998472 ) ) ;
#4275 = PLANE ( 'NONE',  #9772 ) ;
#4276 = ORIENTED_EDGE ( 'NONE', *, *, #2774, .T. ) ;
#4277 = VECTOR ( 'NONE', #8504, 1000.000000000000000 ) ;
#4278 =( LENGTH_UNIT ( ) NAMED_UNIT ( * ) SI_UNIT ( .MILLI., .METRE. ) );
#4279 = ADVANCED_FACE ( 'NONE', ( #12340 ), #5861, .F. ) ;
#4280 = CARTESIAN_POINT ( 'NONE',  ( 2.540294406025092044, -7.605455284486803080, 0.000000000000000000 ) ) ;
#4281 = LINE ( 'NONE', #5103, #9286 ) ;
#4282 = LINE ( 'NONE', #2288, #8285 ) ;
#4283 = ORIENTED_EDGE ( 'NONE', *, *, #12305, .T. ) ;
#4284 = ORIENTED_EDGE ( 'NONE', *, *, #11631, .T. ) ;
#4285 = PLANE ( 'NONE',  #2564 ) ;
#4286 = SURFACE_STYLE_USAGE ( .BOTH. , #5108 ) ;
#4287 = CARTESIAN_POINT ( 'NONE',  ( 2.600656891080871169, -7.647634944173463012, 0.01000000000000000021 ) ) ;
#4288 = CARTESIAN_POINT ( 'NONE',  ( 3.850000000000000089, 1.029999999999998472, 0.5000000000000004441 ) ) ;
#4289 = LINE ( 'NONE', #10042, #4910 ) ;
#4290 = DIRECTION ( 'NONE',  ( 0.000000000000000000, 0.000000000000000000, -1.000000000000000000 ) ) ;
#4291 = ORIENTED_EDGE ( 'NONE', *, *, #8812, .T. ) ;
#4292 = CARTESIAN_POINT ( 'NONE',  ( 2.680000000000000160, 2.429999999999997939, -0.5000000000000000000 ) ) ;
#4293 = CIRCLE ( 'NONE', #3668, 0.4013720707318640391 ) ;
#4294 = PRESENTATION_STYLE_ASSIGNMENT (( #2484 ) ) ;
#4295 = VERTEX_POINT ( 'NONE', #11772 ) ;
#4296 = VERTEX_POINT ( 'NONE', #1356 ) ;
#4297 = SURFACE_STYLE_FILL_AREA ( #9087 ) ;
#4298 = CARTESIAN_POINT ( 'NONE',  ( 2.834887178074135150, -8.184481978456060958, 0.01000000000000000021 ) ) ;
#4299 = ORIENTED_EDGE ( 'NONE', *, *, #3078, .F. ) ;
#4300 = SURFACE_SIDE_STYLE ('',( #437 ) ) ;
#4301 = EDGE_LOOP ( 'NONE', ( #8060, #12191, #6185, #11408 ) ) ;
#4302 = LINE ( 'NONE', #1198, #11301 ) ;
#4303 = COLOUR_RGB ( '',0.2235294117647058654, 0.2235294117647058654, 0.2235294117647058654 ) ;
#4304 = CARTESIAN_POINT ( 'NONE',  ( 3.000000000000004885, -7.419999999999999929, -0.5000000000000000000 ) ) ;
#4305 = DIRECTION ( 'NONE',  ( 0.000000000000000000, -1.000000000000000000, 1.097926250618233875E-16 ) ) ;
#4306 = ORIENTED_EDGE ( 'NONE', *, *, #9556, .F. ) ;
#4307 = CARTESIAN_POINT ( 'NONE',  ( 2.726225334986511761, -8.060415568043046264, 6.776263578034402713E-18 ) ) ;
#4308 = SURFACE_STYLE_USAGE ( .BOTH. , #4435 ) ;
#4309 = DIRECTION ( 'NONE',  ( 0.000000000000000000, 1.000000000000000000, 1.012465936773767407E-16 ) ) ;
#4310 = MECHANICAL_DESIGN_GEOMETRIC_PRESENTATION_REPRESENTATION (  '', ( #843 ), #9537 ) ;
#4311 = ORIENTED_EDGE ( 'NONE', *, *, #5644, .T. ) ;
#4312 =( GEOMETRIC_REPRESENTATION_CONTEXT ( 3 ) GLOBAL_UNCERTAINTY_ASSIGNED_CONTEXT ( ( #784 ) ) GLOBAL_UNIT_ASSIGNED_CONTEXT ( ( #6065, #9095, #12031 ) ) REPRESENTATION_CONTEXT ( 'NONE', 'WORKASPACE' ) );
#4313 = CARTESIAN_POINT ( 'NONE',  ( 6.324999999999997513, -7.420000000000000817, 3.859999999999999876 ) ) ;
#4314 = CARTESIAN_POINT ( 'NONE',  ( -0.3199999999999999512, -1.420000000000001039, 1.609999999999999432 ) ) ;
#4315 = EDGE_CURVE ( 'NONE', #8755, #5162, #353, .T. ) ;
#4316 = EDGE_LOOP ( 'NONE', ( #4537, #7380, #8587, #3713, #3694 ) ) ;
#4317 = UNCERTAINTY_MEASURE_WITH_UNIT (LENGTH_MEASURE( 1.000000000000000082E-05 ), #1575, 'distance_accuracy_value', 'NONE');
#4318 = DIRECTION ( 'NONE',  ( 2.742645811821040307E-16, -1.000000000000000000, 1.097926250618233875E-16 ) ) ;
#4319 = PLANE ( 'NONE',  #4126 ) ;
#4320 = COLOUR_RGB ( '',0.2235294117647058654, 0.2235294117647058654, 0.2235294117647058654 ) ;
#4321 = CARTESIAN_POINT ( 'NONE',  ( 4.269999999999999574, -1.420000000000001039, 3.199999999999999734 ) ) ;
#4322 = ADVANCED_FACE ( 'NONE', ( #2109 ), #10786, .F. ) ;
#4323 = CARTESIAN_POINT ( 'NONE',  ( -0.3499999999999998668, -0.4700000000000016387, 0.4999999999999970024 ) ) ;
#4324 = EDGE_CURVE ( 'NONE', #2786, #11841, #5047, .T. ) ;
#4325 = DIRECTION ( 'NONE',  ( -1.000000000000000000, 0.000000000000000000, 0.000000000000000000 ) ) ;
#4326 = AXIS2_PLACEMENT_3D ( 'NONE', #5015, #9760, #1086 ) ;
#4327 = VECTOR ( 'NONE', #2369, 1000.000000000000000 ) ;
#4328 = SURFACE_STYLE_FILL_AREA ( #3096 ) ;
#4329 = ORIENTED_EDGE ( 'NONE', *, *, #2438, .T. ) ;
#4330 = EDGE_CURVE ( 'NONE', #11566, #1561, #2995, .T. ) ;
#4331 = SURFACE_STYLE_USAGE ( .BOTH. , #5276 ) ;
#4332 = FACE_OUTER_BOUND ( 'NONE', #978, .T. ) ;
#4333 = CARTESIAN_POINT ( 'NONE',  ( 2.865853658536582582, -7.983755412191692713, 0.000000000000000000 ) ) ;
#4334 = CARTESIAN_POINT ( 'NONE',  ( 2.694223643856590300, -8.171684327143841742, 0.000000000000000000 ) ) ;
#4335 = SURFACE_STYLE_USAGE ( .BOTH. , #467 ) ;
#4336 = EDGE_CURVE ( 'NONE', #3270, #12400, #9788, .T. ) ;
#4337 = DIRECTION ( 'NONE',  ( 0.000000000000000000, 1.445602896647339311E-15, -1.000000000000000000 ) ) ;
#4338 = ADVANCED_FACE ( 'NONE', ( #3182 ), #10905, .F. ) ;
#4339 = ORIENTED_EDGE ( 'NONE', *, *, #6682, .F. ) ;
#4340 = UNCERTAINTY_MEASURE_WITH_UNIT (LENGTH_MEASURE( 1.000000000000000082E-05 ), #9710, 'distance_accuracy_value', 'NONE');
#4341 = CARTESIAN_POINT ( 'NONE',  ( 6.324999999999997513, -7.420000000000000817, 3.859999999999999876 ) ) ;
#4342 = DIRECTION ( 'NONE',  ( 0.000000000000000000, -1.000000000000000000, 0.000000000000000000 ) ) ;
#4343 = LINE ( 'NONE', #10959, #3206 ) ;
#4344 = PRESENTATION_STYLE_ASSIGNMENT (( #10098 ) ) ;
#4345 = ORIENTED_EDGE ( 'NONE', *, *, #11404, .F. ) ;
#4346 = ORIENTED_EDGE ( 'NONE', *, *, #12165, .F. ) ;
#4347 = SURFACE_SIDE_STYLE ('',( #7544 ) ) ;
#4348 = CARTESIAN_POINT ( 'NONE',  ( -0.8499999999999989786, 0.5299999999999983613, 3.859999999999999876 ) ) ;
#4349 = PRESENTATION_STYLE_ASSIGNMENT (( #1425 ) ) ;
#4350 = CARTESIAN_POINT ( 'NONE',  ( 0.9039491995211077491, -8.354809276445639199, -0.000000000000000000 ) ) ;
#4351 = CARTESIAN_POINT ( 'NONE',  ( 0.9999999999999961142, -0.9700000000000024158, -0.5000000000000000000 ) ) ;
#4352 = EDGE_CURVE ( 'NONE', #10986, #6707, #9157, .T. ) ;
#4353 = VECTOR ( 'NONE', #2185, 1000.000000000000000 ) ;
#4354 = ORIENTED_EDGE ( 'NONE', *, *, #2748, .T. ) ;
#4355 =( NAMED_UNIT ( * ) PLANE_ANGLE_UNIT ( ) SI_UNIT ( $, .RADIAN. ) );
#4356 = PLANE ( 'NONE',  #1576 ) ;
#4357 = VERTEX_POINT ( 'NONE', #12014 ) ;
#4358 = ORIENTED_EDGE ( 'NONE', *, *, #3818, .F. ) ;
#4359 = CARTESIAN_POINT ( 'NONE',  ( -2.524999999999994582, -1.100546928854630410E-16, 0.000000000000000000 ) ) ;
#4360 = PRESENTATION_STYLE_ASSIGNMENT (( #3313 ) ) ;
#4361 = SURFACE_STYLE_USAGE ( .BOTH. , #5172 ) ;
#4362 = VECTOR ( 'NONE', #8191, 1000.000000000000000 ) ;
#4363 = ORIENTED_EDGE ( 'NONE', *, *, #1301, .T. ) ;
#4364 = ORIENTED_EDGE ( 'NONE', *, *, #8404, .T. ) ;
#4365 = CARTESIAN_POINT ( 'NONE',  ( 6.324999999999997513, 1.029999999999999138, 0.000000000000000000 ) ) ;
#4366 = EDGE_CURVE ( 'NONE', #19, #1787, #3359, .T. ) ;
#4367 = LINE ( 'NONE', #7390, #4668 ) ;
#4368 = ORIENTED_EDGE ( 'NONE', *, *, #9372, .T. ) ;
#4369 = CARTESIAN_POINT ( 'NONE',  ( 2.657521680017705723, -8.234316519631898146, 0.01000000000000000021 ) ) ;
#4370 = DIRECTION ( 'NONE',  ( -0.000000000000000000, -0.000000000000000000, 1.000000000000000000 ) ) ;
#4371 =( NAMED_UNIT ( * ) PLANE_ANGLE_UNIT ( ) SI_UNIT ( $, .RADIAN. ) );
#4372 = STYLED_ITEM ( 'NONE', ( #77 ), #10131 ) ;
#4373 = COLOUR_RGB ( '',0.2235294117647058654, 0.2235294117647058654, 0.2235294117647058654 ) ;
#4374 = EDGE_LOOP ( 'NONE', ( #10525, #7941, #6539, #10784 ) ) ;
#4375 = DIRECTION ( 'NONE',  ( 0.000000000000000000, 0.000000000000000000, -1.000000000000000000 ) ) ;
#4376 = DIRECTION ( 'NONE',  ( 0.000000000000000000, -1.000000000000000000, 0.000000000000000000 ) ) ;
#4377 = CIRCLE ( 'NONE', #5978, 0.5000000000000000000 ) ;
#4378 = PRESENTATION_LAYER_ASSIGNMENT (  '', '', ( #4185 ) ) ;
#4379 = VERTEX_POINT ( 'NONE', #10215 ) ;
#4380 = CARTESIAN_POINT ( 'NONE',  ( 1.099999999999995870, -0.4700000000000014722, 2.560317866458142966 ) ) ;
#4381 = FACE_OUTER_BOUND ( 'NONE', #5257, .T. ) ;
#4382 = LINE ( 'NONE', #9115, #10220 ) ;
#4383 = CARTESIAN_POINT ( 'NONE',  ( 2.630828880894822586, -8.425124699456995714, 0.000000000000000000 ) ) ;
#4384 = CARTESIAN_POINT ( 'NONE',  ( 2.366545006263509165, -8.367171566766222313, 0.01000000000000000021 ) ) ;
#4385 = B_SPLINE_CURVE_WITH_KNOTS ( 'NONE', 3,
 ( #9143, #4350, #4228, #8064, #1359, #9078, #11963, #3306, #3570, #9208, #3433, #8362, #4479, #3499, #12199, #8306, #12135, #10294, #12077 ),
 .UNSPECIFIED., .F., .F.,
 ( 4, 1, 1, 1, 1, 1, 1, 1, 1, 1, 1, 1, 1, 1, 1, 1, 4 ),
 ( 0.000000000000000000, 0.07082657255516255912, 0.1381690332797995413, 0.2024753315338425896, 0.2639737544135196678, 0.3233803205980373963, 0.3817976227131848477, 0.4393900745193886626, 0.4969027245459978759, 0.5546621696093694265, 0.6127418784921979666, 0.6715388363911718450, 0.7316557220901976910, 0.7942978116139541855, 0.8594822049793595653, 0.9276813254527898067, 1.000000000000000000 ),
 .UNSPECIFIED. ) ;
#4386 = CARTESIAN_POINT ( 'NONE',  ( 1.729999999999999316, -1.420000000000001039, 3.199999999999999734 ) ) ;
#4387 = ORIENTED_EDGE ( 'NONE', *, *, #667, .F. ) ;
#4388 =( NAMED_UNIT ( * ) PLANE_ANGLE_UNIT ( ) SI_UNIT ( $, .RADIAN. ) );
#4389 = LINE ( 'NONE', #5407, #4061 ) ;
#4390 = SURFACE_STYLE_USAGE ( .BOTH. , #2399 ) ;
#4391 = SURFACE_SIDE_STYLE ('',( #7160 ) ) ;
#4392 = COLOUR_RGB ( '',0.2235294117647058654, 0.2235294117647058654, 0.2235294117647058654 ) ;
#4393 =( GEOMETRIC_REPRESENTATION_CONTEXT ( 3 ) GLOBAL_UNCERTAINTY_ASSIGNED_CONTEXT ( ( #3421 ) ) GLOBAL_UNIT_ASSIGNED_CONTEXT ( ( #12110, #9241, #8156 ) ) REPRESENTATION_CONTEXT ( 'NONE', 'WORKASPACE' ) );
#4394 = FILL_AREA_STYLE ('',( #5281 ) ) ;
#4395 = CARTESIAN_POINT ( 'NONE',  ( 0.9129192073170706578, -7.464891082923399424, 0.01000000000000000021 ) ) ;
#4396 = COLOUR_RGB ( '',0.6470588235294117974, 0.6196078431372549211, 0.5882352941176470784 ) ;
#4397 = EDGE_LOOP ( 'NONE', ( #9583, #5852, #93, #4815 ) ) ;
#4398 = ADVANCED_FACE ( 'NONE', ( #2476 ), #10102, .F. ) ;
#4399 = EDGE_CURVE ( 'NONE', #845, #10299, #8357, .T. ) ;
#4400 =( NAMED_UNIT ( * ) SI_UNIT ( $, .STERADIAN. ) SOLID_ANGLE_UNIT ( ) );
#4401 = VECTOR ( 'NONE', #8912, 1000.000000000000000 ) ;
#4402 = SURFACE_STYLE_FILL_AREA ( #8419 ) ;
#4403 = CARTESIAN_POINT ( 'NONE',  ( -1.825000000000004174, -7.419999999999996376, 1.000000000000000000 ) ) ;
#4404 = COLOUR_RGB ( '',0.6470588235294117974, 0.6196078431372549211, 0.5882352941176470784 ) ;
#4405 = EDGE_CURVE ( 'NONE', #9651, #3841, #2412, .T. ) ;
#4406 = ORIENTED_EDGE ( 'NONE', *, *, #5023, .F. ) ;
#4407 = ORIENTED_EDGE ( 'NONE', *, *, #6207, .T. ) ;
#4408 = STYLED_ITEM ( 'NONE', ( #7404 ), #5018 ) ;
#4409 =( NAMED_UNIT ( * ) SI_UNIT ( $, .STERADIAN. ) SOLID_ANGLE_UNIT ( ) );
#4410 = CARTESIAN_POINT ( 'NONE',  ( 0.5038193580273513383, -8.289216452539545088, 6.776263578034402713E-18 ) ) ;
#4411 = SURFACE_SIDE_STYLE ('',( #6477 ) ) ;
#4412 = DIRECTION ( 'NONE',  ( -0.000000000000000000, -0.000000000000000000, -1.000000000000000000 ) ) ;
#4413 = DIRECTION ( 'NONE',  ( 0.000000000000000000, 0.000000000000000000, -1.000000000000000000 ) ) ;
#4414 = AXIS2_PLACEMENT_3D ( 'NONE', #6238, #11092, #9149 ) ;
#4415 = VERTEX_POINT ( 'NONE', #7306 ) ;
#4416 = AXIS2_PLACEMENT_3D ( 'NONE', #10095, #5100, #10955 ) ;
#4417 = CARTESIAN_POINT ( 'NONE',  ( 0.3199999999999999512, -6.852871818038222429, 2.249999999999999556 ) ) ;
#4418 = ORIENTED_EDGE ( 'NONE', *, *, #2006, .F. ) ;
#4419 = DIRECTION ( 'NONE',  ( 0.000000000000000000, -1.000000000000000000, -0.000000000000000000 ) ) ;
#4420 = EDGE_CURVE ( 'NONE', #6097, #7933, #10160, .T. ) ;
#4421 = FACE_OUTER_BOUND ( 'NONE', #4742, .T. ) ;
#4422 =( GEOMETRIC_REPRESENTATION_CONTEXT ( 3 ) GLOBAL_UNCERTAINTY_ASSIGNED_CONTEXT ( ( #10554 ) ) GLOBAL_UNIT_ASSIGNED_CONTEXT ( ( #8129, #4485, #8368 ) ) REPRESENTATION_CONTEXT ( 'NONE', 'WORKASPACE' ) );
#4423 = ORIENTED_EDGE ( 'NONE', *, *, #513, .T. ) ;
#4424 = MECHANICAL_DESIGN_GEOMETRIC_PRESENTATION_REPRESENTATION (  '', ( #2177 ), #1579 ) ;
#4425 = VECTOR ( 'NONE', #4892, 1000.000000000000000 ) ;
#4426 = ORIENTED_EDGE ( 'NONE', *, *, #6570, .F. ) ;
#4427 = CARTESIAN_POINT ( 'NONE',  ( 6.324999999999997513, -3.470000000000001528, 0.9299999999999991607 ) ) ;
#4428 = PLANE ( 'NONE',  #865 ) ;
#4429 = DIRECTION ( 'NONE',  ( 1.000000000000000000, -0.000000000000000000, -0.000000000000000000 ) ) ;
#4430 = COLOUR_RGB ( '',0.6470588235294117974, 0.6196078431372549211, 0.5882352941176470784 ) ;
#4431 =( GEOMETRIC_REPRESENTATION_CONTEXT ( 3 ) GLOBAL_UNCERTAINTY_ASSIGNED_CONTEXT ( ( #3549 ) ) GLOBAL_UNIT_ASSIGNED_CONTEXT ( ( #406, #7290, #583 ) ) REPRESENTATION_CONTEXT ( 'NONE', 'WORKASPACE' ) );
#4432 = CARTESIAN_POINT ( 'NONE',  ( 2.609376231865948359, -8.286635530988940346, 0.01000000000000000021 ) ) ;
#4433 = ORIENTED_EDGE ( 'NONE', *, *, #10036, .F. ) ;
#4434 = CARTESIAN_POINT ( 'NONE',  ( 2.677507697770846740, -8.204197667997512156, 0.01000000000000000021 ) ) ;
#4435 = SURFACE_SIDE_STYLE ('',( #5383 ) ) ;
#4436 = B_SPLINE_CURVE_WITH_KNOTS ( 'NONE', 3,
 ( #1065, #312, #6000, #9874, #1203, #4123, #5065, #4184, #3516, #10062, #4432, #10120, #4499, #5311, #3321, #8145, #2372, #5450, #8269 ),
 .UNSPECIFIED., .F., .F.,
 ( 4, 1, 1, 1, 1, 1, 1, 1, 1, 1, 1, 1, 1, 1, 1, 1, 4 ),
 ( 0.000000000000000000, 0.07377411937406352926, 0.1440791147260412630, 0.2113485183089114372, 0.2760768857398836484, 0.3385209158196778589, 0.3998851166931347567, 0.4602540674652130792, 0.5205889643912490206, 0.5802076845630447233, 0.6386329085525453975, 0.6963645494905242872, 0.7540017746600130577, 0.8128056813744977127, 0.8727544255255604844, 0.9351819969782672048, 1.000000000000000000 ),
 .UNSPECIFIED. ) ;
#4437 = VECTOR ( 'NONE', #10821, 1000.000000000000000 ) ;
#4438 = PRESENTATION_LAYER_ASSIGNMENT (  '', '', ( #5037 ) ) ;
#4439 = VERTEX_POINT ( 'NONE', #421 ) ;
#4440 = VECTOR ( 'NONE', #9432, 1000.000000000000000 ) ;
#4441 = ADVANCED_FACE ( 'NONE', ( #5356 ), #4285, .F. ) ;
#4442 = DIRECTION ( 'NONE',  ( -1.000000000000000000, 0.000000000000000000, 0.000000000000000000 ) ) ;
#4443 =( NAMED_UNIT ( * ) SI_UNIT ( $, .STERADIAN. ) SOLID_ANGLE_UNIT ( ) );
#4444 = ORIENTED_EDGE ( 'NONE', *, *, #762, .F. ) ;
#4445 = CARTESIAN_POINT ( 'NONE',  ( -0.1951219512195148664, -7.464891082923399424, 0.01000000000000000021 ) ) ;
#4446 = CARTESIAN_POINT ( 'NONE',  ( 2.731707317073167829, -7.975561814630715674, 6.776263578034402713E-18 ) ) ;
#4447 = CARTESIAN_POINT ( 'NONE',  ( 2.227665666505531661, -7.462362745192345770, 6.776263578034402713E-18 ) ) ;
#4448 = VECTOR ( 'NONE', #1088, 1000.000000000000000 ) ;
#4449 = CARTESIAN_POINT ( 'NONE',  ( 3.350000000000000089, 0.5299999999999988054, 0.4999999999999970024 ) ) ;
#4450 = CARTESIAN_POINT ( 'NONE',  ( 4.269999999999999574, -1.420000000000001039, 3.199999999999999734 ) ) ;
#4451 = CARTESIAN_POINT ( 'NONE',  ( 2.705682198047719922, -8.373816223682149840, 0.000000000000000000 ) ) ;
#4452 = FILL_AREA_STYLE ('',( #7473 ) ) ;
#4453 = SURFACE_SIDE_STYLE ('',( #3618 ) ) ;
#4454 = CARTESIAN_POINT ( 'NONE',  ( 0.5038193580273513383, -8.289216452539545088, 0.000000000000000000 ) ) ;
#4455 = FILL_AREA_STYLE ('',( #699 ) ) ;
#4456 = CARTESIAN_POINT ( 'NONE',  ( 5.524999999999991473, -8.220000000000004192, 0.000000000000000000 ) ) ;
#4457 = UNCERTAINTY_MEASURE_WITH_UNIT (LENGTH_MEASURE( 1.000000000000000082E-05 ), #1276, 'distance_accuracy_value', 'NONE');
#4458 = PRESENTATION_LAYER_ASSIGNMENT (  '', '', ( #1607 ) ) ;
#4459 = DIRECTION ( 'NONE',  ( 1.000000000000000000, 0.000000000000000000, 0.000000000000000000 ) ) ;
#4460 = SURFACE_STYLE_FILL_AREA ( #2463 ) ;
#4461 = DIRECTION ( 'NONE',  ( -0.000000000000000000, -0.000000000000000000, -1.000000000000000000 ) ) ;
#4462 = FILL_AREA_STYLE ('',( #3553 ) ) ;
#4463 =( NAMED_UNIT ( * ) PLANE_ANGLE_UNIT ( ) SI_UNIT ( $, .RADIAN. ) );
#4464 = AXIS2_PLACEMENT_3D ( 'NONE', #4793, #857, #11287 ) ;
#4465 = UNCERTAINTY_MEASURE_WITH_UNIT (LENGTH_MEASURE( 1.000000000000000082E-05 ), #9654, 'distance_accuracy_value', 'NONE');
#4466 =( GEOMETRIC_REPRESENTATION_CONTEXT ( 3 ) GLOBAL_UNCERTAINTY_ASSIGNED_CONTEXT ( ( #2769 ) ) GLOBAL_UNIT_ASSIGNED_CONTEXT ( ( #4536, #11085, #2530 ) ) REPRESENTATION_CONTEXT ( 'NONE', 'WORKASPACE' ) );
#4467 = PLANE ( 'NONE',  #8172 ) ;
#4468 = CARTESIAN_POINT ( 'NONE',  ( 2.865853658536582582, -7.983755412191692713, 0.01000000000000000021 ) ) ;
#4469 = PRESENTATION_STYLE_ASSIGNMENT (( #6408 ) ) ;
#4470 = EDGE_LOOP ( 'NONE', ( #7322, #9781, #158, #3049 ) ) ;
#4471 = AXIS2_PLACEMENT_3D ( 'NONE', #8307, #7118, #5229 ) ;
#4472 = ORIENTED_EDGE ( 'NONE', *, *, #11052, .F. ) ;
#4473 = ADVANCED_FACE ( 'NONE', ( #4658 ), #4773, .T. ) ;
#4474 = CARTESIAN_POINT ( 'NONE',  ( -0.1423399390243929585, -7.656964253655107910, 0.000000000000000000 ) ) ;
#4475 = UNCERTAINTY_MEASURE_WITH_UNIT (LENGTH_MEASURE( 1.000000000000000082E-05 ), #12310, 'distance_accuracy_value', 'NONE');
#4476 = CARTESIAN_POINT ( 'NONE',  ( 6.324999999999997513, -0.9700000000000019718, 1.329999999999998739 ) ) ;
#4477 = CARTESIAN_POINT ( 'NONE',  ( 0.9190167682926805304, -8.355134985362425937, 6.776263578034402713E-18 ) ) ;
#4478 = CARTESIAN_POINT ( 'NONE',  ( -1.269999999999999574, -8.920000000000001705, 3.199999999999999734 ) ) ;
#4479 = CARTESIAN_POINT ( 'NONE',  ( 0.5644682872638053794, -8.159078321302876802, 0.000000000000000000 ) ) ;
#4480 = PRESENTATION_STYLE_ASSIGNMENT (( #5427 ) ) ;
#4481 = CARTESIAN_POINT ( 'NONE',  ( 0.4102258999542249263, -8.113454890230364924, 0.01000000000000000021 ) ) ;
#4482 = ORIENTED_EDGE ( 'NONE', *, *, #3691, .F. ) ;
#4483 = EDGE_CURVE ( 'NONE', #12285, #6044, #5722, .T. ) ;
#4484 = EDGE_CURVE ( 'NONE', #10904, #5292, #4836, .T. ) ;
#4485 =( NAMED_UNIT ( * ) PLANE_ANGLE_UNIT ( ) SI_UNIT ( $, .RADIAN. ) );
#4486 = MECHANICAL_DESIGN_GEOMETRIC_PRESENTATION_REPRESENTATION (  '', ( #229 ), #3439 ) ;
#4487 = ORIENTED_EDGE ( 'NONE', *, *, #7862, .T. ) ;
#4488 =( LENGTH_UNIT ( ) NAMED_UNIT ( * ) SI_UNIT ( .MILLI., .METRE. ) );
#4489 =( LENGTH_UNIT ( ) NAMED_UNIT ( * ) SI_UNIT ( .MILLI., .METRE. ) );
#4490 = FILL_AREA_STYLE_COLOUR ( '', #2802 ) ;
#4491 = ORIENTED_EDGE ( 'NONE', *, *, #9345, .F. ) ;
#4492 = ORIENTED_EDGE ( 'NONE', *, *, #7283, .F. ) ;
#4493 = EDGE_CURVE ( 'NONE', #11004, #11217, #9447, .T. ) ;
#4494 = EDGE_LOOP ( 'NONE', ( #11996, #65, #5433, #8052 ) ) ;
#4495 = CARTESIAN_POINT ( 'NONE',  ( -2.626372070731854524, -3.615000000000001101, -0.09862792926813601646 ) ) ;
#4496 = EDGE_CURVE ( 'NONE', #7921, #1310, #783, .T. ) ;
#4497 = FILL_AREA_STYLE ('',( #12154 ) ) ;
#4498 = CARTESIAN_POINT ( 'NONE',  ( 1.414634146341460674, -7.574647180484375575, 0.01000000000000000021 ) ) ;
#4499 = CARTESIAN_POINT ( 'NONE',  ( 2.552699993788689170, -8.326491318142229758, 0.01000000000000000021 ) ) ;
#4500 = EDGE_LOOP ( 'NONE', ( #2023, #4612, #1554, #10989, #10304, #590, #6890, #5692 ) ) ;
#4501 = LINE ( 'NONE', #5382, #6189 ) ;
#4502 =( NAMED_UNIT ( * ) SI_UNIT ( $, .STERADIAN. ) SOLID_ANGLE_UNIT ( ) );
#4503 = ADVANCED_FACE ( 'NONE', ( #10515 ), #6768, .F. ) ;
#4504 = ORIENTED_EDGE ( 'NONE', *, *, #5121, .T. ) ;
#4505 = AXIS2_PLACEMENT_3D ( 'NONE', #8810, #152, #8548 ) ;
#4506 = MECHANICAL_DESIGN_GEOMETRIC_PRESENTATION_REPRESENTATION (  '', ( #249 ), #2046 ) ;
#4507 = DIRECTION ( 'NONE',  ( -1.000000000000000000, 0.000000000000000000, 0.000000000000000000 ) ) ;
#4508 = FACE_OUTER_BOUND ( 'NONE', #11709, .T. ) ;
#4509 = ORIENTED_EDGE ( 'NONE', *, *, #82, .T. ) ;
#4510 = LINE ( 'NONE', #12167, #2168 ) ;
#4511 = CARTESIAN_POINT ( 'NONE',  ( 2.396258273346396184, -7.563314767945001904, 6.776263578034402713E-18 ) ) ;
#4512 = SURFACE_STYLE_FILL_AREA ( #634 ) ;
#4513 = DIRECTION ( 'NONE',  ( -1.000000000000000000, -1.162683294890621319E-16, 0.000000000000000000 ) ) ;
#4514 = DIRECTION ( 'NONE',  ( 0.000000000000000000, 1.000000000000000000, 0.000000000000000000 ) ) ;
#4515 =( NAMED_UNIT ( * ) PLANE_ANGLE_UNIT ( ) SI_UNIT ( $, .RADIAN. ) );
#4516 = AXIS2_PLACEMENT_3D ( 'NONE', #4192, #8090, #322 ) ;
#4517 = EDGE_CURVE ( 'NONE', #7458, #1488, #715, .T. ) ;
#4518 =( NAMED_UNIT ( * ) SI_UNIT ( $, .STERADIAN. ) SOLID_ANGLE_UNIT ( ) );
#4519 = VECTOR ( 'NONE', #735, 1000.000000000000000 ) ;
#4520 = FACE_OUTER_BOUND ( 'NONE', #12148, .T. ) ;
#4521 = CIRCLE ( 'NONE', #5534, 0.4999999999999995559 ) ;
#4522 = LINE ( 'NONE', #2461, #1391 ) ;
#4523 = CARTESIAN_POINT ( 'NONE',  ( -0.1951219512195148664, -7.464891082923399424, 0.01000000000000000021 ) ) ;
#4524 = SURFACE_SIDE_STYLE ('',( #770 ) ) ;
#4525 = DIRECTION ( 'NONE',  ( -0.000000000000000000, -0.000000000000000000, -1.000000000000000000 ) ) ;
#4526 = PRESENTATION_STYLE_ASSIGNMENT (( #11311 ) ) ;
#4527 = ADVANCED_FACE ( 'NONE', ( #8487 ), #2653, .T. ) ;
#4528 = SURFACE_STYLE_FILL_AREA ( #12184 ) ;
#4529 = MECHANICAL_DESIGN_GEOMETRIC_PRESENTATION_REPRESENTATION (  '', ( #12144 ), #11544 ) ;
#4530 =( GEOMETRIC_REPRESENTATION_CONTEXT ( 3 ) GLOBAL_UNCERTAINTY_ASSIGNED_CONTEXT ( ( #7362 ) ) GLOBAL_UNIT_ASSIGNED_CONTEXT ( ( #3061, #1043, #9790 ) ) REPRESENTATION_CONTEXT ( 'NONE', 'WORKASPACE' ) );
#4531 = ORIENTED_EDGE ( 'NONE', *, *, #8347, .T. ) ;
#4532 = DIRECTION ( 'NONE',  ( 0.000000000000000000, -1.000000000000000000, 1.734723475976807341E-16 ) ) ;
#4533 = SURFACE_STYLE_FILL_AREA ( #9134 ) ;
#4534 = STYLED_ITEM ( 'NONE', ( #7624 ), #2514 ) ;
#4535 = CARTESIAN_POINT ( 'NONE',  ( 2.858590348318216900, -8.089074146431039836, 0.01000000000000000021 ) ) ;
#4536 =( LENGTH_UNIT ( ) NAMED_UNIT ( * ) SI_UNIT ( .MILLI., .METRE. ) );
#4537 = ORIENTED_EDGE ( 'NONE', *, *, #5713, .T. ) ;
#4538 = PRESENTATION_STYLE_ASSIGNMENT (( #5664 ) ) ;
#4539 = ORIENTED_EDGE ( 'NONE', *, *, #3621, .F. ) ;
#4540 = DIRECTION ( 'NONE',  ( 0.000000000000000000, -7.478108553735037092E-16, 1.000000000000000000 ) ) ;
#4541 = CARTESIAN_POINT ( 'NONE',  ( 2.680000000000000160, -6.852871818038222429, 2.249999999999999556 ) ) ;
#4542 = CARTESIAN_POINT ( 'NONE',  ( 0.5243902439024364925, -7.955173095118522220, 0.01000000000000000021 ) ) ;
#4543 = CARTESIAN_POINT ( 'NONE',  ( -7.806255641895631925E-15, -7.419999999999999929, -0.5000000000000000000 ) ) ;
#4544 = FILL_AREA_STYLE ('',( #9453 ) ) ;
#4545 = ORIENTED_EDGE ( 'NONE', *, *, #7785, .T. ) ;
#4546 = ORIENTED_EDGE ( 'NONE', *, *, #12113, .T. ) ;
#4547 = PLANE ( 'NONE',  #4160 ) ;
#4548 = B_SPLINE_CURVE_WITH_KNOTS ( 'NONE', 3,
 ( #4333, #2277, #7227, #6093, #6277, #8049, #5343, #1342, #9062, #8108, #4146, #3344, #3165, #3289, #8227, #1223, #8996, #11077, #11008 ),
 .UNSPECIFIED., .F., .F.,
 ( 4, 1, 1, 1, 1, 1, 1, 1, 1, 1, 1, 1, 1, 1, 1, 1, 4 ),
 ( 0.000000000000000000, 0.07064371857535417520, 0.1382567155089057809, 0.2033641242175811825, 0.2663240938030568827, 0.3279047615429894758, 0.3887377151730924130, 0.4494235281093025836, 0.5108610114593157281, 0.5720793960475148987, 0.6317344287314455853, 0.6911172105788374598, 0.7503600294901703327, 0.8100329005312618680, 0.8713624508287360904, 0.9344271412311533354, 1.000000000000000000 ),
 .UNSPECIFIED. ) ;
#4549 = FACE_OUTER_BOUND ( 'NONE', #3850, .T. ) ;
#4550 = ORIENTED_EDGE ( 'NONE', *, *, #8469, .T. ) ;
#4551 = ORIENTED_EDGE ( 'NONE', *, *, #3223, .F. ) ;
#4552 = VERTEX_POINT ( 'NONE', #149 ) ;
#4553 = DIRECTION ( 'NONE',  ( 0.000000000000000000, 1.000000000000000000, 0.000000000000000000 ) ) ;
#4554 = SURFACE_STYLE_USAGE ( .BOTH. , #6493 ) ;
#4555 = FILL_AREA_STYLE_COLOUR ( '', #9152 ) ;
#4556 = DIRECTION ( 'NONE',  ( 2.168404344971008868E-16, -1.000000000000000000, 0.000000000000000000 ) ) ;
#4557 = ORIENTED_EDGE ( 'NONE', *, *, #10599, .F. ) ;
#4558 = CARTESIAN_POINT ( 'NONE',  ( 2.694223643856590300, -8.171684327143841742, 6.776263578034402713E-18 ) ) ;
#4559 = CARTESIAN_POINT ( 'NONE',  ( 0.8308050611125296081, -7.579966186090296709, 6.776263578034402713E-18 ) ) ;
#4560 = FACE_OUTER_BOUND ( 'NONE', #2753, .T. ) ;
#4561 = ORIENTED_EDGE ( 'NONE', *, *, #8867, .T. ) ;
#4562 = ADVANCED_FACE ( 'NONE', ( #3163 ), #11818, .T. ) ;
#4563 = STYLED_ITEM ( 'NONE', ( #728 ), #2756 ) ;
#4564 = EDGE_CURVE ( 'NONE', #5568, #672, #1092, .T. ) ;
#4565 = EDGE_LOOP ( 'NONE', ( #8747, #10044, #8455, #11086 ) ) ;
#4566 = LINE ( 'NONE', #10320, #3967 ) ;
#4567 = CARTESIAN_POINT ( 'NONE',  ( 2.257906917846106865, -7.457866123456419416, 0.000000000000000000 ) ) ;
#4568 = EDGE_CURVE ( 'NONE', #6331, #8918, #7027, .T. ) ;
#4569 = PLANE ( 'NONE',  #3900 ) ;
#4570 = ORIENTED_EDGE ( 'NONE', *, *, #5235, .F. ) ;
#4571 = CARTESIAN_POINT ( 'NONE',  ( -1.028492179432889548E-15, -1.420000000000001039, 1.609999999999999432 ) ) ;
#4572 = FACE_OUTER_BOUND ( 'NONE', #4978, .T. ) ;
#4573 = PRESENTATION_STYLE_ASSIGNMENT (( #8523 ) ) ;
#4574 = VECTOR ( 'NONE', #1477, 1000.000000000000000 ) ;
#4575 = DIRECTION ( 'NONE',  ( 1.000000000000000000, 0.000000000000000000, 0.000000000000000000 ) ) ;
#4576 = CARTESIAN_POINT ( 'NONE',  ( 2.680000000000000160, -6.852871818038222429, 2.249999999999999556 ) ) ;
#4577 =( GEOMETRIC_REPRESENTATION_CONTEXT ( 3 ) GLOBAL_UNCERTAINTY_ASSIGNED_CONTEXT ( ( #9888 ) ) GLOBAL_UNIT_ASSIGNED_CONTEXT ( ( #6217, #10205, #10092 ) ) REPRESENTATION_CONTEXT ( 'NONE', 'WORKASPACE' ) );
#4578 = DIRECTION ( 'NONE',  ( 1.000000000000000000, -1.156482317317873697E-15, 2.891205793294684243E-16 ) ) ;
#4579 = MECHANICAL_DESIGN_GEOMETRIC_PRESENTATION_REPRESENTATION (  '', ( #4170 ), #6758 ) ;
#4580 = CARTESIAN_POINT ( 'NONE',  ( 0.3902439024390217948, -7.952314863411204193, 0.000000000000000000 ) ) ;
#4581 = MECHANICAL_DESIGN_GEOMETRIC_PRESENTATION_REPRESENTATION (  '', ( #6366 ), #12399 ) ;
#4582 = EDGE_CURVE ( 'NONE', #6557, #3251, #5147, .T. ) ;
#4583 = CARTESIAN_POINT ( 'NONE',  ( 2.150000000000000799, 1.029999999999998472, 3.860000000000000764 ) ) ;
#4584 = UNCERTAINTY_MEASURE_WITH_UNIT (LENGTH_MEASURE( 1.000000000000000082E-05 ), #9950, 'distance_accuracy_value', 'NONE');
#4585 = FILL_AREA_STYLE_COLOUR ( '', #10076 ) ;
#4586 =( NAMED_UNIT ( * ) SI_UNIT ( $, .STERADIAN. ) SOLID_ANGLE_UNIT ( ) );
#4587 = AXIS2_PLACEMENT_3D ( 'NONE', #3957, #10642, #9706 ) ;
#4588 = CARTESIAN_POINT ( 'NONE',  ( 3.329268292682923569, -7.464891082923399424, 0.01000000000000000021 ) ) ;
#4589 = PRESENTATION_STYLE_ASSIGNMENT (( #4233 ) ) ;
#4590 =( GEOMETRIC_REPRESENTATION_CONTEXT ( 3 ) GLOBAL_UNCERTAINTY_ASSIGNED_CONTEXT ( ( #3992 ) ) GLOBAL_UNIT_ASSIGNED_CONTEXT ( ( #3799, #6566, #1742 ) ) REPRESENTATION_CONTEXT ( 'NONE', 'WORKASPACE' ) );
#4591 = EDGE_LOOP ( 'NONE', ( #6007, #4253, #8558, #8440 ) ) ;
#4592 = PRESENTATION_STYLE_ASSIGNMENT (( #6404 ) ) ;
#4593 = CARTESIAN_POINT ( 'NONE',  ( -0.1382434669982376685, -7.643866907615093353, 0.01000000000000000021 ) ) ;
#4594 = EDGE_CURVE ( 'NONE', #6317, #6635, #4958, .T. ) ;
#4595 = VERTEX_POINT ( 'NONE', #10703 ) ;
#4596 = CARTESIAN_POINT ( 'NONE',  ( 2.650000000000000799, -0.4700000000000016387, 3.360000000000000320 ) ) ;
#4597 = EDGE_LOOP ( 'NONE', ( #11054, #5625, #4345, #2921 ) ) ;
#4598 = SURFACE_STYLE_FILL_AREA ( #6651 ) ;
#4599 = VECTOR ( 'NONE', #9753, 1000.000000000000000 ) ;
#4600 = UNCERTAINTY_MEASURE_WITH_UNIT (LENGTH_MEASURE( 1.000000000000000082E-05 ), #3844, 'distance_accuracy_value', 'NONE');
#4601 = DIRECTION ( 'NONE',  ( 0.000000000000000000, 0.000000000000000000, -1.000000000000000000 ) ) ;
#4602 = CARTESIAN_POINT ( 'NONE',  ( 0.7593845927399616169, -8.446272652554636551, 6.776263578034402713E-18 ) ) ;
#4603 = CARTESIAN_POINT ( 'NONE',  ( -0.5853658536585393257, -8.464891082923399424, 0.000000000000000000 ) ) ;
#4604 = DIRECTION ( 'NONE',  ( 0.000000000000000000, -1.000000000000000000, 0.000000000000000000 ) ) ;
#4605 = FACE_BOUND ( 'NONE', #2924, .T. ) ;
#4606 = EDGE_LOOP ( 'NONE', ( #8310, #11522, #10286, #5186 ) ) ;
#4607 = SURFACE_STYLE_USAGE ( .BOTH. , #12390 ) ;
#4608 = PRESENTATION_LAYER_ASSIGNMENT (  '', '', ( #1352 ) ) ;
#4609 = ORIENTED_EDGE ( 'NONE', *, *, #10036, .T. ) ;
#4610 = CARTESIAN_POINT ( 'NONE',  ( 2.263368450326486148, -7.570984766884983230, 0.01000000000000000021 ) ) ;
#4611 = EDGE_LOOP ( 'NONE', ( #5696, #10555, #2226, #1034 ) ) ;
#4612 = ORIENTED_EDGE ( 'NONE', *, *, #1825, .F. ) ;
#4613 = FACE_OUTER_BOUND ( 'NONE', #538, .T. ) ;
#4614 = UNCERTAINTY_MEASURE_WITH_UNIT (LENGTH_MEASURE( 1.000000000000000082E-05 ), #8117, 'distance_accuracy_value', 'NONE');
#4615 = ORIENTED_EDGE ( 'NONE', *, *, #6124, .F. ) ;
#4616 = COLOUR_RGB ( '',0.2235294117647058654, 0.2235294117647058654, 0.2235294117647058654 ) ;
#4617 = DIRECTION ( 'NONE',  ( -3.938574995911015039E-16, 1.000000000000000000, 0.000000000000000000 ) ) ;
#4618 = SURFACE_STYLE_USAGE ( .BOTH. , #7914 ) ;
#4619 =( GEOMETRIC_REPRESENTATION_CONTEXT ( 3 ) GLOBAL_UNCERTAINTY_ASSIGNED_CONTEXT ( ( #5191 ) ) GLOBAL_UNIT_ASSIGNED_CONTEXT ( ( #8957, #4355, #5231 ) ) REPRESENTATION_CONTEXT ( 'NONE', 'WORKASPACE' ) );
#4620 = ORIENTED_EDGE ( 'NONE', *, *, #2037, .T. ) ;
#4621 = COLOUR_RGB ( '',0.6470588235294117974, 0.6196078431372549211, 0.5882352941176470784 ) ;
#4622 = PRESENTATION_LAYER_ASSIGNMENT (  '', '', ( #10852 ) ) ;
#4623 = VERTEX_POINT ( 'NONE', #1026 ) ;
#4624 = PRESENTATION_LAYER_ASSIGNMENT (  '', '', ( #2177 ) ) ;
#4625 = STYLED_ITEM ( 'NONE', ( #10764 ), #6867 ) ;
#4626 = SURFACE_SIDE_STYLE ('',( #866 ) ) ;
#4627 = LINE ( 'NONE', #11349, #5694 ) ;
#4628 = VERTEX_POINT ( 'NONE', #7979 ) ;
#4629 = COLOUR_RGB ( '',0.6470588235294117974, 0.6196078431372549211, 0.5882352941176470784 ) ;
#4630 = VECTOR ( 'NONE', #598, 1000.000000000000000 ) ;
#4631 = ORIENTED_EDGE ( 'NONE', *, *, #8313, .F. ) ;
#4632 = DIRECTION ( 'NONE',  ( -1.000000000000000000, 0.000000000000000000, 1.084946484143765172E-16 ) ) ;
#4633 = CARTESIAN_POINT ( 'NONE',  ( 2.680000000000000160, -0.5596891741410529031, 2.249999999999999556 ) ) ;
#4634 = EDGE_CURVE ( 'NONE', #11129, #2797, #3099, .T. ) ;
#4635 = ADVANCED_FACE ( 'NONE', ( #10893 ), #4896, .T. ) ;
#4636 = CARTESIAN_POINT ( 'NONE',  ( 0.8499999999999999778, 0.5299999999999985834, 0.4999999999999996669 ) ) ;
#4637 = VECTOR ( 'NONE', #3515, 1000.000000000000000 ) ;
#4638 = MECHANICAL_DESIGN_GEOMETRIC_PRESENTATION_REPRESENTATION (  '', ( #8651 ), #2782 ) ;
#4639 = DIRECTION ( 'NONE',  ( 0.000000000000000000, -0.000000000000000000, 1.000000000000000000 ) ) ;
#4640 = VECTOR ( 'NONE', #10579, 1000.000000000000000 ) ;
#4641 =( GEOMETRIC_REPRESENTATION_CONTEXT ( 3 ) GLOBAL_UNCERTAINTY_ASSIGNED_CONTEXT ( ( #9635 ) ) GLOBAL_UNIT_ASSIGNED_CONTEXT ( ( #202, #11744, #4822 ) ) REPRESENTATION_CONTEXT ( 'NONE', 'WORKASPACE' ) );
#4642 = EDGE_CURVE ( 'NONE', #6073, #9301, #7356, .T. ) ;
#4643 = STYLED_ITEM ( 'NONE', ( #2851 ), #4503 ) ;
#4644 = CARTESIAN_POINT ( 'NONE',  ( 1.249999999999995781, -0.4700000000000014722, -3.389478540940641070E-16 ) ) ;
#4645 = VECTOR ( 'NONE', #6407, 1000.000000000000000 ) ;
#4646 = FILL_AREA_STYLE_COLOUR ( '', #5316 ) ;
#4647 = SURFACE_SIDE_STYLE ('',( #10564 ) ) ;
#4648 = ADVANCED_FACE ( 'NONE', ( #4332 ), #6149, .T. ) ;
#4649 = DIRECTION ( 'NONE',  ( -1.000000000000000000, -0.000000000000000000, 0.000000000000000000 ) ) ;
#4650 = PLANE ( 'NONE',  #5594 ) ;
#4651 = EDGE_CURVE ( 'NONE', #8150, #7965, #4522, .T. ) ;
#4652 = DIRECTION ( 'NONE',  ( 0.000000000000000000, 0.000000000000000000, -1.000000000000000000 ) ) ;
#4653 = CARTESIAN_POINT ( 'NONE',  ( 2.848835811492975267, -8.138144862863573081, 0.01000000000000000021 ) ) ;
#4654 = VECTOR ( 'NONE', #11280, 1000.000000000000000 ) ;
#4655 = ORIENTED_EDGE ( 'NONE', *, *, #7678, .F. ) ;
#4656 = FACE_OUTER_BOUND ( 'NONE', #9509, .T. ) ;
#4657 = ORIENTED_EDGE ( 'NONE', *, *, #11169, .T. ) ;
#4658 = FACE_OUTER_BOUND ( 'NONE', #7706, .T. ) ;
#4659 = CARTESIAN_POINT ( 'NONE',  ( 5.524999999999986144, -4.884999999999999787, -0.01000000000000000021 ) ) ;
#4660 = CARTESIAN_POINT ( 'NONE',  ( 0.9040681244844042119, -8.464544777547246213, 0.01000000000000000021 ) ) ;
#4661 = CARTESIAN_POINT ( 'NONE',  ( 2.680000000000000160, 0.3200000000000001732, 0.3554264934286706090 ) ) ;
#4662 = FILL_AREA_STYLE ('',( #2603 ) ) ;
#4663 = DIRECTION ( 'NONE',  ( 1.000000000000000000, 0.000000000000000000, -0.000000000000000000 ) ) ;
#4664 = ORIENTED_EDGE ( 'NONE', *, *, #3743, .T. ) ;
#4665 = VECTOR ( 'NONE', #1289, 1000.000000000000000 ) ;
#4666 = EDGE_CURVE ( 'NONE', #1427, #3389, #971, .T. ) ;
#4667 = DIRECTION ( 'NONE',  ( -0.000000000000000000, -0.000000000000000000, -1.000000000000000000 ) ) ;
#4668 = VECTOR ( 'NONE', #7329, 1000.000000000000000 ) ;
#4669 = ORIENTED_EDGE ( 'NONE', *, *, #6694, .F. ) ;
#4670 = LINE ( 'NONE', #12334, #507 ) ;
#4671 = DIRECTION ( 'NONE',  ( 1.000000000000000000, 1.156482317317872711E-15, 1.445602896647340889E-16 ) ) ;
#4672 = DIRECTION ( 'NONE',  ( 1.000000000000000000, 0.000000000000000000, -0.000000000000000000 ) ) ;
#4673 = ORIENTED_EDGE ( 'NONE', *, *, #4484, .T. ) ;
#4674 = AXIS2_PLACEMENT_3D ( 'NONE', #5125, #4053, #1124 ) ;
#4675 = ORIENTED_EDGE ( 'NONE', *, *, #11190, .T. ) ;
#4676 = DIRECTION ( 'NONE',  ( -0.000000000000000000, 0.000000000000000000, -1.000000000000000000 ) ) ;
#4677 = ORIENTED_EDGE ( 'NONE', *, *, #7099, .T. ) ;
#4678 = DIRECTION ( 'NONE',  ( 1.000000000000000000, 0.000000000000000000, -0.000000000000000000 ) ) ;
#4679 = STYLED_ITEM ( 'NONE', ( #7763 ), #12072 ) ;
#4680 = ORIENTED_EDGE ( 'NONE', *, *, #388, .F. ) ;
#4681 = CARTESIAN_POINT ( 'NONE',  ( 2.391467101840482279, -8.366999009229761697, 6.776263578034402713E-18 ) ) ;
#4682 = CARTESIAN_POINT ( 'NONE',  ( 0.5303112104692054851, -7.866898323406460669, 6.776263578034402713E-18 ) ) ;
#4683 = EDGE_CURVE ( 'NONE', #1669, #6739, #5277, .T. ) ;
#4684 =( LENGTH_UNIT ( ) NAMED_UNIT ( * ) SI_UNIT ( .MILLI., .METRE. ) );
#4685 = VERTEX_POINT ( 'NONE', #10204 ) ;
#4686 = CARTESIAN_POINT ( 'NONE',  ( 3.319999999999999840, -6.852871818038222429, 2.249999999999999556 ) ) ;
#4687 = VECTOR ( 'NONE', #5949, 1000.000000000000000 ) ;
#4688 =( NAMED_UNIT ( * ) PLANE_ANGLE_UNIT ( ) SI_UNIT ( $, .RADIAN. ) );
#4689 = ORIENTED_EDGE ( 'NONE', *, *, #9185, .F. ) ;
#4690 = FILL_AREA_STYLE_COLOUR ( '', #3862 ) ;
#4691 = AXIS2_PLACEMENT_3D ( 'NONE', #5810, #2877, #6801 ) ;
#4692 = EDGE_LOOP ( 'NONE', ( #260, #4729, #485, #11411 ) ) ;
#4693 = LINE ( 'NONE', #10247, #761 ) ;
#4694 = PRESENTATION_STYLE_ASSIGNMENT (( #3735 ) ) ;
#4695 = SURFACE_STYLE_USAGE ( .BOTH. , #57 ) ;
#4696 = SURFACE_SIDE_STYLE ('',( #6628 ) ) ;
#4697 = AXIS2_PLACEMENT_3D ( 'NONE', #11877, #8106, #3227 ) ;
#4698 = SURFACE_STYLE_USAGE ( .BOTH. , #10437 ) ;
#4699 = LINE ( 'NONE', #1007, #5804 ) ;
#4700 = DIRECTION ( 'NONE',  ( 0.3635424856527064708, 0.9315776194850602376, 0.000000000000000000 ) ) ;
#4701 = UNCERTAINTY_MEASURE_WITH_UNIT (LENGTH_MEASURE( 1.000000000000000082E-05 ), #9267, 'distance_accuracy_value', 'NONE');
#4702 = CARTESIAN_POINT ( 'NONE',  ( 6.324999999999997513, -8.920000000000001705, 3.859999999999999876 ) ) ;
#4703 = MECHANICAL_DESIGN_GEOMETRIC_PRESENTATION_REPRESENTATION (  '', ( #2648 ), #7920 ) ;
#4704 = CARTESIAN_POINT ( 'NONE',  ( -1.825000000000001954, -8.920000000000001705, 3.259999999999999787 ) ) ;
#4705 = CARTESIAN_POINT ( 'NONE',  ( -3.903127820947815962E-15, -0.9700000000000020828, -0.5000000000000000000 ) ) ;
#4706 =( NAMED_UNIT ( * ) SI_UNIT ( $, .STERADIAN. ) SOLID_ANGLE_UNIT ( ) );
#4707 = DIRECTION ( 'NONE',  ( 1.000000000000000000, 1.596371296911168195E-16, -5.321237656370561062E-17 ) ) ;
#4708 = EDGE_CURVE ( 'NONE', #4628, #11032, #9188, .T. ) ;
#4709 = VECTOR ( 'NONE', #3320, 1000.000000000000000 ) ;
#4710 = EDGE_CURVE ( 'NONE', #972, #1189, #11999, .T. ) ;
#4711 = PRESENTATION_STYLE_ASSIGNMENT (( #9767 ) ) ;
#4712 = VERTEX_POINT ( 'NONE', #8346 ) ;
#4713 = PRESENTATION_STYLE_ASSIGNMENT (( #10345 ) ) ;
#4714 = VERTEX_POINT ( 'NONE', #523 ) ;
#4715 = UNCERTAINTY_MEASURE_WITH_UNIT (LENGTH_MEASURE( 1.000000000000000082E-05 ), #10390, 'distance_accuracy_value', 'NONE');
#4716 = EDGE_CURVE ( 'NONE', #11142, #11032, #7225, .T. ) ;
#4717 = DIRECTION ( 'NONE',  ( 0.000000000000000000, 0.000000000000000000, -1.000000000000000000 ) ) ;
#4718 = DIRECTION ( 'NONE',  ( 1.000000000000000000, 1.348230680810990322E-16, 0.000000000000000000 ) ) ;
#4719 = FACE_BOUND ( 'NONE', #1685, .T. ) ;
#4720 = STYLED_ITEM ( 'NONE', ( #5591 ), #9645 ) ;
#4721 = ORIENTED_EDGE ( 'NONE', *, *, #1804, .T. ) ;
#4722 = DIRECTION ( 'NONE',  ( 0.000000000000000000, -1.000000000000000000, -7.478108553735038078E-16 ) ) ;
#4723 = COLOUR_RGB ( '',0.2235294117647058654, 0.2235294117647058654, 0.2235294117647058654 ) ;
#4724 = EDGE_LOOP ( 'NONE', ( #10785, #11738, #1978, #5487 ) ) ;
#4725 = PLANE ( 'NONE',  #9901 ) ;
#4726 = VECTOR ( 'NONE', #3304, 1000.000000000000000 ) ;
#4727 =( NAMED_UNIT ( * ) SI_UNIT ( $, .STERADIAN. ) SOLID_ANGLE_UNIT ( ) );
#4728 = EDGE_LOOP ( 'NONE', ( #11832, #3821, #3971, #1090 ) ) ;
#4729 = ORIENTED_EDGE ( 'NONE', *, *, #2214, .F. ) ;
#4730 = DIRECTION ( 'NONE',  ( 1.000000000000000000, 0.000000000000000000, -5.321237656370560445E-17 ) ) ;
#4731 = ADVANCED_FACE ( 'NONE', ( #2276 ), #9253, .T. ) ;
#4732 = EDGE_LOOP ( 'NONE', ( #554, #12193, #11384, #2864, #6248, #2418, #5274, #12224, #7685, #12342, #10779, #53 ) ) ;
#4733 = LINE ( 'NONE', #8564, #2788 ) ;
#4734 = FACE_OUTER_BOUND ( 'NONE', #9059, .T. ) ;
#4735 = EDGE_LOOP ( 'NONE', ( #4905, #1494, #9089, #5732 ) ) ;
#4736 = SURFACE_STYLE_USAGE ( .BOTH. , #11460 ) ;
#4737 = CARTESIAN_POINT ( 'NONE',  ( 0.6059616351035693738, -7.694921016319830720, 6.776263578034402713E-18 ) ) ;
#4738 = CARTESIAN_POINT ( 'NONE',  ( -2.224999999999990763, -2.170000000000001705, 1.329999999999998961 ) ) ;
#4739 = VERTEX_POINT ( 'NONE', #5206 ) ;
#4740 = CARTESIAN_POINT ( 'NONE',  ( 0.5386171955153211677, -7.826611348270642310, 0.000000000000000000 ) ) ;
#4741 = CARTESIAN_POINT ( 'NONE',  ( -2.524999999999990585, -2.170000000000001705, 3.000000000000000000 ) ) ;
#4742 = EDGE_LOOP ( 'NONE', ( #6725, #11982, #9339, #5440 ) ) ;
#4743 = CARTESIAN_POINT ( 'NONE',  ( 2.698733477871510633, -6.959114650509133249, 1.628733477871510127 ) ) ;
#4744 = EDGE_CURVE ( 'NONE', #2125, #5872, #3481, .T. ) ;
#4745 = CARTESIAN_POINT ( 'NONE',  ( -3.324999999999999734, -8.920000000000001705, 3.859999999999999876 ) ) ;
#4746 = VERTEX_POINT ( 'NONE', #6396 ) ;
#4747 = DIRECTION ( 'NONE',  ( 0.000000000000000000, 0.000000000000000000, 1.000000000000000000 ) ) ;
#4748 = B_SPLINE_CURVE_WITH_KNOTS ( 'NONE', 3,
 ( #1869, #5752, #934, #4810, #12483, #2571, #10380, #10329, #12298, #5526, #9370, #694, #2194, #10805, #10680, #6879, #5819, #2886, #10867 ),
 .UNSPECIFIED., .F., .F.,
 ( 4, 1, 1, 1, 1, 1, 1, 1, 1, 1, 1, 1, 1, 1, 1, 1, 4 ),
 ( 0.000000000000000000, 0.07430379644281730200, 0.1443936103644193336, 0.2104994961032812251, 0.2735426065034681775, 0.3338247445790737400, 0.3925296724085029498, 0.4500874545995858234, 0.5078206115557882816, 0.5654649127768468508, 0.6231487223336200643, 0.6812971927909357017, 0.7409134981565808076, 0.8018557521958578072, 0.8652412377209433014, 0.9309416570467441421, 1.000000000000000000 ),
 .UNSPECIFIED. ) ;
#4749 = CARTESIAN_POINT ( 'NONE',  ( 6.324999999999997513, -7.420000000000000817, 1.000000000000000000 ) ) ;
#4750 = CARTESIAN_POINT ( 'NONE',  ( 2.951219512195118799, -8.355134985362424160, 0.01000000000000000021 ) ) ;
#4751 = CARTESIAN_POINT ( 'NONE',  ( 3.000000000000000888, -0.9700000000000020828, -0.5000000000000000000 ) ) ;
#4752 = COLOUR_RGB ( '',0.6470588235294117974, 0.6196078431372549211, 0.5882352941176470784 ) ;
#4753 = PRESENTATION_STYLE_ASSIGNMENT (( #11357 ) ) ;
#4754 = VECTOR ( 'NONE', #3922, 1000.000000000000000 ) ;
#4755 = VERTEX_POINT ( 'NONE', #2331 ) ;
#4756 = LINE ( 'NONE', #1749, #6997 ) ;
#4757 =( GEOMETRIC_REPRESENTATION_CONTEXT ( 3 ) GLOBAL_UNCERTAINTY_ASSIGNED_CONTEXT ( ( #2520 ) ) GLOBAL_UNIT_ASSIGNED_CONTEXT ( ( #3559, #10155, #593 ) ) REPRESENTATION_CONTEXT ( 'NONE', 'WORKASPACE' ) );
#4758 = FACE_OUTER_BOUND ( 'NONE', #9718, .T. ) ;
#4759 = CARTESIAN_POINT ( 'NONE',  ( 5.575000000000005507, 1.029999999999999138, 3.359999999999999876 ) ) ;
#4760 = CARTESIAN_POINT ( 'NONE',  ( -0.3499999999999988676, -0.4700000000000016387, 3.859999999999999876 ) ) ;
#4761 = LINE ( 'NONE', #11425, #4440 ) ;
#4762 = FACE_OUTER_BOUND ( 'NONE', #1100, .T. ) ;
#4763 = CARTESIAN_POINT ( 'NONE',  ( -2.965000000000001634, -0.9700000000000021938, 0.2200000000000024158 ) ) ;
#4764 = DIRECTION ( 'NONE',  ( 1.000000000000000000, 1.596371296911168195E-16, 0.000000000000000000 ) ) ;
#4765 = CIRCLE ( 'NONE', #9605, 0.4013720707318635950 ) ;
#4766 = PRESENTATION_LAYER_ASSIGNMENT (  '', '', ( #4372 ) ) ;
#4767 = AXIS2_PLACEMENT_3D ( 'NONE', #7348, #4514, #6328 ) ;
#4768 =( NAMED_UNIT ( * ) SI_UNIT ( $, .STERADIAN. ) SOLID_ANGLE_UNIT ( ) );
#4769 = CARTESIAN_POINT ( 'NONE',  ( 2.366545006263509165, -8.367171566766222313, -0.000000000000000000 ) ) ;
#4770 = VERTEX_POINT ( 'NONE', #10265 ) ;
#4771 = LINE ( 'NONE', #10576, #7314 ) ;
#4772 = ORIENTED_EDGE ( 'NONE', *, *, #11108, .F. ) ;
#4773 = PLANE ( 'NONE',  #3178 ) ;
#4774 =( NAMED_UNIT ( * ) PLANE_ANGLE_UNIT ( ) SI_UNIT ( $, .RADIAN. ) );
#4775 = VECTOR ( 'NONE', #3017, 1000.000000000000000 ) ;
#4776 = DIRECTION ( 'NONE',  ( -1.162683294890621319E-16, 1.000000000000000000, -0.000000000000000000 ) ) ;
#4777 = AXIS2_PLACEMENT_3D ( 'NONE', #125, #9678, #6999 ) ;
#4778 = CARTESIAN_POINT ( 'NONE',  ( -3.325000000000000178, 1.029999999999998472, 2.860000000000000320 ) ) ;
#4779 = ADVANCED_FACE ( 'NONE', ( #1588 ), #9318, .F. ) ;
#4780 = VERTEX_POINT ( 'NONE', #8532 ) ;
#4781 = EDGE_CURVE ( 'NONE', #11041, #5107, #4761, .T. ) ;
#4782 = FILL_AREA_STYLE_COLOUR ( '', #965 ) ;
#4783 = ORIENTED_EDGE ( 'NONE', *, *, #3790, .F. ) ;
#4784 = EDGE_CURVE ( 'NONE', #10114, #6429, #1698, .T. ) ;
#4785 = STYLED_ITEM ( 'NONE', ( #3000 ), #10652 ) ;
#4786 = ORIENTED_EDGE ( 'NONE', *, *, #2591, .T. ) ;
#4787 = CARTESIAN_POINT ( 'NONE',  ( -8.577962312940892176, -3.470000000000001528, 0.9299999999999991607 ) ) ;
#4788 = DIRECTION ( 'NONE',  ( 0.000000000000000000, 0.000000000000000000, -1.000000000000000000 ) ) ;
#4789 = ORIENTED_EDGE ( 'NONE', *, *, #10126, .F. ) ;
#4790 = ORIENTED_EDGE ( 'NONE', *, *, #6318, .F. ) ;
#4791 = VERTEX_POINT ( 'NONE', #7480 ) ;
#4792 =( NAMED_UNIT ( * ) SI_UNIT ( $, .STERADIAN. ) SOLID_ANGLE_UNIT ( ) );
#4793 = CARTESIAN_POINT ( 'NONE',  ( 1.195121951219509704, -7.464891082923399424, 0.01000000000000000021 ) ) ;
#4794 = MECHANICAL_DESIGN_GEOMETRIC_PRESENTATION_REPRESENTATION (  '', ( #8814 ), #7819 ) ;
#4795 = LINE ( 'NONE', #12406, #3968 ) ;
#4796 = AXIS2_PLACEMENT_3D ( 'NONE', #2957, #3876, #4826 ) ;
#4797 = DIRECTION ( 'NONE',  ( 0.000000000000000000, 1.000000000000000000, -2.195852501236467750E-16 ) ) ;
#4798 = ADVANCED_FACE ( 'NONE', ( #12245 ), #12308, .F. ) ;
#4799 = VERTEX_POINT ( 'NONE', #7677 ) ;
#4800 = PLANE ( 'NONE',  #8275 ) ;
#4801 = MECHANICAL_DESIGN_GEOMETRIC_PRESENTATION_REPRESENTATION (  '', ( #6594 ), #11244 ) ;
#4802 = DIRECTION ( 'NONE',  ( -0.000000000000000000, -1.000000000000000000, -1.445602896647339311E-15 ) ) ;
#4803 = ORIENTED_EDGE ( 'NONE', *, *, #1222, .F. ) ;
#4804 = MECHANICAL_DESIGN_GEOMETRIC_PRESENTATION_REPRESENTATION (  '', ( #6008 ), #3575 ) ;
#4805 =( NAMED_UNIT ( * ) SI_UNIT ( $, .STERADIAN. ) SOLID_ANGLE_UNIT ( ) );
#4806 = VERTEX_POINT ( 'NONE', #10337 ) ;
#4807 = DIRECTION ( 'NONE',  ( 0.6666666666666680729, 0.6666666666666657415, 0.3333333333333325932 ) ) ;
#4808 = CARTESIAN_POINT ( 'NONE',  ( 1.899999999999996136, -0.9700000000000014166, 2.560317866458142966 ) ) ;
#4809 = COLOUR_RGB ( '',0.6470588235294117974, 0.6196078431372549211, 0.5882352941176470784 ) ;
#4810 = CARTESIAN_POINT ( 'NONE',  ( 0.5303112104692054851, -7.866898323406460669, 0.01000000000000000021 ) ) ;
#4811 = LINE ( 'NONE', #2822, #11499 ) ;
#4812 =( GEOMETRIC_REPRESENTATION_CONTEXT ( 3 ) GLOBAL_UNCERTAINTY_ASSIGNED_CONTEXT ( ( #6633 ) ) GLOBAL_UNIT_ASSIGNED_CONTEXT ( ( #4684, #9476, #2745 ) ) REPRESENTATION_CONTEXT ( 'NONE', 'WORKASPACE' ) );
#4813 = AXIS2_PLACEMENT_3D ( 'NONE', #9845, #10900, #3295 ) ;
#4814 = EDGE_CURVE ( 'NONE', #11338, #5859, #2709, .T. ) ;
#4815 = ORIENTED_EDGE ( 'NONE', *, *, #10078, .T. ) ;
#4816 = VECTOR ( 'NONE', #11501, 1000.000000000000000 ) ;
#4817 = DIRECTION ( 'NONE',  ( 1.000000000000000000, 0.000000000000000000, 0.000000000000000000 ) ) ;
#4818 = VECTOR ( 'NONE', #8939, 1000.000000000000000 ) ;
#4819 =( NAMED_UNIT ( * ) SI_UNIT ( $, .STERADIAN. ) SOLID_ANGLE_UNIT ( ) );
#4820 = ORIENTED_EDGE ( 'NONE', *, *, #6503, .F. ) ;
#4821 = UNCERTAINTY_MEASURE_WITH_UNIT (LENGTH_MEASURE( 1.000000000000000082E-05 ), #8622, 'distance_accuracy_value', 'NONE');
#4822 =( NAMED_UNIT ( * ) SI_UNIT ( $, .STERADIAN. ) SOLID_ANGLE_UNIT ( ) );
#4823 = STYLED_ITEM ( 'NONE', ( #2584 ), #1296 ) ;
#4824 =( LENGTH_UNIT ( ) NAMED_UNIT ( * ) SI_UNIT ( .MILLI., .METRE. ) );
#4825 = SURFACE_SIDE_STYLE ('',( #945 ) ) ;
#4826 = DIRECTION ( 'NONE',  ( 1.000000000000000000, 1.734723475976807094E-15, 0.000000000000000000 ) ) ;
#4827 = LINE ( 'NONE', #8664, #11995 ) ;
#4828 = CARTESIAN_POINT ( 'NONE',  ( -0.3199999999999999512, 0.5354264934286706579, 0.1399999999999999301 ) ) ;
#4829 = DIRECTION ( 'NONE',  ( -1.000000000000000000, 0.000000000000000000, 0.000000000000000000 ) ) ;
#4830 = CARTESIAN_POINT ( 'NONE',  ( 3.319999999999999840, 0.5354264934286704358, 0.3554264934286704425 ) ) ;
#4831 =( NAMED_UNIT ( * ) PLANE_ANGLE_UNIT ( ) SI_UNIT ( $, .RADIAN. ) );
#4832 = ORIENTED_EDGE ( 'NONE', *, *, #7686, .T. ) ;
#4833 = CARTESIAN_POINT ( 'NONE',  ( 2.149999999999999911, 0.5299999999999985834, 0.4999999999999970024 ) ) ;
#4834 = SURFACE_STYLE_FILL_AREA ( #7978 ) ;
#4835 = VERTEX_POINT ( 'NONE', #11364 ) ;
#4836 = LINE ( 'NONE', #6586, #4816 ) ;
#4837 = UNCERTAINTY_MEASURE_WITH_UNIT (LENGTH_MEASURE( 1.000000000000000082E-05 ), #341, 'distance_accuracy_value', 'NONE');
#4838 = CARTESIAN_POINT ( 'NONE',  ( -1.825000000000004174, -7.419999999999996376, 1.000000000000000000 ) ) ;
#4839 = DIRECTION ( 'NONE',  ( 0.000000000000000000, 1.000000000000000000, 1.012465936773767407E-16 ) ) ;
#4840 =( NAMED_UNIT ( * ) PLANE_ANGLE_UNIT ( ) SI_UNIT ( $, .RADIAN. ) );
#4841 = PRESENTATION_STYLE_ASSIGNMENT (( #7929 ) ) ;
#4842 = ORIENTED_EDGE ( 'NONE', *, *, #10669, .T. ) ;
#4843 = EDGE_LOOP ( 'NONE', ( #2036, #9297, #3806, #6900, #3051, #2675, #3293, #1552 ) ) ;
#4844 = MECHANICAL_DESIGN_GEOMETRIC_PRESENTATION_REPRESENTATION (  '', ( #7474 ), #8466 ) ;
#4845 = VERTEX_POINT ( 'NONE', #2772 ) ;
#4846 = DIRECTION ( 'NONE',  ( -1.000000000000000000, 0.000000000000000000, 0.000000000000000000 ) ) ;
#4847 = CARTESIAN_POINT ( 'NONE',  ( 6.324999999999997513, -3.470000000000001528, 2.929999999999998384 ) ) ;
#4848 = ADVANCED_FACE ( 'NONE', ( #6643 ), #8661, .F. ) ;
#4849 = ORIENTED_EDGE ( 'NONE', *, *, #11531, .T. ) ;
#4850 = ORIENTED_EDGE ( 'NONE', *, *, #2582, .T. ) ;
#4851 = DIRECTION ( 'NONE',  ( 5.321237656370560445E-17, 7.297135085974559675E-33, 1.000000000000000000 ) ) ;
#4852 = ORIENTED_EDGE ( 'NONE', *, *, #4954, .F. ) ;
#4853 =( NAMED_UNIT ( * ) PLANE_ANGLE_UNIT ( ) SI_UNIT ( $, .RADIAN. ) );
#4854 =( GEOMETRIC_REPRESENTATION_CONTEXT ( 3 ) GLOBAL_UNCERTAINTY_ASSIGNED_CONTEXT ( ( #6213 ) ) GLOBAL_UNIT_ASSIGNED_CONTEXT ( ( #9123, #1467, #521 ) ) REPRESENTATION_CONTEXT ( 'NONE', 'WORKASPACE' ) );
#4855 = PLANE ( 'NONE',  #10163 ) ;
#4856 = EDGE_CURVE ( 'NONE', #2184, #7930, #5078, .T. ) ;
#4857 = SURFACE_STYLE_FILL_AREA ( #9793 ) ;
#4858 = DIRECTION ( 'NONE',  ( 0.000000000000000000, 2.297038501028610091E-17, 1.000000000000000000 ) ) ;
#4859 = CARTESIAN_POINT ( 'NONE',  ( -0.1951219512195148664, -7.464891082923399424, 0.000000000000000000 ) ) ;
#4860 = MECHANICAL_DESIGN_GEOMETRIC_PRESENTATION_REPRESENTATION (  '', ( #11693 ), #7688 ) ;
#4861 = ORIENTED_EDGE ( 'NONE', *, *, #8322, .F. ) ;
#4862 = ORIENTED_EDGE ( 'NONE', *, *, #12326, .F. ) ;
#4863 = LINE ( 'NONE', #10730, #2904 ) ;
#4864 = EDGE_CURVE ( 'NONE', #9651, #3270, #6013, .T. ) ;
#4865 = ORIENTED_EDGE ( 'NONE', *, *, #2458, .T. ) ;
#4866 = EDGE_CURVE ( 'NONE', #241, #972, #11746, .T. ) ;
#4867 = ORIENTED_EDGE ( 'NONE', *, *, #7719, .T. ) ;
#4868 = CARTESIAN_POINT ( 'NONE',  ( -2.760555555555548768, -7.984444444444448230, 0.1177777777777774121 ) ) ;
#4869 = EDGE_LOOP ( 'NONE', ( #5484, #3447, #3299, #1534 ) ) ;
#4870 = ADVANCED_FACE ( 'NONE', ( #2082 ), #8791, .F. ) ;
#4871 = CARTESIAN_POINT ( 'NONE',  ( -0.1410920339010018898, -7.652974419201997058, 6.776263578034402713E-18 ) ) ;
#4872 = ADVANCED_FACE ( 'NONE', ( #7849 ), #3149, .T. ) ;
#4873 = FILL_AREA_STYLE_COLOUR ( '', #10227 ) ;
#4874 = CIRCLE ( 'NONE', #1228, 0.5000000000000000000 ) ;
#4875 = CARTESIAN_POINT ( 'NONE',  ( -0.3199999999999999512, -0.4700000000000016942, -1.495982857385225102E-31 ) ) ;
#4876 =( GEOMETRIC_REPRESENTATION_CONTEXT ( 3 ) GLOBAL_UNCERTAINTY_ASSIGNED_CONTEXT ( ( #2437 ) ) GLOBAL_UNIT_ASSIGNED_CONTEXT ( ( #196, #8973, #6131 ) ) REPRESENTATION_CONTEXT ( 'NONE', 'WORKASPACE' ) );
#4877 = ORIENTED_EDGE ( 'NONE', *, *, #9270, .F. ) ;
#4878 = AXIS2_PLACEMENT_3D ( 'NONE', #8169, #7293, #8294 ) ;
#4879 = PRESENTATION_STYLE_ASSIGNMENT (( #5001 ) ) ;
#4880 = FACE_OUTER_BOUND ( 'NONE', #9104, .T. ) ;
#4881 = DIRECTION ( 'NONE',  ( -1.084946484143766651E-16, 3.414809992080327544E-16, 1.000000000000000000 ) ) ;
#4882 = ORIENTED_EDGE ( 'NONE', *, *, #9372, .F. ) ;
#4883 = SURFACE_STYLE_USAGE ( .BOTH. , #12431 ) ;
#4884 =( NAMED_UNIT ( * ) PLANE_ANGLE_UNIT ( ) SI_UNIT ( $, .RADIAN. ) );
#4885 = EDGE_CURVE ( 'NONE', #5517, #972, #3404, .T. ) ;
#4886 = PLANE ( 'NONE',  #516 ) ;
#4887 =( NAMED_UNIT ( * ) PLANE_ANGLE_UNIT ( ) SI_UNIT ( $, .RADIAN. ) );
#4888 = CARTESIAN_POINT ( 'NONE',  ( 2.999999999999999112, -1.420000000000001039, 1.609999999999999432 ) ) ;
#4889 = DIRECTION ( 'NONE',  ( 1.000000000000000000, 0.000000000000000000, 0.000000000000000000 ) ) ;
#4890 = MECHANICAL_DESIGN_GEOMETRIC_PRESENTATION_REPRESENTATION (  '', ( #32 ), #7094 ) ;
#4891 = DIRECTION ( 'NONE',  ( 0.000000000000000000, 0.000000000000000000, 1.000000000000000000 ) ) ;
#4892 = DIRECTION ( 'NONE',  ( 0.000000000000000000, 0.000000000000000000, -1.000000000000000000 ) ) ;
#4893 = ORIENTED_EDGE ( 'NONE', *, *, #3543, .T. ) ;
#4894 = CARTESIAN_POINT ( 'NONE',  ( 3.000000000000000888, -0.9700000000000020828, -0.5000000000000000000 ) ) ;
#4895 = DIRECTION ( 'NONE',  ( -1.000000000000000000, -0.000000000000000000, -0.000000000000000000 ) ) ;
#4896 = PLANE ( 'NONE',  #6435 ) ;
#4897 = EDGE_CURVE ( 'NONE', #791, #1715, #10937, .T. ) ;
#4898 = CARTESIAN_POINT ( 'NONE',  ( -0.1236661585365880223, -7.586842302435594654, 0.01000000000000000021 ) ) ;
#4899 = SURFACE_STYLE_FILL_AREA ( #11439 ) ;
#4900 =( NAMED_UNIT ( * ) SI_UNIT ( $, .STERADIAN. ) SOLID_ANGLE_UNIT ( ) );
#4901 = CARTESIAN_POINT ( 'NONE',  ( 0.3199999999999999512, -6.852871818038222429, 2.249999999999999556 ) ) ;
#4902 = VERTEX_POINT ( 'NONE', #4259 ) ;
#4903 =( GEOMETRIC_REPRESENTATION_CONTEXT ( 3 ) GLOBAL_UNCERTAINTY_ASSIGNED_CONTEXT ( ( #4224 ) ) GLOBAL_UNIT_ASSIGNED_CONTEXT ( ( #7416, #10262, #2581 ) ) REPRESENTATION_CONTEXT ( 'NONE', 'WORKASPACE' ) );
#4904 = SURFACE_STYLE_FILL_AREA ( #3105 ) ;
#4905 = ORIENTED_EDGE ( 'NONE', *, *, #793, .F. ) ;
#4906 = ORIENTED_EDGE ( 'NONE', *, *, #6315, .F. ) ;
#4907 = FILL_AREA_STYLE_COLOUR ( '', #12386 ) ;
#4908 = DIRECTION ( 'NONE',  ( -0.000000000000000000, 0.000000000000000000, 1.000000000000000000 ) ) ;
#4909 = ORIENTED_EDGE ( 'NONE', *, *, #4405, .T. ) ;
#4910 = VECTOR ( 'NONE', #6295, 1000.000000000000000 ) ;
#4911 = ORIENTED_EDGE ( 'NONE', *, *, #905, .T. ) ;
#4912 = FACE_OUTER_BOUND ( 'NONE', #4470, .T. ) ;
#4913 = COLOUR_RGB ( '',0.6470588235294117974, 0.6196078431372549211, 0.5882352941176470784 ) ;
#4914 = ORIENTED_EDGE ( 'NONE', *, *, #9885, .F. ) ;
#4915 = DIRECTION ( 'NONE',  ( 0.000000000000000000, 0.000000000000000000, -1.000000000000000000 ) ) ;
#4916 = DIRECTION ( 'NONE',  ( 1.000000000000000000, 0.000000000000000000, 0.000000000000000000 ) ) ;
#4917 = CARTESIAN_POINT ( 'NONE',  ( -3.324999999999999734, -7.419999999999996376, 3.859999999999999876 ) ) ;
#4918 = COLOUR_RGB ( '',0.2235294117647058654, 0.2235294117647058654, 0.2235294117647058654 ) ;
#4919 = CARTESIAN_POINT ( 'NONE',  ( 2.178921819330834175, -8.331645993231779457, 0.01000000000000000021 ) ) ;
#4920 = AXIS2_PLACEMENT_3D ( 'NONE', #6461, #706, #12250 ) ;
#4921 = CARTESIAN_POINT ( 'NONE',  ( 2.779999999999999805, -7.420000000000000817, 2.149999999999999023 ) ) ;
#4922 = FILL_AREA_STYLE_COLOUR ( '', #12223 ) ;
#4923 = SURFACE_SIDE_STYLE ('',( #2050 ) ) ;
#4924 = VERTEX_POINT ( 'NONE', #10994 ) ;
#4925 = CARTESIAN_POINT ( 'NONE',  ( 0.9134908536585339967, -7.574647180484375575, 0.000000000000000000 ) ) ;
#4926 = LINE ( 'NONE', #1057, #3763 ) ;
#4927 = VECTOR ( 'NONE', #3152, 1000.000000000000000 ) ;
#4928 = SURFACE_SIDE_STYLE ('',( #3071 ) ) ;
#4929 = ORIENTED_EDGE ( 'NONE', *, *, #6854, .T. ) ;
#4930 = DIRECTION ( 'NONE',  ( 1.000000000000000000, 1.348230680810990322E-16, 0.000000000000000000 ) ) ;
#4931 = FACE_OUTER_BOUND ( 'NONE', #5925, .T. ) ;
#4932 = CARTESIAN_POINT ( 'NONE',  ( -0.2200000000000001399, 2.429999999999997939, 0.04000000000000010492 ) ) ;
#4933 = LINE ( 'NONE', #120, #5756 ) ;
#4934 = FACE_OUTER_BOUND ( 'NONE', #1926, .T. ) ;
#4935 = DIRECTION ( 'NONE',  ( 0.000000000000000000, 1.000000000000000000, 0.000000000000000000 ) ) ;
#4936 = FACE_OUTER_BOUND ( 'NONE', #11174, .T. ) ;
#4937 = SURFACE_SIDE_STYLE ('',( #2887 ) ) ;
#4938 = ADVANCED_FACE ( 'NONE', ( #4381 ), #397, .F. ) ;
#4939 = DIRECTION ( 'NONE',  ( 0.000000000000000000, 0.000000000000000000, -1.000000000000000000 ) ) ;
#4940 = ADVANCED_FACE ( 'NONE', ( #9175 ), #6041, .T. ) ;
#4941 = ORIENTED_EDGE ( 'NONE', *, *, #11273, .F. ) ;
#4942 = ADVANCED_FACE ( 'NONE', ( #6142 ), #1327, .F. ) ;
#4943 = SURFACE_STYLE_FILL_AREA ( #9814 ) ;
#4944 = CARTESIAN_POINT ( 'NONE',  ( -0.1124386205412706979, -7.642553940890580044, 6.776263578034402713E-18 ) ) ;
#4945 = ORIENTED_EDGE ( 'NONE', *, *, #2444, .T. ) ;
#4946 = UNCERTAINTY_MEASURE_WITH_UNIT (LENGTH_MEASURE( 1.000000000000000082E-05 ), #10768, 'distance_accuracy_value', 'NONE');
#4947 = DIRECTION ( 'NONE',  ( -0.7071067811865463515, 0.7071067811865487940, 0.000000000000000000 ) ) ;
#4948 = DIRECTION ( 'NONE',  ( 0.000000000000000000, -1.000000000000000000, 2.297038501028610091E-17 ) ) ;
#4949 =( GEOMETRIC_REPRESENTATION_CONTEXT ( 3 ) GLOBAL_UNCERTAINTY_ASSIGNED_CONTEXT ( ( #7727 ) ) GLOBAL_UNIT_ASSIGNED_CONTEXT ( ( #4115, #10052, #7123 ) ) REPRESENTATION_CONTEXT ( 'NONE', 'WORKASPACE' ) );
#4950 = PLANE ( 'NONE',  #3756 ) ;
#4951 =( NAMED_UNIT ( * ) SI_UNIT ( $, .STERADIAN. ) SOLID_ANGLE_UNIT ( ) );
#4952 = SURFACE_STYLE_USAGE ( .BOTH. , #3754 ) ;
#4953 = DIRECTION ( 'NONE',  ( 0.000000000000000000, 2.534880976481962484E-16, -1.000000000000000000 ) ) ;
#4954 = EDGE_CURVE ( 'NONE', #7458, #6011, #2568, .T. ) ;
#4955 = PRESENTATION_LAYER_ASSIGNMENT (  '', '', ( #3315 ) ) ;
#4956 = AXIS2_PLACEMENT_3D ( 'NONE', #8429, #3639, #2479 ) ;
#4957 = ORIENTED_EDGE ( 'NONE', *, *, #11123, .F. ) ;
#4958 = LINE ( 'NONE', #6965, #12056 ) ;
#4959 = PRESENTATION_STYLE_ASSIGNMENT (( #9574 ) ) ;
#4960 = PRESENTATION_STYLE_ASSIGNMENT (( #1094 ) ) ;
#4961 =( NAMED_UNIT ( * ) SI_UNIT ( $, .STERADIAN. ) SOLID_ANGLE_UNIT ( ) );
#4962 = COLOUR_RGB ( '',0.2235294117647058654, 0.2235294117647058654, 0.2235294117647058654 ) ;
#4963 = ORIENTED_EDGE ( 'NONE', *, *, #1411, .F. ) ;
#4964 = CARTESIAN_POINT ( 'NONE',  ( 4.927962312940882939, -3.470000000000001528, 0.9299999999999991607 ) ) ;
#4965 = ORIENTED_EDGE ( 'NONE', *, *, #5261, .T. ) ;
#4966 = ORIENTED_EDGE ( 'NONE', *, *, #9809, .F. ) ;
#4967 = EDGE_CURVE ( 'NONE', #159, #3692, #1634, .T. ) ;
#4968 = ORIENTED_EDGE ( 'NONE', *, *, #1450, .F. ) ;
#4969 = DIRECTION ( 'NONE',  ( 1.000000000000000000, -0.000000000000000000, -0.000000000000000000 ) ) ;
#4970 = DIRECTION ( 'NONE',  ( 1.000000000000000000, -0.000000000000000000, -0.000000000000000000 ) ) ;
#4971 = DIRECTION ( 'NONE',  ( 1.000000000000000000, 0.000000000000000000, 0.000000000000000000 ) ) ;
#4972 = MECHANICAL_DESIGN_GEOMETRIC_PRESENTATION_REPRESENTATION (  '', ( #12407 ), #5854 ) ;
#4973 = VECTOR ( 'NONE', #859, 1000.000000000000000 ) ;
#4974 = ORIENTED_EDGE ( 'NONE', *, *, #457, .T. ) ;
#4975 =( GEOMETRIC_REPRESENTATION_CONTEXT ( 3 ) GLOBAL_UNCERTAINTY_ASSIGNED_CONTEXT ( ( #10413 ) ) GLOBAL_UNIT_ASSIGNED_CONTEXT ( ( #2003, #10616, #10742 ) ) REPRESENTATION_CONTEXT ( 'NONE', 'WORKASPACE' ) );
#4976 = ORIENTED_EDGE ( 'NONE', *, *, #6092, .T. ) ;
#4977 = DIRECTION ( 'NONE',  ( -1.000000000000000000, -1.156482317317872711E-15, 0.000000000000000000 ) ) ;
#4978 = EDGE_LOOP ( 'NONE', ( #3776, #7388, #4790, #4721 ) ) ;
#4979 = PLANE ( 'NONE',  #4133 ) ;
#4980 = FILL_AREA_STYLE ('',( #10598 ) ) ;
#4981 = FILL_AREA_STYLE_COLOUR ( '', #7333 ) ;
#4982 = CARTESIAN_POINT ( 'NONE',  ( 2.209228972315301576, -8.342820054339153302, 0.01000000000000000021 ) ) ;
#4983 = SURFACE_SIDE_STYLE ('',( #7820 ) ) ;
#4984 = PRESENTATION_STYLE_ASSIGNMENT (( #6987 ) ) ;
#4985 = COLOUR_RGB ( '',0.6470588235294117974, 0.6196078431372549211, 0.5882352941176470784 ) ;
#4986 = ORIENTED_EDGE ( 'NONE', *, *, #610, .F. ) ;
#4987 = DIRECTION ( 'NONE',  ( -1.000000000000000000, 1.156482317317872711E-15, 1.445602896647340889E-16 ) ) ;
#4988 =( NAMED_UNIT ( * ) SI_UNIT ( $, .STERADIAN. ) SOLID_ANGLE_UNIT ( ) );
#4989 = CARTESIAN_POINT ( 'NONE',  ( 3.319999999999999840, -0.4700000000000011391, -1.495982857385225978E-31 ) ) ;
#4990 = FILL_AREA_STYLE ('',( #12290 ) ) ;
#4991 = EDGE_LOOP ( 'NONE', ( #8205, #8070, #2561, #7760, #1123, #4433, #955, #782 ) ) ;
#4992 =( NAMED_UNIT ( * ) SI_UNIT ( $, .STERADIAN. ) SOLID_ANGLE_UNIT ( ) );
#4993 = LINE ( 'NONE', #7897, #7931 ) ;
#4994 = DIRECTION ( 'NONE',  ( -1.000000000000000000, 0.000000000000000000, 0.000000000000000000 ) ) ;
#4995 = AXIS2_PLACEMENT_3D ( 'NONE', #9883, #9945, #1320 ) ;
#4996 = LINE ( 'NONE', #5127, #6652 ) ;
#4997 = DIRECTION ( 'NONE',  ( -0.000000000000000000, -0.000000000000000000, 1.000000000000000000 ) ) ;
#4998 = B_SPLINE_CURVE_WITH_KNOTS ( 'NONE', 3,
 ( #1479, #536, #7937, #11768, #3110, #7989, #11829, #594, #2471, #5543, #2529, #9442, #3633, #778, #4653, #4535, #8354, #2714, #4468 ),
 .UNSPECIFIED., .F., .F.,
 ( 4, 1, 1, 1, 1, 1, 1, 1, 1, 1, 1, 1, 1, 1, 1, 1, 4 ),
 ( 0.000000000000000000, 0.06783324845577373696, 0.1326555365079042925, 0.1950508840508280994, 0.2555829330687775514, 0.3147998341472899031, 0.3736004728263740415, 0.4325455953267438591, 0.4924306292835657906, 0.5526712559629691768, 0.6125130441881170285, 0.6726102503570061675, 0.7338383693139457487, 0.7965942385677736715, 0.8614497992905730817, 0.9291989423509066093, 1.000000000000000000 ),
 .UNSPECIFIED. ) ;
#4999 = VECTOR ( 'NONE', #198, 1000.000000000000000 ) ;
#5000 = EDGE_LOOP ( 'NONE', ( #2040, #2041, #11658, #4680 ) ) ;
#5001 = SURFACE_STYLE_USAGE ( .BOTH. , #2949 ) ;
#5002 = SURFACE_SIDE_STYLE ('',( #3143 ) ) ;
#5003 = ADVANCED_FACE ( 'NONE', ( #2696 ), #6680, .F. ) ;
#5004 = MECHANICAL_DESIGN_GEOMETRIC_PRESENTATION_REPRESENTATION (  '', ( #10654 ), #8426 ) ;
#5005 = EDGE_CURVE ( 'NONE', #12321, #7194, #5463, .T. ) ;
#5006 = LINE ( 'NONE', #8852, #8317 ) ;
#5007 = ORIENTED_EDGE ( 'NONE', *, *, #6038, .T. ) ;
#5008 = DIRECTION ( 'NONE',  ( -0.000000000000000000, -0.000000000000000000, 1.000000000000000000 ) ) ;
#5009 = DIRECTION ( 'NONE',  ( 0.000000000000000000, 0.000000000000000000, -1.000000000000000000 ) ) ;
#5010 = FILL_AREA_STYLE ('',( #74 ) ) ;
#5011 = LINE ( 'NONE', #4365, #10471 ) ;
#5012 =( GEOMETRIC_REPRESENTATION_CONTEXT ( 3 ) GLOBAL_UNCERTAINTY_ASSIGNED_CONTEXT ( ( #1810 ) ) GLOBAL_UNIT_ASSIGNED_CONTEXT ( ( #1684, #10536, #1855 ) ) REPRESENTATION_CONTEXT ( 'NONE', 'WORKASPACE' ) );
#5013 = FILL_AREA_STYLE_COLOUR ( '', #12196 ) ;
#5014 = DIRECTION ( 'NONE',  ( 1.000000000000000000, -0.000000000000000000, -0.000000000000000000 ) ) ;
#5015 = CARTESIAN_POINT ( 'NONE',  ( 2.499999999999996891, -5.943298562962315401, 4.259999999999999787 ) ) ;
#5016 = DIRECTION ( 'NONE',  ( -0.1710878697460358755, -0.9702875252478138091, -0.1710878697460358755 ) ) ;
#5017 = VECTOR ( 'NONE', #4895, 1000.000000000000000 ) ;
#5018 = ADVANCED_FACE ( 'NONE', ( #9310 ), #5524, .F. ) ;
#5019 = DIRECTION ( 'NONE',  ( -0.000000000000000000, -0.000000000000000000, -1.000000000000000000 ) ) ;
#5020 = VECTOR ( 'NONE', #11711, 1000.000000000000000 ) ;
#5021 = STYLED_ITEM ( 'NONE', ( #9913 ), #11667 ) ;
#5022 = CARTESIAN_POINT ( 'NONE',  ( 0.07526676829268028057, -8.184403278045349950, 0.000000000000000000 ) ) ;
#5023 = EDGE_CURVE ( 'NONE', #808, #6601, #12481, .T. ) ;
#5024 = ORIENTED_EDGE ( 'NONE', *, *, #11859, .F. ) ;
#5025 = CARTESIAN_POINT ( 'NONE',  ( 2.293703735666710486, -7.566168156172169645, 0.01000000000000000021 ) ) ;
#5026 = DIRECTION ( 'NONE',  ( 1.000000000000000000, 1.162683294890621319E-16, 0.000000000000000000 ) ) ;
#5027 = CARTESIAN_POINT ( 'NONE',  ( 2.356135670731704490, -7.562452058533155608, 0.01000000000000000021 ) ) ;
#5028 = VECTOR ( 'NONE', #2835, 1000.000000000000000 ) ;
#5029 =( GEOMETRIC_REPRESENTATION_CONTEXT ( 3 ) GLOBAL_UNCERTAINTY_ASSIGNED_CONTEXT ( ( #11252 ) ) GLOBAL_UNIT_ASSIGNED_CONTEXT ( ( #4824, #2837, #6693 ) ) REPRESENTATION_CONTEXT ( 'NONE', 'WORKASPACE' ) );
#5030 = FACE_OUTER_BOUND ( 'NONE', #4591, .T. ) ;
#5031 = DIRECTION ( 'NONE',  ( 0.000000000000000000, 1.097926250618233875E-16, 1.000000000000000000 ) ) ;
#5032 = DIRECTION ( 'NONE',  ( -0.000000000000000000, -0.000000000000000000, -1.000000000000000000 ) ) ;
#5033 = SURFACE_SIDE_STYLE ('',( #1162 ) ) ;
#5034 = EDGE_CURVE ( 'NONE', #2546, #3251, #9676, .T. ) ;
#5035 = ORIENTED_EDGE ( 'NONE', *, *, #6732, .F. ) ;
#5036 = VECTOR ( 'NONE', #4429, 1000.000000000000000 ) ;
#5037 = STYLED_ITEM ( 'NONE', ( #512 ), #7003 ) ;
#5038 = CARTESIAN_POINT ( 'NONE',  ( -1.825000000000002398, -7.419999999999996376, 3.259999999999999787 ) ) ;
#5039 = ORIENTED_EDGE ( 'NONE', *, *, #2831, .F. ) ;
#5040 = B_SPLINE_SURFACE_WITH_KNOTS ( 'NONE', 3, 1, ( 
 ( #4135, #5898 ),
 ( #6949, #10880 ),
 ( #6827, #6076 ),
 ( #5957, #3087 ),
 ( #11806, #1326 ),
 ( #5193, #8790 ),
 ( #203, #9821 ),
 ( #9756, #2081 ),
 ( #9949, #9046 ),
 ( #7790, #135 ),
 ( #4000, #7077 ),
 ( #5138, #7847 ),
 ( #262, #3215 ),
 ( #2261, #2954 ),
 ( #10009, #11866 ),
 ( #3031, #3148 ),
 ( #6891, #10755 ),
 ( #2142, #6141 ),
 ( #5077, #4069 ) ),
 .UNSPECIFIED., .F., .F., .F.,
 ( 4, 1, 1, 1, 1, 1, 1, 1, 1, 1, 1, 1, 1, 1, 1, 1, 4 ),
 ( 2, 2 ),
 ( 0.000000000000000000, 0.06863117867660115112, 0.1345664660386773070, 0.1983281540108813024, 0.2607897666408452442, 0.3219991514841586411, 0.3827217465030199883, 0.4435374740357290735, 0.5051334294849253448, 0.5662138747646723314, 0.6261058646175461373, 0.6853493221605171382, 0.7449958703477980171, 0.8054158418145634935, 0.8676362663459540325, 0.9323077823023303567, 1.000000000000000000 ),
 ( 0.000000000000000000, 1.000000000000000000 ),
 .UNSPECIFIED. ) ;
#5041 =( LENGTH_UNIT ( ) NAMED_UNIT ( * ) SI_UNIT ( .MILLI., .METRE. ) );
#5042 = CARTESIAN_POINT ( 'NONE',  ( 2.731361002593722720, -7.960115723687898104, -0.000000000000000000 ) ) ;
#5043 = FILL_AREA_STYLE ('',( #11448 ) ) ;
#5044 = VERTEX_POINT ( 'NONE', #11530 ) ;
#5045 = VERTEX_POINT ( 'NONE', #2883 ) ;
#5046 = MECHANICAL_DESIGN_GEOMETRIC_PRESENTATION_REPRESENTATION (  '', ( #8261 ), #9687 ) ;
#5047 = LINE ( 'NONE', #9010, #6821 ) ;
#5048 = SURFACE_STYLE_FILL_AREA ( #354 ) ;
#5049 = CARTESIAN_POINT ( 'NONE',  ( 0.4734588075882187885, -8.249589927441881798, 6.776263578034402713E-18 ) ) ;
#5050 = CARTESIAN_POINT ( 'NONE',  ( 0.6038721632870122091, -8.222671460152133349, 0.01000000000000000021 ) ) ;
#5051 =( NAMED_UNIT ( * ) SI_UNIT ( $, .STERADIAN. ) SOLID_ANGLE_UNIT ( ) );
#5052 = EDGE_CURVE ( 'NONE', #9291, #10537, #1127, .T. ) ;
#5053 = CARTESIAN_POINT ( 'NONE',  ( 1.099999999999995870, -0.4700000000000014722, 1.299682133541857576 ) ) ;
#5054 = CARTESIAN_POINT ( 'NONE',  ( 0.3500000000000008660, 0.5299999999999983613, 3.360000000000000320 ) ) ;
#5055 = FACE_OUTER_BOUND ( 'NONE', #3265, .T. ) ;
#5056 = VERTEX_POINT ( 'NONE', #11600 ) ;
#5057 = PRESENTATION_STYLE_ASSIGNMENT (( #1246 ) ) ;
#5058 = SURFACE_SIDE_STYLE ('',( #820 ) ) ;
#5059 = CARTESIAN_POINT ( 'NONE',  ( -0.3378429878048807566, -8.184403278045349950, 0.000000000000000000 ) ) ;
#5060 = VECTOR ( 'NONE', #12336, 1000.000000000000000 ) ;
#5061 = ORIENTED_EDGE ( 'NONE', *, *, #7191, .F. ) ;
#5062 = SURFACE_STYLE_USAGE ( .BOTH. , #10861 ) ;
#5063 = CARTESIAN_POINT ( 'NONE',  ( -3.324999999999999734, -7.419999999999996376, 3.859999999999999876 ) ) ;
#5064 = EDGE_CURVE ( 'NONE', #550, #2542, #11670, .T. ) ;
#5065 = CARTESIAN_POINT ( 'NONE',  ( 2.694223643856590300, -8.171684327143841742, 0.01000000000000000021 ) ) ;
#5066 = VECTOR ( 'NONE', #6066, 1000.000000000000000 ) ;
#5067 =( NAMED_UNIT ( * ) SI_UNIT ( $, .STERADIAN. ) SOLID_ANGLE_UNIT ( ) );
#5068 = CARTESIAN_POINT ( 'NONE',  ( 3.319999999999999840, 0.3199999999999995626, 1.370310825858947812 ) ) ;
#5069 = DIRECTION ( 'NONE',  ( 0.000000000000000000, 1.000000000000000000, 0.000000000000000000 ) ) ;
#5070 = AXIS2_PLACEMENT_3D ( 'NONE', #10212, #11141, #2472 ) ;
#5071 = ORIENTED_EDGE ( 'NONE', *, *, #1893, .T. ) ;
#5072 = FACE_OUTER_BOUND ( 'NONE', #2118, .T. ) ;
#5073 = ORIENTED_EDGE ( 'NONE', *, *, #3483, .T. ) ;
#5074 = UNCERTAINTY_MEASURE_WITH_UNIT (LENGTH_MEASURE( 1.000000000000000082E-05 ), #6843, 'distance_accuracy_value', 'NONE');
#5075 = COLOUR_RGB ( '',0.2235294117647058654, 0.2235294117647058654, 0.2235294117647058654 ) ;
#5076 = FACE_OUTER_BOUND ( 'NONE', #3635, .T. ) ;
#5077 = CARTESIAN_POINT ( 'NONE',  ( 0.3902439024390217948, -7.952314863411204193, 0.01000000000000000021 ) ) ;
#5078 = LINE ( 'NONE', #6950, #7637 ) ;
#5079 = LINE ( 'NONE', #11165, #5036 ) ;
#5080 = CARTESIAN_POINT ( 'NONE',  ( 4.824999999999999289, -7.419999999999996376, 3.259999999999999787 ) ) ;
#5081 = FILL_AREA_STYLE ('',( #8861 ) ) ;
#5082 = LINE ( 'NONE', #11935, #5939 ) ;
#5083 = CARTESIAN_POINT ( 'NONE',  ( -2.575000000000014833, -0.4700000000000020828, 0.5000000000000004441 ) ) ;
#5084 = VECTOR ( 'NONE', #3626, 1000.000000000000000 ) ;
#5085 =( NAMED_UNIT ( * ) SI_UNIT ( $, .STERADIAN. ) SOLID_ANGLE_UNIT ( ) );
#5086 = SURFACE_SIDE_STYLE ('',( #4328 ) ) ;
#5087 = ADVANCED_FACE ( 'NONE', ( #998 ), #9290, .T. ) ;
#5088 = ORIENTED_EDGE ( 'NONE', *, *, #7907, .F. ) ;
#5089 =( NAMED_UNIT ( * ) PLANE_ANGLE_UNIT ( ) SI_UNIT ( $, .RADIAN. ) );
#5090 = DIRECTION ( 'NONE',  ( 0.000000000000000000, -1.000000000000000000, 0.000000000000000000 ) ) ;
#5091 = VECTOR ( 'NONE', #10886, 1000.000000000000000 ) ;
#5092 =( LENGTH_UNIT ( ) NAMED_UNIT ( * ) SI_UNIT ( .MILLI., .METRE. ) );
#5093 = COLOUR_RGB ( '',0.6470588235294117974, 0.6196078431372549211, 0.5882352941176470784 ) ;
#5094 = PRESENTATION_STYLE_ASSIGNMENT (( #3100 ) ) ;
#5095 = FACE_OUTER_BOUND ( 'NONE', #6850, .T. ) ;
#5096 = DIRECTION ( 'NONE',  ( -1.371322905910519414E-16, 1.000000000000000000, -0.000000000000000000 ) ) ;
#5097 = ORIENTED_EDGE ( 'NONE', *, *, #6313, .F. ) ;
#5098 = EDGE_CURVE ( 'NONE', #7451, #6944, #1928, .T. ) ;
#5099 = EDGE_CURVE ( 'NONE', #5609, #1622, #3015, .T. ) ;
#5100 = DIRECTION ( 'NONE',  ( 0.000000000000000000, 0.000000000000000000, -1.000000000000000000 ) ) ;
#5101 = VECTOR ( 'NONE', #713, 1000.000000000000000 ) ;
#5102 = DIRECTION ( 'NONE',  ( 0.000000000000000000, 0.7071067811865512365, 0.7071067811865439090 ) ) ;
#5103 = CARTESIAN_POINT ( 'NONE',  ( 2.499999999999996891, -7.019999999999975593, 5.059999999999999609 ) ) ;
#5104 = EDGE_CURVE ( 'NONE', #84, #3895, #9744, .T. ) ;
#5105 = LINE ( 'NONE', #7106, #9091 ) ;
#5106 = ORIENTED_EDGE ( 'NONE', *, *, #6025, .T. ) ;
#5107 = VERTEX_POINT ( 'NONE', #4288 ) ;
#5108 = SURFACE_SIDE_STYLE ('',( #5048 ) ) ;
#5109 = CARTESIAN_POINT ( 'NONE',  ( 2.652269957356319541, -7.702789085204115871, 0.01000000000000000021 ) ) ;
#5110 = CARTESIAN_POINT ( 'NONE',  ( 0.5383457782213657561, -8.084934271855471977, 0.01000000000000000021 ) ) ;
#5111 = LINE ( 'NONE', #1240, #1462 ) ;
#5112 = VECTOR ( 'NONE', #7674, 1000.000000000000000 ) ;
#5113 = CARTESIAN_POINT ( 'NONE',  ( 2.149607260875950221, -8.318882904845203541, 0.01000000000000000021 ) ) ;
#5114 = SURFACE_STYLE_USAGE ( .BOTH. , #4983 ) ;
#5115 = LINE ( 'NONE', #8000, #2341 ) ;
#5116 = PLANE ( 'NONE',  #10857 ) ;
#5117 = EDGE_LOOP ( 'NONE', ( #2459, #5935, #2809, #9684 ) ) ;
#5118 = EDGE_LOOP ( 'NONE', ( #1109, #7696, #11219, #7052 ) ) ;
#5119 = DIRECTION ( 'NONE',  ( -1.000000000000000000, 0.000000000000000000, -0.000000000000000000 ) ) ;
#5120 = CARTESIAN_POINT ( 'NONE',  ( -3.325000000000000178, -3.470000000000001528, 0.9299999999999991607 ) ) ;
#5121 = EDGE_CURVE ( 'NONE', #9847, #6885, #4933, .T. ) ;
#5122 = LINE ( 'NONE', #11911, #803 ) ;
#5123 = CARTESIAN_POINT ( 'NONE',  ( -2.524999999999990141, -3.615000000000001101, -0.01000000000000000021 ) ) ;
#5124 = ORIENTED_EDGE ( 'NONE', *, *, #7481, .F. ) ;
#5125 = CARTESIAN_POINT ( 'NONE',  ( 0.000000000000000000, 0.000000000000000000, 0.000000000000000000 ) ) ;
#5126 = FILL_AREA_STYLE_COLOUR ( '', #9359 ) ;
#5127 = CARTESIAN_POINT ( 'NONE',  ( 2.121951219512192566, -7.492330107313643239, 0.01000000000000000021 ) ) ;
#5128 = DIRECTION ( 'NONE',  ( -0.3536223923290756632, 0.9353882635801357148, 0.000000000000000000 ) ) ;
#5129 = CARTESIAN_POINT ( 'NONE',  ( -0.3499999999999988676, -0.4700000000000016387, 3.859999999999999876 ) ) ;
#5130 = CARTESIAN_POINT ( 'NONE',  ( 0.000000000000000000, 0.000000000000000000, -0.01000000000000000021 ) ) ;
#5131 = VERTEX_POINT ( 'NONE', #2064 ) ;
#5132 = STYLED_ITEM ( 'NONE', ( #6896 ), #2223 ) ;
#5133 = EDGE_CURVE ( 'NONE', #12400, #112, #9604, .T. ) ;
#5134 = DIRECTION ( 'NONE',  ( -1.000000000000000000, 0.000000000000000000, 0.000000000000000000 ) ) ;
#5135 = FACE_OUTER_BOUND ( 'NONE', #8978, .T. ) ;
#5136 = ORIENTED_EDGE ( 'NONE', *, *, #10883, .T. ) ;
#5137 = CARTESIAN_POINT ( 'NONE',  ( -2.524999999999990141, -3.615000000000001101, -0.09862792926813598871 ) ) ;
#5138 = CARTESIAN_POINT ( 'NONE',  ( 0.4734986285595548794, -7.668516798672921908, 0.01000000000000000021 ) ) ;
#5139 = FILL_AREA_STYLE ('',( #2955 ) ) ;
#5140 = SURFACE_SIDE_STYLE ('',( #11617 ) ) ;
#5141 = DIRECTION ( 'NONE',  ( 0.000000000000000000, 0.000000000000000000, -1.000000000000000000 ) ) ;
#5142 = PLANE ( 'NONE',  #1224 ) ;
#5143 = DIRECTION ( 'NONE',  ( 0.000000000000000000, 1.000000000000000000, -2.195852501236467750E-16 ) ) ;
#5144 = ORIENTED_EDGE ( 'NONE', *, *, #12177, .F. ) ;
#5145 =( LENGTH_UNIT ( ) NAMED_UNIT ( * ) SI_UNIT ( .MILLI., .METRE. ) );
#5146 = PRESENTATION_STYLE_ASSIGNMENT (( #4331 ) ) ;
#5147 = LINE ( 'NONE', #7924, #12451 ) ;
#5148 = LINE ( 'NONE', #407, #8434 ) ;
#5149 = CARTESIAN_POINT ( 'NONE',  ( -0.3378429878048807566, -8.184403278045349950, 0.01000000000000000021 ) ) ;
#5150 = FACE_OUTER_BOUND ( 'NONE', #7652, .T. ) ;
#5151 = CARTESIAN_POINT ( 'NONE',  ( -2.224999999999990763, -3.470000000000001528, 0.9299999999999991607 ) ) ;
#5152 = DIRECTION ( 'NONE',  ( 1.000000000000000000, 0.000000000000000000, 0.000000000000000000 ) ) ;
#5153 = EDGE_LOOP ( 'NONE', ( #6962, #5368, #11970, #549 ) ) ;
#5154 = VECTOR ( 'NONE', #4419, 1000.000000000000000 ) ;
#5155 =( GEOMETRIC_REPRESENTATION_CONTEXT ( 3 ) GLOBAL_UNCERTAINTY_ASSIGNED_CONTEXT ( ( #3028 ) ) GLOBAL_UNIT_ASSIGNED_CONTEXT ( ( #962, #7690, #787 ) ) REPRESENTATION_CONTEXT ( 'NONE', 'WORKASPACE' ) );
#5156 = DIRECTION ( 'NONE',  ( 1.000000000000000000, -1.734723475976807094E-15, 0.000000000000000000 ) ) ;
#5157 = FILL_AREA_STYLE ('',( #6976 ) ) ;
#5158 = ORIENTED_EDGE ( 'NONE', *, *, #887, .T. ) ;
#5159 = EDGE_LOOP ( 'NONE', ( #957, #221, #4158, #1626 ) ) ;
#5160 = EDGE_CURVE ( 'NONE', #993, #5515, #11962, .T. ) ;
#5161 = VECTOR ( 'NONE', #4846, 1000.000000000000000 ) ;
#5162 = VERTEX_POINT ( 'NONE', #5750 ) ;
#5163 = ADVANCED_FACE ( 'NONE', ( #8648 ), #5492, .F. ) ;
#5164 = CARTESIAN_POINT ( 'NONE',  ( 0.3986752038707312429, -8.062257857288091856, 6.776263578034402713E-18 ) ) ;
#5165 =( GEOMETRIC_REPRESENTATION_CONTEXT ( 3 ) GLOBAL_UNCERTAINTY_ASSIGNED_CONTEXT ( ( #3146 ) ) GLOBAL_UNIT_ASSIGNED_CONTEXT ( ( #5711, #11, #11428 ) ) REPRESENTATION_CONTEXT ( 'NONE', 'WORKASPACE' ) );
#5166 =( NAMED_UNIT ( * ) PLANE_ANGLE_UNIT ( ) SI_UNIT ( $, .RADIAN. ) );
#5167 =( NAMED_UNIT ( * ) SI_UNIT ( $, .STERADIAN. ) SOLID_ANGLE_UNIT ( ) );
#5168 = CARTESIAN_POINT ( 'NONE',  ( 0.3199999999999999512, -0.5596891741410529031, 1.609999999999999432 ) ) ;
#5169 = EDGE_CURVE ( 'NONE', #6635, #5045, #11990, .T. ) ;
#5170 = ORIENTED_EDGE ( 'NONE', *, *, #4716, .T. ) ;
#5171 = DIRECTION ( 'NONE',  ( -1.343259328743102577E-15, 0.000000000000000000, -1.000000000000000000 ) ) ;
#5172 = SURFACE_SIDE_STYLE ('',( #492 ) ) ;
#5173 = VERTEX_POINT ( 'NONE', #9206 ) ;
#5174 = DIRECTION ( 'NONE',  ( 1.000000000000000000, 0.000000000000000000, 4.389514514740442362E-16 ) ) ;
#5175 = VERTEX_POINT ( 'NONE', #5550 ) ;
#5176 = FILL_AREA_STYLE_COLOUR ( '', #4067 ) ;
#5177 = FILL_AREA_STYLE ('',( #9935 ) ) ;
#5178 = VECTOR ( 'NONE', #2480, 1000.000000000000000 ) ;
#5179 = LINE ( 'NONE', #4304, #465 ) ;
#5180 = LINE ( 'NONE', #6877, #6463 ) ;
#5181 = LINE ( 'NONE', #9036, #9410 ) ;
#5182 = DIRECTION ( 'NONE',  ( 0.4472135954999563734, 1.949225936908970337E-17, 0.8944271909999166326 ) ) ;
#5183 = VECTOR ( 'NONE', #4776, 1000.000000000000000 ) ;
#5184 = EDGE_CURVE ( 'NONE', #4295, #5757, #5360, .T. ) ;
#5185 = PLANE ( 'NONE',  #2153 ) ;
#5186 = ORIENTED_EDGE ( 'NONE', *, *, #4128, .T. ) ;
#5187 = DIRECTION ( 'NONE',  ( -0.7071067811865463515, 0.7071067811865487940, 0.000000000000000000 ) ) ;
#5188 = AXIS2_PLACEMENT_3D ( 'NONE', #1393, #5259, #10749 ) ;
#5189 = CARTESIAN_POINT ( 'NONE',  ( 2.559298305749340585, -7.488199655107693253, 5.082197683525802034E-18 ) ) ;
#5190 = VERTEX_POINT ( 'NONE', #9389 ) ;
#5191 = UNCERTAINTY_MEASURE_WITH_UNIT (LENGTH_MEASURE( 1.000000000000000082E-05 ), #8957, 'distance_accuracy_value', 'NONE');
#5192 = PRESENTATION_STYLE_ASSIGNMENT (( #3273 ) ) ;
#5193 = CARTESIAN_POINT ( 'NONE',  ( 0.7071991634030363461, -7.497224597368884247, 0.01000000000000000021 ) ) ;
#5194 =( NAMED_UNIT ( * ) SI_UNIT ( $, .STERADIAN. ) SOLID_ANGLE_UNIT ( ) );
#5195 = PLANE ( 'NONE',  #11602 ) ;
#5196 = DIRECTION ( 'NONE',  ( -0.000000000000000000, -0.000000000000000000, -1.000000000000000000 ) ) ;
#5197 =( LENGTH_UNIT ( ) NAMED_UNIT ( * ) SI_UNIT ( .MILLI., .METRE. ) );
#5198 = PRESENTATION_STYLE_ASSIGNMENT (( #1268 ) ) ;
#5199 = ADVANCED_FACE ( 'NONE', ( #8361 ), #10104, .F. ) ;
#5200 = MECHANICAL_DESIGN_GEOMETRIC_PRESENTATION_REPRESENTATION (  '', ( #9438 ), #3355 ) ;
#5201 =( LENGTH_UNIT ( ) NAMED_UNIT ( * ) SI_UNIT ( .MILLI., .METRE. ) );
#5202 = AXIS2_PLACEMENT_3D ( 'NONE', #10124, #11114, #11171 ) ;
#5203 = ORIENTED_EDGE ( 'NONE', *, *, #5660, .F. ) ;
#5204 = LINE ( 'NONE', #2274, #5301 ) ;
#5205 = LINE ( 'NONE', #10202, #9699 ) ;
#5206 = CARTESIAN_POINT ( 'NONE',  ( -0.3199999999999999512, -0.4700000000000016942, 1.592587122936066857 ) ) ;
#5207 =( GEOMETRIC_REPRESENTATION_CONTEXT ( 3 ) GLOBAL_UNCERTAINTY_ASSIGNED_CONTEXT ( ( #3584 ) ) GLOBAL_UNIT_ASSIGNED_CONTEXT ( ( #5041, #12186, #6343 ) ) REPRESENTATION_CONTEXT ( 'NONE', 'WORKASPACE' ) );
#5208 =( NAMED_UNIT ( * ) PLANE_ANGLE_UNIT ( ) SI_UNIT ( $, .RADIAN. ) );
#5209 = SURFACE_SIDE_STYLE ('',( #1278 ) ) ;
#5210 = VECTOR ( 'NONE', #4318, 1000.000000000000000 ) ;
#5211 = PRESENTATION_LAYER_ASSIGNMENT (  '', '', ( #12238 ) ) ;
#5212 = VERTEX_POINT ( 'NONE', #2602 ) ;
#5213 = UNCERTAINTY_MEASURE_WITH_UNIT (LENGTH_MEASURE( 1.000000000000000082E-05 ), #6059, 'distance_accuracy_value', 'NONE');
#5214 = AXIS2_PLACEMENT_3D ( 'NONE', #8925, #3225, #7919 ) ;
#5215 = CARTESIAN_POINT ( 'NONE',  ( 1.249999999999996225, -0.9700000000000014166, 3.360000000000000320 ) ) ;
#5216 = DIRECTION ( 'NONE',  ( 1.000000000000000000, 8.673617379884035472E-16, 0.000000000000000000 ) ) ;
#5217 = STYLED_ITEM ( 'NONE', ( #8948 ), #9 ) ;
#5218 = EDGE_LOOP ( 'NONE', ( #1606, #3998, #3742, #8616 ) ) ;
#5219 = ORIENTED_EDGE ( 'NONE', *, *, #3540, .F. ) ;
#5220 = CARTESIAN_POINT ( 'NONE',  ( -0.1269054878048807011, -7.586842302435594654, 0.000000000000000000 ) ) ;
#5221 = DIRECTION ( 'NONE',  ( -1.000000000000000000, -0.000000000000000000, -0.000000000000000000 ) ) ;
#5222 = PRESENTATION_LAYER_ASSIGNMENT (  '', '', ( #8231 ) ) ;
#5223 = CARTESIAN_POINT ( 'NONE',  ( 0.3914394252387038975, -8.008225662209367712, 0.01000000000000000021 ) ) ;
#5224 = CARTESIAN_POINT ( 'NONE',  ( -0.1269054878048807011, -7.586842302435594654, 0.01000000000000000021 ) ) ;
#5225 = DIRECTION ( 'NONE',  ( 1.000000000000000000, 2.710505431213760099E-16, 0.000000000000000000 ) ) ;
#5226 = LINE ( 'NONE', #8065, #8524 ) ;
#5227 = MECHANICAL_DESIGN_GEOMETRIC_PRESENTATION_REPRESENTATION (  '', ( #9465 ), #11532 ) ;
#5228 = STYLED_ITEM ( 'NONE', ( #11562 ), #6805 ) ;
#5229 = DIRECTION ( 'NONE',  ( 0.000000000000000000, 1.000000000000000000, -2.861335727341666912E-17 ) ) ;
#5230 = ORIENTED_EDGE ( 'NONE', *, *, #456, .T. ) ;
#5231 =( NAMED_UNIT ( * ) SI_UNIT ( $, .STERADIAN. ) SOLID_ANGLE_UNIT ( ) );
#5232 = VECTOR ( 'NONE', #10773, 1000.000000000000000 ) ;
#5233 = VECTOR ( 'NONE', #9948, 1000.000000000000000 ) ;
#5234 = AXIS2_PLACEMENT_3D ( 'NONE', #6844, #3042, #4083 ) ;
#5235 = EDGE_CURVE ( 'NONE', #5859, #738, #719, .T. ) ;
#5236 = VERTEX_POINT ( 'NONE', #2415 ) ;
#5237 = ORIENTED_EDGE ( 'NONE', *, *, #1317, .T. ) ;
#5238 =( NAMED_UNIT ( * ) PLANE_ANGLE_UNIT ( ) SI_UNIT ( $, .RADIAN. ) );
#5239 = CARTESIAN_POINT ( 'NONE',  ( -0.1399229991640932591, 1.029999999999998472, 2.860000000000000320 ) ) ;
#5240 =( GEOMETRIC_REPRESENTATION_CONTEXT ( 3 ) GLOBAL_UNCERTAINTY_ASSIGNED_CONTEXT ( ( #9110 ) ) GLOBAL_UNIT_ASSIGNED_CONTEXT ( ( #2637, #8219, #3477 ) ) REPRESENTATION_CONTEXT ( 'NONE', 'WORKASPACE' ) );
#5241 = CARTESIAN_POINT ( 'NONE',  ( 2.848835811492975267, -8.138144862863573081, 6.776263578034402713E-18 ) ) ;
#5242 = ORIENTED_EDGE ( 'NONE', *, *, #925, .F. ) ;
#5243 =( NAMED_UNIT ( * ) SI_UNIT ( $, .STERADIAN. ) SOLID_ANGLE_UNIT ( ) );
#5244 = EDGE_CURVE ( 'NONE', #2231, #493, #6232, .T. ) ;
#5245 = EDGE_LOOP ( 'NONE', ( #1035, #6252, #6122, #3022 ) ) ;
#5246 = CARTESIAN_POINT ( 'NONE',  ( 4.825000000000001066, -3.470000000000001528, 2.530000000000009130 ) ) ;
#5247 = ADVANCED_FACE ( 'NONE', ( #3432 ), #6293, .F. ) ;
#5248 = PRESENTATION_STYLE_ASSIGNMENT (( #5062 ) ) ;
#5249 = PRESENTATION_STYLE_ASSIGNMENT (( #6127 ) ) ;
#5250 = CARTESIAN_POINT ( 'NONE',  ( 2.680000000000000160, -6.852871818038222429, 1.609999999999999432 ) ) ;
#5251 = ORIENTED_EDGE ( 'NONE', *, *, #7163, .F. ) ;
#5252 = PRESENTATION_STYLE_ASSIGNMENT (( #1204 ) ) ;
#5253 = COLOUR_RGB ( '',0.2235294117647058654, 0.2235294117647058654, 0.2235294117647058654 ) ;
#5254 = DIRECTION ( 'NONE',  ( -1.000000000000000000, 0.000000000000000000, 0.000000000000000000 ) ) ;
#5255 = EDGE_CURVE ( 'NONE', #5790, #6123, #8547, .T. ) ;
#5256 = EDGE_CURVE ( 'NONE', #8314, #11443, #3766, .T. ) ;
#5257 = EDGE_LOOP ( 'NONE', ( #4171, #9797, #418, #4206 ) ) ;
#5258 = COLOUR_RGB ( '',0.6470588235294117974, 0.6196078431372549211, 0.5882352941176470784 ) ;
#5259 = DIRECTION ( 'NONE',  ( 0.000000000000000000, -0.1736481776669283883, 0.9848077530122084644 ) ) ;
#5260 = ADVANCED_FACE ( 'NONE', ( #2853 ), #9576, .T. ) ;
#5261 = EDGE_CURVE ( 'NONE', #3963, #11710, #3829, .T. ) ;
#5262 = DIRECTION ( 'NONE',  ( 0.000000000000000000, 1.006563450232729055E-15, -1.000000000000000000 ) ) ;
#5263 = ORIENTED_EDGE ( 'NONE', *, *, #4885, .F. ) ;
#5264 = DIRECTION ( 'NONE',  ( -1.000000000000000000, 0.000000000000000000, 0.000000000000000000 ) ) ;
#5265 = CARTESIAN_POINT ( 'NONE',  ( 2.652269957356319541, -7.702789085204115871, 0.01000000000000000021 ) ) ;
#5266 = PRESENTATION_STYLE_ASSIGNMENT (( #9240 ) ) ;
#5267 = SURFACE_STYLE_USAGE ( .BOTH. , #2633 ) ;
#5268 = CARTESIAN_POINT ( 'NONE',  ( 2.131334610287182407, -8.418241064300609366, 6.776263578034402713E-18 ) ) ;
#5269 = COLOUR_RGB ( '',0.2235294117647058654, 0.2235294117647058654, 0.2235294117647058654 ) ;
#5270 =( NAMED_UNIT ( * ) PLANE_ANGLE_UNIT ( ) SI_UNIT ( $, .RADIAN. ) );
#5271 = COLOUR_RGB ( '',0.2235294117647058654, 0.2235294117647058654, 0.2235294117647058654 ) ;
#5272 = LINE ( 'NONE', #7088, #8879 ) ;
#5273 = EDGE_CURVE ( 'NONE', #1170, #8222, #7626, .T. ) ;
#5274 = ORIENTED_EDGE ( 'NONE', *, *, #7565, .F. ) ;
#5275 = DIRECTION ( 'NONE',  ( 1.084202172485504434E-16, 1.000000000000000000, -0.000000000000000000 ) ) ;
#5276 = SURFACE_SIDE_STYLE ('',( #7527 ) ) ;
#5277 = LINE ( 'NONE', #5342, #8451 ) ;
#5278 = PLANE ( 'NONE',  #9054 ) ;
#5279 = PRESENTATION_LAYER_ASSIGNMENT (  '', '', ( #4679 ) ) ;
#5280 = CARTESIAN_POINT ( 'NONE',  ( 2.521568573112371148, -8.341527219023635809, 0.000000000000000000 ) ) ;
#5281 = FILL_AREA_STYLE_COLOUR ( '', #4373 ) ;
#5282 = CARTESIAN_POINT ( 'NONE',  ( 2.121951219512192566, -8.413061814630715674, 0.01000000000000000021 ) ) ;
#5283 = VERTEX_POINT ( 'NONE', #9637 ) ;
#5284 = LINE ( 'NONE', #11826, #1956 ) ;
#5285 = MECHANICAL_DESIGN_GEOMETRIC_PRESENTATION_REPRESENTATION (  '', ( #9725 ), #10724 ) ;
#5286 = PRESENTATION_STYLE_ASSIGNMENT (( #11261 ) ) ;
#5287 =( GEOMETRIC_REPRESENTATION_CONTEXT ( 3 ) GLOBAL_UNCERTAINTY_ASSIGNED_CONTEXT ( ( #4837 ) ) GLOBAL_UNIT_ASSIGNED_CONTEXT ( ( #341, #11762, #8050 ) ) REPRESENTATION_CONTEXT ( 'NONE', 'WORKASPACE' ) );
#5288 = STYLED_ITEM ( 'NONE', ( #2124 ), #8493 ) ;
#5289 = CARTESIAN_POINT ( 'NONE',  ( 6.324999999999997513, -8.920000000000001705, 0.4000000000000010214 ) ) ;
#5290 = EDGE_CURVE ( 'NONE', #6660, #6317, #3698, .T. ) ;
#5291 = EDGE_LOOP ( 'NONE', ( #4339, #9155, #5972, #9098 ) ) ;
#5292 = VERTEX_POINT ( 'NONE', #11440 ) ;
#5293 = CARTESIAN_POINT ( 'NONE',  ( 2.680000000000000160, -0.3199999999999999512, 0.3554264934286701649 ) ) ;
#5294 = VERTEX_POINT ( 'NONE', #8679 ) ;
#5295 = CARTESIAN_POINT ( 'NONE',  ( 2.706377465836589113, -7.805464606195375410, 0.01000000000000000021 ) ) ;
#5296 = CARTESIAN_POINT ( 'NONE',  ( -1.270000000000000462, -1.420000000000001039, 0.6599999999999995870 ) ) ;
#5297 = SURFACE_SIDE_STYLE ('',( #1539 ) ) ;
#5298 = FILL_AREA_STYLE ('',( #7376 ) ) ;
#5299 = ORIENTED_EDGE ( 'NONE', *, *, #8940, .T. ) ;
#5300 = LINE ( 'NONE', #4292, #150 ) ;
#5301 = VECTOR ( 'NONE', #10020, 1000.000000000000000 ) ;
#5302 = ORIENTED_EDGE ( 'NONE', *, *, #1836, .T. ) ;
#5303 = FACE_OUTER_BOUND ( 'NONE', #8263, .T. ) ;
#5304 =( LENGTH_UNIT ( ) NAMED_UNIT ( * ) SI_UNIT ( .MILLI., .METRE. ) );
#5305 = DIRECTION ( 'NONE',  ( -1.084202172485505297E-16, -0.000000000000000000, -1.000000000000000000 ) ) ;
#5306 = ORIENTED_EDGE ( 'NONE', *, *, #3687, .F. ) ;
#5307 = MECHANICAL_DESIGN_GEOMETRIC_PRESENTATION_REPRESENTATION (  '', ( #5528 ), #7116 ) ;
#5308 = CARTESIAN_POINT ( 'NONE',  ( 1.414634146341460674, -7.464891082923399424, 0.01000000000000000021 ) ) ;
#5309 = CARTESIAN_POINT ( 'NONE',  ( 3.270053511187944739, 2.146132431991777612, -0.4500535111879447880 ) ) ;
#5310 = DIRECTION ( 'NONE',  ( -0.000000000000000000, -1.000000000000000000, -0.000000000000000000 ) ) ;
#5311 = CARTESIAN_POINT ( 'NONE',  ( 2.521568573112371148, -8.341527219023635809, 0.01000000000000000021 ) ) ;
#5312 = VERTEX_POINT ( 'NONE', #7562 ) ;
#5313 = CARTESIAN_POINT ( 'NONE',  ( 2.582060473926105271, -8.308358991311452613, 6.776263578034402713E-18 ) ) ;
#5314 = DIRECTION ( 'NONE',  ( -1.000000000000000000, -0.000000000000000000, -0.000000000000000000 ) ) ;
#5315 = PRESENTATION_LAYER_ASSIGNMENT (  '', '', ( #3688 ) ) ;
#5316 = COLOUR_RGB ( '',0.2235294117647058654, 0.2235294117647058654, 0.2235294117647058654 ) ;
#5317 = ORIENTED_EDGE ( 'NONE', *, *, #3711, .T. ) ;
#5318 =( NAMED_UNIT ( * ) PLANE_ANGLE_UNIT ( ) SI_UNIT ( $, .RADIAN. ) );
#5319 = PLANE ( 'NONE',  #12218 ) ;
#5320 =( NAMED_UNIT ( * ) SI_UNIT ( $, .STERADIAN. ) SOLID_ANGLE_UNIT ( ) );
#5321 = VERTEX_POINT ( 'NONE', #6773 ) ;
#5322 = AXIS2_PLACEMENT_3D ( 'NONE', #3048, #6712, #8878 ) ;
#5323 = CARTESIAN_POINT ( 'NONE',  ( 3.319999999999999840, -0.4700000000000011946, 2.245415902488527404 ) ) ;
#5324 = CARTESIAN_POINT ( 'NONE',  ( 2.731361002593722720, -7.960115723687898104, 6.776263578034402713E-18 ) ) ;
#5325 = DIRECTION ( 'NONE',  ( -1.162683294890621319E-16, 1.000000000000000000, -0.000000000000000000 ) ) ;
#5326 = EDGE_CURVE ( 'NONE', #11516, #5175, #2790, .T. ) ;
#5327 =( GEOMETRIC_REPRESENTATION_CONTEXT ( 3 ) GLOBAL_UNCERTAINTY_ASSIGNED_CONTEXT ( ( #1933 ) ) GLOBAL_UNIT_ASSIGNED_CONTEXT ( ( #749, #7466, #4443 ) ) REPRESENTATION_CONTEXT ( 'NONE', 'WORKASPACE' ) );
#5328 = EDGE_CURVE ( 'NONE', #10896, #11335, #5849, .T. ) ;
#5329 = DIRECTION ( 'NONE',  ( -2.742645811821040307E-16, -1.000000000000000000, 1.097926250618233875E-16 ) ) ;
#5330 = FILL_AREA_STYLE_COLOUR ( '', #6181 ) ;
#5331 =( GEOMETRIC_REPRESENTATION_CONTEXT ( 3 ) GLOBAL_UNCERTAINTY_ASSIGNED_CONTEXT ( ( #12379 ) ) GLOBAL_UNIT_ASSIGNED_CONTEXT ( ( #619, #2618, #11399 ) ) REPRESENTATION_CONTEXT ( 'NONE', 'WORKASPACE' ) );
#5332 = VECTOR ( 'NONE', #7983, 1000.000000000000000 ) ;
#5333 = EDGE_CURVE ( 'NONE', #19, #1338, #7748, .T. ) ;
#5334 = EDGE_CURVE ( 'NONE', #5045, #12321, #10641, .T. ) ;
#5335 = DIRECTION ( 'NONE',  ( 1.000000000000000000, 0.000000000000000000, 0.000000000000000000 ) ) ;
#5336 = STYLED_ITEM ( 'NONE', ( #1574 ), #9735 ) ;
#5337 = CARTESIAN_POINT ( 'NONE',  ( 0.3986752038707312429, -8.062257857288091856, 0.000000000000000000 ) ) ;
#5338 = ORIENTED_EDGE ( 'NONE', *, *, #8439, .T. ) ;
#5339 = FILL_AREA_STYLE_COLOUR ( '', #7720 ) ;
#5340 = UNCERTAINTY_MEASURE_WITH_UNIT (LENGTH_MEASURE( 1.000000000000000082E-05 ), #2655, 'distance_accuracy_value', 'NONE');
#5341 = MECHANICAL_DESIGN_GEOMETRIC_PRESENTATION_REPRESENTATION (  '', ( #1676 ), #2876 ) ;
#5342 = CARTESIAN_POINT ( 'NONE',  ( 4.824999999999999289, -8.920000000000001705, 3.259999999999999787 ) ) ;
#5343 = CARTESIAN_POINT ( 'NONE',  ( 2.810504424134380841, -7.720986563417787885, 0.000000000000000000 ) ) ;
#5344 = DIRECTION ( 'NONE',  ( -1.000000000000000000, -4.336808689942017736E-16, -0.000000000000000000 ) ) ;
#5345 = PLANE ( 'NONE',  #11592 ) ;
#5346 = CARTESIAN_POINT ( 'NONE',  ( 4.927962312940882939, -3.470000000000001528, 2.529999999999998916 ) ) ;
#5347 = EDGE_LOOP ( 'NONE', ( #5219, #6305, #4609, #917 ) ) ;
#5348 = UNCERTAINTY_MEASURE_WITH_UNIT (LENGTH_MEASURE( 1.000000000000000082E-05 ), #2943, 'distance_accuracy_value', 'NONE');
#5349 = EDGE_CURVE ( 'NONE', #2364, #9466, #8744, .T. ) ;
#5350 = DIRECTION ( 'NONE',  ( 1.084946484143765172E-16, 4.930380657631323784E-32, -1.000000000000000000 ) ) ;
#5351 = PLANE ( 'NONE',  #2913 ) ;
#5352 = LINE ( 'NONE', #348, #10689 ) ;
#5353 = FILL_AREA_STYLE ('',( #595 ) ) ;
#5354 = EDGE_LOOP ( 'NONE', ( #2426, #10375, #1670, #2504, #5746, #11350, #3401, #10979 ) ) ;
#5355 = EDGE_LOOP ( 'NONE', ( #10877, #11923, #7813, #1107 ) ) ;
#5356 = FACE_OUTER_BOUND ( 'NONE', #799, .T. ) ;
#5357 = UNCERTAINTY_MEASURE_WITH_UNIT (LENGTH_MEASURE( 1.000000000000000082E-05 ), #11879, 'distance_accuracy_value', 'NONE');
#5358 = LINE ( 'NONE', #2770, #11858 ) ;
#5359 = CARTESIAN_POINT ( 'NONE',  ( 0.8116959504727528918, -8.456887631010710393, 6.776263578034402713E-18 ) ) ;
#5360 = LINE ( 'NONE', #4478, #10998 ) ;
#5361 = LINE ( 'NONE', #4543, #10620 ) ;
#5362 = SURFACE_STYLE_USAGE ( .BOTH. , #9980 ) ;
#5363 = CARTESIAN_POINT ( 'NONE',  ( 2.680000000000000160, -6.852871818038222429, 1.609999999999999432 ) ) ;
#5364 = VECTOR ( 'NONE', #4987, 1000.000000000000000 ) ;
#5365 = VERTEX_POINT ( 'NONE', #6532 ) ;
#5366 = ADVANCED_FACE ( 'NONE', ( #10398 ), #1713, .F. ) ;
#5367 = CYLINDRICAL_SURFACE ( 'NONE', #11442, 0.5000000000000000000 ) ;
#5368 = ORIENTED_EDGE ( 'NONE', *, *, #2402, .T. ) ;
#5369 = ORIENTED_EDGE ( 'NONE', *, *, #10558, .F. ) ;
#5370 = CARTESIAN_POINT ( 'NONE',  ( -3.324999999999999289, -7.419999999999998153, 3.260000000000000231 ) ) ;
#5371 = FACE_OUTER_BOUND ( 'NONE', #931, .T. ) ;
#5372 = STYLED_ITEM ( 'NONE', ( #1531 ), #3006 ) ;
#5373 = VERTEX_POINT ( 'NONE', #2029 ) ;
#5374 = AXIS2_PLACEMENT_3D ( 'NONE', #9504, #3753, #1700 ) ;
#5375 = EDGE_LOOP ( 'NONE', ( #8709, #3901, #4893, #4772 ) ) ;
#5376 = DIRECTION ( 'NONE',  ( 0.000000000000000000, 1.000000000000000000, 0.000000000000000000 ) ) ;
#5377 = VERTEX_POINT ( 'NONE', #6904 ) ;
#5378 = FACE_OUTER_BOUND ( 'NONE', #4843, .T. ) ;
#5379 = DIRECTION ( 'NONE',  ( 0.000000000000000000, 1.000000000000000000, -3.414809992080328037E-16 ) ) ;
#5380 = LINE ( 'NONE', #7267, #7888 ) ;
#5381 = ORIENTED_EDGE ( 'NONE', *, *, #9938, .F. ) ;
#5382 = CARTESIAN_POINT ( 'NONE',  ( 1.729999999999999538, -1.420000000000001039, 0.6599999999999995870 ) ) ;
#5383 = SURFACE_STYLE_FILL_AREA ( #12098 ) ;
#5384 = COLOUR_RGB ( '',0.2235294117647058654, 0.2235294117647058654, 0.2235294117647058654 ) ;
#5385 = SURFACE_STYLE_FILL_AREA ( #9300 ) ;
#5386 = PRESENTATION_LAYER_ASSIGNMENT (  '', '', ( #6398 ) ) ;
#5387 = AXIS2_PLACEMENT_3D ( 'NONE', #5886, #5948, #9876 ) ;
#5388 = ORIENTED_EDGE ( 'NONE', *, *, #3543, .F. ) ;
#5389 = LINE ( 'NONE', #8206, #9000 ) ;
#5390 = CARTESIAN_POINT ( 'NONE',  ( 4.927962312940882939, -2.170000000000001705, 2.529999999999998472 ) ) ;
#5391 = VECTOR ( 'NONE', #5938, 1000.000000000000000 ) ;
#5392 = VECTOR ( 'NONE', #5818, 1000.000000000000000 ) ;
#5393 = DIRECTION ( 'NONE',  ( -0.000000000000000000, 0.000000000000000000, 1.000000000000000000 ) ) ;
#5394 = ORIENTED_EDGE ( 'NONE', *, *, #8176, .F. ) ;
#5395 = DIRECTION ( 'NONE',  ( -1.084202172485505297E-16, -1.461754633146887626E-32, -1.000000000000000000 ) ) ;
#5396 = DIRECTION ( 'NONE',  ( 1.000000000000000000, 0.000000000000000000, -0.000000000000000000 ) ) ;
#5397 = CARTESIAN_POINT ( 'NONE',  ( 2.257906917846106865, -7.457866123456419416, 0.01000000000000000021 ) ) ;
#5398 = CARTESIAN_POINT ( 'NONE',  ( 6.324999999999997513, 1.029999999999998028, -0.5000000000000000000 ) ) ;
#5399 = CARTESIAN_POINT ( 'NONE',  ( 2.131334610287182407, -8.418241064300609366, 0.01000000000000000021 ) ) ;
#5400 = CARTESIAN_POINT ( 'NONE',  ( 2.178921819330834175, -8.331645993231779457, 0.01000000000000000021 ) ) ;
#5401 = CIRCLE ( 'NONE', #1533, 0.8796891741410518550 ) ;
#5402 = DIRECTION ( 'NONE',  ( 0.000000000000000000, -1.000000000000000000, 1.097926250618233875E-16 ) ) ;
#5403 = ADVANCED_FACE ( 'NONE', ( #11822 ), #2096, .T. ) ;
#5404 = EDGE_CURVE ( 'NONE', #1780, #7463, #10894, .T. ) ;
#5405 = DIRECTION ( 'NONE',  ( -0.000000000000000000, -0.000000000000000000, -1.000000000000000000 ) ) ;
#5406 = CARTESIAN_POINT ( 'NONE',  ( 2.842932777224608465, 2.786909515331971399, -0.02293277722460827089 ) ) ;
#5407 = CARTESIAN_POINT ( 'NONE',  ( 1.730000000000000426, -8.920000000000001705, 3.199999999999999734 ) ) ;
#5408 = CARTESIAN_POINT ( 'NONE',  ( -8.577962312940892176, -7.419999999999996376, 2.929999999999999272 ) ) ;
#5409 = EDGE_CURVE ( 'NONE', #9466, #6105, #6033, .T. ) ;
#5410 = FILL_AREA_STYLE_COLOUR ( '', #6027 ) ;
#5411 = MECHANICAL_DESIGN_GEOMETRIC_PRESENTATION_REPRESENTATION (  '', ( #11036 ), #12425 ) ;
#5412 = COLOUR_RGB ( '',0.2235294117647058654, 0.2235294117647058654, 0.2235294117647058654 ) ;
#5413 = DIRECTION ( 'NONE',  ( 0.000000000000000000, 0.000000000000000000, -1.000000000000000000 ) ) ;
#5414 = DIRECTION ( 'NONE',  ( -0.000000000000000000, -0.000000000000000000, -1.000000000000000000 ) ) ;
#5415 = CARTESIAN_POINT ( 'NONE',  ( -1.028492179432889548E-15, -1.420000000000001039, 0.000000000000000000 ) ) ;
#5416 =( NAMED_UNIT ( * ) PLANE_ANGLE_UNIT ( ) SI_UNIT ( $, .RADIAN. ) );
#5417 = ADVANCED_FACE ( 'NONE', ( #11695 ), #3956, .T. ) ;
#5418 = AXIS2_PLACEMENT_3D ( 'NONE', #12160, #6314, #8204 ) ;
#5419 = ORIENTED_EDGE ( 'NONE', *, *, #7117, .T. ) ;
#5420 = ORIENTED_EDGE ( 'NONE', *, *, #9556, .T. ) ;
#5421 = CARTESIAN_POINT ( 'NONE',  ( -0.1410920339010018898, -7.652974419201997058, -0.000000000000000000 ) ) ;
#5422 = EDGE_CURVE ( 'NONE', #8654, #4379, #10950, .T. ) ;
#5423 =( GEOMETRIC_REPRESENTATION_CONTEXT ( 3 ) GLOBAL_UNCERTAINTY_ASSIGNED_CONTEXT ( ( #4317 ) ) GLOBAL_UNIT_ASSIGNED_CONTEXT ( ( #1575, #12109, #2448 ) ) REPRESENTATION_CONTEXT ( 'NONE', 'WORKASPACE' ) );
#5424 = FILL_AREA_STYLE ('',( #8302 ) ) ;
#5425 = CARTESIAN_POINT ( 'NONE',  ( 0.8745552681767143621, -8.354173880936018648, 6.776263578034402713E-18 ) ) ;
#5426 = DIRECTION ( 'NONE',  ( -0.000000000000000000, -0.000000000000000000, 1.000000000000000000 ) ) ;
#5427 = SURFACE_STYLE_USAGE ( .BOTH. , #5297 ) ;
#5428 = CARTESIAN_POINT ( 'NONE',  ( 3.350000000000000089, -0.4700000000000016387, 0.4999999999999970024 ) ) ;
#5429 = ORIENTED_EDGE ( 'NONE', *, *, #1805, .F. ) ;
#5430 = VECTOR ( 'NONE', #4017, 1000.000000000000000 ) ;
#5431 =( NAMED_UNIT ( * ) PLANE_ANGLE_UNIT ( ) SI_UNIT ( $, .RADIAN. ) );
#5432 =( GEOMETRIC_REPRESENTATION_CONTEXT ( 3 ) GLOBAL_UNCERTAINTY_ASSIGNED_CONTEXT ( ( #8345 ) ) GLOBAL_UNIT_ASSIGNED_CONTEXT ( ( #4103, #5488, #9274 ) ) REPRESENTATION_CONTEXT ( 'NONE', 'WORKASPACE' ) );
#5433 = ORIENTED_EDGE ( 'NONE', *, *, #12253, .F. ) ;
#5434 = LINE ( 'NONE', #10355, #5154 ) ;
#5435 = PRESENTATION_STYLE_ASSIGNMENT (( #1549 ) ) ;
#5436 = CARTESIAN_POINT ( 'NONE',  ( 1.439024390243899720, -7.903915473167301364, 0.01000000000000000021 ) ) ;
#5437 = VECTOR ( 'NONE', #5554, 1000.000000000000000 ) ;
#5438 = EDGE_LOOP ( 'NONE', ( #7775, #7137, #156, #7575, #6819, #1207 ) ) ;
#5439 = AXIS2_PLACEMENT_3D ( 'NONE', #1589, #3683, #7482 ) ;
#5440 = ORIENTED_EDGE ( 'NONE', *, *, #5558, .T. ) ;
#5441 = COLOUR_RGB ( '',0.6470588235294117974, 0.6196078431372549211, 0.5882352941176470784 ) ;
#5442 = CARTESIAN_POINT ( 'NONE',  ( 4.927962312940882939, -0.9700000000000019718, 1.329999999999998739 ) ) ;
#5443 = ADVANCED_FACE ( 'NONE', ( #5150 ), #11881, .F. ) ;
#5444 = VERTEX_POINT ( 'NONE', #409 ) ;
#5445 = LINE ( 'NONE', #5308, #6326 ) ;
#5446 = PRESENTATION_STYLE_ASSIGNMENT (( #9528 ) ) ;
#5447 = LINE ( 'NONE', #1498, #1193 ) ;
#5448 = MECHANICAL_DESIGN_GEOMETRIC_PRESENTATION_REPRESENTATION (  '', ( #970 ), #7841 ) ;
#5449 = VECTOR ( 'NONE', #10455, 1000.000000000000114 ) ;
#5450 = CARTESIAN_POINT ( 'NONE',  ( 2.391467101840482279, -8.366999009229761697, 0.01000000000000000021 ) ) ;
#5451 = EDGE_LOOP ( 'NONE', ( #5719, #7618, #12347, #4906, #4134, #7378, #9720, #2380 ) ) ;
#5452 = CARTESIAN_POINT ( 'NONE',  ( 2.609376231865948359, -8.286635530988940346, 6.776263578034402713E-18 ) ) ;
#5453 =( LENGTH_UNIT ( ) NAMED_UNIT ( * ) SI_UNIT ( .MILLI., .METRE. ) );
#5454 = DIRECTION ( 'NONE',  ( -1.000000000000000000, -0.000000000000000000, -0.000000000000000000 ) ) ;
#5455 = MECHANICAL_DESIGN_GEOMETRIC_PRESENTATION_REPRESENTATION (  '', ( #5037 ), #5240 ) ;
#5456 = ORIENTED_EDGE ( 'NONE', *, *, #6647, .T. ) ;
#5457 = SURFACE_STYLE_USAGE ( .BOTH. , #4626 ) ;
#5458 = LINE ( 'NONE', #9234, #10931 ) ;
#5459 = EDGE_CURVE ( 'NONE', #7815, #3722, #11010, .T. ) ;
#5460 = CARTESIAN_POINT ( 'NONE',  ( -0.3199999999999999512, -6.852871818038222429, 2.249999999999999556 ) ) ;
#5461 = ORIENTED_EDGE ( 'NONE', *, *, #9443, .F. ) ;
#5462 =( NAMED_UNIT ( * ) SI_UNIT ( $, .STERADIAN. ) SOLID_ANGLE_UNIT ( ) );
#5463 = LINE ( 'NONE', #10327, #1741 ) ;
#5464 = COLOUR_RGB ( '',0.2235294117647058654, 0.2235294117647058654, 0.2235294117647058654 ) ;
#5465 = CARTESIAN_POINT ( 'NONE',  ( 4.825000000000002842, -0.9700000000000056355, 1.329999999999998739 ) ) ;
#5466 = CARTESIAN_POINT ( 'NONE',  ( 2.397103658536582582, -8.477086204874618502, 6.776263578034402713E-18 ) ) ;
#5467 = DIRECTION ( 'NONE',  ( -1.371322905910519414E-16, 1.000000000000000000, -0.000000000000000000 ) ) ;
#5468 = SURFACE_SIDE_STYLE ('',( #12054 ) ) ;
#5469 = CARTESIAN_POINT ( 'NONE',  ( -3.324999999999999734, -8.920000000000001705, 3.859999999999999876 ) ) ;
#5470 = CARTESIAN_POINT ( 'NONE',  ( 3.000000000000004885, -7.419999999999999929, -0.5000000000000000000 ) ) ;
#5471 = UNCERTAINTY_MEASURE_WITH_UNIT (LENGTH_MEASURE( 1.000000000000000082E-05 ), #6832, 'distance_accuracy_value', 'NONE');
#5472 = AXIS2_PLACEMENT_3D ( 'NONE', #11593, #4049, #7893 ) ;
#5473 = CARTESIAN_POINT ( 'NONE',  ( 6.324999999999995737, -7.419999999999998153, 3.260000000000000231 ) ) ;
#5474 =( LENGTH_UNIT ( ) NAMED_UNIT ( * ) SI_UNIT ( .MILLI., .METRE. ) );
#5475 =( LENGTH_UNIT ( ) NAMED_UNIT ( * ) SI_UNIT ( .MILLI., .METRE. ) );
#5476 = CARTESIAN_POINT ( 'NONE',  ( -1.270000000000000684, -1.420000000000001039, 3.199999999999999734 ) ) ;
#5477 =( GEOMETRIC_REPRESENTATION_CONTEXT ( 3 ) GLOBAL_UNCERTAINTY_ASSIGNED_CONTEXT ( ( #12004 ) ) GLOBAL_UNIT_ASSIGNED_CONTEXT ( ( #10237, #3456, #1382 ) ) REPRESENTATION_CONTEXT ( 'NONE', 'WORKASPACE' ) );
#5478 = UNCERTAINTY_MEASURE_WITH_UNIT (LENGTH_MEASURE( 1.000000000000000082E-05 ), #12312, 'distance_accuracy_value', 'NONE');
#5479 = VECTOR ( 'NONE', #416, 1000.000000000000000 ) ;
#5480 = LINE ( 'NONE', #6467, #2968 ) ;
#5481 = LINE ( 'NONE', #12068, #4574 ) ;
#5482 = LINE ( 'NONE', #9325, #4448 ) ;
#5483 = DIRECTION ( 'NONE',  ( -1.000000000000000000, 0.000000000000000000, 0.000000000000000000 ) ) ;
#5484 = ORIENTED_EDGE ( 'NONE', *, *, #8988, .F. ) ;
#5485 = DIRECTION ( 'NONE',  ( 0.000000000000000000, -0.000000000000000000, 1.000000000000000000 ) ) ;
#5486 = COLOUR_RGB ( '',0.6470588235294117974, 0.6196078431372549211, 0.5882352941176470784 ) ;
#5487 = ORIENTED_EDGE ( 'NONE', *, *, #2473, .T. ) ;
#5488 =( NAMED_UNIT ( * ) PLANE_ANGLE_UNIT ( ) SI_UNIT ( $, .RADIAN. ) );
#5489 = UNCERTAINTY_MEASURE_WITH_UNIT (LENGTH_MEASURE( 1.000000000000000082E-05 ), #10459, 'distance_accuracy_value', 'NONE');
#5490 = PRESENTATION_STYLE_ASSIGNMENT (( #7560 ) ) ;
#5491 = CARTESIAN_POINT ( 'NONE',  ( 0.5387214075957215131, -8.325558009807632942, 6.776263578034402713E-18 ) ) ;
#5492 = PLANE ( 'NONE',  #4956 ) ;
#5493 = CARTESIAN_POINT ( 'NONE',  ( 2.345652102790810378, -7.452779305407787547, 0.01000000000000000021 ) ) ;
#5494 = FACE_BOUND ( 'NONE', #10461, .T. ) ;
#5495 = ADVANCED_FACE ( 'NONE', ( #9320 ), #10338, .F. ) ;
#5496 = ORIENTED_EDGE ( 'NONE', *, *, #9501, .T. ) ;
#5497 = EDGE_CURVE ( 'NONE', #2125, #5702, #7294, .T. ) ;
#5498 = MECHANICAL_DESIGN_GEOMETRIC_PRESENTATION_REPRESENTATION (  '', ( #4082 ), #2828 ) ;
#5499 = COLOUR_RGB ( '',0.2235294117647058654, 0.2235294117647058654, 0.2235294117647058654 ) ;
#5500 = EDGE_CURVE ( 'NONE', #11335, #4924, #11946, .T. ) ;
#5501 = ORIENTED_EDGE ( 'NONE', *, *, #1461, .T. ) ;
#5502 = LINE ( 'NONE', #10300, #11369 ) ;
#5503 = CARTESIAN_POINT ( 'NONE',  ( 2.356135670731704490, -7.562452058533155608, 0.01000000000000000021 ) ) ;
#5504 = ORIENTED_EDGE ( 'NONE', *, *, #7481, .T. ) ;
#5505 = VERTEX_POINT ( 'NONE', #7421 ) ;
#5506 = UNCERTAINTY_MEASURE_WITH_UNIT (LENGTH_MEASURE( 1.000000000000000082E-05 ), #5201, 'distance_accuracy_value', 'NONE');
#5507 = EDGE_LOOP ( 'NONE', ( #12331, #2746, #8252, #6561, #9464, #671, #6527 ) ) ;
#5508 = CARTESIAN_POINT ( 'NONE',  ( 5.524999999999986144, -2.170000000000001261, 1.329999999999998961 ) ) ;
#5509 = LINE ( 'NONE', #8509, #10947 ) ;
#5510 = PRESENTATION_LAYER_ASSIGNMENT (  '', '', ( #8107 ) ) ;
#5511 = FILL_AREA_STYLE ('',( #1620 ) ) ;
#5512 = VERTEX_POINT ( 'NONE', #2400 ) ;
#5513 =( LENGTH_UNIT ( ) NAMED_UNIT ( * ) SI_UNIT ( .MILLI., .METRE. ) );
#5514 =( LENGTH_UNIT ( ) NAMED_UNIT ( * ) SI_UNIT ( .MILLI., .METRE. ) );
#5515 = VERTEX_POINT ( 'NONE', #10149 ) ;
#5516 = EDGE_CURVE ( 'NONE', #11115, #3645, #9191, .T. ) ;
#5517 = VERTEX_POINT ( 'NONE', #1472 ) ;
#5518 = MECHANICAL_DESIGN_GEOMETRIC_PRESENTATION_REPRESENTATION (  '', ( #10146 ), #2247 ) ;
#5519 = FACE_OUTER_BOUND ( 'NONE', #6935, .T. ) ;
#5520 = FILL_AREA_STYLE_COLOUR ( '', #4913 ) ;
#5521 = ORIENTED_EDGE ( 'NONE', *, *, #7858, .T. ) ;
#5522 = DIRECTION ( 'NONE',  ( -1.000000000000000000, 0.000000000000000000, 0.000000000000000000 ) ) ;
#5523 = LINE ( 'NONE', #1397, #8746 ) ;
#5524 = PLANE ( 'NONE',  #1336 ) ;
#5525 = CARTESIAN_POINT ( 'NONE',  ( 4.127219230472783328E-17, -0.4700000000000016387, 2.560317866458142966 ) ) ;
#5526 = CARTESIAN_POINT ( 'NONE',  ( 0.6312051835298718716, -7.669611443922071281, 0.01000000000000000021 ) ) ;
#5527 = CARTESIAN_POINT ( 'NONE',  ( 2.669761209376146915, -8.401790769062479569, 0.000000000000000000 ) ) ;
#5528 = STYLED_ITEM ( 'NONE', ( #9946 ), #8954 ) ;
#5529 = DIRECTION ( 'NONE',  ( 0.000000000000000000, -1.000000000000000000, 0.000000000000000000 ) ) ;
#5530 = COLOUR_RGB ( '',0.2235294117647058654, 0.2235294117647058654, 0.2235294117647058654 ) ;
#5531 = EDGE_CURVE ( 'NONE', #3722, #9689, #12120, .T. ) ;
#5532 =( NAMED_UNIT ( * ) PLANE_ANGLE_UNIT ( ) SI_UNIT ( $, .RADIAN. ) );
#5533 = CARTESIAN_POINT ( 'NONE',  ( -2.626372070731854524, -4.885000000000001563, -0.09862792926813601646 ) ) ;
#5534 = AXIS2_PLACEMENT_3D ( 'NONE', #995, #10544, #6738 ) ;
#5535 = SURFACE_STYLE_FILL_AREA ( #7417 ) ;
#5536 = SURFACE_SIDE_STYLE ('',( #7548 ) ) ;
#5537 = FACE_OUTER_BOUND ( 'NONE', #11328, .T. ) ;
#5538 = DIRECTION ( 'NONE',  ( -1.000000000000000000, 0.000000000000000000, -0.000000000000000000 ) ) ;
#5539 =( NAMED_UNIT ( * ) SI_UNIT ( $, .STERADIAN. ) SOLID_ANGLE_UNIT ( ) );
#5540 = DIRECTION ( 'NONE',  ( 4.336808689942017736E-16, 1.000000000000000000, -0.000000000000000000 ) ) ;
#5541 = DIRECTION ( 'NONE',  ( -1.000000000000000000, -0.000000000000000000, -0.000000000000000000 ) ) ;
#5542 = PRESENTATION_LAYER_ASSIGNMENT (  '', '', ( #2275 ) ) ;
#5543 = CARTESIAN_POINT ( 'NONE',  ( 2.739067176039443385, -8.342328732649345824, 0.01000000000000000021 ) ) ;
#5544 = B_SPLINE_CURVE_WITH_KNOTS ( 'NONE', 3,
 ( #2959, #7734, #10350, #5902, #1659, #3879, #7855, #12269, #11559, #9761, #1017 ),
 .UNSPECIFIED., .F., .F.,
 ( 4, 1, 1, 1, 1, 1, 1, 1, 4 ),
 ( 0.000000000000000000, 0.1252796967356261393, 0.2494199707420516610, 0.3733567994928201905, 0.4966812787822852959, 0.6202029157439817864, 0.7450863201614557063, 0.8712691950190974977, 1.000000000000000000 ),
 .UNSPECIFIED. ) ;
#5545 = VERTEX_POINT ( 'NONE', #587 ) ;
#5546 = ORIENTED_EDGE ( 'NONE', *, *, #5409, .T. ) ;
#5547 = CARTESIAN_POINT ( 'NONE',  ( 3.350000000000000089, -0.4700000000000016387, 0.4999999999999970024 ) ) ;
#5548 = DIRECTION ( 'NONE',  ( 1.000000000000000000, 0.000000000000000000, 0.000000000000000000 ) ) ;
#5549 = CARTESIAN_POINT ( 'NONE',  ( 0.5301435008633078594, -8.044005908634030533, 0.01000000000000000021 ) ) ;
#5550 = CARTESIAN_POINT ( 'NONE',  ( 1.249999999999996225, -0.4700000000000014722, 1.299682133541857576 ) ) ;
#5551 = LINE ( 'NONE', #722, #6323 ) ;
#5552 = DIRECTION ( 'NONE',  ( 7.675767592817732391E-16, -2.270730344571901908E-32, -1.000000000000000000 ) ) ;
#5553 = ORIENTED_EDGE ( 'NONE', *, *, #5952, .T. ) ;
#5554 = DIRECTION ( 'NONE',  ( -1.000000000000000000, -0.000000000000000000, -0.000000000000000000 ) ) ;
#5555 = EDGE_LOOP ( 'NONE', ( #3577, #12024, #2435, #2490 ) ) ;
#5556 = SURFACE_SIDE_STYLE ('',( #1492 ) ) ;
#5557 = CARTESIAN_POINT ( 'NONE',  ( 2.176319040626428336, -7.598199072309999913, 0.01000000000000000021 ) ) ;
#5558 = EDGE_CURVE ( 'NONE', #6910, #12277, #1644, .T. ) ;
#5559 = FACE_OUTER_BOUND ( 'NONE', #6443, .T. ) ;
#5560 = EDGE_CURVE ( 'NONE', #10837, #8190, #10270, .T. ) ;
#5561 = ORIENTED_EDGE ( 'NONE', *, *, #9209, .F. ) ;
#5562 = ORIENTED_EDGE ( 'NONE', *, *, #2043, .F. ) ;
#5563 = ORIENTED_EDGE ( 'NONE', *, *, #4315, .F. ) ;
#5564 = CARTESIAN_POINT ( 'NONE',  ( 2.397103658536582582, -8.477086204874618502, 0.000000000000000000 ) ) ;
#5565 =( LENGTH_UNIT ( ) NAMED_UNIT ( * ) SI_UNIT ( .MILLI., .METRE. ) );
#5566 = EDGE_CURVE ( 'NONE', #8562, #10002, #8349, .T. ) ;
#5567 = CARTESIAN_POINT ( 'NONE',  ( 1.060975609756094951, -8.355134985362424160, 0.000000000000000000 ) ) ;
#5568 = VERTEX_POINT ( 'NONE', #7161 ) ;
#5569 = DIRECTION ( 'NONE',  ( -0.000000000000000000, -0.000000000000000000, 1.000000000000000000 ) ) ;
#5570 = CARTESIAN_POINT ( 'NONE',  ( 0.6312051835298718716, -7.669611443922071281, 6.776263578034402713E-18 ) ) ;
#5571 = FILL_AREA_STYLE ('',( #3909 ) ) ;
#5572 = VECTOR ( 'NONE', #2361, 1000.000000000000000 ) ;
#5573 = ORIENTED_EDGE ( 'NONE', *, *, #173, .F. ) ;
#5574 =( GEOMETRIC_REPRESENTATION_CONTEXT ( 3 ) GLOBAL_UNCERTAINTY_ASSIGNED_CONTEXT ( ( #7966 ) ) GLOBAL_UNIT_ASSIGNED_CONTEXT ( ( #10165, #3363, #9142 ) ) REPRESENTATION_CONTEXT ( 'NONE', 'WORKASPACE' ) );
#5575 = SURFACE_STYLE_FILL_AREA ( #9416 ) ;
#5576 = CARTESIAN_POINT ( 'NONE',  ( -0.8500000000000000888, 1.029999999999998472, 0.5000000000000004441 ) ) ;
#5577 = ORIENTED_EDGE ( 'NONE', *, *, #5064, .T. ) ;
#5578 = EDGE_LOOP ( 'NONE', ( #2032, #9986, #3383, #6625 ) ) ;
#5579 = FACE_OUTER_BOUND ( 'NONE', #11644, .T. ) ;
#5580 = ADVANCED_FACE ( 'NONE', ( #526 ), #5345, .F. ) ;
#5581 = AXIS2_PLACEMENT_3D ( 'NONE', #1287, #8116, #5156 ) ;
#5582 = DIRECTION ( 'NONE',  ( 0.000000000000000000, -0.000000000000000000, 1.000000000000000000 ) ) ;
#5583 = CARTESIAN_POINT ( 'NONE',  ( 2.864929485618410432, -8.037338674545482675, 0.000000000000000000 ) ) ;
#5584 = DIRECTION ( 'NONE',  ( 1.000000000000000000, 0.000000000000000000, -0.000000000000000000 ) ) ;
#5585 = CIRCLE ( 'NONE', #11205, 0.8796891741410518550 ) ;
#5586 =( GEOMETRIC_REPRESENTATION_CONTEXT ( 3 ) GLOBAL_UNCERTAINTY_ASSIGNED_CONTEXT ( ( #5348 ) ) GLOBAL_UNIT_ASSIGNED_CONTEXT ( ( #2943, #1256, #313 ) ) REPRESENTATION_CONTEXT ( 'NONE', 'WORKASPACE' ) );
#5587 = PRESENTATION_STYLE_ASSIGNMENT (( #2580 ) ) ;
#5588 = COLOUR_RGB ( '',0.6470588235294117974, 0.6196078431372549211, 0.5882352941176470784 ) ;
#5589 = CARTESIAN_POINT ( 'NONE',  ( -1.825000000000002398, -7.419999999999996376, 3.259999999999999787 ) ) ;
#5590 = UNCERTAINTY_MEASURE_WITH_UNIT (LENGTH_MEASURE( 1.000000000000000082E-05 ), #11388, 'distance_accuracy_value', 'NONE');
#5591 = PRESENTATION_STYLE_ASSIGNMENT (( #943 ) ) ;
#5592 = ADVANCED_FACE ( 'NONE', ( #947 ), #6698, .T. ) ;
#5593 = LINE ( 'NONE', #9436, #10208 ) ;
#5594 = AXIS2_PLACEMENT_3D ( 'NONE', #5476, #8478, #12314 ) ;
#5595 = CARTESIAN_POINT ( 'NONE',  ( 2.731707317073167829, -7.975561814630715674, 0.01000000000000000021 ) ) ;
#5596 = PLANE ( 'NONE',  #11279 ) ;
#5597 = ORIENTED_EDGE ( 'NONE', *, *, #7722, .T. ) ;
#5598 = CARTESIAN_POINT ( 'NONE',  ( -0.2200000000000001399, 2.429999999999997939, -2.109999999999999432 ) ) ;
#5599 = ORIENTED_EDGE ( 'NONE', *, *, #11175, .T. ) ;
#5600 = DIRECTION ( 'NONE',  ( -1.000000000000000000, 0.000000000000000000, 0.000000000000000000 ) ) ;
#5601 = VECTOR ( 'NONE', #5134, 1000.000000000000000 ) ;
#5602 = UNCERTAINTY_MEASURE_WITH_UNIT (LENGTH_MEASURE( 1.000000000000000082E-05 ), #603, 'distance_accuracy_value', 'NONE');
#5603 = PLANE ( 'NONE',  #10383 ) ;
#5604 = CARTESIAN_POINT ( 'NONE',  ( 0.5773205591638850276, -8.358083573956241352, 0.01000000000000000021 ) ) ;
#5605 = FILL_AREA_STYLE ('',( #7501 ) ) ;
#5606 =( NAMED_UNIT ( * ) PLANE_ANGLE_UNIT ( ) SI_UNIT ( $, .RADIAN. ) );
#5607 =( NAMED_UNIT ( * ) PLANE_ANGLE_UNIT ( ) SI_UNIT ( $, .RADIAN. ) );
#5608 = CARTESIAN_POINT ( 'NONE',  ( 2.680000000000000160, -1.420000000000001039, 0.000000000000000000 ) ) ;
#5609 = VERTEX_POINT ( 'NONE', #2777 ) ;
#5610 = LINE ( 'NONE', #844, #1179 ) ;
#5611 = COLOUR_RGB ( '',0.6470588235294117974, 0.6196078431372549211, 0.5882352941176470784 ) ;
#5612 = VECTOR ( 'NONE', #8068, 1000.000000000000000 ) ;
#5613 = ORIENTED_EDGE ( 'NONE', *, *, #1061, .T. ) ;
#5614 = LINE ( 'NONE', #4359, #4362 ) ;
#5615 = CARTESIAN_POINT ( 'NONE',  ( 2.121951219512192566, -7.626476448777058437, 6.776263578034402713E-18 ) ) ;
#5616 =( GEOMETRIC_REPRESENTATION_CONTEXT ( 3 ) GLOBAL_UNCERTAINTY_ASSIGNED_CONTEXT ( ( #1673 ) ) GLOBAL_UNIT_ASSIGNED_CONTEXT ( ( #3610, #10547, #1803 ) ) REPRESENTATION_CONTEXT ( 'NONE', 'WORKASPACE' ) );
#5617 = EDGE_LOOP ( 'NONE', ( #1354, #11479, #9930, #10747 ) ) ;
#5618 = EDGE_LOOP ( 'NONE', ( #8619, #5230, #10063, #2980 ) ) ;
#5619 = UNCERTAINTY_MEASURE_WITH_UNIT (LENGTH_MEASURE( 1.000000000000000082E-05 ), #4116, 'distance_accuracy_value', 'NONE');
#5620 = VERTEX_POINT ( 'NONE', #1821 ) ;
#5621 = VECTOR ( 'NONE', #3459, 1000.000000000000000 ) ;
#5622 =( NAMED_UNIT ( * ) PLANE_ANGLE_UNIT ( ) SI_UNIT ( $, .RADIAN. ) );
#5623 = FACE_OUTER_BOUND ( 'NONE', #800, .T. ) ;
#5624 = DIRECTION ( 'NONE',  ( 3.938574995911015039E-16, -1.000000000000000000, -0.000000000000000000 ) ) ;
#5625 = ORIENTED_EDGE ( 'NONE', *, *, #7271, .T. ) ;
#5626 = CARTESIAN_POINT ( 'NONE',  ( 2.378620426829265444, -8.367330107313643239, 6.776263578034402713E-18 ) ) ;
#5627 = CARTESIAN_POINT ( 'NONE',  ( 0.7922736870132787157, -7.587283787027386595, 0.01000000000000000021 ) ) ;
#5628 = EDGE_CURVE ( 'NONE', #6501, #4628, #6522, .T. ) ;
#5629 = PRESENTATION_LAYER_ASSIGNMENT (  '', '', ( #11250 ) ) ;
#5630 = VERTEX_POINT ( 'NONE', #1882 ) ;
#5631 = EDGE_CURVE ( 'NONE', #4623, #10675, #4827, .T. ) ;
#5632 = VECTOR ( 'NONE', #10827, 1000.000000000000000 ) ;
#5633 = FILL_AREA_STYLE ('',( #6379 ) ) ;
#5634 = VERTEX_POINT ( 'NONE', #12370 ) ;
#5635 = DIRECTION ( 'NONE',  ( 1.000000000000000000, 0.000000000000000000, 0.000000000000000000 ) ) ;
#5636 = CARTESIAN_POINT ( 'NONE',  ( 1.749999999999996003, -0.9700000000000014166, 2.560317866458142966 ) ) ;
#5637 = VERTEX_POINT ( 'NONE', #12249 ) ;
#5638 = DIRECTION ( 'NONE',  ( -0.000000000000000000, -0.000000000000000000, -1.000000000000000000 ) ) ;
#5639 = FILL_AREA_STYLE_COLOUR ( '', #6009 ) ;
#5640 = PLANE ( 'NONE',  #2318 ) ;
#5641 = CARTESIAN_POINT ( 'NONE',  ( 5.224999999999986322, -3.470000000000001528, 0.9299999999999991607 ) ) ;
#5642 = VECTOR ( 'NONE', #2084, 1000.000000000000000 ) ;
#5643 = STYLED_ITEM ( 'NONE', ( #5435 ), #7339 ) ;
#5644 = EDGE_CURVE ( 'NONE', #3636, #1660, #2121, .T. ) ;
#5645 = DIRECTION ( 'NONE',  ( 0.000000000000000000, 1.006563450232729055E-15, -1.000000000000000000 ) ) ;
#5646 = ADVANCED_FACE ( 'NONE', ( #11491 ), #1946, .F. ) ;
#5647 = MECHANICAL_DESIGN_GEOMETRIC_PRESENTATION_REPRESENTATION (  '', ( #9471 ), #6818 ) ;
#5648 = VECTOR ( 'NONE', #1157, 1000.000000000000000 ) ;
#5649 = CARTESIAN_POINT ( 'NONE',  ( -2.224999999999990319, -3.615000000000001101, -0.01000000000000000021 ) ) ;
#5650 = EDGE_CURVE ( 'NONE', #2993, #10623, #705, .T. ) ;
#5651 = CARTESIAN_POINT ( 'NONE',  ( -0.1076600609756123983, -7.656964253655107022, 0.01000000000000000021 ) ) ;
#5652 = VECTOR ( 'NONE', #3297, 1000.000000000000000 ) ;
#5653 = CARTESIAN_POINT ( 'NONE',  ( 2.951219512195118799, -8.355134985362424160, 0.01000000000000000021 ) ) ;
#5654 = CARTESIAN_POINT ( 'NONE',  ( 0.2200000000000001676, -7.420000000000000817, 1.709999999999999298 ) ) ;
#5655 =( NAMED_UNIT ( * ) SI_UNIT ( $, .STERADIAN. ) SOLID_ANGLE_UNIT ( ) );
#5656 = DIRECTION ( 'NONE',  ( 7.675767592817731405E-16, -0.000000000000000000, 1.000000000000000000 ) ) ;
#5657 = SURFACE_STYLE_FILL_AREA ( #10447 ) ;
#5658 = SURFACE_STYLE_FILL_AREA ( #2780 ) ;
#5659 = LINE ( 'NONE', #7554, #4425 ) ;
#5660 = EDGE_CURVE ( 'NONE', #31, #12415, #5593, .T. ) ;
#5661 = CARTESIAN_POINT ( 'NONE',  ( 1.749999999999995559, -0.4700000000000014166, -1.495982857385225321E-31 ) ) ;
#5662 = VECTOR ( 'NONE', #6799, 1000.000000000000000 ) ;
#5663 = ORIENTED_EDGE ( 'NONE', *, *, #12041, .F. ) ;
#5664 = SURFACE_STYLE_USAGE ( .BOTH. , #7429 ) ;
#5665 = EDGE_LOOP ( 'NONE', ( #5097, #1101, #9130, #9167 ) ) ;
#5666 = CARTESIAN_POINT ( 'NONE',  ( -8.577962312940892176, -3.470000000000001528, 2.529999999999998916 ) ) ;
#5667 = CARTESIAN_POINT ( 'NONE',  ( 0.5039207494687040212, -7.630962125009912000, 0.000000000000000000 ) ) ;
#5668 = PRESENTATION_STYLE_ASSIGNMENT (( #839 ) ) ;
#5669 = CARTESIAN_POINT ( 'NONE',  ( 0.000000000000000000, 0.000000000000000000, 0.000000000000000000 ) ) ;
#5670 = EDGE_LOOP ( 'NONE', ( #3573, #2743, #1602, #4914, #1939, #1040, #9569, #2039, #2290, #1771 ) ) ;
#5671 = STYLED_ITEM ( 'NONE', ( #4469 ), #3802 ) ;
#5672 = FACE_OUTER_BOUND ( 'NONE', #11721, .T. ) ;
#5673 = VERTEX_POINT ( 'NONE', #827 ) ;
#5674 = CARTESIAN_POINT ( 'NONE',  ( 1.792682926829265666, -7.574647180484375575, 0.000000000000000000 ) ) ;
#5675 = CARTESIAN_POINT ( 'NONE',  ( 2.148511609012629275, -7.611042861736097009, 0.01000000000000000021 ) ) ;
#5676 = DIRECTION ( 'NONE',  ( 1.000000000000000000, 0.000000000000000000, 0.000000000000000000 ) ) ;
#5677 = ORIENTED_EDGE ( 'NONE', *, *, #1627, .T. ) ;
#5678 = ORIENTED_EDGE ( 'NONE', *, *, #8891, .F. ) ;
#5679 = LINE ( 'NONE', #2736, #4277 ) ;
#5680 = VERTEX_POINT ( 'NONE', #4705 ) ;
#5681 = DIRECTION ( 'NONE',  ( -3.938574995911014546E-16, 1.000000000000000000, -3.414809992080328037E-16 ) ) ;
#5682 = AXIS2_PLACEMENT_3D ( 'NONE', #4828, #4889, #11686 ) ;
#5683 = ORIENTED_EDGE ( 'NONE', *, *, #9105, .T. ) ;
#5684 = PLANE ( 'NONE',  #7197 ) ;
#5685 = PLANE ( 'NONE',  #7006 ) ;
#5686 = VECTOR ( 'NONE', #10771, 1000.000000000000000 ) ;
#5687 = DIRECTION ( 'NONE',  ( 0.000000000000000000, -0.000000000000000000, -1.000000000000000000 ) ) ;
#5688 = ORIENTED_EDGE ( 'NONE', *, *, #7117, .F. ) ;
#5689 = CARTESIAN_POINT ( 'NONE',  ( -0.3012665221284892003, -6.959114650509133249, 1.628733477871510127 ) ) ;
#5690 = DIRECTION ( 'NONE',  ( 0.000000000000000000, 0.000000000000000000, 1.000000000000000000 ) ) ;
#5691 = STYLED_ITEM ( 'NONE', ( #11417 ), #12455 ) ;
#5692 = ORIENTED_EDGE ( 'NONE', *, *, #7719, .F. ) ;
#5693 = DIRECTION ( 'NONE',  ( 1.348230680810990322E-16, -1.000000000000000000, 0.000000000000000000 ) ) ;
#5694 = VECTOR ( 'NONE', #4802, 1000.000000000000000 ) ;
#5695 = PLANE ( 'NONE',  #8135 ) ;
#5696 = ORIENTED_EDGE ( 'NONE', *, *, #11360, .T. ) ;
#5697 = DIRECTION ( 'NONE',  ( 0.000000000000000000, 0.000000000000000000, 1.000000000000000000 ) ) ;
#5698 = CARTESIAN_POINT ( 'NONE',  ( -0.1570672227753916184, 2.786909515331971399, -0.02293277722460827089 ) ) ;
#5699 = PLANE ( 'NONE',  #12433 ) ;
#5700 = COLOUR_RGB ( '',0.2235294117647058654, 0.2235294117647058654, 0.2235294117647058654 ) ;
#5701 = STYLED_ITEM ( 'NONE', ( #4713 ), #8542 ) ;
#5702 = VERTEX_POINT ( 'NONE', #138 ) ;
#5703 =( NAMED_UNIT ( * ) SI_UNIT ( $, .STERADIAN. ) SOLID_ANGLE_UNIT ( ) );
#5704 = ADVANCED_FACE ( 'NONE', ( #7792 ), #8795, .F. ) ;
#5705 = EDGE_CURVE ( 'NONE', #12449, #285, #1266, .T. ) ;
#5706 = CARTESIAN_POINT ( 'NONE',  ( 2.865853658536582582, -7.983755412191692713, 0.01000000000000000021 ) ) ;
#5707 = LINE ( 'NONE', #1754, #6820 ) ;
#5708 = CARTESIAN_POINT ( 'NONE',  ( 4.270000000000000462, -8.920000000000001705, 3.199999999999999734 ) ) ;
#5709 = AXIS2_PLACEMENT_3D ( 'NONE', #9236, #10374, #10323 ) ;
#5710 = PLANE ( 'NONE',  #6630 ) ;
#5711 =( LENGTH_UNIT ( ) NAMED_UNIT ( * ) SI_UNIT ( .MILLI., .METRE. ) );
#5712 = DIRECTION ( 'NONE',  ( 1.000000000000000000, 0.000000000000000000, -0.000000000000000000 ) ) ;
#5713 = EDGE_CURVE ( 'NONE', #9384, #1036, #78, .T. ) ;
#5714 = PRESENTATION_STYLE_ASSIGNMENT (( #4952 ) ) ;
#5715 = VECTOR ( 'NONE', #981, 1000.000000000000000 ) ;
#5716 = DIRECTION ( 'NONE',  ( -0.000000000000000000, -0.000000000000000000, -1.000000000000000000 ) ) ;
#5717 = MECHANICAL_DESIGN_GEOMETRIC_PRESENTATION_REPRESENTATION (  '', ( #3480 ), #5327 ) ;
#5718 = APPLICATION_CONTEXT ( 'automotive_design' ) ;
#5719 = ORIENTED_EDGE ( 'NONE', *, *, #11098, .F. ) ;
#5720 = DIRECTION ( 'NONE',  ( 0.000000000000000000, 1.000000000000000000, 0.000000000000000000 ) ) ;
#5721 = ORIENTED_EDGE ( 'NONE', *, *, #11819, .F. ) ;
#5722 = LINE ( 'NONE', #12262, #10273 ) ;
#5723 = PRESENTATION_LAYER_ASSIGNMENT (  '', '', ( #9975 ) ) ;
#5724 = CARTESIAN_POINT ( 'NONE',  ( 6.324999999999997513, 1.029999999999999138, 3.859999999999999876 ) ) ;
#5725 = FILL_AREA_STYLE_COLOUR ( '', #5700 ) ;
#5726 =( NAMED_UNIT ( * ) PLANE_ANGLE_UNIT ( ) SI_UNIT ( $, .RADIAN. ) );
#5727 = STYLED_ITEM ( 'NONE', ( #5864 ), #9742 ) ;
#5728 = EDGE_CURVE ( 'NONE', #10233, #3457, #7080, .T. ) ;
#5729 = EDGE_LOOP ( 'NONE', ( #7944, #7100, #11160, #7976 ) ) ;
#5730 = DIRECTION ( 'NONE',  ( 1.000000000000000000, 0.000000000000000000, 0.000000000000000000 ) ) ;
#5731 = VECTOR ( 'NONE', #11883, 1000.000000000000000 ) ;
#5732 = ORIENTED_EDGE ( 'NONE', *, *, #3365, .T. ) ;
#5733 =( NAMED_UNIT ( * ) PLANE_ANGLE_UNIT ( ) SI_UNIT ( $, .RADIAN. ) );
#5734 = MECHANICAL_DESIGN_GEOMETRIC_PRESENTATION_REPRESENTATION (  '', ( #10186 ), #7352 ) ;
#5735 = ORIENTED_EDGE ( 'NONE', *, *, #1301, .F. ) ;
#5736 = EDGE_LOOP ( 'NONE', ( #9942, #10810, #1496, #2588 ) ) ;
#5737 = CARTESIAN_POINT ( 'NONE',  ( 3.319999999999999840, 1.862871818038229543, -0.5000000000000000000 ) ) ;
#5738 = ORIENTED_EDGE ( 'NONE', *, *, #4885, .T. ) ;
#5739 =( LENGTH_UNIT ( ) NAMED_UNIT ( * ) SI_UNIT ( .MILLI., .METRE. ) );
#5740 = CARTESIAN_POINT ( 'NONE',  ( 4.825000000000001066, -8.920000000000001705, 1.000000000000000000 ) ) ;
#5741 = DIRECTION ( 'NONE',  ( -0.000000000000000000, 1.000000000000000000, -1.734723475976807341E-16 ) ) ;
#5742 = CARTESIAN_POINT ( 'NONE',  ( 5.524999999999996803, 1.029999999999998028, -0.5000000000000000000 ) ) ;
#5743 = CARTESIAN_POINT ( 'NONE',  ( 4.824999999999999289, -7.419999999999996376, 3.259999999999999787 ) ) ;
#5744 = VERTEX_POINT ( 'NONE', #11684 ) ;
#5745 = CARTESIAN_POINT ( 'NONE',  ( 1.926829268292680197, -8.464891082923399424, 0.01000000000000000021 ) ) ;
#5746 = ORIENTED_EDGE ( 'NONE', *, *, #6769, .T. ) ;
#5747 = CARTESIAN_POINT ( 'NONE',  ( 0.4999999999999970024, -6.419999999999999929, 3.859999999999999876 ) ) ;
#5748 = ORIENTED_EDGE ( 'NONE', *, *, #10485, .F. ) ;
#5749 = SURFACE_STYLE_FILL_AREA ( #9743 ) ;
#5750 = CARTESIAN_POINT ( 'NONE',  ( 3.350000000000000089, 0.5299999999999988054, 0.000000000000000000 ) ) ;
#5751 = PLANE ( 'NONE',  #9828 ) ;
#5752 = CARTESIAN_POINT ( 'NONE',  ( 0.5247180244848475006, -7.939852209980988285, 0.01000000000000000021 ) ) ;
#5753 = LINE ( 'NONE', #11476, #11308 ) ;
#5754 = CARTESIAN_POINT ( 'NONE',  ( 1.249999999999996225, -0.4700000000000020828, 3.360000000000000320 ) ) ;
#5755 = UNCERTAINTY_MEASURE_WITH_UNIT (LENGTH_MEASURE( 1.000000000000000082E-05 ), #8, 'distance_accuracy_value', 'NONE');
#5756 = VECTOR ( 'NONE', #10739, 1000.000000000000000 ) ;
#5757 = VERTEX_POINT ( 'NONE', #6895 ) ;
#5758 = CARTESIAN_POINT ( 'NONE',  ( -0.1236661585365880223, -7.586842302435594654, 0.000000000000000000 ) ) ;
#5759 = PLANE ( 'NONE',  #1545 ) ;
#5760 = VECTOR ( 'NONE', #4969, 1000.000000000000000 ) ;
#5761 = DIRECTION ( 'NONE',  ( -1.000000000000000000, 0.000000000000000000, 0.000000000000000000 ) ) ;
#5762 = EDGE_LOOP ( 'NONE', ( #3888, #1245, #12045, #9595 ) ) ;
#5763 = VECTOR ( 'NONE', #10772, 1000.000000000000000 ) ;
#5764 = FILL_AREA_STYLE ('',( #3812 ) ) ;
#5765 = SURFACE_STYLE_FILL_AREA ( #1879 ) ;
#5766 = CARTESIAN_POINT ( 'NONE',  ( 3.850000000000000977, 1.029999999999998694, 3.860000000000000320 ) ) ;
#5767 = LINE ( 'NONE', #2842, #8603 ) ;
#5768 = ADVANCED_FACE ( 'NONE', ( #11749 ), #8921, .T. ) ;
#5769 = VECTOR ( 'NONE', #5329, 1000.000000000000000 ) ;
#5770 = VECTOR ( 'NONE', #3276, 1000.000000000000000 ) ;
#5771 = CARTESIAN_POINT ( 'NONE',  ( -0.1269054878048807011, -7.586842302435594654, 0.000000000000000000 ) ) ;
#5772 = LINE ( 'NONE', #5844, #2388 ) ;
#5773 = ADVANCED_FACE ( 'NONE', ( #2087 ), #1085, .T. ) ;
#5774 = ADVANCED_FACE ( 'NONE', ( #5960 ), #3198, .T. ) ;
#5775 = ORIENTED_EDGE ( 'NONE', *, *, #3538, .T. ) ;
#5776 = STYLED_ITEM ( 'NONE', ( #10221 ), #985 ) ;
#5777 = ORIENTED_EDGE ( 'NONE', *, *, #9336, .T. ) ;
#5778 = PRESENTATION_STYLE_ASSIGNMENT (( #9703 ) ) ;
#5779 = STYLED_ITEM ( 'NONE', ( #5252 ), #10510 ) ;
#5780 = DIRECTION ( 'NONE',  ( -1.000000000000000000, -3.938574995911015039E-16, -0.000000000000000000 ) ) ;
#5781 = DIRECTION ( 'NONE',  ( 0.000000000000000000, 0.000000000000000000, -1.000000000000000000 ) ) ;
#5782 =( NAMED_UNIT ( * ) PLANE_ANGLE_UNIT ( ) SI_UNIT ( $, .RADIAN. ) );
#5783 = PRESENTATION_STYLE_ASSIGNMENT (( #7869 ) ) ;
#5784 = VECTOR ( 'NONE', #10581, 1000.000000000000000 ) ;
#5785 = EDGE_LOOP ( 'NONE', ( #6872, #147, #1835, #854 ) ) ;
#5786 = EDGE_CURVE ( 'NONE', #10324, #5377, #10198, .T. ) ;
#5787 = DIRECTION ( 'NONE',  ( 0.000000000000000000, -1.000000000000000000, 1.097926250618233875E-16 ) ) ;
#5788 = EDGE_CURVE ( 'NONE', #597, #5917, #4382, .T. ) ;
#5789 = ORIENTED_EDGE ( 'NONE', *, *, #9193, .T. ) ;
#5790 = VERTEX_POINT ( 'NONE', #3472 ) ;
#5791 = CARTESIAN_POINT ( 'NONE',  ( -2.626372070731854524, -4.885000000000001563, -0.1999999999999997058 ) ) ;
#5792 = CARTESIAN_POINT ( 'NONE',  ( 0.3902439024390217948, -7.952314863411204193, 0.01000000000000000021 ) ) ;
#5793 = EDGE_CURVE ( 'NONE', #5517, #3270, #3333, .T. ) ;
#5794 = EDGE_CURVE ( 'NONE', #2542, #4799, #1511, .T. ) ;
#5795 = SURFACE_STYLE_FILL_AREA ( #6781 ) ;
#5796 = ORIENTED_EDGE ( 'NONE', *, *, #11360, .F. ) ;
#5797 = ORIENTED_EDGE ( 'NONE', *, *, #1374, .F. ) ;
#5798 = ORIENTED_EDGE ( 'NONE', *, *, #9024, .F. ) ;
#5799 = FILL_AREA_STYLE ('',( #7643 ) ) ;
#5800 = CARTESIAN_POINT ( 'NONE',  ( 5.524999999999986144, -2.170000000000001705, -0.01000000000000000021 ) ) ;
#5801 = PRESENTATION_LAYER_ASSIGNMENT (  '', '', ( #9232 ) ) ;
#5802 = DIRECTION ( 'NONE',  ( -1.000000000000000000, 0.000000000000000000, -0.000000000000000000 ) ) ;
#5803 =( NAMED_UNIT ( * ) SI_UNIT ( $, .STERADIAN. ) SOLID_ANGLE_UNIT ( ) );
#5804 = VECTOR ( 'NONE', #8590, 1000.000000000000000 ) ;
#5805 = EDGE_LOOP ( 'NONE', ( #4986, #3959, #11228, #9787 ) ) ;
#5806 = CARTESIAN_POINT ( 'NONE',  ( 4.825000000000001066, -7.419999999999996376, 1.000000000000000000 ) ) ;
#5807 = ADVANCED_FACE ( 'NONE', ( #7409 ), #6264, .T. ) ;
#5808 = CARTESIAN_POINT ( 'NONE',  ( 0.07526676829268028057, -8.184403278045349950, 0.01000000000000000021 ) ) ;
#5809 = VECTOR ( 'NONE', #6815, 1000.000000000000000 ) ;
#5810 = CARTESIAN_POINT ( 'NONE',  ( -7.806255641895631925E-15, -7.419999999999999929, -0.5000000000000000000 ) ) ;
#5811 = VERTEX_POINT ( 'NONE', #6143 ) ;
#5812 = VECTOR ( 'NONE', #563, 1000.000000000000000 ) ;
#5813 = LINE ( 'NONE', #9481, #7479 ) ;
#5814 = CARTESIAN_POINT ( 'NONE',  ( -1.825000000000000178, -8.920000000000001705, 0.000000000000000000 ) ) ;
#5815 = VERTEX_POINT ( 'NONE', #1328 ) ;
#5816 = CARTESIAN_POINT ( 'NONE',  ( -2.224999999999990763, -2.170000000000001705, 3.000000000000000000 ) ) ;
#5817 = CARTESIAN_POINT ( 'NONE',  ( 0.9232088414634120888, -8.464891082923399424, 0.01000000000000000021 ) ) ;
#5818 = DIRECTION ( 'NONE',  ( 1.000000000000000000, 0.000000000000000000, 0.000000000000000000 ) ) ;
#5819 = CARTESIAN_POINT ( 'NONE',  ( 0.8714654019478792479, -7.575511916312676952, 0.01000000000000000021 ) ) ;
#5820 = MECHANICAL_DESIGN_GEOMETRIC_PRESENTATION_REPRESENTATION (  '', ( #9249 ), #9455 ) ;
#5821 = AXIS2_PLACEMENT_3D ( 'NONE', #11307, #585, #10389 ) ;
#5822 = PRESENTATION_LAYER_ASSIGNMENT (  '', '', ( #6803 ) ) ;
#5823 = ORIENTED_EDGE ( 'NONE', *, *, #3540, .T. ) ;
#5824 = VECTOR ( 'NONE', #10037, 1000.000000000000000 ) ;
#5825 = EDGE_CURVE ( 'NONE', #2347, #6707, #1458, .T. ) ;
#5826 = CARTESIAN_POINT ( 'NONE',  ( 6.324999999999997513, 1.029999999999999138, 3.859999999999999876 ) ) ;
#5827 = DIRECTION ( 'NONE',  ( 0.000000000000000000, 1.000000000000000000, 0.000000000000000000 ) ) ;
#5828 =( GEOMETRIC_REPRESENTATION_CONTEXT ( 3 ) GLOBAL_UNCERTAINTY_ASSIGNED_CONTEXT ( ( #11538 ) ) GLOBAL_UNIT_ASSIGNED_CONTEXT ( ( #7630, #3574, #10403 ) ) REPRESENTATION_CONTEXT ( 'NONE', 'WORKASPACE' ) );
#5829 = FILL_AREA_STYLE_COLOUR ( '', #6304 ) ;
#5830 = ORIENTED_EDGE ( 'NONE', *, *, #2928, .F. ) ;
#5831 = UNCERTAINTY_MEASURE_WITH_UNIT (LENGTH_MEASURE( 1.000000000000000082E-05 ), #319, 'distance_accuracy_value', 'NONE');
#5832 = CARTESIAN_POINT ( 'NONE',  ( 2.650000000000000799, -0.4700000000000016387, 3.360000000000000320 ) ) ;
#5833 = PLANE ( 'NONE',  #479 ) ;
#5834 = SURFACE_STYLE_USAGE ( .BOTH. , #8858 ) ;
#5835 = COLOUR_RGB ( '',0.2235294117647058654, 0.2235294117647058654, 0.2235294117647058654 ) ;
#5836 = LINE ( 'NONE', #4704, #5998 ) ;
#5837 =( LENGTH_UNIT ( ) NAMED_UNIT ( * ) SI_UNIT ( .MILLI., .METRE. ) );
#5838 = LINE ( 'NONE', #3943, #10971 ) ;
#5839 =( GEOMETRIC_REPRESENTATION_CONTEXT ( 3 ) GLOBAL_UNCERTAINTY_ASSIGNED_CONTEXT ( ( #1773 ) ) GLOBAL_UNIT_ASSIGNED_CONTEXT ( ( #325, #11181, #9045 ) ) REPRESENTATION_CONTEXT ( 'NONE', 'WORKASPACE' ) );
#5840 = COLOUR_RGB ( '',0.6470588235294117974, 0.6196078431372549211, 0.5882352941176470784 ) ;
#5841 = CARTESIAN_POINT ( 'NONE',  ( 0.3170731707317046566, -8.464891082923399424, 0.01000000000000000021 ) ) ;
#5842 = DIRECTION ( 'NONE',  ( -1.000000000000000000, 0.000000000000000000, 0.000000000000000000 ) ) ;
#5843 = AXIS2_PLACEMENT_3D ( 'NONE', #182, #3128, #7539 ) ;
#5844 = CARTESIAN_POINT ( 'NONE',  ( -2.224999999999990763, -3.470000000000001528, 0.9299999999999991607 ) ) ;
#5845 = ORIENTED_EDGE ( 'NONE', *, *, #5169, .T. ) ;
#5846 = LINE ( 'NONE', #1024, #12320 ) ;
#5847 = LINE ( 'NONE', #5910, #5017 ) ;
#5848 = CARTESIAN_POINT ( 'NONE',  ( 0.4264923439298013985, -7.752087241129173023, 0.000000000000000000 ) ) ;
#5849 = LINE ( 'NONE', #6654, #8984 ) ;
#5850 = FACE_OUTER_BOUND ( 'NONE', #7559, .T. ) ;
#5851 =( GEOMETRIC_REPRESENTATION_CONTEXT ( 3 ) GLOBAL_UNCERTAINTY_ASSIGNED_CONTEXT ( ( #4614 ) ) GLOBAL_UNIT_ASSIGNED_CONTEXT ( ( #8117, #3239, #9135 ) ) REPRESENTATION_CONTEXT ( 'NONE', 'WORKASPACE' ) );
#5852 = ORIENTED_EDGE ( 'NONE', *, *, #1854, .F. ) ;
#5853 = VERTEX_POINT ( 'NONE', #7151 ) ;
#5854 =( GEOMETRIC_REPRESENTATION_CONTEXT ( 3 ) GLOBAL_UNCERTAINTY_ASSIGNED_CONTEXT ( ( #9124 ) ) GLOBAL_UNIT_ASSIGNED_CONTEXT ( ( #11662, #3007, #47 ) ) REPRESENTATION_CONTEXT ( 'NONE', 'WORKASPACE' ) );
#5855 = ORIENTED_EDGE ( 'NONE', *, *, #3236, .T. ) ;
#5856 = DIRECTION ( 'NONE',  ( 1.348230680810990322E-16, -1.000000000000000000, 0.000000000000000000 ) ) ;
#5857 = SURFACE_SIDE_STYLE ('',( #164 ) ) ;
#5858 = EDGE_LOOP ( 'NONE', ( #11950, #6585, #4093, #5302 ) ) ;
#5859 = VERTEX_POINT ( 'NONE', #2759 ) ;
#5860 = EDGE_CURVE ( 'NONE', #9532, #7463, #532, .T. ) ;
#5861 = PLANE ( 'NONE',  #9660 ) ;
#5862 = ORIENTED_EDGE ( 'NONE', *, *, #3445, .F. ) ;
#5863 = ADVANCED_FACE ( 'NONE', ( #9425 ), #2634, .T. ) ;
#5864 = PRESENTATION_STYLE_ASSIGNMENT (( #3974 ) ) ;
#5865 = VECTOR ( 'NONE', #7591, 1000.000000000000000 ) ;
#5866 = FILL_AREA_STYLE ('',( #4555 ) ) ;
#5867 =( LENGTH_UNIT ( ) NAMED_UNIT ( * ) SI_UNIT ( .MILLI., .METRE. ) );
#5868 = EDGE_CURVE ( 'NONE', #10715, #8607, #8464, .T. ) ;
#5869 = DIRECTION ( 'NONE',  ( -1.000000000000000000, -1.371322905910519414E-16, 2.168404344971010594E-16 ) ) ;
#5870 = VECTOR ( 'NONE', #4305, 1000.000000000000000 ) ;
#5871 = ORIENTED_EDGE ( 'NONE', *, *, #2348, .T. ) ;
#5872 = VERTEX_POINT ( 'NONE', #11355 ) ;
#5873 = CARTESIAN_POINT ( 'NONE',  ( 0.7557868142339202455, -7.597826340593881511, 0.000000000000000000 ) ) ;
#5874 = VECTOR ( 'NONE', #10427, 999.9999999999998863 ) ;
#5875 = DIRECTION ( 'NONE',  ( 1.000000000000000000, 8.673617379884035472E-16, 0.000000000000000000 ) ) ;
#5876 = DIRECTION ( 'NONE',  ( -1.000000000000000000, 0.000000000000000000, 0.000000000000000000 ) ) ;
#5877 = ORIENTED_EDGE ( 'NONE', *, *, #4866, .F. ) ;
#5878 = CARTESIAN_POINT ( 'NONE',  ( 2.149999999999999911, 0.5299999999999985834, 0.4999999999999996669 ) ) ;
#5879 = LINE ( 'NONE', #3857, #1847 ) ;
#5880 = ORIENTED_EDGE ( 'NONE', *, *, #212, .F. ) ;
#5881 = VECTOR ( 'NONE', #7438, 1000.000000000000000 ) ;
#5882 = DIRECTION ( 'NONE',  ( -0.000000000000000000, -7.478108553735038078E-16, 1.000000000000000000 ) ) ;
#5883 =( NAMED_UNIT ( * ) SI_UNIT ( $, .STERADIAN. ) SOLID_ANGLE_UNIT ( ) );
#5884 = DIRECTION ( 'NONE',  ( 1.000000000000000000, 0.000000000000000000, 0.000000000000000000 ) ) ;
#5885 =( NAMED_UNIT ( * ) PLANE_ANGLE_UNIT ( ) SI_UNIT ( $, .RADIAN. ) );
#5886 = CARTESIAN_POINT ( 'NONE',  ( -2.626372070731854524, 0.000000000000000000, -0.09862792926813601646 ) ) ;
#5887 =( NAMED_UNIT ( * ) SI_UNIT ( $, .STERADIAN. ) SOLID_ANGLE_UNIT ( ) );
#5888 = ADVANCED_FACE ( 'NONE', ( #7472 ), #1743, .F. ) ;
#5889 = DIRECTION ( 'NONE',  ( -0.000000000000000000, -0.000000000000000000, -1.000000000000000000 ) ) ;
#5890 = UNCERTAINTY_MEASURE_WITH_UNIT (LENGTH_MEASURE( 1.000000000000000082E-05 ), #6432, 'distance_accuracy_value', 'NONE');
#5891 = MECHANICAL_DESIGN_GEOMETRIC_PRESENTATION_REPRESENTATION (  '', ( #5691 ), #7506 ) ;
#5892 = ORIENTED_EDGE ( 'NONE', *, *, #8626, .T. ) ;
#5893 =( LENGTH_UNIT ( ) NAMED_UNIT ( * ) SI_UNIT ( .MILLI., .METRE. ) );
#5894 = CARTESIAN_POINT ( 'NONE',  ( -0.1165787611304110183, -7.626264129667209346, 6.776263578034402713E-18 ) ) ;
#5895 = FACE_OUTER_BOUND ( 'NONE', #11863, .T. ) ;
#5896 = ORIENTED_EDGE ( 'NONE', *, *, #12006, .F. ) ;
#5897 = PRESENTATION_STYLE_ASSIGNMENT (( #9618 ) ) ;
#5898 = CARTESIAN_POINT ( 'NONE',  ( 0.9129192073170706578, -7.464891082923399424, 6.776263578034402713E-18 ) ) ;
#5899 = AXIS2_PLACEMENT_3D ( 'NONE', #7031, #7982, #6905 ) ;
#5900 = SURFACE_STYLE_FILL_AREA ( #1820 ) ;
#5901 = DIRECTION ( 'NONE',  ( 0.000000000000000000, 2.297038501028610091E-17, 1.000000000000000000 ) ) ;
#5902 = CARTESIAN_POINT ( 'NONE',  ( 2.176319040626428336, -7.598199072309999913, 0.000000000000000000 ) ) ;
#5903 = AXIS2_PLACEMENT_3D ( 'NONE', #3665, #1920, #927 ) ;
#5904 = EDGE_CURVE ( 'NONE', #557, #10151, #2697, .T. ) ;
#5905 = DIRECTION ( 'NONE',  ( -1.000000000000000000, 0.000000000000000000, -0.000000000000000000 ) ) ;
#5906 = LINE ( 'NONE', #6760, #2366 ) ;
#5907 = DIRECTION ( 'NONE',  ( -1.371322905910519414E-16, 1.000000000000000000, -0.000000000000000000 ) ) ;
#5908 =( GEOMETRIC_REPRESENTATION_CONTEXT ( 3 ) GLOBAL_UNCERTAINTY_ASSIGNED_CONTEXT ( ( #1140 ) ) GLOBAL_UNIT_ASSIGNED_CONTEXT ( ( #7619, #8484, #12322 ) ) REPRESENTATION_CONTEXT ( 'NONE', 'WORKASPACE' ) );
#5909 = EDGE_LOOP ( 'NONE', ( #3466, #235, #8946, #5144, #5388, #10800, #9162, #9479, #6657, #10718 ) ) ;
#5910 = CARTESIAN_POINT ( 'NONE',  ( 1.730000000000000426, -8.920000000000001705, 3.199999999999999734 ) ) ;
#5911 = PRESENTATION_STYLE_ASSIGNMENT (( #9907 ) ) ;
#5912 = FILL_AREA_STYLE_COLOUR ( '', #6282 ) ;
#5913 = FILL_AREA_STYLE ('',( #2976 ) ) ;
#5914 = VERTEX_POINT ( 'NONE', #4750 ) ;
#5915 = COLOUR_RGB ( '',0.2235294117647058654, 0.2235294117647058654, 0.2235294117647058654 ) ;
#5916 = VECTOR ( 'NONE', #311, 1000.000000000000114 ) ;
#5917 = VERTEX_POINT ( 'NONE', #8584 ) ;
#5918 = LINE ( 'NONE', #973, #7470 ) ;
#5919 = LINE ( 'NONE', #8557, #2398 ) ;
#5920 = ORIENTED_EDGE ( 'NONE', *, *, #9732, .F. ) ;
#5921 = AXIS2_PLACEMENT_3D ( 'NONE', #11457, #11400, #1791 ) ;
#5922 = EDGE_LOOP ( 'NONE', ( #8503, #1906, #2254, #8658, #3979, #10153, #12274, #5862 ) ) ;
#5923 = PRESENTATION_STYLE_ASSIGNMENT (( #6546 ) ) ;
#5924 = STYLED_ITEM ( 'NONE', ( #9094 ), #9330 ) ;
#5925 = EDGE_LOOP ( 'NONE', ( #11391, #3446, #10488, #9272, #1442, #10529 ) ) ;
#5926 = DIRECTION ( 'NONE',  ( 1.000000000000000000, 0.000000000000000000, 0.000000000000000000 ) ) ;
#5927 = LINE ( 'NONE', #5800, #5715 ) ;
#5928 = VECTOR ( 'NONE', #9723, 1000.000000000000000 ) ;
#5929 = LINE ( 'NONE', #1047, #431 ) ;
#5930 = STYLED_ITEM ( 'NONE', ( #9321 ), #2216 ) ;
#5931 = SURFACE_SIDE_STYLE ('',( #1987 ) ) ;
#5932 = EDGE_CURVE ( 'NONE', #4780, #5790, #6513, .T. ) ;
#5933 = MECHANICAL_DESIGN_GEOMETRIC_PRESENTATION_REPRESENTATION (  '', ( #1667 ), #6132 ) ;
#5934 = EDGE_CURVE ( 'NONE', #6544, #1615, #12421, .T. ) ;
#5935 = ORIENTED_EDGE ( 'NONE', *, *, #8652, .F. ) ;
#5936 = CARTESIAN_POINT ( 'NONE',  ( 0.1570672227753916184, 2.786909515331971399, -0.02293277722460827089 ) ) ;
#5937 = LINE ( 'NONE', #4048, #3819 ) ;
#5938 = DIRECTION ( 'NONE',  ( 8.537024980200821325E-17, -0.000000000000000000, 1.000000000000000000 ) ) ;
#5939 = VECTOR ( 'NONE', #7082, 1000.000000000000000 ) ;
#5940 = LINE ( 'NONE', #6184, #11317 ) ;
#5941 = ORIENTED_EDGE ( 'NONE', *, *, #2731, .F. ) ;
#5942 = ADVANCED_FACE ( 'NONE', ( #11242 ), #6567, .T. ) ;
#5943 = LINE ( 'NONE', #2189, #8526 ) ;
#5944 = DIRECTION ( 'NONE',  ( 0.000000000000000000, 0.000000000000000000, -1.000000000000000000 ) ) ;
#5945 = DIRECTION ( 'NONE',  ( 1.084946484143765172E-16, -0.000000000000000000, 1.000000000000000000 ) ) ;
#5946 = SURFACE_STYLE_FILL_AREA ( #379 ) ;
#5947 = CARTESIAN_POINT ( 'NONE',  ( 0.3170731707317046566, -8.464891082923399424, 0.000000000000000000 ) ) ;
#5948 = DIRECTION ( 'NONE',  ( 0.000000000000000000, 1.000000000000000000, 0.000000000000000000 ) ) ;
#5949 = DIRECTION ( 'NONE',  ( 1.000000000000000000, 0.000000000000000000, 0.000000000000000000 ) ) ;
#5950 = EDGE_CURVE ( 'NONE', #6779, #1106, #4748, .T. ) ;
#5951 = VERTEX_POINT ( 'NONE', #1205 ) ;
#5952 = EDGE_CURVE ( 'NONE', #7939, #9027, #2944, .T. ) ;
#5953 = CARTESIAN_POINT ( 'NONE',  ( -2.524999999999991029, -6.170000000000001705, 2.929999999999998828 ) ) ;
#5954 = ORIENTED_EDGE ( 'NONE', *, *, #9732, .T. ) ;
#5955 = UNCERTAINTY_MEASURE_WITH_UNIT (LENGTH_MEASURE( 1.000000000000000082E-05 ), #5304, 'distance_accuracy_value', 'NONE');
#5956 = CARTESIAN_POINT ( 'NONE',  ( 6.324999999999997513, 1.029999999999999138, 0.000000000000000000 ) ) ;
#5957 = CARTESIAN_POINT ( 'NONE',  ( 0.8057011334433490379, -7.472202428830459375, 0.01000000000000000021 ) ) ;
#5958 = VECTOR ( 'NONE', #7445, 1000.000000000000000 ) ;
#5959 = CARTESIAN_POINT ( 'NONE',  ( 5.575000000000005507, 0.4299999999999985500, 2.860000000000000764 ) ) ;
#5960 = FACE_OUTER_BOUND ( 'NONE', #4034, .T. ) ;
#5961 = CARTESIAN_POINT ( 'NONE',  ( -1.270000000000000462, -1.420000000000001039, 0.6599999999999995870 ) ) ;
#5962 = CARTESIAN_POINT ( 'NONE',  ( 0.6613270293543624945, -7.515669621914044640, 0.01000000000000000021 ) ) ;
#5963 = CARTESIAN_POINT ( 'NONE',  ( -1.825000000000002398, -7.419999999999996376, 3.259999999999999787 ) ) ;
#5964 = DIRECTION ( 'NONE',  ( 0.000000000000000000, -0.000000000000000000, -1.000000000000000000 ) ) ;
#5965 = SURFACE_STYLE_USAGE ( .BOTH. , #7866 ) ;
#5966 =( LENGTH_UNIT ( ) NAMED_UNIT ( * ) SI_UNIT ( .MILLI., .METRE. ) );
#5967 = CARTESIAN_POINT ( 'NONE',  ( 0.3500000000000000888, -0.4700000000000016387, 0.4999999999999970024 ) ) ;
#5968 = LINE ( 'NONE', #6096, #1196 ) ;
#5969 = ORIENTED_EDGE ( 'NONE', *, *, #7253, .T. ) ;
#5970 = AXIS2_PLACEMENT_3D ( 'NONE', #8535, #3877, #12313 ) ;
#5971 = B_SPLINE_CURVE_WITH_KNOTS ( 'NONE', 3,
 ( #10199, #575, #9312, #1459, #1635, #2635, #4383, #5527, #4451, #6514, #8284, #11125, #12051, #12112, #9371, #3473, #5583, #10381, #9426 ),
 .UNSPECIFIED., .F., .F.,
 ( 4, 1, 1, 1, 1, 1, 1, 1, 1, 1, 1, 1, 1, 1, 1, 1, 4 ),
 ( 0.000000000000000000, 0.06783324845577373696, 0.1326555365079042925, 0.1950508840508280994, 0.2555829330687775514, 0.3147998341472899031, 0.3736004728263740415, 0.4325455953267438591, 0.4924306292835657906, 0.5526712559629691768, 0.6125130441881170285, 0.6726102503570061675, 0.7338383693139457487, 0.7965942385677736715, 0.8614497992905730817, 0.9291989423509066093, 1.000000000000000000 ),
 .UNSPECIFIED. ) ;
#5972 = ORIENTED_EDGE ( 'NONE', *, *, #8409, .T. ) ;
#5973 =( NAMED_UNIT ( * ) PLANE_ANGLE_UNIT ( ) SI_UNIT ( $, .RADIAN. ) );
#5974 = ORIENTED_EDGE ( 'NONE', *, *, #7907, .T. ) ;
#5975 = CARTESIAN_POINT ( 'NONE',  ( 2.435079751057897202, -7.568924597630443785, 0.000000000000000000 ) ) ;
#5976 = CARTESIAN_POINT ( 'NONE',  ( -3.325000000000000178, -0.9700000000000019718, 2.529999999999998472 ) ) ;
#5977 = LINE ( 'NONE', #10032, #4665 ) ;
#5978 = AXIS2_PLACEMENT_3D ( 'NONE', #12221, #3603, #5875 ) ;
#5979 = ADVANCED_FACE ( 'NONE', ( #4936 ), #2069, .F. ) ;
#5980 = ORIENTED_EDGE ( 'NONE', *, *, #3945, .F. ) ;
#5981 = AXIS2_PLACEMENT_3D ( 'NONE', #3535, #11933, #10137 ) ;
#5982 = ORIENTED_EDGE ( 'NONE', *, *, #4666, .F. ) ;
#5983 = FILL_AREA_STYLE ('',( #11896 ) ) ;
#5984 = CARTESIAN_POINT ( 'NONE',  ( 1.249999999999996003, -0.4700000000000014722, 0.5000000000000004441 ) ) ;
#5985 = CARTESIAN_POINT ( 'NONE',  ( 2.273613317146587764, -8.358822771911096794, 0.01000000000000000021 ) ) ;
#5986 = DIRECTION ( 'NONE',  ( 1.348230680810990322E-16, -1.000000000000000000, 0.000000000000000000 ) ) ;
#5987 = SURFACE_STYLE_FILL_AREA ( #2115 ) ;
#5988 = FACE_OUTER_BOUND ( 'NONE', #2608, .T. ) ;
#5989 = COLOUR_RGB ( '',0.2235294117647058654, 0.2235294117647058654, 0.2235294117647058654 ) ;
#5990 = ORIENTED_EDGE ( 'NONE', *, *, #4097, .F. ) ;
#5991 = PRESENTATION_STYLE_ASSIGNMENT (( #4698 ) ) ;
#5992 = DIRECTION ( 'NONE',  ( -0.000000000000000000, -0.000000000000000000, 1.000000000000000000 ) ) ;
#5993 = DIRECTION ( 'NONE',  ( 0.000000000000000000, 2.861335727341666912E-17, 1.000000000000000000 ) ) ;
#5994 = ORIENTED_EDGE ( 'NONE', *, *, #11646, .T. ) ;
#5995 = CARTESIAN_POINT ( 'NONE',  ( 1.390243902439021628, -8.355134985362424160, 0.01000000000000000021 ) ) ;
#5996 = PRESENTATION_LAYER_ASSIGNMENT (  '', '', ( #11036 ) ) ;
#5997 = DIRECTION ( 'NONE',  ( 0.000000000000000000, 1.000000000000000000, -1.097926250618233875E-16 ) ) ;
#5998 = VECTOR ( 'NONE', #5656, 1000.000000000000000 ) ;
#5999 = VECTOR ( 'NONE', #8529, 1000.000000000000000 ) ;
#6000 = CARTESIAN_POINT ( 'NONE',  ( 2.730886921609815943, -8.018737890120227974, 0.01000000000000000021 ) ) ;
#6001 = FACE_OUTER_BOUND ( 'NONE', #3866, .T. ) ;
#6002 = DIRECTION ( 'NONE',  ( 0.000000000000000000, 0.000000000000000000, -1.000000000000000000 ) ) ;
#6003 = CARTESIAN_POINT ( 'NONE',  ( 2.951219512195118799, -8.464891082923399424, 0.000000000000000000 ) ) ;
#6004 = DIRECTION ( 'NONE',  ( -0.000000000000000000, 1.000000000000000000, -0.000000000000000000 ) ) ;
#6005 = EDGE_CURVE ( 'NONE', #10766, #6310, #9940, .T. ) ;
#6006 = STYLED_ITEM ( 'NONE', ( #2311 ), #11199 ) ;
#6007 = ORIENTED_EDGE ( 'NONE', *, *, #1217, .T. ) ;
#6008 = STYLED_ITEM ( 'NONE', ( #4984 ), #6250 ) ;
#6009 = COLOUR_RGB ( '',0.6470588235294117974, 0.6196078431372549211, 0.5882352941176470784 ) ;
#6010 = FILL_AREA_STYLE ('',( #7072 ) ) ;
#6011 = VERTEX_POINT ( 'NONE', #11734 ) ;
#6012 = LINE ( 'NONE', #10819, #2077 ) ;
#6013 = LINE ( 'NONE', #7913, #2963 ) ;
#6014 = EDGE_CURVE ( 'NONE', #11152, #5545, #8776, .T. ) ;
#6015 = LINE ( 'NONE', #265, #2781 ) ;
#6016 = STYLED_ITEM ( 'NONE', ( #9409 ), #11347 ) ;
#6017 = EDGE_CURVE ( 'NONE', #6298, #3636, #3077, .T. ) ;
#6018 =( LENGTH_UNIT ( ) NAMED_UNIT ( * ) SI_UNIT ( .MILLI., .METRE. ) );
#6019 = CARTESIAN_POINT ( 'NONE',  ( -5.010077000835909011, 0.4299999999999984945, 2.860000000000000764 ) ) ;
#6020 = FILL_AREA_STYLE_COLOUR ( '', #7751 ) ;
#6021 = CARTESIAN_POINT ( 'NONE',  ( 5.524999999999986144, -6.170000000000001705, -0.01000000000000000021 ) ) ;
#6022 = MECHANICAL_DESIGN_GEOMETRIC_PRESENTATION_REPRESENTATION (  '', ( #2762 ), #5207 ) ;
#6023 = SURFACE_SIDE_STYLE ('',( #402 ) ) ;
#6024 = VECTOR ( 'NONE', #9872, 1000.000000000000000 ) ;
#6025 = EDGE_CURVE ( 'NONE', #3794, #7629, #4125, .T. ) ;
#6026 = CARTESIAN_POINT ( 'NONE',  ( 5.524999999999986144, -3.614999999999999769, -0.01000000000000000021 ) ) ;
#6027 = COLOUR_RGB ( '',0.2235294117647058654, 0.2235294117647058654, 0.2235294117647058654 ) ;
#6028 = ORIENTED_EDGE ( 'NONE', *, *, #5169, .F. ) ;
#6029 = PLANE ( 'NONE',  #12246 ) ;
#6030 = SURFACE_SIDE_STYLE ('',( #8873 ) ) ;
#6031 =( GEOMETRIC_REPRESENTATION_CONTEXT ( 3 ) GLOBAL_UNCERTAINTY_ASSIGNED_CONTEXT ( ( #1522 ) ) GLOBAL_UNIT_ASSIGNED_CONTEXT ( ( #6708, #1891, #9633 ) ) REPRESENTATION_CONTEXT ( 'NONE', 'WORKASPACE' ) );
#6032 = LINE ( 'NONE', #5149, #10925 ) ;
#6033 = LINE ( 'NONE', #218, #1309 ) ;
#6034 = CARTESIAN_POINT ( 'NONE',  ( 3.463414634146338322, -8.464891082923399424, 0.000000000000000000 ) ) ;
#6035 = DIRECTION ( 'NONE',  ( 0.9848077530122085754, -0.1736481776669276389, 0.000000000000000000 ) ) ;
#6036 = VERTEX_POINT ( 'NONE', #11793 ) ;
#6037 = VECTOR ( 'NONE', #3378, 1000.000000000000000 ) ;
#6038 = EDGE_CURVE ( 'NONE', #11710, #10729, #12409, .T. ) ;
#6039 = SURFACE_STYLE_USAGE ( .BOTH. , #6972 ) ;
#6040 = ORIENTED_EDGE ( 'NONE', *, *, #4011, .T. ) ;
#6041 = B_SPLINE_SURFACE_WITH_KNOTS ( 'NONE', 3, 1, ( 
 ( #8094, #9113 ),
 ( #6387, #2262 ),
 ( #506, #7212 ),
 ( #10194, #3469 ),
 ( #5397, #10249 ),
 ( #452, #4447 ),
 ( #8281, #11988 ),
 ( #3336, #7345 ),
 ( #11183, #2507 ),
 ( #327, #4196 ),
 ( #8033, #7078 ) ),
 .UNSPECIFIED., .F., .F., .F.,
 ( 4, 1, 1, 1, 1, 1, 1, 1, 4 ),
 ( 2, 2 ),
 ( 0.000000000000000000, 0.1451868664724694780, 0.2834426109197299426, 0.4165243659288295208, 0.5431811235350837430, 0.6651530826377130001, 0.7813602063127150776, 0.8927566556418088384, 1.000000000000000000 ),
 ( 0.000000000000000000, 1.000000000000000000 ),
 .UNSPECIFIED. ) ;
#6042 = LINE ( 'NONE', #11887, #954 ) ;
#6043 = MECHANICAL_DESIGN_GEOMETRIC_PRESENTATION_REPRESENTATION (  '', ( #9898 ), #8254 ) ;
#6044 = VERTEX_POINT ( 'NONE', #3925 ) ;
#6045 = DIRECTION ( 'NONE',  ( -1.000000000000000000, 0.000000000000000000, 0.000000000000000000 ) ) ;
#6046 = FACE_OUTER_BOUND ( 'NONE', #449, .T. ) ;
#6047 = STYLED_ITEM ( 'NONE', ( #11650 ), #777 ) ;
#6048 =( LENGTH_UNIT ( ) NAMED_UNIT ( * ) SI_UNIT ( .MILLI., .METRE. ) );
#6049 = VERTEX_POINT ( 'NONE', #5129 ) ;
#6050 = ORIENTED_EDGE ( 'NONE', *, *, #10038, .F. ) ;
#6051 = STYLED_ITEM ( 'NONE', ( #2905 ), #7739 ) ;
#6052 =( NAMED_UNIT ( * ) SI_UNIT ( $, .STERADIAN. ) SOLID_ANGLE_UNIT ( ) );
#6053 = DIRECTION ( 'NONE',  ( 0.000000000000000000, 1.006563450232729055E-15, -1.000000000000000000 ) ) ;
#6054 = LINE ( 'NONE', #7946, #4726 ) ;
#6055 = CARTESIAN_POINT ( 'NONE',  ( 0.8745552681767143621, -8.354173880936018648, 0.01000000000000000021 ) ) ;
#6056 = PRESENTATION_STYLE_ASSIGNMENT (( #1045 ) ) ;
#6057 = FACE_OUTER_BOUND ( 'NONE', #5555, .T. ) ;
#6058 = EDGE_CURVE ( 'NONE', #10593, #1383, #8972, .T. ) ;
#6059 =( LENGTH_UNIT ( ) NAMED_UNIT ( * ) SI_UNIT ( .MILLI., .METRE. ) );
#6060 = ORIENTED_EDGE ( 'NONE', *, *, #2391, .F. ) ;
#6061 = ORIENTED_EDGE ( 'NONE', *, *, #5934, .T. ) ;
#6062 = CARTESIAN_POINT ( 'NONE',  ( 0.5243902439024364925, -7.955173095118522220, 0.01000000000000000021 ) ) ;
#6063 = CARTESIAN_POINT ( 'NONE',  ( 2.589142849635947652, -8.444001777156538324, 6.776263578034402713E-18 ) ) ;
#6064 = ORIENTED_EDGE ( 'NONE', *, *, #5273, .F. ) ;
#6065 =( LENGTH_UNIT ( ) NAMED_UNIT ( * ) SI_UNIT ( .MILLI., .METRE. ) );
#6066 = DIRECTION ( 'NONE',  ( -0.000000000000000000, -0.000000000000000000, 1.000000000000000000 ) ) ;
#6067 = SURFACE_STYLE_FILL_AREA ( #9805 ) ;
#6068 = MECHANICAL_DESIGN_GEOMETRIC_PRESENTATION_REPRESENTATION (  '', ( #11100 ), #11886 ) ;
#6069 = ORIENTED_EDGE ( 'NONE', *, *, #9813, .T. ) ;
#6070 = DIRECTION ( 'NONE',  ( 0.000000000000000000, 1.000000000000000000, 0.000000000000000000 ) ) ;
#6071 = FILL_AREA_STYLE_COLOUR ( '', #9634 ) ;
#6072 =( NAMED_UNIT ( * ) SI_UNIT ( $, .STERADIAN. ) SOLID_ANGLE_UNIT ( ) );
#6073 = VERTEX_POINT ( 'NONE', #11534 ) ;
#6074 = CIRCLE ( 'NONE', #8901, 0.2396891741410518972 ) ;
#6075 = FILL_AREA_STYLE ('',( #10008 ) ) ;
#6076 = CARTESIAN_POINT ( 'NONE',  ( 0.8585252776294802768, -7.466103473587510031, 6.776263578034402713E-18 ) ) ;
#6077 = SURFACE_STYLE_USAGE ( .BOTH. , #10693 ) ;
#6078 = DIRECTION ( 'NONE',  ( 1.000000000000000000, -0.000000000000000000, -0.000000000000000000 ) ) ;
#6079 = CARTESIAN_POINT ( 'NONE',  ( 0.3199999999999999512, 0.3199999999999994515, 1.370310825858947812 ) ) ;
#6080 =( LENGTH_UNIT ( ) NAMED_UNIT ( * ) SI_UNIT ( .MILLI., .METRE. ) );
#6081 =( NAMED_UNIT ( * ) SI_UNIT ( $, .STERADIAN. ) SOLID_ANGLE_UNIT ( ) );
#6082 = SURFACE_STYLE_FILL_AREA ( #330 ) ;
#6083 = CARTESIAN_POINT ( 'NONE',  ( -2.575000000000001954, 1.029999999999999138, 2.529999999999999361 ) ) ;
#6084 = VECTOR ( 'NONE', #2698, 1000.000000000000000 ) ;
#6085 = VECTOR ( 'NONE', #5780, 1000.000000000000000 ) ;
#6086 = ADVANCED_FACE ( 'NONE', ( #6741 ), #1931, .T. ) ;
#6087 = ADVANCED_FACE ( 'NONE', ( #11671 ), #3018, .T. ) ;
#6088 = EDGE_LOOP ( 'NONE', ( #1890, #7767, #4015, #2800 ) ) ;
#6089 = SURFACE_SIDE_STYLE ('',( #520 ) ) ;
#6090 = LINE ( 'NONE', #4081, #5430 ) ;
#6091 = AXIS2_PLACEMENT_3D ( 'NONE', #7128, #5993, #10980 ) ;
#6092 = EDGE_CURVE ( 'NONE', #1415, #9532, #10000, .T. ) ;
#6093 = CARTESIAN_POINT ( 'NONE',  ( 2.857790657095704123, -7.870546591136175607, 0.000000000000000000 ) ) ;
#6094 = CARTESIAN_POINT ( 'NONE',  ( 2.730886921609815943, -8.018737890120227974, 0.000000000000000000 ) ) ;
#6095 = CARTESIAN_POINT ( 'NONE',  ( 5.626372070731853192, -3.614999999999999769, -0.2000000000000005107 ) ) ;
#6096 = CARTESIAN_POINT ( 'NONE',  ( 2.865853658536582582, -7.983755412191692713, 0.01000000000000000021 ) ) ;
#6097 = VERTEX_POINT ( 'NONE', #8203 ) ;
#6098 = AXIS2_PLACEMENT_3D ( 'NONE', #7803, #7691, #2723 ) ;
#6099 =( NAMED_UNIT ( * ) SI_UNIT ( $, .STERADIAN. ) SOLID_ANGLE_UNIT ( ) );
#6100 = PRESENTATION_LAYER_ASSIGNMENT (  '', '', ( #5701 ) ) ;
#6101 = ORIENTED_EDGE ( 'NONE', *, *, #131, .T. ) ;
#6102 = LINE ( 'NONE', #3238, #2509 ) ;
#6103 = LINE ( 'NONE', #2407, #2587 ) ;
#6104 = CARTESIAN_POINT ( 'NONE',  ( 2.150237483859621435, -8.428674680895907656, 0.01000000000000000021 ) ) ;
#6105 = VERTEX_POINT ( 'NONE', #7200 ) ;
#6106 = EDGE_LOOP ( 'NONE', ( #11415, #9211, #7590, #11321, #3027, #618 ) ) ;
#6107 =( NAMED_UNIT ( * ) PLANE_ANGLE_UNIT ( ) SI_UNIT ( $, .RADIAN. ) );
#6108 = EDGE_CURVE ( 'NONE', #2728, #11447, #12035, .T. ) ;
#6109 = DIRECTION ( 'NONE',  ( -1.000000000000000000, -2.168404344971008868E-16, 0.000000000000000000 ) ) ;
#6110 = CARTESIAN_POINT ( 'NONE',  ( 6.324999999999998401, -0.9700000000000020828, -0.5000000000000000000 ) ) ;
#6111 = DIRECTION ( 'NONE',  ( -0.000000000000000000, 0.000000000000000000, 1.000000000000000000 ) ) ;
#6112 = FILL_AREA_STYLE_COLOUR ( '', #5486 ) ;
#6113 = CARTESIAN_POINT ( 'NONE',  ( 6.324999999999997513, 1.029999999999999138, 3.859999999999999876 ) ) ;
#6114 = LINE ( 'NONE', #429, #8217 ) ;
#6115 = ORIENTED_EDGE ( 'NONE', *, *, #10794, .T. ) ;
#6116 = VERTEX_POINT ( 'NONE', #11113 ) ;
#6117 = LINE ( 'NONE', #11971, #4353 ) ;
#6118 = VECTOR ( 'NONE', #6665, 1000.000000000000000 ) ;
#6119 = DIRECTION ( 'NONE',  ( 1.000000000000000000, 0.000000000000000000, -0.000000000000000000 ) ) ;
#6120 = PRESENTATION_LAYER_ASSIGNMENT (  '', '', ( #5924 ) ) ;
#6121 = FILL_AREA_STYLE_COLOUR ( '', #5258 ) ;
#6122 = ORIENTED_EDGE ( 'NONE', *, *, #7297, .T. ) ;
#6123 = VERTEX_POINT ( 'NONE', #6312 ) ;
#6124 = EDGE_CURVE ( 'NONE', #3692, #6602, #10185, .T. ) ;
#6125 =( NAMED_UNIT ( * ) PLANE_ANGLE_UNIT ( ) SI_UNIT ( $, .RADIAN. ) );
#6126 =( GEOMETRIC_REPRESENTATION_CONTEXT ( 3 ) GLOBAL_UNCERTAINTY_ASSIGNED_CONTEXT ( ( #12263 ) ) GLOBAL_UNIT_ASSIGNED_CONTEXT ( ( #7098, #10023, #6218 ) ) REPRESENTATION_CONTEXT ( 'NONE', 'WORKASPACE' ) );
#6127 = SURFACE_STYLE_USAGE ( .BOTH. , #1380 ) ;
#6128 = SURFACE_STYLE_USAGE ( .BOTH. , #8081 ) ;
#6129 = LINE ( 'NONE', #2129, #1334 ) ;
#6130 =( NAMED_UNIT ( * ) SI_UNIT ( $, .STERADIAN. ) SOLID_ANGLE_UNIT ( ) );
#6131 =( NAMED_UNIT ( * ) SI_UNIT ( $, .STERADIAN. ) SOLID_ANGLE_UNIT ( ) );
#6132 =( GEOMETRIC_REPRESENTATION_CONTEXT ( 3 ) GLOBAL_UNCERTAINTY_ASSIGNED_CONTEXT ( ( #411 ) ) GLOBAL_UNIT_ASSIGNED_CONTEXT ( ( #2771, #1697, #2708 ) ) REPRESENTATION_CONTEXT ( 'NONE', 'WORKASPACE' ) );
#6133 = SURFACE_SIDE_STYLE ('',( #7837 ) ) ;
#6134 = ORIENTED_EDGE ( 'NONE', *, *, #12424, .T. ) ;
#6135 = AXIS2_PLACEMENT_3D ( 'NONE', #12434, #11750, #3090 ) ;
#6136 =( NAMED_UNIT ( * ) PLANE_ANGLE_UNIT ( ) SI_UNIT ( $, .RADIAN. ) );
#6137 = PLANE ( 'NONE',  #5188 ) ;
#6138 = CARTESIAN_POINT ( 'NONE',  ( 2.357278963414631612, -7.452695960972180345, 5.082197683525802034E-18 ) ) ;
#6139 = ORIENTED_EDGE ( 'NONE', *, *, #9193, .F. ) ;
#6140 = DIRECTION ( 'NONE',  ( -0.3635424856527064708, -0.9315776194850602376, 0.000000000000000000 ) ) ;
#6141 = CARTESIAN_POINT ( 'NONE',  ( 0.3906430703327959386, -7.934187896840218635, 6.776263578034402713E-18 ) ) ;
#6142 = FACE_OUTER_BOUND ( 'NONE', #5618, .T. ) ;
#6143 = CARTESIAN_POINT ( 'NONE',  ( -2.224999999999990763, -6.170000000000001705, -0.01000000000000000021 ) ) ;
#6144 = PRESENTATION_STYLE_ASSIGNMENT (( #1212 ) ) ;
#6145 = CARTESIAN_POINT ( 'NONE',  ( 0.5388190250271683857, -7.596623970522067282, 0.01000000000000000021 ) ) ;
#6146 = PRESENTATION_STYLE_ASSIGNMENT (( #1269 ) ) ;
#6147 = ORIENTED_EDGE ( 'NONE', *, *, #12410, .T. ) ;
#6148 = CARTESIAN_POINT ( 'NONE',  ( 5.626372070731852304, 1.625202586161003463E-15, -0.09862792926813601646 ) ) ;
#6149 = PLANE ( 'NONE',  #12258 ) ;
#6150 = DIRECTION ( 'NONE',  ( 0.000000000000000000, -0.1736481776669307475, 0.9848077530122080203 ) ) ;
#6151 = CARTESIAN_POINT ( 'NONE',  ( -0.3199999999999999512, 0.3199999999999995626, 1.370310825858947812 ) ) ;
#6152 = ADVANCED_FACE ( 'NONE', ( #444 ), #9299, .F. ) ;
#6153 = ORIENTED_EDGE ( 'NONE', *, *, #1730, .T. ) ;
#6154 = VECTOR ( 'NONE', #2052, 999.9999999999998863 ) ;
#6155 = EDGE_CURVE ( 'NONE', #4552, #8811, #7063, .T. ) ;
#6156 = FILL_AREA_STYLE ('',( #287 ) ) ;
#6157 = ADVANCED_FACE ( 'NONE', ( #3204 ), #494, .T. ) ;
#6158 = CARTESIAN_POINT ( 'NONE',  ( 2.706377465836589113, -7.805464606195375410, 0.000000000000000000 ) ) ;
#6159 = CARTESIAN_POINT ( 'NONE',  ( 1.792682926829265666, -7.574647180484375575, 0.01000000000000000021 ) ) ;
#6160 = PRESENTATION_STYLE_ASSIGNMENT (( #1173 ) ) ;
#6161 = EDGE_LOOP ( 'NONE', ( #10289, #7492, #12418, #7700 ) ) ;
#6162 = VERTEX_POINT ( 'NONE', #5743 ) ;
#6163 = CARTESIAN_POINT ( 'NONE',  ( 5.524999999999991473, -2.170000000000001705, 0.000000000000000000 ) ) ;
#6164 = LINE ( 'NONE', #10039, #11312 ) ;
#6165 = DIRECTION ( 'NONE',  ( 0.000000000000000000, -1.000000000000000000, 2.861335727341666912E-17 ) ) ;
#6166 = AXIS2_PLACEMENT_3D ( 'NONE', #7483, #10446, #2839 ) ;
#6167 = CARTESIAN_POINT ( 'NONE',  ( 6.324999999999998401, -0.9700000000000020828, -0.5000000000000000000 ) ) ;
#6168 = ADVANCED_FACE ( 'NONE', ( #2623, #12349, #2686 ), #5685, .F. ) ;
#6169 = SURFACE_SIDE_STYLE ('',( #2541 ) ) ;
#6170 = ORIENTED_EDGE ( 'NONE', *, *, #11052, .T. ) ;
#6171 = EDGE_CURVE ( 'NONE', #1535, #4357, #1853, .T. ) ;
#6172 = CARTESIAN_POINT ( 'NONE',  ( -3.325000000000000178, 1.029999999999998472, 0.5000000000000004441 ) ) ;
#6173 = EDGE_CURVE ( 'NONE', #1717, #344, #42, .T. ) ;
#6174 = EDGE_CURVE ( 'NONE', #352, #7815, #1915, .T. ) ;
#6175 = MECHANICAL_DESIGN_GEOMETRIC_PRESENTATION_REPRESENTATION (  '', ( #8801 ), #12396 ) ;
#6176 = STYLED_ITEM ( 'NONE', ( #2193 ), #10443 ) ;
#6177 = ORIENTED_EDGE ( 'NONE', *, *, #8095, .T. ) ;
#6178 = ORIENTED_EDGE ( 'NONE', *, *, #6038, .F. ) ;
#6179 = SURFACE_SIDE_STYLE ('',( #1191 ) ) ;
#6180 = CARTESIAN_POINT ( 'NONE',  ( 2.786439633018332085, 2.466520973661874283, -0.3935603669816681305 ) ) ;
#6181 = COLOUR_RGB ( '',0.2235294117647058654, 0.2235294117647058654, 0.2235294117647058654 ) ;
#6182 = CARTESIAN_POINT ( 'NONE',  ( 2.816988156574528279, -8.228127203143369428, 0.01000000000000000021 ) ) ;
#6183 = ORIENTED_EDGE ( 'NONE', *, *, #3687, .T. ) ;
#6184 = CARTESIAN_POINT ( 'NONE',  ( -0.3199999999999999512, -6.852871818038222429, 1.609999999999999432 ) ) ;
#6185 = ORIENTED_EDGE ( 'NONE', *, *, #12075, .F. ) ;
#6186 = CARTESIAN_POINT ( 'NONE',  ( -0.1236661585365880223, -7.586842302435594654, 0.01000000000000000021 ) ) ;
#6187 = LINE ( 'NONE', #1200, #660 ) ;
#6188 = CARTESIAN_POINT ( 'NONE',  ( 4.927962312940882939, -3.470000000000001528, 2.929999999999998384 ) ) ;
#6189 = VECTOR ( 'NONE', #7199, 1000.000000000000000 ) ;
#6190 = ORIENTED_EDGE ( 'NONE', *, *, #1300, .T. ) ;
#6191 = CARTESIAN_POINT ( 'NONE',  ( 2.731707317073167829, -7.975561814630715674, 6.776263578034402713E-18 ) ) ;
#6192 = SURFACE_SIDE_STYLE ('',( #3261 ) ) ;
#6193 = B_SPLINE_CURVE_WITH_KNOTS ( 'NONE', 3,
 ( #7246, #9857, #6055, #8950, #11028, #7997, #11835, #3184, #1294, #10847, #5050, #10968, #8187, #3245, #5110, #12017, #7114, #3364, #10908 ),
 .UNSPECIFIED., .F., .F.,
 ( 4, 1, 1, 1, 1, 1, 1, 1, 1, 1, 1, 1, 1, 1, 1, 1, 4 ),
 ( 0.000000000000000000, 0.07082657255516255912, 0.1381690332797995413, 0.2024753315338425896, 0.2639737544135196678, 0.3233803205980373963, 0.3817976227131848477, 0.4393900745193886626, 0.4969027245459978759, 0.5546621696093694265, 0.6127418784921979666, 0.6715388363911718450, 0.7316557220901976910, 0.7942978116139541855, 0.8594822049793595653, 0.9276813254527898067, 1.000000000000000000 ),
 .UNSPECIFIED. ) ;
#6194 = EDGE_CURVE ( 'NONE', #5790, #9466, #2873, .T. ) ;
#6195 = ORIENTED_EDGE ( 'NONE', *, *, #6685, .F. ) ;
#6196 =( GEOMETRIC_REPRESENTATION_CONTEXT ( 3 ) GLOBAL_UNCERTAINTY_ASSIGNED_CONTEXT ( ( #12124 ) ) GLOBAL_UNIT_ASSIGNED_CONTEXT ( ( #7424, #4463, #588 ) ) REPRESENTATION_CONTEXT ( 'NONE', 'WORKASPACE' ) );
#6197 = SURFACE_STYLE_USAGE ( .BOTH. , #5002 ) ;
#6198 = STYLED_ITEM ( 'NONE', ( #6945 ), #8128 ) ;
#6199 = CARTESIAN_POINT ( 'NONE',  ( 1.195121951219509704, -8.464891082923399424, 0.000000000000000000 ) ) ;
#6200 = VERTEX_POINT ( 'NONE', #8828 ) ;
#6201 = UNCERTAINTY_MEASURE_WITH_UNIT (LENGTH_MEASURE( 1.000000000000000082E-05 ), #991, 'distance_accuracy_value', 'NONE');
#6202 = CARTESIAN_POINT ( 'NONE',  ( 2.717736965080959965, -7.844601930064511564, 6.776263578034402713E-18 ) ) ;
#6203 = FILL_AREA_STYLE ('',( #6261 ) ) ;
#6204 = FILL_AREA_STYLE_COLOUR ( '', #7597 ) ;
#6205 = CARTESIAN_POINT ( 'NONE',  ( 2.121951219512192566, -8.413061814630715674, 0.01000000000000000021 ) ) ;
#6206 = DIRECTION ( 'NONE',  ( 0.000000000000000000, 0.000000000000000000, 1.000000000000000000 ) ) ;
#6207 = EDGE_CURVE ( 'NONE', #12356, #8900, #11718, .T. ) ;
#6208 =( LENGTH_UNIT ( ) NAMED_UNIT ( * ) SI_UNIT ( .MILLI., .METRE. ) );
#6209 = PLANE ( 'NONE',  #1936 ) ;
#6210 = ORIENTED_EDGE ( 'NONE', *, *, #4594, .T. ) ;
#6211 = FILL_AREA_STYLE_COLOUR ( '', #3682 ) ;
#6212 = CARTESIAN_POINT ( 'NONE',  ( 3.220000000000000195, 2.429999999999997939, 0.04000000000000010492 ) ) ;
#6213 = UNCERTAINTY_MEASURE_WITH_UNIT (LENGTH_MEASURE( 1.000000000000000082E-05 ), #9123, 'distance_accuracy_value', 'NONE');
#6214 = DIRECTION ( 'NONE',  ( 0.000000000000000000, -1.000000000000000000, 0.000000000000000000 ) ) ;
#6215 = COLOUR_RGB ( '',0.2235294117647058654, 0.2235294117647058654, 0.2235294117647058654 ) ;
#6216 = CARTESIAN_POINT ( 'NONE',  ( 2.718674090743240068, -8.099822289887717019, 0.000000000000000000 ) ) ;
#6217 =( LENGTH_UNIT ( ) NAMED_UNIT ( * ) SI_UNIT ( .MILLI., .METRE. ) );
#6218 =( NAMED_UNIT ( * ) SI_UNIT ( $, .STERADIAN. ) SOLID_ANGLE_UNIT ( ) );
#6219 = PRESENTATION_LAYER_ASSIGNMENT (  '', '', ( #2559 ) ) ;
#6220 = UNCERTAINTY_MEASURE_WITH_UNIT (LENGTH_MEASURE( 1.000000000000000082E-05 ), #4057, 'distance_accuracy_value', 'NONE');
#6221 = COLOUR_RGB ( '',0.2235294117647058654, 0.2235294117647058654, 0.2235294117647058654 ) ;
#6222 = STYLED_ITEM ( 'NONE', ( #5094 ), #1252 ) ;
#6223 = CARTESIAN_POINT ( 'NONE',  ( 3.220000000000000195, 2.429999999999997939, -2.109999999999999432 ) ) ;
#6224 = CIRCLE ( 'NONE', #768, 0.8554264934286703870 ) ;
#6225 = SURFACE_STYLE_FILL_AREA ( #5157 ) ;
#6226 =( GEOMETRIC_REPRESENTATION_CONTEXT ( 3 ) GLOBAL_UNCERTAINTY_ASSIGNED_CONTEXT ( ( #3567 ) ) GLOBAL_UNIT_ASSIGNED_CONTEXT ( ( #9978, #11026, #4038 ) ) REPRESENTATION_CONTEXT ( 'NONE', 'WORKASPACE' ) );
#6227 = CARTESIAN_POINT ( 'NONE',  ( 4.927962312940882939, -7.419999999999996376, 0.9299999999999996048 ) ) ;
#6228 = PRESENTATION_LAYER_ASSIGNMENT (  '', '', ( #1381 ) ) ;
#6229 = ORIENTED_EDGE ( 'NONE', *, *, #4568, .T. ) ;
#6230 = EDGE_LOOP ( 'NONE', ( #11381, #10665, #2970, #3707 ) ) ;
#6231 = CARTESIAN_POINT ( 'NONE',  ( 2.673392787691767580, -7.734715795874356203, 0.01000000000000000021 ) ) ;
#6232 = LINE ( 'NONE', #5296, #7379 ) ;
#6233 = SURFACE_STYLE_USAGE ( .BOTH. , #10041 ) ;
#6234 = CARTESIAN_POINT ( 'NONE',  ( 1.729999999999999538, -1.420000000000001039, 0.6599999999999995870 ) ) ;
#6235 = EDGE_LOOP ( 'NONE', ( #3510, #8324, #12452, #5521 ) ) ;
#6236 = FILL_AREA_STYLE_COLOUR ( '', #11429 ) ;
#6237 = STYLED_ITEM ( 'NONE', ( #5192 ), #370 ) ;
#6238 = CARTESIAN_POINT ( 'NONE',  ( 3.850000000000000977, 0.5299999999999988054, 3.360000000000000320 ) ) ;
#6239 = ORIENTED_EDGE ( 'NONE', *, *, #453, .F. ) ;
#6240 = ORIENTED_EDGE ( 'NONE', *, *, #2590, .F. ) ;
#6241 = CARTESIAN_POINT ( 'NONE',  ( 2.680000000000000160, 0.3200000000000001732, 0.3554264934286706090 ) ) ;
#6242 = CARTESIAN_POINT ( 'NONE',  ( -8.577962312940892176, -3.470000000000001528, 2.929999999999998384 ) ) ;
#6243 = PRESENTATION_LAYER_ASSIGNMENT (  '', '', ( #8261 ) ) ;
#6244 = EDGE_CURVE ( 'NONE', #4835, #3457, #2930, .T. ) ;
#6245 = CARTESIAN_POINT ( 'NONE',  ( 2.864929485618410432, -8.037338674545482675, 0.01000000000000000021 ) ) ;
#6246 = EDGE_CURVE ( 'NONE', #8119, #11500, #560, .T. ) ;
#6247 = ORIENTED_EDGE ( 'NONE', *, *, #8418, .F. ) ;
#6248 = ORIENTED_EDGE ( 'NONE', *, *, #4634, .F. ) ;
#6249 = DIRECTION ( 'NONE',  ( -0.000000000000000000, -0.000000000000000000, 1.000000000000000000 ) ) ;
#6250 = ADVANCED_FACE ( 'NONE', ( #11585 ), #3908, .T. ) ;
#6251 = DIRECTION ( 'NONE',  ( 1.000000000000000000, 1.596371296911168195E-16, -5.321237656370561062E-17 ) ) ;
#6252 = ORIENTED_EDGE ( 'NONE', *, *, #3541, .F. ) ;
#6253 = CARTESIAN_POINT ( 'NONE',  ( 1.899999999999996136, -0.9700000000000014166, 2.560317866458142966 ) ) ;
#6254 = FILL_AREA_STYLE ('',( #2436 ) ) ;
#6255 = ORIENTED_EDGE ( 'NONE', *, *, #1805, .T. ) ;
#6256 = PLANE ( 'NONE',  #2317 ) ;
#6257 = DIRECTION ( 'NONE',  ( 0.000000000000000000, -0.000000000000000000, -1.000000000000000000 ) ) ;
#6258 = CARTESIAN_POINT ( 'NONE',  ( 2.357278963414631612, -7.452695960972180345, 0.01000000000000000021 ) ) ;
#6259 = ORIENTED_EDGE ( 'NONE', *, *, #5005, .T. ) ;
#6260 = CARTESIAN_POINT ( 'NONE',  ( 2.725936129110462236, -7.886100544730569872, 0.01000000000000000021 ) ) ;
#6261 = FILL_AREA_STYLE_COLOUR ( '', #4809 ) ;
#6262 = ADVANCED_FACE ( 'NONE', ( #3064 ), #1113, .F. ) ;
#6263 = LINE ( 'NONE', #7408, #2148 ) ;
#6264 = PLANE ( 'NONE',  #5981 ) ;
#6266 = COLOUR_RGB ( '',0.2235294117647058654, 0.2235294117647058654, 0.2235294117647058654 ) ;
#6265 = SURFACE_STYLE_USAGE ( .BOTH. , #2390 ) ;
#6267 =( NAMED_UNIT ( * ) PLANE_ANGLE_UNIT ( ) SI_UNIT ( $, .RADIAN. ) );
#6268 = COLOUR_RGB ( '',0.2235294117647058654, 0.2235294117647058654, 0.2235294117647058654 ) ;
#6269 = FILL_AREA_STYLE_COLOUR ( '', #5441 ) ;
#6270 = DIRECTION ( 'NONE',  ( 0.000000000000000000, 1.000000000000000000, 0.000000000000000000 ) ) ;
#6271 = VECTOR ( 'NONE', #8968, 1000.000000000000000 ) ;
#6272 = ORIENTED_EDGE ( 'NONE', *, *, #4097, .T. ) ;
#6273 = PRESENTATION_STYLE_ASSIGNMENT (( #8223 ) ) ;
#6274 = CARTESIAN_POINT ( 'NONE',  ( 1.792682926829265666, -8.355134985362424160, 0.01000000000000000021 ) ) ;
#6275 = CARTESIAN_POINT ( 'NONE',  ( 5.626372070731854080, -3.614999999999999769, -0.09862792926813601646 ) ) ;
#6276 = EDGE_CURVE ( 'NONE', #4245, #8077, #5115, .T. ) ;
#6277 = CARTESIAN_POINT ( 'NONE',  ( 2.846673798692248347, -7.817752595680978800, 0.000000000000000000 ) ) ;
#6278 = COLOUR_RGB ( '',0.2235294117647058654, 0.2235294117647058654, 0.2235294117647058654 ) ;
#6279 = LINE ( 'NONE', #7358, #5084 ) ;
#6280 = SURFACE_SIDE_STYLE ('',( #7359 ) ) ;
#6281 = DIRECTION ( 'NONE',  ( 0.000000000000000000, 0.000000000000000000, 1.000000000000000000 ) ) ;
#6282 = COLOUR_RGB ( '',0.2235294117647058654, 0.2235294117647058654, 0.2235294117647058654 ) ;
#6283 = ORIENTED_EDGE ( 'NONE', *, *, #1893, .F. ) ;
#6284 = CARTESIAN_POINT ( 'NONE',  ( 1.729999999999999316, -1.420000000000001039, 3.199999999999999734 ) ) ;
#6285 = PRESENTATION_LAYER_ASSIGNMENT (  '', '', ( #9725 ) ) ;
#6286 = CARTESIAN_POINT ( 'NONE',  ( -0.3499999999999998668, -0.4700000000000016387, 0.000000000000000000 ) ) ;
#6287 = CIRCLE ( 'NONE', #1823, 0.4000000000000001887 ) ;
#6288 =( NAMED_UNIT ( * ) SI_UNIT ( $, .STERADIAN. ) SOLID_ANGLE_UNIT ( ) );
#6289 = VERTEX_POINT ( 'NONE', #9082 ) ;
#6290 = ORIENTED_EDGE ( 'NONE', *, *, #754, .F. ) ;
#6291 = LINE ( 'NONE', #7608, #1960 ) ;
#6292 = CARTESIAN_POINT ( 'NONE',  ( 0.5496607970485763994, -8.123343031957874771, 0.01000000000000000021 ) ) ;
#6293 = PLANE ( 'NONE',  #509 ) ;
#6294 = CARTESIAN_POINT ( 'NONE',  ( 4.825000000000001066, -7.419999999999996376, 1.000000000000000000 ) ) ;
#6295 = DIRECTION ( 'NONE',  ( 0.000000000000000000, -1.000000000000000000, 0.000000000000000000 ) ) ;
#6296 = EDGE_LOOP ( 'NONE', ( #4151, #36, #11042, #4631, #10587, #5039 ) ) ;
#6297 = FACE_BOUND ( 'NONE', #653, .T. ) ;
#6298 = VERTEX_POINT ( 'NONE', #9928 ) ;
#6299 = ORIENTED_EDGE ( 'NONE', *, *, #3132, .F. ) ;
#6300 = DIRECTION ( 'NONE',  ( -0.000000000000000000, -0.000000000000000000, -1.000000000000000000 ) ) ;
#6301 = ORIENTED_EDGE ( 'NONE', *, *, #8160, .T. ) ;
#6302 = VERTEX_POINT ( 'NONE', #7252 ) ;
#6303 = DIRECTION ( 'NONE',  ( 0.000000000000000000, 1.000000000000000000, 1.517883041479706208E-15 ) ) ;
#6304 = COLOUR_RGB ( '',0.6470588235294117974, 0.6196078431372549211, 0.5882352941176470784 ) ;
#6305 = ORIENTED_EDGE ( 'NONE', *, *, #8181, .F. ) ;
#6306 = PRESENTATION_STYLE_ASSIGNMENT (( #7452 ) ) ;
#6307 = DIRECTION ( 'NONE',  ( 0.000000000000000000, -0.000000000000000000, 1.000000000000000000 ) ) ;
#6308 = DIRECTION ( 'NONE',  ( -1.000000000000000000, 0.000000000000000000, 0.000000000000000000 ) ) ;
#6309 = SURFACE_STYLE_FILL_AREA ( #5511 ) ;
#6310 = VERTEX_POINT ( 'NONE', #7183 ) ;
#6311 = CARTESIAN_POINT ( 'NONE',  ( 2.726225334986511761, -8.060415568043046264, 0.01000000000000000021 ) ) ;
#6312 = CARTESIAN_POINT ( 'NONE',  ( 5.524999999999986144, -3.470000000000001528, 2.529999999999998916 ) ) ;
#6313 = EDGE_CURVE ( 'NONE', #469, #1421, #1365, .T. ) ;
#6314 = DIRECTION ( 'NONE',  ( -1.000000000000000000, 0.000000000000000000, -0.000000000000000000 ) ) ;
#6315 = EDGE_CURVE ( 'NONE', #2483, #12254, #6114, .T. ) ;
#6316 = STYLED_ITEM ( 'NONE', ( #12417 ), #9287 ) ;
#6317 = VERTEX_POINT ( 'NONE', #4234 ) ;
#6318 = EDGE_CURVE ( 'NONE', #8888, #6073, #2419, .T. ) ;
#6319 = DIRECTION ( 'NONE',  ( 0.000000000000000000, 1.000000000000000000, -1.734723475976807341E-16 ) ) ;
#6320 = DIRECTION ( 'NONE',  ( 0.000000000000000000, -0.000000000000000000, 1.000000000000000000 ) ) ;
#6321 = CARTESIAN_POINT ( 'NONE',  ( 4.269999999999999574, -1.420000000000001039, 3.199999999999999734 ) ) ;
#6322 = ORIENTED_EDGE ( 'NONE', *, *, #9171, .T. ) ;
#6323 = VECTOR ( 'NONE', #11380, 1000.000000000000000 ) ;
#6324 = DIRECTION ( 'NONE',  ( -0.000000000000000000, 0.000000000000000000, -1.000000000000000000 ) ) ;
#6325 = FILL_AREA_STYLE ('',( #11062 ) ) ;
#6326 = VECTOR ( 'NONE', #11163, 1000.000000000000000 ) ;
#6327 = SURFACE_STYLE_FILL_AREA ( #11299 ) ;
#6328 = DIRECTION ( 'NONE',  ( 1.000000000000000000, 0.000000000000000000, 4.389514514740447292E-16 ) ) ;
#6329 = CARTESIAN_POINT ( 'NONE',  ( 0.1707317073170705191, -8.464891082923399424, 0.000000000000000000 ) ) ;
#6330 = EDGE_CURVE ( 'NONE', #9511, #1615, #9984, .T. ) ;
#6331 = VERTEX_POINT ( 'NONE', #2296 ) ;
#6332 = FACE_OUTER_BOUND ( 'NONE', #9653, .T. ) ;
#6333 = STYLED_ITEM ( 'NONE', ( #1983 ), #9774 ) ;
#6334 = EDGE_CURVE ( 'NONE', #5815, #11060, #5300, .T. ) ;
#6335 = DIRECTION ( 'NONE',  ( -0.000000000000000000, -1.000000000000000000, 2.861335727341666912E-17 ) ) ;
#6336 =( LENGTH_UNIT ( ) NAMED_UNIT ( * ) SI_UNIT ( .MILLI., .METRE. ) );
#6337 = UNCERTAINTY_MEASURE_WITH_UNIT (LENGTH_MEASURE( 1.000000000000000082E-05 ), #6048, 'distance_accuracy_value', 'NONE');
#6338 = DIRECTION ( 'NONE',  ( -7.675767592817731405E-16, 0.000000000000000000, 1.000000000000000000 ) ) ;
#6339 = DIRECTION ( 'NONE',  ( -1.000000000000000000, -0.000000000000000000, -0.000000000000000000 ) ) ;
#6340 = CARTESIAN_POINT ( 'NONE',  ( 3.319999999999999840, 0.3199999999999991185, 1.370310825858947590 ) ) ;
#6341 = SURFACE_SIDE_STYLE ('',( #8051 ) ) ;
#6342 = UNCERTAINTY_MEASURE_WITH_UNIT (LENGTH_MEASURE( 1.000000000000000082E-05 ), #3765, 'distance_accuracy_value', 'NONE');
#6343 =( NAMED_UNIT ( * ) SI_UNIT ( $, .STERADIAN. ) SOLID_ANGLE_UNIT ( ) );
#6344 = ADVANCED_FACE ( 'NONE', ( #6297, #11034 ), #11838, .T. ) ;
#6345 = FILL_AREA_STYLE_COLOUR ( '', #3745 ) ;
#6346 = CARTESIAN_POINT ( 'NONE',  ( -0.1423399390243929585, -7.656964253655107910, 0.01000000000000000021 ) ) ;
#6347 = CARTESIAN_POINT ( 'NONE',  ( 0.9999999999999961142, -7.419999999999999929, -0.5000000000000000000 ) ) ;
#6348 = ORIENTED_EDGE ( 'NONE', *, *, #130, .T. ) ;
#6349 = ORIENTED_EDGE ( 'NONE', *, *, #11471, .T. ) ;
#6350 = UNCERTAINTY_MEASURE_WITH_UNIT (LENGTH_MEASURE( 1.000000000000000082E-05 ), #7801, 'distance_accuracy_value', 'NONE');
#6351 = DIRECTION ( 'NONE',  ( -0.000000000000000000, -0.000000000000000000, 1.000000000000000000 ) ) ;
#6352 = CARTESIAN_POINT ( 'NONE',  ( 0.6282669071798150373, -8.250412890870833849, 0.01000000000000000021 ) ) ;
#6353 =( LENGTH_UNIT ( ) NAMED_UNIT ( * ) SI_UNIT ( .MILLI., .METRE. ) );
#6354 = CARTESIAN_POINT ( 'NONE',  ( 6.324999999999995737, -0.9700000000000020828, 0.4000000000000001887 ) ) ;
#6355 = PLANE ( 'NONE',  #7747 ) ;
#6356 = CARTESIAN_POINT ( 'NONE',  ( 0.4264396618143128648, -8.161787675069133385, 0.01000000000000000021 ) ) ;
#6357 = COLOUR_RGB ( '',0.6470588235294117974, 0.6196078431372549211, 0.5882352941176470784 ) ;
#6358 = EDGE_LOOP ( 'NONE', ( #1797, #3502, #201, #49 ) ) ;
#6359 = FILL_AREA_STYLE_COLOUR ( '', #9868 ) ;
#6360 = ADVANCED_FACE ( 'NONE', ( #10107 ), #12020, .T. ) ;
#6361 = ORIENTED_EDGE ( 'NONE', *, *, #2345, .T. ) ;
#6362 = CARTESIAN_POINT ( 'NONE',  ( 5.224999999999986322, -6.170000000000001705, 3.000000000000000000 ) ) ;
#6363 = CARTESIAN_POINT ( 'NONE',  ( -8.577962312940892176, -3.470000000000001528, 1.329999999999999183 ) ) ;
#6364 = PRESENTATION_LAYER_ASSIGNMENT (  '', '', ( #5372 ) ) ;
#6365 = VERTEX_POINT ( 'NONE', #3952 ) ;
#6366 = STYLED_ITEM ( 'NONE', ( #10885 ), #5704 ) ;
#6367 = EDGE_LOOP ( 'NONE', ( #9535, #9456, #4189, #10414, #44, #9520, #9652, #2646, #6170, #11680, #12387, #2810 ) ) ;
#6368 = SURFACE_STYLE_USAGE ( .BOTH. , #8316 ) ;
#6369 = ORIENTED_EDGE ( 'NONE', *, *, #1518, .T. ) ;
#6370 = LINE ( 'NONE', #9158, #10379 ) ;
#6371 = CARTESIAN_POINT ( 'NONE',  ( 2.281243180059471243, -8.468624544928847087, 0.000000000000000000 ) ) ;
#6372 = DIRECTION ( 'NONE',  ( 0.000000000000000000, 0.000000000000000000, 1.000000000000000000 ) ) ;
#6373 = SURFACE_STYLE_USAGE ( .BOTH. , #12033 ) ;
#6374 = ORIENTED_EDGE ( 'NONE', *, *, #3140, .F. ) ;
#6375 = CARTESIAN_POINT ( 'NONE',  ( 2.708061749045526767, -8.136923321067310866, 6.776263578034402713E-18 ) ) ;
#6376 =( NAMED_UNIT ( * ) SI_UNIT ( $, .STERADIAN. ) SOLID_ANGLE_UNIT ( ) );
#6377 = VECTOR ( 'NONE', #1806, 999.9999999999998863 ) ;
#6378 = ORIENTED_EDGE ( 'NONE', *, *, #3727, .T. ) ;
#6379 = FILL_AREA_STYLE_COLOUR ( '', #11013 ) ;
#6380 = LINE ( 'NONE', #6505, #3880 ) ;
#6381 = MECHANICAL_DESIGN_GEOMETRIC_PRESENTATION_REPRESENTATION (  '', ( #2931 ), #6893 ) ;
#6382 =( GEOMETRIC_REPRESENTATION_CONTEXT ( 3 ) GLOBAL_UNCERTAINTY_ASSIGNED_CONTEXT ( ( #937 ) ) GLOBAL_UNIT_ASSIGNED_CONTEXT ( ( #9488, #1868, #12363 ) ) REPRESENTATION_CONTEXT ( 'NONE', 'WORKASPACE' ) );
#6383 = DIRECTION ( 'NONE',  ( -0.000000000000000000, -0.000000000000000000, -1.000000000000000000 ) ) ;
#6384 = ORIENTED_EDGE ( 'NONE', *, *, #2284, .T. ) ;
#6385 = AXIS2_PLACEMENT_3D ( 'NONE', #1000, #3990, #11604 ) ;
#6386 = SURFACE_SIDE_STYLE ('',( #10376 ) ) ;
#6387 = CARTESIAN_POINT ( 'NONE',  ( 2.345652102790810378, -7.452779305407787547, 0.01000000000000000021 ) ) ;
#6388 = SURFACE_SIDE_STYLE ('',( #508 ) ) ;
#6389 = EDGE_CURVE ( 'NONE', #6036, #9137, #8739, .T. ) ;
#6390 = DIRECTION ( 'NONE',  ( -1.000000000000000000, -3.252606517456513302E-16, 0.000000000000000000 ) ) ;
#6391 = PLANE ( 'NONE',  #6430 ) ;
#6392 = DIRECTION ( 'NONE',  ( 1.000000000000000000, 0.000000000000000000, 1.737982185398092634E-15 ) ) ;
#6393 = EDGE_CURVE ( 'NONE', #10309, #1736, #1025, .T. ) ;
#6394 = EDGE_CURVE ( 'NONE', #5377, #11719, #5847, .T. ) ;
#6395 = SURFACE_STYLE_USAGE ( .BOTH. , #11192 ) ;
#6396 = CARTESIAN_POINT ( 'NONE',  ( 6.324999999999997513, -3.470000000000001528, 2.929999999999998384 ) ) ;
#6397 = PRESENTATION_STYLE_ASSIGNMENT (( #12247 ) ) ;
#6398 = STYLED_ITEM ( 'NONE', ( #1265 ), #10207 ) ;
#6399 = CARTESIAN_POINT ( 'NONE',  ( 0.4999999999999968914, -6.208407623149841292, 5.059999999999999609 ) ) ;
#6400 = CARTESIAN_POINT ( 'NONE',  ( -2.224999999999990763, -0.9700000000000019718, 1.329999999999998739 ) ) ;
#6401 = MECHANICAL_DESIGN_GEOMETRIC_PRESENTATION_REPRESENTATION (  '', ( #3156 ), #3566 ) ;
#6402 = ADVANCED_FACE ( 'NONE', ( #8928 ), #9835, .T. ) ;
#6403 =( NAMED_UNIT ( * ) PLANE_ANGLE_UNIT ( ) SI_UNIT ( $, .RADIAN. ) );
#6404 = SURFACE_STYLE_USAGE ( .BOTH. , #7363 ) ;
#6405 = PRESENTATION_LAYER_ASSIGNMENT (  '', '', ( #3586 ) ) ;
#6406 = SURFACE_SIDE_STYLE ('',( #4402 ) ) ;
#6407 = DIRECTION ( 'NONE',  ( -0.000000000000000000, -0.000000000000000000, -1.000000000000000000 ) ) ;
#6408 = SURFACE_STYLE_USAGE ( .BOTH. , #3356 ) ;
#6409 = ORIENTED_EDGE ( 'NONE', *, *, #3629, .F. ) ;
#6410 = SURFACE_STYLE_USAGE ( .BOTH. , #4300 ) ;
#6411 = ORIENTED_EDGE ( 'NONE', *, *, #1854, .T. ) ;
#6412 = AXIS2_PLACEMENT_3D ( 'NONE', #11614, #263, #4001 ) ;
#6413 = CARTESIAN_POINT ( 'NONE',  ( 0.8317187116322111162, -8.349128079323076435, 0.01000000000000000021 ) ) ;
#6414 = CARTESIAN_POINT ( 'NONE',  ( -0.3199999999999999512, -0.5596891741410527921, 1.370310825858947590 ) ) ;
#6415 = CARTESIAN_POINT ( 'NONE',  ( 2.129911343022846459, -7.489098917682770029, 0.01000000000000000021 ) ) ;
#6416 = CARTESIAN_POINT ( 'NONE',  ( 1.099999999999995870, -0.9700000000000014166, 1.299682133541857576 ) ) ;
#6417 = ADVANCED_FACE ( 'NONE', ( #11817 ), #6029, .F. ) ;
#6418 = CARTESIAN_POINT ( 'NONE',  ( 0.3902439024390217948, -7.952314863411204193, 0.01000000000000000021 ) ) ;
#6419 = VECTOR ( 'NONE', #2116, 1000.000000000000000 ) ;
#6420 = ORIENTED_EDGE ( 'NONE', *, *, #9350, .T. ) ;
#6421 = COLOUR_RGB ( '',0.6470588235294117974, 0.6196078431372549211, 0.5882352941176470784 ) ;
#6422 = FILL_AREA_STYLE ('',( #430 ) ) ;
#6423 = COLOUR_RGB ( '',0.6470588235294117974, 0.6196078431372549211, 0.5882352941176470784 ) ;
#6424 = PRESENTATION_LAYER_ASSIGNMENT (  '', '', ( #6479 ) ) ;
#6425 = ORIENTED_EDGE ( 'NONE', *, *, #1089, .F. ) ;
#6426 =( NAMED_UNIT ( * ) PLANE_ANGLE_UNIT ( ) SI_UNIT ( $, .RADIAN. ) );
#6427 = ORIENTED_EDGE ( 'NONE', *, *, #5786, .F. ) ;
#6428 = MECHANICAL_DESIGN_GEOMETRIC_PRESENTATION_REPRESENTATION (  '', ( #4823 ), #3382 ) ;
#6429 = VERTEX_POINT ( 'NONE', #11565 ) ;
#6430 = AXIS2_PLACEMENT_3D ( 'NONE', #7414, #5335, #12237 ) ;
#6431 = EDGE_LOOP ( 'NONE', ( #8355, #9880, #6040, #5830 ) ) ;
#6432 =( LENGTH_UNIT ( ) NAMED_UNIT ( * ) SI_UNIT ( .MILLI., .METRE. ) );
#6433 = CARTESIAN_POINT ( 'NONE',  ( -3.325000000000000178, -3.470000000000001528, 1.329999999999999183 ) ) ;
#6434 = STYLED_ITEM ( 'NONE', ( #5897 ), #292 ) ;
#6435 = AXIS2_PLACEMENT_3D ( 'NONE', #10769, #6214, #11945 ) ;
#6436 = EDGE_CURVE ( 'NONE', #5321, #5853, #6090, .T. ) ;
#6437 = CARTESIAN_POINT ( 'NONE',  ( 0.2200000000000001676, -7.420000000000000817, 2.249999999999999112 ) ) ;
#6438 = ORIENTED_EDGE ( 'NONE', *, *, #8574, .T. ) ;
#6439 = CARTESIAN_POINT ( 'NONE',  ( 2.453509083748888209, -8.361301454363555763, 0.01000000000000000021 ) ) ;
#6440 = CARTESIAN_POINT ( 'NONE',  ( 0.8992515774520943861, -7.574940174653470137, 6.776263578034402713E-18 ) ) ;
#6441 = LINE ( 'NONE', #626, #5621 ) ;
#6442 = MECHANICAL_DESIGN_GEOMETRIC_PRESENTATION_REPRESENTATION (  '', ( #12458 ), #4237 ) ;
#6443 = EDGE_LOOP ( 'NONE', ( #5317, #5798, #9474, #9798 ) ) ;
#6444 = CARTESIAN_POINT ( 'NONE',  ( 1.249999999999996225, -0.9700000000000014166, 1.299682133541857576 ) ) ;
#6445 = CARTESIAN_POINT ( 'NONE',  ( 0.4999999999999970024, -5.943298562962316289, 4.259999999999999787 ) ) ;
#6446 = ORIENTED_EDGE ( 'NONE', *, *, #3778, .T. ) ;
#6447 = DIRECTION ( 'NONE',  ( 6.051360962709794804E-16, 1.000000000000000000, 0.000000000000000000 ) ) ;
#6448 = CARTESIAN_POINT ( 'NONE',  ( 2.673392787691767580, -7.734715795874356203, 6.776263578034402713E-18 ) ) ;
#6449 =( LENGTH_UNIT ( ) NAMED_UNIT ( * ) SI_UNIT ( .MILLI., .METRE. ) );
#6450 = VECTOR ( 'NONE', #7491, 1000.000000000000000 ) ;
#6451 = FACE_OUTER_BOUND ( 'NONE', #7569, .T. ) ;
#6452 = DIRECTION ( 'NONE',  ( -0.000000000000000000, -1.445602896647339311E-15, 1.000000000000000000 ) ) ;
#6453 =( NAMED_UNIT ( * ) PLANE_ANGLE_UNIT ( ) SI_UNIT ( $, .RADIAN. ) );
#6454 =( NAMED_UNIT ( * ) SI_UNIT ( $, .STERADIAN. ) SOLID_ANGLE_UNIT ( ) );
#6455 = LINE ( 'NONE', #2454, #11272 ) ;
#6456 = CARTESIAN_POINT ( 'NONE',  ( 0.3914394252387038975, -8.008225662209367712, 0.000000000000000000 ) ) ;
#6457 = LINE ( 'NONE', #5589, #3063 ) ;
#6458 = UNCERTAINTY_MEASURE_WITH_UNIT (LENGTH_MEASURE( 1.000000000000000082E-05 ), #9804, 'distance_accuracy_value', 'NONE');
#6459 = DIRECTION ( 'NONE',  ( 0.000000000000000000, -7.478108553735037092E-16, 1.000000000000000000 ) ) ;
#6460 = DIRECTION ( 'NONE',  ( -0.000000000000000000, -0.000000000000000000, -1.000000000000000000 ) ) ;
#6461 = CARTESIAN_POINT ( 'NONE',  ( -2.626372070731854524, -4.885000000000001563, -0.4999999999999995559 ) ) ;
#6462 = LINE ( 'NONE', #5168, #8600 ) ;
#6463 = VECTOR ( 'NONE', #6811, 1000.000000000000000 ) ;
#6464 = EDGE_CURVE ( 'NONE', #12415, #380, #7923, .T. ) ;
#6465 = EDGE_CURVE ( 'NONE', #11906, #8607, #1221, .T. ) ;
#6466 =( GEOMETRIC_REPRESENTATION_CONTEXT ( 3 ) GLOBAL_UNCERTAINTY_ASSIGNED_CONTEXT ( ( #6458 ) ) GLOBAL_UNIT_ASSIGNED_CONTEXT ( ( #9804, #3511, #1672 ) ) REPRESENTATION_CONTEXT ( 'NONE', 'WORKASPACE' ) );
#6467 = CARTESIAN_POINT ( 'NONE',  ( -3.325000000000000178, 1.029999999999998028, -0.5000000000000000000 ) ) ;
#6468 = CARTESIAN_POINT ( 'NONE',  ( 4.825000000000002842, -3.470000000000001528, 0.9299999999999991607 ) ) ;
#6469 = ADVANCED_FACE ( 'NONE', ( #2908 ), #7987, .F. ) ;
#6470 = EDGE_LOOP ( 'NONE', ( #9579, #2353, #1991, #1023 ) ) ;
#6471 = MECHANICAL_DESIGN_GEOMETRIC_PRESENTATION_REPRESENTATION (  '', ( #4679 ), #8088 ) ;
#6472 = ORIENTED_EDGE ( 'NONE', *, *, #11807, .T. ) ;
#6473 = CARTESIAN_POINT ( 'NONE',  ( -0.1308508750816010369, -7.608714196062025259, 0.000000000000000000 ) ) ;
#6474 = UNCERTAINTY_MEASURE_WITH_UNIT (LENGTH_MEASURE( 1.000000000000000082E-05 ), #7148, 'distance_accuracy_value', 'NONE');
#6475 = FILL_AREA_STYLE_COLOUR ( '', #9982 ) ;
#6476 = CARTESIAN_POINT ( 'NONE',  ( 0.8116959504727528918, -8.456887631010710393, 0.01000000000000000021 ) ) ;
#6477 = SURFACE_STYLE_FILL_AREA ( #545 ) ;
#6478 = SURFACE_SIDE_STYLE ('',( #3640 ) ) ;
#6479 = STYLED_ITEM ( 'NONE', ( #6726 ), #4267 ) ;
#6480 = CARTESIAN_POINT ( 'NONE',  ( 5.575000000000005507, -0.4700000000000008060, 3.359999999999999876 ) ) ;
#6481 = SURFACE_STYLE_USAGE ( .BOTH. , #2661 ) ;
#6482 = ORIENTED_EDGE ( 'NONE', *, *, #225, .T. ) ;
#6483 = COLOUR_RGB ( '',0.6470588235294117974, 0.6196078431372549211, 0.5882352941176470784 ) ;
#6484 = ORIENTED_EDGE ( 'NONE', *, *, #7242, .F. ) ;
#6485 =( NAMED_UNIT ( * ) SI_UNIT ( $, .STERADIAN. ) SOLID_ANGLE_UNIT ( ) );
#6486 = LINE ( 'NONE', #12145, #4026 ) ;
#6487 = ADVANCED_FACE ( 'NONE', ( #4215 ), #6974, .F. ) ;
#6488 = LINE ( 'NONE', #6363, #6646 ) ;
#6489 = VERTEX_POINT ( 'NONE', #2164 ) ;
#6490 = ORIENTED_EDGE ( 'NONE', *, *, #8800, .F. ) ;
#6491 = UNCERTAINTY_MEASURE_WITH_UNIT (LENGTH_MEASURE( 1.000000000000000082E-05 ), #3875, 'distance_accuracy_value', 'NONE');
#6492 = ORIENTED_EDGE ( 'NONE', *, *, #8253, .F. ) ;
#6493 = SURFACE_SIDE_STYLE ('',( #2681 ) ) ;
#6494 = FILL_AREA_STYLE_COLOUR ( '', #10548 ) ;
#6495 = MECHANICAL_DESIGN_GEOMETRIC_PRESENTATION_REPRESENTATION (  '', ( #446 ), #8706 ) ;
#6496 = FACE_OUTER_BOUND ( 'NONE', #5347, .T. ) ;
#6497 = ORIENTED_EDGE ( 'NONE', *, *, #4352, .F. ) ;
#6498 = LINE ( 'NONE', #5742, #7795 ) ;
#6499 = SURFACE_STYLE_USAGE ( .BOTH. , #9475 ) ;
#6500 = CARTESIAN_POINT ( 'NONE',  ( 0.2700535111879445727, 2.146132431991777612, -0.4500535111879447880 ) ) ;
#6501 = VERTEX_POINT ( 'NONE', #4341 ) ;
#6502 = STYLED_ITEM ( 'NONE', ( #6273 ), #8736 ) ;
#6503 = EDGE_CURVE ( 'NONE', #557, #10056, #5284, .T. ) ;
#6504 = PRESENTATION_STYLE_ASSIGNMENT (( #10242 ) ) ;
#6505 = CARTESIAN_POINT ( 'NONE',  ( 0.4999999999999970024, -6.419999999999999929, 5.059999999999999609 ) ) ;
#6506 = EDGE_LOOP ( 'NONE', ( #9647, #3039, #165, #8764 ) ) ;
#6507 = PLANE ( 'NONE',  #5709 ) ;
#6508 = ORIENTED_EDGE ( 'NONE', *, *, #2367, .F. ) ;
#6509 = FILL_AREA_STYLE ('',( #3797 ) ) ;
#6510 = FILL_AREA_STYLE ('',( #6564 ) ) ;
#6511 = DIRECTION ( 'NONE',  ( 1.000000000000000000, 1.162683294890621319E-16, -1.720087959076601316E-16 ) ) ;
#6512 = LINE ( 'NONE', #2885, #9613 ) ;
#6513 = LINE ( 'NONE', #10434, #914 ) ;
#6514 = CARTESIAN_POINT ( 'NONE',  ( 2.739067176039443385, -8.342328732649345824, 0.000000000000000000 ) ) ;
#6515 = FACE_OUTER_BOUND ( 'NONE', #10647, .T. ) ;
#6516 = VECTOR ( 'NONE', #12078, 1000.000000000000000 ) ;
#6517 = VECTOR ( 'NONE', #1062, 1000.000000000000000 ) ;
#6518 = SURFACE_STYLE_FILL_AREA ( #4455 ) ;
#6519 = LINE ( 'NONE', #5708, #8148 ) ;
#6520 = AXIS2_PLACEMENT_3D ( 'NONE', #8629, #7816, #2997 ) ;
#6521 = CARTESIAN_POINT ( 'NONE',  ( 3.319999999999999840, -6.852871818038222429, 2.249999999999999556 ) ) ;
#6522 = LINE ( 'NONE', #2710, #11198 ) ;
#6523 = FACE_BOUND ( 'NONE', #5153, .T. ) ;
#6524 = CARTESIAN_POINT ( 'NONE',  ( -0.1308508750816010369, -7.608714196062025259, 0.01000000000000000021 ) ) ;
#6525 = ORIENTED_EDGE ( 'NONE', *, *, #4019, .F. ) ;
#6526 = CARTESIAN_POINT ( 'NONE',  ( -2.524999999999991029, -6.170000000000001705, -0.01000000000000000021 ) ) ;
#6527 = ORIENTED_EDGE ( 'NONE', *, *, #3884, .F. ) ;
#6528 = EDGE_CURVE ( 'NONE', #8376, #4714, #8226, .T. ) ;
#6529 = SURFACE_SIDE_STYLE ('',( #4598 ) ) ;
#6530 = FILL_AREA_STYLE ('',( #10457 ) ) ;
#6531 = CARTESIAN_POINT ( 'NONE',  ( 0.9232088414634121998, -8.464891082923401200, 6.776263578034402713E-18 ) ) ;
#6532 = CARTESIAN_POINT ( 'NONE',  ( 3.463414634146338322, -7.464891082923399424, 0.01000000000000000021 ) ) ;
#6533 = LINE ( 'NONE', #10399, #2524 ) ;
#6534 = LINE ( 'NONE', #5608, #15 ) ;
#6535 = ORIENTED_EDGE ( 'NONE', *, *, #9102, .T. ) ;
#6536 = EDGE_CURVE ( 'NONE', #3631, #31, #6042, .T. ) ;
#6537 = EDGE_CURVE ( 'NONE', #1036, #11889, #372, .T. ) ;
#6538 = DIRECTION ( 'NONE',  ( -1.000000000000000000, 0.000000000000000000, 0.000000000000000000 ) ) ;
#6539 = ORIENTED_EDGE ( 'NONE', *, *, #11033, .F. ) ;
#6540 = FILL_AREA_STYLE_COLOUR ( '', #6357 ) ;
#6541 = CARTESIAN_POINT ( 'NONE',  ( 2.324688136734540223, -7.562927522583111184, 0.01000000000000000021 ) ) ;
#6542 = PRESENTATION_STYLE_ASSIGNMENT (( #9399 ) ) ;
#6543 = ORIENTED_EDGE ( 'NONE', *, *, #11705, .F. ) ;
#6544 = VERTEX_POINT ( 'NONE', #345 ) ;
#6545 = ADVANCED_FACE ( 'NONE', ( #7102 ), #10028, .T. ) ;
#6546 = SURFACE_STYLE_USAGE ( .BOTH. , #7577 ) ;
#6547 = COLOUR_RGB ( '',0.2235294117647058654, 0.2235294117647058654, 0.2235294117647058654 ) ;
#6548 = ORIENTED_EDGE ( 'NONE', *, *, #8891, .T. ) ;
#6549 = ADVANCED_FACE ( 'NONE', ( #11017 ), #8884, .F. ) ;
#6550 = CARTESIAN_POINT ( 'NONE',  ( 2.150237483859621435, -8.428674680895907656, 0.000000000000000000 ) ) ;
#6551 = FACE_OUTER_BOUND ( 'NONE', #6506, .T. ) ;
#6552 = ORIENTED_EDGE ( 'NONE', *, *, #9034, .F. ) ;
#6553 = CARTESIAN_POINT ( 'NONE',  ( 2.378620426829265444, -8.367330107313643239, 0.01000000000000000021 ) ) ;
#6554 = CARTESIAN_POINT ( 'NONE',  ( 0.5840583680494039198, -7.723445733085000597, 6.776263578034402713E-18 ) ) ;
#6555 = EDGE_CURVE ( 'NONE', #7601, #420, #9197, .T. ) ;
#6556 = STYLED_ITEM ( 'NONE', ( #9648 ), #2826 ) ;
#6557 = VERTEX_POINT ( 'NONE', #1596 ) ;
#6558 = STYLED_ITEM ( 'NONE', ( #4349 ), #5163 ) ;
#6559 = DIRECTION ( 'NONE',  ( 6.051360962709794804E-16, 1.000000000000000000, 0.000000000000000000 ) ) ;
#6560 = FILL_AREA_STYLE_COLOUR ( '', #11924 ) ;
#6561 = ORIENTED_EDGE ( 'NONE', *, *, #910, .T. ) ;
#6562 = LINE ( 'NONE', #8277, #10552 ) ;
#6563 = ORIENTED_EDGE ( 'NONE', *, *, #12341, .T. ) ;
#6564 = FILL_AREA_STYLE_COLOUR ( '', #11158 ) ;
#6565 = MECHANICAL_DESIGN_GEOMETRIC_PRESENTATION_REPRESENTATION (  '', ( #514 ), #8182 ) ;
#6566 =( NAMED_UNIT ( * ) PLANE_ANGLE_UNIT ( ) SI_UNIT ( $, .RADIAN. ) );
#6567 = PLANE ( 'NONE',  #2321 ) ;
#6568 = COLOUR_RGB ( '',0.6470588235294117974, 0.6196078431372549211, 0.5882352941176470784 ) ;
#6569 = CYLINDRICAL_SURFACE ( 'NONE', #7702, 0.4013720707318638170 ) ;
#6570 = EDGE_CURVE ( 'NONE', #5212, #8757, #2406, .T. ) ;
#6571 = LINE ( 'NONE', #1069, #2956 ) ;
#6572 = DIRECTION ( 'NONE',  ( -0.3363908276654488660, 0.9417224702971433992, 0.000000000000000000 ) ) ;
#6573 = CARTESIAN_POINT ( 'NONE',  ( -0.1091714849054198355, -7.652406375648344472, 0.01000000000000000021 ) ) ;
#6574 = MECHANICAL_DESIGN_GEOMETRIC_PRESENTATION_REPRESENTATION (  '', ( #2518 ), #1132 ) ;
#6575 = CARTESIAN_POINT ( 'NONE',  ( 2.680000000000000160, 1.862871818038229543, 0.1399999999999999578 ) ) ;
#6576 = DIRECTION ( 'NONE',  ( 8.537024980200821325E-17, -0.000000000000000000, 1.000000000000000000 ) ) ;
#6577 = SURFACE_STYLE_USAGE ( .BOTH. , #883 ) ;
#6578 =( NAMED_UNIT ( * ) PLANE_ANGLE_UNIT ( ) SI_UNIT ( $, .RADIAN. ) );
#6579 = EDGE_CURVE ( 'NONE', #7783, #7402, #9265, .T. ) ;
#6580 = DIRECTION ( 'NONE',  ( 0.000000000000000000, 1.000000000000000000, 0.000000000000000000 ) ) ;
#6581 = STYLED_ITEM ( 'NONE', ( #5714 ), #10809 ) ;
#6582 = CARTESIAN_POINT ( 'NONE',  ( -0.1076600609756123983, -7.656964253655107022, 0.000000000000000000 ) ) ;
#6583 = VECTOR ( 'NONE', #3881, 1000.000000000000000 ) ;
#6584 = VERTEX_POINT ( 'NONE', #10209 ) ;
#6585 = ORIENTED_EDGE ( 'NONE', *, *, #6436, .T. ) ;
#6586 = CARTESIAN_POINT ( 'NONE',  ( 1.899999999999995914, -0.9700000000000014166, 1.299682133541857576 ) ) ;
#6587 = VECTOR ( 'NONE', #1639, 1000.000000000000000 ) ;
#6588 = UNCERTAINTY_MEASURE_WITH_UNIT (LENGTH_MEASURE( 1.000000000000000082E-05 ), #6981, 'distance_accuracy_value', 'NONE');
#6589 = DIRECTION ( 'NONE',  ( -0.000000000000000000, -0.000000000000000000, -1.000000000000000000 ) ) ;
#6590 = CARTESIAN_POINT ( 'NONE',  ( 2.680000000000000160, -0.5596891741410529031, 2.249999999999999556 ) ) ;
#6591 = CARTESIAN_POINT ( 'NONE',  ( -0.1399229991640932591, 1.029999999999998472, 0.5000000000000004441 ) ) ;
#6592 = ORIENTED_EDGE ( 'NONE', *, *, #5644, .F. ) ;
#6593 = CARTESIAN_POINT ( 'NONE',  ( 1.249999999999996225, -0.9700000000000014166, 1.299682133541857576 ) ) ;
#6594 = STYLED_ITEM ( 'NONE', ( #4060 ), #11187 ) ;
#6595 = VECTOR ( 'NONE', #10726, 1000.000000000000227 ) ;
#6596 = ORIENTED_EDGE ( 'NONE', *, *, #2579, .F. ) ;
#6597 = SURFACE_STYLE_USAGE ( .BOTH. , #2729 ) ;
#6598 = CARTESIAN_POINT ( 'NONE',  ( -8.577962312940892176, -0.9700000000000019718, 2.529999999999998472 ) ) ;
#6599 = DIRECTION ( 'NONE',  ( 1.000000000000000000, 3.938574995911015532E-16, 0.000000000000000000 ) ) ;
#6600 = AXIS2_PLACEMENT_3D ( 'NONE', #3798, #11240, #9367 ) ;
#6601 = VERTEX_POINT ( 'NONE', #775 ) ;
#6602 = VERTEX_POINT ( 'NONE', #592 ) ;
#6603 = UNCERTAINTY_MEASURE_WITH_UNIT (LENGTH_MEASURE( 1.000000000000000082E-05 ), #1155, 'distance_accuracy_value', 'NONE');
#6604 = ORIENTED_EDGE ( 'NONE', *, *, #454, .F. ) ;
#6605 = MECHANICAL_DESIGN_GEOMETRIC_PRESENTATION_REPRESENTATION (  '', ( #10659 ), #7014 ) ;
#6606 =( NAMED_UNIT ( * ) PLANE_ANGLE_UNIT ( ) SI_UNIT ( $, .RADIAN. ) );
#6607 = MECHANICAL_DESIGN_GEOMETRIC_PRESENTATION_REPRESENTATION (  '', ( #12040 ), #3173 ) ;
#6608 = FACE_OUTER_BOUND ( 'NONE', #5117, .T. ) ;
#6609 = ORIENTED_EDGE ( 'NONE', *, *, #3093, .T. ) ;
#6610 = CARTESIAN_POINT ( 'NONE',  ( 2.416686677663277827, -8.366349023671320495, 0.01000000000000000021 ) ) ;
#6611 = PRESENTATION_STYLE_ASSIGNMENT (( #12037 ) ) ;
#6612 = B_SPLINE_CURVE_WITH_KNOTS ( 'NONE', 3,
 ( #8703, #1796, #11659, #9665, #4740, #864, #3912, #6797, #10666, #7823, #1992, #8765, #989, #5873, #12412, #9730, #113, #3980, #4925 ),
 .UNSPECIFIED., .F., .F.,
 ( 4, 1, 1, 1, 1, 1, 1, 1, 1, 1, 1, 1, 1, 1, 1, 1, 4 ),
 ( 0.000000000000000000, 0.07430379644281730200, 0.1443936103644193336, 0.2104994961032812251, 0.2735426065034681775, 0.3338247445790737400, 0.3925296724085029498, 0.4500874545995858234, 0.5078206115557882816, 0.5654649127768468508, 0.6231487223336200643, 0.6812971927909357017, 0.7409134981565808076, 0.8018557521958578072, 0.8652412377209433014, 0.9309416570467441421, 1.000000000000000000 ),
 .UNSPECIFIED. ) ;
#6613 = ADVANCED_FACE ( 'NONE', ( #7488 ), #11315, .T. ) ;
#6614 = EDGE_CURVE ( 'NONE', #6310, #8383, #5480, .T. ) ;
#6615 = VERTEX_POINT ( 'NONE', #1646 ) ;
#6616 =( LENGTH_UNIT ( ) NAMED_UNIT ( * ) SI_UNIT ( .MILLI., .METRE. ) );
#6617 = MECHANICAL_DESIGN_GEOMETRIC_PRESENTATION_REPRESENTATION (  '', ( #6222 ), #9666 ) ;
#6618 = AXIS2_PLACEMENT_3D ( 'NONE', #1765, #2903, #2843 ) ;
#6619 = FACE_OUTER_BOUND ( 'NONE', #9282, .T. ) ;
#6620 = EDGE_LOOP ( 'NONE', ( #7305, #3241, #10545, #871 ) ) ;
#6621 = FACE_OUTER_BOUND ( 'NONE', #1164, .T. ) ;
#6622 = AXIS2_PLACEMENT_3D ( 'NONE', #7307, #543, #6691 ) ;
#6623 = EDGE_CURVE ( 'NONE', #1542, #6310, #9324, .T. ) ;
#6624 = AXIS2_PLACEMENT_3D ( 'NONE', #4702, #9377, #2641 ) ;
#6625 = ORIENTED_EDGE ( 'NONE', *, *, #2057, .T. ) ;
#6626 = PRESENTATION_STYLE_ASSIGNMENT (( #751 ) ) ;
#6627 = FACE_OUTER_BOUND ( 'NONE', #240, .T. ) ;
#6628 = SURFACE_STYLE_FILL_AREA ( #8649 ) ;
#6629 = DIRECTION ( 'NONE',  ( 1.000000000000000000, 3.938574995911015532E-16, 0.000000000000000000 ) ) ;
#6630 = AXIS2_PLACEMENT_3D ( 'NONE', #1082, #4948, #7731 ) ;
#6631 = VECTOR ( 'NONE', #4671, 1000.000000000000000 ) ;
#6632 = DIRECTION ( 'NONE',  ( -0.000000000000000000, 1.452410541150706185E-31, 1.000000000000000000 ) ) ;
#6633 = UNCERTAINTY_MEASURE_WITH_UNIT (LENGTH_MEASURE( 1.000000000000000082E-05 ), #4684, 'distance_accuracy_value', 'NONE');
#6634 = COLOUR_RGB ( '',0.6470588235294117974, 0.6196078431372549211, 0.5882352941176470784 ) ;
#6635 = VERTEX_POINT ( 'NONE', #709 ) ;
#6636 =( GEOMETRIC_REPRESENTATION_CONTEXT ( 3 ) GLOBAL_UNCERTAINTY_ASSIGNED_CONTEXT ( ( #2787 ) ) GLOBAL_UNIT_ASSIGNED_CONTEXT ( ( #5739, #10721, #11582 ) ) REPRESENTATION_CONTEXT ( 'NONE', 'WORKASPACE' ) );
#6637 = DIRECTION ( 'NONE',  ( 1.000000000000000000, 0.000000000000000000, -0.000000000000000000 ) ) ;
#6638 = STYLED_ITEM ( 'NONE', ( #8886 ), #7478 ) ;
#6639 = EDGE_CURVE ( 'NONE', #12013, #10896, #2647, .T. ) ;
#6640 = CARTESIAN_POINT ( 'NONE',  ( 2.785877509321167622, -7.676884725523861697, 5.082197683525802034E-18 ) ) ;
#6641 = LINE ( 'NONE', #10162, #5028 ) ;
#6642 = LINE ( 'NONE', #2836, #1474 ) ;
#6643 = FACE_OUTER_BOUND ( 'NONE', #6296, .T. ) ;
#6644 = LINE ( 'NONE', #2017, #11660 ) ;
#6645 = LINE ( 'NONE', #144, #11652 ) ;
#6646 = VECTOR ( 'NONE', #730, 1000.000000000000000 ) ;
#6647 = EDGE_CURVE ( 'NONE', #495, #1115, #2467, .T. ) ;
#6648 = ORIENTED_EDGE ( 'NONE', *, *, #4109, .T. ) ;
#6649 = CARTESIAN_POINT ( 'NONE',  ( 1.249999999999996225, -0.9700000000000014166, 2.560317866458142966 ) ) ;
#6650 = ORIENTED_EDGE ( 'NONE', *, *, #5244, .F. ) ;
#6651 = FILL_AREA_STYLE ('',( #836 ) ) ;
#6652 = VECTOR ( 'NONE', #8971, 1000.000000000000000 ) ;
#6653 =( NAMED_UNIT ( * ) PLANE_ANGLE_UNIT ( ) SI_UNIT ( $, .RADIAN. ) );
#6654 = CARTESIAN_POINT ( 'NONE',  ( 4.927962312940882939, -2.170000000000001705, 1.329999999999998961 ) ) ;
#6655 = SURFACE_STYLE_FILL_AREA ( #11506 ) ;
#6656 = DIRECTION ( 'NONE',  ( 5.321237656370560445E-17, 7.297135085974559675E-33, 1.000000000000000000 ) ) ;
#6657 = ORIENTED_EDGE ( 'NONE', *, *, #1447, .T. ) ;
#6658 = VECTOR ( 'NONE', #11902, 1000.000000000000000 ) ;
#6659 = ORIENTED_EDGE ( 'NONE', *, *, #12309, .F. ) ;
#6660 = VERTEX_POINT ( 'NONE', #11082 ) ;
#6661 = PRESENTATION_LAYER_ASSIGNMENT (  '', '', ( #3235 ) ) ;
#6662 = EDGE_LOOP ( 'NONE', ( #1250, #6177, #1909, #11330 ) ) ;
#6663 = ORIENTED_EDGE ( 'NONE', *, *, #5099, .T. ) ;
#6664 = DIRECTION ( 'NONE',  ( 0.000000000000000000, -0.000000000000000000, 1.000000000000000000 ) ) ;
#6665 = DIRECTION ( 'NONE',  ( -1.000000000000000000, -1.596371296911167949E-16, 0.000000000000000000 ) ) ;
#6666 = SURFACE_STYLE_FILL_AREA ( #7520 ) ;
#6667 = VECTOR ( 'NONE', #3737, 1000.000000000000000 ) ;
#6668 = ORIENTED_EDGE ( 'NONE', *, *, #8256, .F. ) ;
#6669 = DIRECTION ( 'NONE',  ( 0.000000000000000000, 0.000000000000000000, 1.000000000000000000 ) ) ;
#6670 = AXIS2_PLACEMENT_3D ( 'NONE', #1525, #5413, #9435 ) ;
#6671 = FILL_AREA_STYLE ('',( #10481 ) ) ;
#6672 = EDGE_LOOP ( 'NONE', ( #6492, #4655, #3234, #8424 ) ) ;
#6673 = LINE ( 'NONE', #9668, #6977 ) ;
#6674 = ORIENTED_EDGE ( 'NONE', *, *, #7165, .T. ) ;
#6675 = CARTESIAN_POINT ( 'NONE',  ( 2.680000000000000160, 0.3199999999999998956, 0.3554264934286703870 ) ) ;
#6676 = COLOUR_RGB ( '',0.2235294117647058654, 0.2235294117647058654, 0.2235294117647058654 ) ;
#6677 = CARTESIAN_POINT ( 'NONE',  ( -0.3199999999999999512, 0.5354264934286704358, 0.3554264934286704425 ) ) ;
#6678 = ORIENTED_EDGE ( 'NONE', *, *, #362, .F. ) ;
#6679 = LINE ( 'NONE', #8840, #6024 ) ;
#6680 = PLANE ( 'NONE',  #155 ) ;
#6681 = EDGE_CURVE ( 'NONE', #4270, #5568, #10154, .T. ) ;
#6682 = EDGE_CURVE ( 'NONE', #10537, #7721, #5906, .T. ) ;
#6683 = DIRECTION ( 'NONE',  ( 1.000000000000000000, 0.000000000000000000, -0.000000000000000000 ) ) ;
#6684 = FILL_AREA_STYLE ('',( #9548 ) ) ;
#6685 = EDGE_CURVE ( 'NONE', #5373, #9643, #1952, .T. ) ;
#6686 = COLOUR_RGB ( '',0.2235294117647058654, 0.2235294117647058654, 0.2235294117647058654 ) ;
#6687 = EDGE_CURVE ( 'NONE', #10179, #2546, #7682, .T. ) ;
#6688 = ORIENTED_EDGE ( 'NONE', *, *, #2543, .F. ) ;
#6689 = CARTESIAN_POINT ( 'NONE',  ( 0.3499999999999999223, 0.5299999999999983613, 0.000000000000000000 ) ) ;
#6690 = UNCERTAINTY_MEASURE_WITH_UNIT (LENGTH_MEASURE( 1.000000000000000082E-05 ), #916, 'distance_accuracy_value', 'NONE');
#6691 = DIRECTION ( 'NONE',  ( 0.3536223923290757187, -0.9353882635801356038, 0.000000000000000000 ) ) ;
#6692 = DIRECTION ( 'NONE',  ( 1.000000000000000000, 0.000000000000000000, 0.000000000000000000 ) ) ;
#6693 =( NAMED_UNIT ( * ) SI_UNIT ( $, .STERADIAN. ) SOLID_ANGLE_UNIT ( ) );
#6694 = EDGE_CURVE ( 'NONE', #10239, #2215, #6224, .T. ) ;
#6695 = AXIS2_PLACEMENT_3D ( 'NONE', #9108, #10876, #10005 ) ;
#6696 =( LENGTH_UNIT ( ) NAMED_UNIT ( * ) SI_UNIT ( .MILLI., .METRE. ) );
#6697 = EDGE_CURVE ( 'NONE', #1614, #11831, #6645, .T. ) ;
#6698 = PLANE ( 'NONE',  #6166 ) ;
#6699 = FACE_OUTER_BOUND ( 'NONE', #4724, .T. ) ;
#6700 = DIRECTION ( 'NONE',  ( 1.000000000000000000, 1.596371296911168195E-16, -5.321237656370561062E-17 ) ) ;
#6701 = EDGE_CURVE ( 'NONE', #5365, #1614, #2713, .T. ) ;
#6702 = VECTOR ( 'NONE', #604, 1000.000000000000000 ) ;
#6703 = LINE ( 'NONE', #17, #7839 ) ;
#6704 = VECTOR ( 'NONE', #930, 1000.000000000000000 ) ;
#6705 = CARTESIAN_POINT ( 'NONE',  ( 2.342735427769417456, -8.366858966174987700, 0.000000000000000000 ) ) ;
#6706 = LINE ( 'NONE', #10701, #9953 ) ;
#6707 = VERTEX_POINT ( 'NONE', #5771 ) ;
#6708 =( LENGTH_UNIT ( ) NAMED_UNIT ( * ) SI_UNIT ( .MILLI., .METRE. ) );
#6709 = DIRECTION ( 'NONE',  ( 2.742645811821039321E-16, -1.000000000000000000, -0.000000000000000000 ) ) ;
#6710 = VECTOR ( 'NONE', #2792, 999.9999999999998863 ) ;
#6711 =( NAMED_UNIT ( * ) SI_UNIT ( $, .STERADIAN. ) SOLID_ANGLE_UNIT ( ) );
#6712 = DIRECTION ( 'NONE',  ( 0.000000000000000000, -7.228014483236698528E-16, -1.000000000000000000 ) ) ;
#6713 = AXIS2_PLACEMENT_3D ( 'NONE', #10626, #6692, #3813 ) ;
#6714 = ORIENTED_EDGE ( 'NONE', *, *, #1817, .F. ) ;
#6715 = EDGE_CURVE ( 'NONE', #8755, #7593, #8670, .T. ) ;
#6716 = SURFACE_STYLE_USAGE ( .BOTH. , #11508 ) ;
#6717 = PRESENTATION_LAYER_ASSIGNMENT (  '', '', ( #5132 ) ) ;
#6718 = EDGE_LOOP ( 'NONE', ( #4850, #8074, #4492 ) ) ;
#6719 = EDGE_LOOP ( 'NONE', ( #11598, #3174, #8210, #3170 ) ) ;
#6720 = CARTESIAN_POINT ( 'NONE',  ( 1.926829268292680197, -7.464891082923399424, 0.01000000000000000021 ) ) ;
#6721 = SURFACE_SIDE_STYLE ('',( #10591 ) ) ;
#6722 = PRESENTATION_LAYER_ASSIGNMENT (  '', '', ( #10186 ) ) ;
#6723 = FACE_OUTER_BOUND ( 'NONE', #9904, .T. ) ;
#6724 = ORIENTED_EDGE ( 'NONE', *, *, #5531, .T. ) ;
#6725 = ORIENTED_EDGE ( 'NONE', *, *, #11561, .F. ) ;
#6726 = PRESENTATION_STYLE_ASSIGNMENT (( #2865 ) ) ;
#6727 = ORIENTED_EDGE ( 'NONE', *, *, #2969, .F. ) ;
#6728 =( LENGTH_UNIT ( ) NAMED_UNIT ( * ) SI_UNIT ( .MILLI., .METRE. ) );
#6729 = PRESENTATION_STYLE_ASSIGNMENT (( #11521 ) ) ;
#6730 = FACE_OUTER_BOUND ( 'NONE', #11770, .T. ) ;
#6731 = FILL_AREA_STYLE ('',( #2049 ) ) ;
#6732 = EDGE_CURVE ( 'NONE', #7815, #318, #9627, .T. ) ;
#6733 = ORIENTED_EDGE ( 'NONE', *, *, #9338, .T. ) ;
#6734 = CARTESIAN_POINT ( 'NONE',  ( -2.524999999999999467, 1.029999999999998028, 0.000000000000000000 ) ) ;
#6735 = LINE ( 'NONE', #5808, #9213 ) ;
#6736 = ORIENTED_EDGE ( 'NONE', *, *, #2966, .F. ) ;
#6737 = PLANE ( 'NONE',  #413 ) ;
#6738 = DIRECTION ( 'NONE',  ( 1.000000000000000000, 0.000000000000000000, 0.000000000000000000 ) ) ;
#6739 = VERTEX_POINT ( 'NONE', #9508 ) ;
#6740 = CARTESIAN_POINT ( 'NONE',  ( -0.1345106590289901760, -7.628147848041240131, 6.776263578034402713E-18 ) ) ;
#6741 = FACE_OUTER_BOUND ( 'NONE', #7621, .T. ) ;
#6742 = CARTESIAN_POINT ( 'NONE',  ( 3.000000000000000000, 0.5354264934286704358, 0.3554264934286704425 ) ) ;
#6743 =( GEOMETRIC_REPRESENTATION_CONTEXT ( 3 ) GLOBAL_UNCERTAINTY_ASSIGNED_CONTEXT ( ( #766 ) ) GLOBAL_UNIT_ASSIGNED_CONTEXT ( ( #242, #5238, #3127 ) ) REPRESENTATION_CONTEXT ( 'NONE', 'WORKASPACE' ) );
#6744 = CARTESIAN_POINT ( 'NONE',  ( -2.224999999999990763, -2.170000000000001705, 3.000000000000000000 ) ) ;
#6745 = UNCERTAINTY_MEASURE_WITH_UNIT (LENGTH_MEASURE( 1.000000000000000082E-05 ), #2607, 'distance_accuracy_value', 'NONE');
#6746 = VECTOR ( 'NONE', #5096, 1000.000000000000000 ) ;
#6747 = CARTESIAN_POINT ( 'NONE',  ( 1.792682926829265666, -8.013671570728277516, 0.01000000000000000021 ) ) ;
#6748 = DIRECTION ( 'NONE',  ( -0.3536223923290756632, 0.9353882635801357148, 0.000000000000000000 ) ) ;
#6749 = AXIS2_PLACEMENT_3D ( 'NONE', #8499, #9580, #10648 ) ;
#6750 = CARTESIAN_POINT ( 'NONE',  ( 2.603896141848203616, -7.508946911517773160, 5.082197683525802034E-18 ) ) ;
#6751 = EDGE_LOOP ( 'NONE', ( #9335, #2817, #10395, #11466 ) ) ;
#6752 = DIRECTION ( 'NONE',  ( -0.000000000000000000, -1.000000000000000000, 2.861335727341666912E-17 ) ) ;
#6753 = DIRECTION ( 'NONE',  ( -1.000000000000000000, -0.000000000000000000, 0.000000000000000000 ) ) ;
#6754 = LINE ( 'NONE', #8727, #9606 ) ;
#6755 =( NAMED_UNIT ( * ) SI_UNIT ( $, .STERADIAN. ) SOLID_ANGLE_UNIT ( ) );
#6756 = CARTESIAN_POINT ( 'NONE',  ( 2.149999999999999911, 1.029999999999998472, 0.5000000000000004441 ) ) ;
#6757 = SURFACE_STYLE_FILL_AREA ( #8669 ) ;
#6758 =( GEOMETRIC_REPRESENTATION_CONTEXT ( 3 ) GLOBAL_UNCERTAINTY_ASSIGNED_CONTEXT ( ( #5831 ) ) GLOBAL_UNIT_ASSIGNED_CONTEXT ( ( #319, #5318, #2198 ) ) REPRESENTATION_CONTEXT ( 'NONE', 'WORKASPACE' ) );
#6759 = VECTOR ( 'NONE', #9547, 1000.000000000000227 ) ;
#6760 = CARTESIAN_POINT ( 'NONE',  ( 1.899999999999996136, -0.9700000000000014166, 2.560317866458142966 ) ) ;
#6761 = EDGE_CURVE ( 'NONE', #6123, #1707, #6703, .T. ) ;
#6762 = EDGE_CURVE ( 'NONE', #3917, #1839, #7737, .T. ) ;
#6763 = DIRECTION ( 'NONE',  ( 0.000000000000000000, 0.000000000000000000, -1.000000000000000000 ) ) ;
#6764 = ORIENTED_EDGE ( 'NONE', *, *, #5404, .T. ) ;
#6765 = LINE ( 'NONE', #4894, #3052 ) ;
#6766 = SURFACE_SIDE_STYLE ('',( #4834 ) ) ;
#6767 =( GEOMETRIC_REPRESENTATION_CONTEXT ( 3 ) GLOBAL_UNCERTAINTY_ASSIGNED_CONTEXT ( ( #5602 ) ) GLOBAL_UNIT_ASSIGNED_CONTEXT ( ( #603, #5606, #12330 ) ) REPRESENTATION_CONTEXT ( 'NONE', 'WORKASPACE' ) );
#6768 = PLANE ( 'NONE',  #578 ) ;
#6769 = EDGE_CURVE ( 'NONE', #4780, #6105, #5659, .T. ) ;
#6770 = SURFACE_STYLE_FILL_AREA ( #11568 ) ;
#6771 = MECHANICAL_DESIGN_GEOMETRIC_PRESENTATION_REPRESENTATION (  '', ( #4185 ), #10421 ) ;
#6772 = CARTESIAN_POINT ( 'NONE',  ( 5.524999999999989697, -4.884999999999999787, -0.09862792926813598871 ) ) ;
#6773 = CARTESIAN_POINT ( 'NONE',  ( -2.524999999999990585, -3.615000000000001101, -0.01000000000000000021 ) ) ;
#6774 = AXIS2_PLACEMENT_3D ( 'NONE', #8932, #151, #7868 ) ;
#6775 = ORIENTED_EDGE ( 'NONE', *, *, #12092, .T. ) ;
#6776 =( NAMED_UNIT ( * ) PLANE_ANGLE_UNIT ( ) SI_UNIT ( $, .RADIAN. ) );
#6777 = ORIENTED_EDGE ( 'NONE', *, *, #9662, .T. ) ;
#6778 = ORIENTED_EDGE ( 'NONE', *, *, #6464, .T. ) ;
#6779 = VERTEX_POINT ( 'NONE', #3882 ) ;
#6780 = PLANE ( 'NONE',  #7587 ) ;
#6781 = FILL_AREA_STYLE ('',( #4490 ) ) ;
#6782 = ORIENTED_EDGE ( 'NONE', *, *, #8628, .F. ) ;
#6783 = ORIENTED_EDGE ( 'NONE', *, *, #10142, .F. ) ;
#6784 = DIRECTION ( 'NONE',  ( -1.000000000000000000, 0.000000000000000000, 0.000000000000000000 ) ) ;
#6785 = EDGE_CURVE ( 'NONE', #445, #672, #7797, .T. ) ;
#6786 = VERTEX_POINT ( 'NONE', #9697 ) ;
#6787 = DIRECTION ( 'NONE',  ( 1.000000000000000000, -2.742645811821039321E-16, 7.675767592817732391E-16 ) ) ;
#6788 = FACE_OUTER_BOUND ( 'NONE', #3413, .T. ) ;
#6789 =( NAMED_UNIT ( * ) SI_UNIT ( $, .STERADIAN. ) SOLID_ANGLE_UNIT ( ) );
#6790 = CARTESIAN_POINT ( 'NONE',  ( 2.131143549641029367, -8.308483271247780522, 0.01000000000000000021 ) ) ;
#6791 = MECHANICAL_DESIGN_GEOMETRIC_PRESENTATION_REPRESENTATION (  '', ( #2338 ), #10635 ) ;
#6792 = CARTESIAN_POINT ( 'NONE',  ( 2.680000000000000160, -0.3200000000000006173, 1.370310825858947368 ) ) ;
#6793 =( NAMED_UNIT ( * ) PLANE_ANGLE_UNIT ( ) SI_UNIT ( $, .RADIAN. ) );
#6794 = VECTOR ( 'NONE', #175, 1000.000000000000000 ) ;
#6795 = SURFACE_STYLE_FILL_AREA ( #5571 ) ;
#6796 = EDGE_LOOP ( 'NONE', ( #4406, #3357, #9201, #10981, #6060 ) ) ;
#6797 = CARTESIAN_POINT ( 'NONE',  ( 0.5840583680494039198, -7.723445733085000597, 0.000000000000000000 ) ) ;
#6798 = DIRECTION ( 'NONE',  ( -2.711582832752521336E-16, -1.885279841491026259E-31, -1.000000000000000000 ) ) ;
#6799 = DIRECTION ( 'NONE',  ( 0.000000000000000000, 1.000000000000000000, 0.000000000000000000 ) ) ;
#6800 = VECTOR ( 'NONE', #5889, 1000.000000000000000 ) ;
#6801 = DIRECTION ( 'NONE',  ( 6.051360962709794804E-16, 1.000000000000000000, 0.000000000000000000 ) ) ;
#6802 = ORIENTED_EDGE ( 'NONE', *, *, #8636, .F. ) ;
#6803 = STYLED_ITEM ( 'NONE', ( #10832 ), #6417 ) ;
#6804 = LINE ( 'NONE', #10487, #7699 ) ;
#6805 = ADVANCED_FACE ( 'NONE', ( #12373 ), #8601, .F. ) ;
#6806 = ORIENTED_EDGE ( 'NONE', *, *, #10047, .F. ) ;
#6807 = PLANE ( 'NONE',  #3482 ) ;
#6808 = DIRECTION ( 'NONE',  ( 0.000000000000000000, 2.861335727341666912E-17, 1.000000000000000000 ) ) ;
#6809 = VECTOR ( 'NONE', #9484, 1000.000000000000000 ) ;
#6810 = COLOUR_RGB ( '',0.2235294117647058654, 0.2235294117647058654, 0.2235294117647058654 ) ;
#6811 = DIRECTION ( 'NONE',  ( 7.353384987991343076E-16, -1.000000000000000000, -0.000000000000000000 ) ) ;
#6812 = CARTESIAN_POINT ( 'NONE',  ( 0.9232088414634120888, -8.464891082923399424, 0.01000000000000000021 ) ) ;
#6813 = CARTESIAN_POINT ( 'NONE',  ( 3.000000000000000000, 2.429999999999997939, -0.4000000000000001887 ) ) ;
#6814 = FACE_OUTER_BOUND ( 'NONE', #10711, .T. ) ;
#6815 = DIRECTION ( 'NONE',  ( -1.720087959076601316E-16, -0.000000000000000000, -1.000000000000000000 ) ) ;
#6816 = VECTOR ( 'NONE', #2183, 1000.000000000000000 ) ;
#6817 = STYLED_ITEM ( 'NONE', ( #3158 ), #7794 ) ;
#6818 =( GEOMETRIC_REPRESENTATION_CONTEXT ( 3 ) GLOBAL_UNCERTAINTY_ASSIGNED_CONTEXT ( ( #6350 ) ) GLOBAL_UNIT_ASSIGNED_CONTEXT ( ( #7801, #1093, #8807 ) ) REPRESENTATION_CONTEXT ( 'NONE', 'WORKASPACE' ) );
#6819 = ORIENTED_EDGE ( 'NONE', *, *, #7567, .T. ) ;
#6820 = VECTOR ( 'NONE', #9557, 1000.000000000000000 ) ;
#6821 = VECTOR ( 'NONE', #2291, 1000.000000000000000 ) ;
#6822 = DIRECTION ( 'NONE',  ( -1.000000000000000000, 0.000000000000000000, 2.168404344971010594E-16 ) ) ;
#6823 = CARTESIAN_POINT ( 'NONE',  ( 2.680000000000000160, 1.862871818038229543, -0.5000000000000000000 ) ) ;
#6824 = PRESENTATION_LAYER_ASSIGNMENT (  '', '', ( #10869 ) ) ;
#6825 = CARTESIAN_POINT ( 'NONE',  ( 2.356135670731704490, -7.562452058533155608, 0.000000000000000000 ) ) ;
#6826 = ORIENTED_EDGE ( 'NONE', *, *, #5860, .F. ) ;
#6827 = CARTESIAN_POINT ( 'NONE',  ( 0.8585252776294802768, -7.466103473587510031, 0.01000000000000000021 ) ) ;
#6828 = SURFACE_STYLE_FILL_AREA ( #5010 ) ;
#6829 = CARTESIAN_POINT ( 'NONE',  ( 2.499999999999996891, -6.419999999999999929, 5.059999999999999609 ) ) ;
#6830 = SURFACE_SIDE_STYLE ('',( #826 ) ) ;
#6831 = CARTESIAN_POINT ( 'NONE',  ( -5.010077000835909011, 0.4299999999999984945, 2.860000000000000764 ) ) ;
#6832 =( LENGTH_UNIT ( ) NAMED_UNIT ( * ) SI_UNIT ( .MILLI., .METRE. ) );
#6833 = SURFACE_SIDE_STYLE ('',( #139 ) ) ;
#6834 = COLOUR_RGB ( '',0.6470588235294117974, 0.6196078431372549211, 0.5882352941176470784 ) ;
#6835 = COLOUR_RGB ( '',0.6470588235294117974, 0.6196078431372549211, 0.5882352941176470784 ) ;
#6836 = VECTOR ( 'NONE', #6902, 1000.000000000000000 ) ;
#6837 = PLANE ( 'NONE',  #7419 ) ;
#6838 = DIRECTION ( 'NONE',  ( -0.000000000000000000, 0.000000000000000000, 1.000000000000000000 ) ) ;
#6839 = VECTOR ( 'NONE', #8964, 1000.000000000000114 ) ;
#6840 = CARTESIAN_POINT ( 'NONE',  ( 4.927962312940882939, -3.470000000000001528, 2.929999999999998384 ) ) ;
#6841 = ORIENTED_EDGE ( 'NONE', *, *, #891, .T. ) ;
#6842 = DIRECTION ( 'NONE',  ( -1.000000000000000000, -3.252606517456513302E-16, 0.000000000000000000 ) ) ;
#6843 =( LENGTH_UNIT ( ) NAMED_UNIT ( * ) SI_UNIT ( .MILLI., .METRE. ) );
#6844 = CARTESIAN_POINT ( 'NONE',  ( -2.524999999999991029, -6.170000000000001705, 3.000000000000000000 ) ) ;
#6845 =( LENGTH_UNIT ( ) NAMED_UNIT ( * ) SI_UNIT ( .MILLI., .METRE. ) );
#6846 =( LENGTH_UNIT ( ) NAMED_UNIT ( * ) SI_UNIT ( .MILLI., .METRE. ) );
#6847 = FACE_OUTER_BOUND ( 'NONE', #4611, .T. ) ;
#6848 =( GEOMETRIC_REPRESENTATION_CONTEXT ( 3 ) GLOBAL_UNCERTAINTY_ASSIGNED_CONTEXT ( ( #7846 ) ) GLOBAL_UNIT_ASSIGNED_CONTEXT ( ( #228, #5733, #3836 ) ) REPRESENTATION_CONTEXT ( 'NONE', 'WORKASPACE' ) );
#6849 = EDGE_CURVE ( 'NONE', #6739, #4628, #1884, .T. ) ;
#6850 = EDGE_LOOP ( 'NONE', ( #7658, #11805, #9383, #7521 ) ) ;
#6851 = EDGE_CURVE ( 'NONE', #7277, #3112, #3279, .T. ) ;
#6852 = LINE ( 'NONE', #9843, #8042 ) ;
#6853 = ORIENTED_EDGE ( 'NONE', *, *, #10888, .F. ) ;
#6854 = EDGE_CURVE ( 'NONE', #1032, #7107, #11000, .T. ) ;
#6855 = VERTEX_POINT ( 'NONE', #6026 ) ;
#6856 =( NAMED_UNIT ( * ) PLANE_ANGLE_UNIT ( ) SI_UNIT ( $, .RADIAN. ) );
#6857 = CARTESIAN_POINT ( 'NONE',  ( -2.224999999999990763, -2.170000000000001705, -0.01000000000000000021 ) ) ;
#6858 = ORIENTED_EDGE ( 'NONE', *, *, #4744, .F. ) ;
#6859 = EDGE_LOOP ( 'NONE', ( #1506, #8497, #6247, #9109 ) ) ;
#6860 = ORIENTED_EDGE ( 'NONE', *, *, #59, .T. ) ;
#6861 = SURFACE_SIDE_STYLE ('',( #9655 ) ) ;
#6862 = CARTESIAN_POINT ( 'NONE',  ( -0.3199999999999999512, 1.862871818038229543, 0.1399999999999999578 ) ) ;
#6863 =( NAMED_UNIT ( * ) PLANE_ANGLE_UNIT ( ) SI_UNIT ( $, .RADIAN. ) );
#6864 = CARTESIAN_POINT ( 'NONE',  ( 4.927962312940882939, -0.4700000000000009170, 1.329999999999998739 ) ) ;
#6865 = FILL_AREA_STYLE ('',( #1188 ) ) ;
#6866 = VECTOR ( 'NONE', #8843, 1000.000000000000000 ) ;
#6867 = ADVANCED_FACE ( 'NONE', ( #9830 ), #1270, .F. ) ;
#6868 = ORIENTED_EDGE ( 'NONE', *, *, #9353, .T. ) ;
#6869 = CARTESIAN_POINT ( 'NONE',  ( -0.3199999999999999512, 0.5354264934286706579, 0.1399999999999999856 ) ) ;
#6870 = CARTESIAN_POINT ( 'NONE',  ( 0.9999999999999961142, -7.419999999999999929, 0.000000000000000000 ) ) ;
#6871 = AXIS2_PLACEMENT_3D ( 'NONE', #5878, #1060, #3795 ) ;
#6872 = ORIENTED_EDGE ( 'NONE', *, *, #893, .F. ) ;
#6873 = CARTESIAN_POINT ( 'NONE',  ( -0.1165787611304110183, -7.626264129667209346, 0.01000000000000000021 ) ) ;
#6874 = DIRECTION ( 'NONE',  ( 0.000000000000000000, 0.000000000000000000, -1.000000000000000000 ) ) ;
#6875 = DIRECTION ( 'NONE',  ( -1.371322905910519414E-16, 1.000000000000000000, -0.000000000000000000 ) ) ;
#6876 = VECTOR ( 'NONE', #8612, 1000.000000000000000 ) ;
#6877 = CARTESIAN_POINT ( 'NONE',  ( 5.524999999999989697, -4.884999999999999787, -0.09862792926813598871 ) ) ;
#6878 = FILL_AREA_STYLE ('',( #3989 ) ) ;
#6879 = CARTESIAN_POINT ( 'NONE',  ( 0.8308050611125296081, -7.579966186090296709, 0.01000000000000000021 ) ) ;
#6880 = DIRECTION ( 'NONE',  ( 0.000000000000000000, 0.000000000000000000, 1.000000000000000000 ) ) ;
#6881 = CARTESIAN_POINT ( 'NONE',  ( 1.414634146341460674, -7.464891082923399424, 0.000000000000000000 ) ) ;
#6882 = UNCERTAINTY_MEASURE_WITH_UNIT (LENGTH_MEASURE( 1.000000000000000082E-05 ), #14, 'distance_accuracy_value', 'NONE');
#6883 = EDGE_CURVE ( 'NONE', #1707, #1170, #7859, .T. ) ;
#6884 = MECHANICAL_DESIGN_GEOMETRIC_PRESENTATION_REPRESENTATION (  '', ( #8696 ), #10139 ) ;
#6885 = VERTEX_POINT ( 'NONE', #11873 ) ;
#6886 = MECHANICAL_DESIGN_GEOMETRIC_PRESENTATION_REPRESENTATION (  '', ( #8107 ), #3454 ) ;
#6887 = CARTESIAN_POINT ( 'NONE',  ( 3.000000000000000000, 2.429999999999997939, -2.109999999999999432 ) ) ;
#6888 = DIRECTION ( 'NONE',  ( 0.000000000000000000, -0.000000000000000000, -1.000000000000000000 ) ) ;
#6889 = CARTESIAN_POINT ( 'NONE',  ( 2.865418135081419848, -7.964299901081895783, 0.01000000000000000021 ) ) ;
#6890 = ORIENTED_EDGE ( 'NONE', *, *, #6966, .F. ) ;
#6891 = CARTESIAN_POINT ( 'NONE',  ( 0.3914235936273749994, -7.898742862584233748, 0.01000000000000000021 ) ) ;
#6892 = LINE ( 'NONE', #4136, #1764 ) ;
#6893 =( GEOMETRIC_REPRESENTATION_CONTEXT ( 3 ) GLOBAL_UNCERTAINTY_ASSIGNED_CONTEXT ( ( #1653 ) ) GLOBAL_UNIT_ASSIGNED_CONTEXT ( ( #6846, #5782, #6711 ) ) REPRESENTATION_CONTEXT ( 'NONE', 'WORKASPACE' ) );
#6894 = CARTESIAN_POINT ( 'NONE',  ( -7.806255641895631925E-15, -7.419999999999999929, -0.5000000000000000000 ) ) ;
#6895 = CARTESIAN_POINT ( 'NONE',  ( -1.269999999999999574, -8.920000000000001705, 3.199999999999999734 ) ) ;
#6896 = PRESENTATION_STYLE_ASSIGNMENT (( #11618 ) ) ;
#6897 = DIRECTION ( 'NONE',  ( -2.711582832752521336E-16, 0.000000000000000000, -1.000000000000000000 ) ) ;
#6898 = VECTOR ( 'NONE', #9570, 1000.000000000000000 ) ;
#6899 = EDGE_CURVE ( 'NONE', #5294, #2542, #11755, .T. ) ;
#6900 = ORIENTED_EDGE ( 'NONE', *, *, #11496, .T. ) ;
#6901 = CARTESIAN_POINT ( 'NONE',  ( 5.574999999999998401, 0.4299999999999985500, 2.529999999999999361 ) ) ;
#6902 = DIRECTION ( 'NONE',  ( -0.000000000000000000, -0.000000000000000000, -1.000000000000000000 ) ) ;
#6903 = CARTESIAN_POINT ( 'NONE',  ( 2.378620426829265444, -8.367330107313643239, 0.000000000000000000 ) ) ;
#6904 = CARTESIAN_POINT ( 'NONE',  ( 4.269999999999999574, -8.920000000000001705, 3.199999999999999734 ) ) ;
#6905 = DIRECTION ( 'NONE',  ( 0.000000000000000000, -0.000000000000000000, 1.000000000000000000 ) ) ;
#6906 = CARTESIAN_POINT ( 'NONE',  ( 3.000000000000000888, -0.9700000000000020828, -0.5000000000000000000 ) ) ;
#6907 = VERTEX_POINT ( 'NONE', #2271 ) ;
#6908 = MECHANICAL_DESIGN_GEOMETRIC_PRESENTATION_REPRESENTATION (  '', ( #5924 ), #3700 ) ;
#6909 = CARTESIAN_POINT ( 'NONE',  ( 0.4999999999999970024, -6.208407623149841292, 5.059999999999999609 ) ) ;
#6910 = VERTEX_POINT ( 'NONE', #273 ) ;
#6911 = PRESENTATION_LAYER_ASSIGNMENT (  '', '', ( #12345 ) ) ;
#6912 = ORIENTED_EDGE ( 'NONE', *, *, #6579, .F. ) ;
#6913 = CARTESIAN_POINT ( 'NONE',  ( 2.846673798692248347, -7.817752595680978800, 0.01000000000000000021 ) ) ;
#6914 = DIRECTION ( 'NONE',  ( 0.000000000000000000, 0.000000000000000000, 1.000000000000000000 ) ) ;
#6915 = ORIENTED_EDGE ( 'NONE', *, *, #7871, .T. ) ;
#6916 = MECHANICAL_DESIGN_GEOMETRIC_PRESENTATION_REPRESENTATION (  '', ( #9975 ), #3487 ) ;
#6917 = ORIENTED_EDGE ( 'NONE', *, *, #9640, .F. ) ;
#6918 = VECTOR ( 'NONE', #2816, 1000.000000000000000 ) ;
#6919 = EDGE_LOOP ( 'NONE', ( #11283, #436, #2688, #2612 ) ) ;
#6920 = EDGE_CURVE ( 'NONE', #5853, #7384, #2150, .T. ) ;
#6921 = CARTESIAN_POINT ( 'NONE',  ( -0.1076600609756123983, -7.656964253655107022, 0.000000000000000000 ) ) ;
#6922 = DIRECTION ( 'NONE',  ( 0.000000000000000000, 0.000000000000000000, 1.000000000000000000 ) ) ;
#6923 = DIRECTION ( 'NONE',  ( -0.000000000000000000, 0.000000000000000000, 1.000000000000000000 ) ) ;
#6924 = COLOUR_RGB ( '',0.2235294117647058654, 0.2235294117647058654, 0.2235294117647058654 ) ;
#6925 = DIRECTION ( 'NONE',  ( 0.000000000000000000, 0.000000000000000000, -1.000000000000000000 ) ) ;
#6926 = CARTESIAN_POINT ( 'NONE',  ( 5.524999999999987921, -3.614999999999999769, -0.01000000000000000021 ) ) ;
#6927 = VECTOR ( 'NONE', #2493, 1000.000000000000000 ) ;
#6928 = ORIENTED_EDGE ( 'NONE', *, *, #2057, .F. ) ;
#6929 = PRESENTATION_STYLE_ASSIGNMENT (( #2299 ) ) ;
#6930 = DIRECTION ( 'NONE',  ( -1.000000000000000000, -0.000000000000000000, -0.000000000000000000 ) ) ;
#6931 = ADVANCED_FACE ( 'NONE', ( #211 ), #8924, .F. ) ;
#6932 = DIRECTION ( 'NONE',  ( -0.000000000000000000, -0.000000000000000000, -1.000000000000000000 ) ) ;
#6933 = EDGE_CURVE ( 'NONE', #6162, #4628, #1514, .T. ) ;
#6934 = FILL_AREA_STYLE_COLOUR ( '', #2035 ) ;
#6935 = EDGE_LOOP ( 'NONE', ( #5683, #5504, #5553, #3351 ) ) ;
#6936 = CARTESIAN_POINT ( 'NONE',  ( -0.1225000760641315189, -7.593963194723815313, 0.01000000000000000021 ) ) ;
#6937 = DIRECTION ( 'NONE',  ( 1.084202172485504434E-16, 1.000000000000000000, -1.734723475976807341E-16 ) ) ;
#6938 = CARTESIAN_POINT ( 'NONE',  ( -3.325000000000000178, -3.470000000000001528, 2.929999999999998384 ) ) ;
#6939 = ADVANCED_FACE ( 'NONE', ( #6332 ), #2393, .T. ) ;
#6940 = CARTESIAN_POINT ( 'NONE',  ( 0.8500000000000009770, 0.5299999999999985834, 3.859999999999999876 ) ) ;
#6941 = LINE ( 'NONE', #5947, #10033 ) ;
#6942 = SURFACE_SIDE_STYLE ('',( #6067 ) ) ;
#6943 = DIRECTION ( 'NONE',  ( -0.000000000000000000, 1.000000000000000000, -0.000000000000000000 ) ) ;
#6944 = VERTEX_POINT ( 'NONE', #11993 ) ;
#6945 = PRESENTATION_STYLE_ASSIGNMENT (( #6197 ) ) ;
#6946 = CARTESIAN_POINT ( 'NONE',  ( 2.462710950633605567, -7.460988490755304348, 0.01000000000000000021 ) ) ;
#6947 = ORIENTED_EDGE ( 'NONE', *, *, #6899, .T. ) ;
#6948 = UNCERTAINTY_MEASURE_WITH_UNIT (LENGTH_MEASURE( 1.000000000000000082E-05 ), #4278, 'distance_accuracy_value', 'NONE');
#6949 = CARTESIAN_POINT ( 'NONE',  ( 0.8945473432507211609, -7.465300574875980644, 0.01000000000000000021 ) ) ;
#6950 = CARTESIAN_POINT ( 'NONE',  ( -2.224999999999990763, 0.000000000000000000, 0.000000000000000000 ) ) ;
#6951 = ADVANCED_FACE ( 'NONE', ( #9315 ), #6391, .F. ) ;
#6952 = DIRECTION ( 'NONE',  ( 0.000000000000000000, -1.000000000000000000, -1.012465936773767407E-16 ) ) ;
#6953 = MECHANICAL_DESIGN_GEOMETRIC_PRESENTATION_REPRESENTATION (  '', ( #7578 ), #8561 ) ;
#6954 = FILL_AREA_STYLE_COLOUR ( '', #11798 ) ;
#6955 = FACE_OUTER_BOUND ( 'NONE', #1139, .T. ) ;
#6956 = FACE_OUTER_BOUND ( 'NONE', #2281, .T. ) ;
#6957 = FILL_AREA_STYLE ('',( #11753 ) ) ;
#6958 = DIRECTION ( 'NONE',  ( 0.7071067811865487940, 0.7071067811865463515, 2.044391222244506000E-16 ) ) ;
#6959 = VECTOR ( 'NONE', #5102, 999.9999999999998863 ) ;
#6960 = SURFACE_STYLE_USAGE ( .BOTH. , #5086 ) ;
#6961 = VECTOR ( 'NONE', #3627, 1000.000000000000000 ) ;
#6962 = ORIENTED_EDGE ( 'NONE', *, *, #8002, .T. ) ;
#6963 = CARTESIAN_POINT ( 'NONE',  ( 2.999999999999996891, 0.000000000000000000, -0.5000000000000000000 ) ) ;
#6964 = CARTESIAN_POINT ( 'NONE',  ( -0.3499999999999989786, -0.4700000000000016387, 3.360000000000000320 ) ) ;
#6965 = CARTESIAN_POINT ( 'NONE',  ( -0.3199999999999999512, 0.3200000000000001732, 0.3554264934286706090 ) ) ;
#6966 = EDGE_CURVE ( 'NONE', #1072, #9301, #458, .T. ) ;
#6967 = CARTESIAN_POINT ( 'NONE',  ( 1.439024390243899720, -7.903915473167301364, 0.000000000000000000 ) ) ;
#6968 = SURFACE_STYLE_FILL_AREA ( #282 ) ;
#6969 = ORIENTED_EDGE ( 'NONE', *, *, #2890, .F. ) ;
#6970 = STYLED_ITEM ( 'NONE', ( #2389 ), #10290 ) ;
#6971 = VECTOR ( 'NONE', #6002, 1000.000000000000000 ) ;
#6972 = SURFACE_SIDE_STYLE ('',( #4904 ) ) ;
#6973 = ORIENTED_EDGE ( 'NONE', *, *, #9419, .F. ) ;
#6974 = PLANE ( 'NONE',  #1169 ) ;
#6975 = CARTESIAN_POINT ( 'NONE',  ( 2.627661367580466312, -7.673825981427565779, 0.000000000000000000 ) ) ;
#6976 = FILL_AREA_STYLE_COLOUR ( '', #5464 ) ;
#6977 = VECTOR ( 'NONE', #116, 1000.000000000000000 ) ;
#6978 = ORIENTED_EDGE ( 'NONE', *, *, #3410, .T. ) ;
#6979 = COLOUR_RGB ( '',0.6470588235294117974, 0.6196078431372549211, 0.5882352941176470784 ) ;
#6980 = ORIENTED_EDGE ( 'NONE', *, *, #1051, .F. ) ;
#6981 =( LENGTH_UNIT ( ) NAMED_UNIT ( * ) SI_UNIT ( .MILLI., .METRE. ) );
#6982 = CARTESIAN_POINT ( 'NONE',  ( 2.472107144239671594, -7.577317536862717695, 0.01000000000000000021 ) ) ;
#6983 = DIRECTION ( 'NONE',  ( 1.000000000000000000, 0.000000000000000000, 0.000000000000000000 ) ) ;
#6984 = CARTESIAN_POINT ( 'NONE',  ( 1.749999999999995559, -0.9700000000000014166, 0.5000000000000003331 ) ) ;
#6985 = CARTESIAN_POINT ( 'NONE',  ( 1.792682926829265666, -7.903915473167301364, 0.01000000000000000021 ) ) ;
#6986 = CARTESIAN_POINT ( 'NONE',  ( -0.3199999999999999512, -0.3200000000000007283, 1.370310825858947368 ) ) ;
#6987 = SURFACE_STYLE_USAGE ( .BOTH. , #5931 ) ;
#6988 = CARTESIAN_POINT ( 'NONE',  ( -0.3499999999999989786, -0.4700000000000016387, 3.360000000000000320 ) ) ;
#6989 = PRESENTATION_LAYER_ASSIGNMENT (  '', '', ( #1924 ) ) ;
#6990 = VERTEX_POINT ( 'NONE', #2578 ) ;
#6991 = CARTESIAN_POINT ( 'NONE',  ( 2.448410314753104000, -8.475941918624160465, 0.01000000000000000021 ) ) ;
#6992 = EDGE_LOOP ( 'NONE', ( #11393, #2850, #2428, #2878 ) ) ;
#6993 = CARTESIAN_POINT ( 'NONE',  ( -0.3500000000000000333, 0.5299999999999983613, 0.000000000000000000 ) ) ;
#6994 = COLOUR_RGB ( '',0.6470588235294117974, 0.6196078431372549211, 0.5882352941176470784 ) ;
#6995 = VECTOR ( 'NONE', #1401, 1000.000000000000000 ) ;
#6996 = LINE ( 'NONE', #10924, #2268 ) ;
#6997 = VECTOR ( 'NONE', #4817, 1000.000000000000000 ) ;
#6998 = PRESENTATION_STYLE_ASSIGNMENT (( #6128 ) ) ;
#6999 = DIRECTION ( 'NONE',  ( 0.000000000000000000, 1.000000000000000000, 0.000000000000000000 ) ) ;
#7000 =( LENGTH_UNIT ( ) NAMED_UNIT ( * ) SI_UNIT ( .MILLI., .METRE. ) );
#7001 = EDGE_CURVE ( 'NONE', #3113, #7772, #6455, .T. ) ;
#7002 = B_SPLINE_CURVE_WITH_KNOTS ( 'NONE', 3,
 ( #8360, #12197, #11269, #2601, #2910, #2721, #12443, #8743, #838, #11569, #5667, #898, #1895, #5848, #11504, #1775, #1028, #1832, #7625 ),
 .UNSPECIFIED., .F., .F.,
 ( 4, 1, 1, 1, 1, 1, 1, 1, 1, 1, 1, 1, 1, 1, 1, 1, 4 ),
 ( 0.000000000000000000, 0.06863117867660115112, 0.1345664660386773070, 0.1983281540108813024, 0.2607897666408452442, 0.3219991514841586411, 0.3827217465030199883, 0.4435374740357290735, 0.5051334294849253448, 0.5662138747646723314, 0.6261058646175461373, 0.6853493221605171382, 0.7449958703477980171, 0.8054158418145634935, 0.8676362663459540325, 0.9323077823023303567, 1.000000000000000000 ),
 .UNSPECIFIED. ) ;
#7003 = ADVANCED_FACE ( 'NONE', ( #11189 ), #9246, .T. ) ;
#7004 = AXIS2_PLACEMENT_3D ( 'NONE', #1636, #7216, #7411 ) ;
#7005 = EDGE_LOOP ( 'NONE', ( #3130, #548, #133, #4482, #3791, #9616 ) ) ;
#7006 = AXIS2_PLACEMENT_3D ( 'NONE', #2807, #8326, #6669 ) ;
#7007 = EDGE_CURVE ( 'NONE', #5175, #1715, #46, .T. ) ;
#7008 = PLANE ( 'NONE',  #6695 ) ;
#7009 = EDGE_LOOP ( 'NONE', ( #438, #8458, #8642, #9864 ) ) ;
#7010 = SURFACE_SIDE_STYLE ('',( #1011 ) ) ;
#7011 = CARTESIAN_POINT ( 'NONE',  ( 2.650000000000000799, -0.4700000000000016387, 3.360000000000000320 ) ) ;
#7012 = SURFACE_STYLE_FILL_AREA ( #5139 ) ;
#7013 = FACE_OUTER_BOUND ( 'NONE', #11657, .T. ) ;
#7014 =( GEOMETRIC_REPRESENTATION_CONTEXT ( 3 ) GLOBAL_UNCERTAINTY_ASSIGNED_CONTEXT ( ( #5213 ) ) GLOBAL_UNIT_ASSIGNED_CONTEXT ( ( #6059, #11904, #10914 ) ) REPRESENTATION_CONTEXT ( 'NONE', 'WORKASPACE' ) );
#7015 = SURFACE_STYLE_USAGE ( .BOTH. , #9050 ) ;
#7016 = SURFACE_STYLE_USAGE ( .BOTH. , #5140 ) ;
#7017 = CARTESIAN_POINT ( 'NONE',  ( -3.903127820947815962E-15, -0.9700000000000020828, -0.5000000000000000000 ) ) ;
#7018 = MECHANICAL_DESIGN_GEOMETRIC_PRESENTATION_REPRESENTATION (  '', ( #7226 ), #10266 ) ;
#7019 = CYLINDRICAL_SURFACE ( 'NONE', #746, 0.8554264934286703870 ) ;
#7020 =( GEOMETRIC_REPRESENTATION_CONTEXT ( 3 ) GLOBAL_UNCERTAINTY_ASSIGNED_CONTEXT ( ( #1408 ) ) GLOBAL_UNIT_ASSIGNED_CONTEXT ( ( #9572, #7745, #12378 ) ) REPRESENTATION_CONTEXT ( 'NONE', 'WORKASPACE' ) );
#7021 = ADVANCED_FACE ( 'NONE', ( #9800 ), #11359, .F. ) ;
#7022 = VECTOR ( 'NONE', #1779, 1000.000000000000000 ) ;
#7023 = DIRECTION ( 'NONE',  ( 0.000000000000000000, -0.000000000000000000, 1.000000000000000000 ) ) ;
#7024 =( GEOMETRIC_REPRESENTATION_CONTEXT ( 3 ) GLOBAL_UNCERTAINTY_ASSIGNED_CONTEXT ( ( #8243 ) ) GLOBAL_UNIT_ASSIGNED_CONTEXT ( ( #5474, #10268, #7291 ) ) REPRESENTATION_CONTEXT ( 'NONE', 'WORKASPACE' ) );
#7025 = MECHANICAL_DESIGN_GEOMETRIC_PRESENTATION_REPRESENTATION (  '', ( #8848 ), #8235 ) ;
#7026 = ORIENTED_EDGE ( 'NONE', *, *, #3929, .T. ) ;
#7027 = LINE ( 'NONE', #5027, #6836 ) ;
#7028 = PRESENTATION_LAYER_ASSIGNMENT (  '', '', ( #11445 ) ) ;
#7029 =( GEOMETRIC_REPRESENTATION_CONTEXT ( 3 ) GLOBAL_UNCERTAINTY_ASSIGNED_CONTEXT ( ( #12117 ) ) GLOBAL_UNIT_ASSIGNED_CONTEXT ( ( #5092, #8995, #8047 ) ) REPRESENTATION_CONTEXT ( 'NONE', 'WORKASPACE' ) );
#7030 = FILL_AREA_STYLE ('',( #524 ) ) ;
#7031 = CARTESIAN_POINT ( 'NONE',  ( -2.524999999999990585, -2.170000000000001705, 3.000000000000000000 ) ) ;
#7032 = CARTESIAN_POINT ( 'NONE',  ( -0.1399229991640932591, 1.029999999999998472, 0.5000000000000004441 ) ) ;
#7033 = EDGE_LOOP ( 'NONE', ( #9778, #442, #7879, #7566 ) ) ;
#7034 = COLOUR_RGB ( '',0.2235294117647058654, 0.2235294117647058654, 0.2235294117647058654 ) ;
#7035 = ADVANCED_FACE ( 'NONE', ( #2702 ), #1119, .T. ) ;
#7036 = CARTESIAN_POINT ( 'NONE',  ( 2.725936129110462236, -7.886100544730569872, 0.000000000000000000 ) ) ;
#7037 = SURFACE_STYLE_USAGE ( .BOTH. , #10030 ) ;
#7038 = AXIS2_PLACEMENT_3D ( 'NONE', #6167, #9924, #5225 ) ;
#7039 =( NAMED_UNIT ( * ) PLANE_ANGLE_UNIT ( ) SI_UNIT ( $, .RADIAN. ) );
#7040 = ORIENTED_EDGE ( 'NONE', *, *, #8537, .T. ) ;
#7041 = EDGE_LOOP ( 'NONE', ( #10224, #849, #6153, #10454 ) ) ;
#7042 = PRESENTATION_LAYER_ASSIGNMENT (  '', '', ( #6638 ) ) ;
#7043 = CARTESIAN_POINT ( 'NONE',  ( 0.4999999999999970024, -6.214787914004598512, 5.023815572471543867 ) ) ;
#7044 = FILL_AREA_STYLE_COLOUR ( '', #4430 ) ;
#7045 = FACE_OUTER_BOUND ( 'NONE', #7758, .T. ) ;
#7046 = PLANE ( 'NONE',  #3399 ) ;
#7047 = CARTESIAN_POINT ( 'NONE',  ( 2.000000000000000888, -7.419999999999999929, -0.5000000000000000000 ) ) ;
#7048 = CARTESIAN_POINT ( 'NONE',  ( 2.307623545928403797, -8.363650991226123210, 6.776263578034402713E-18 ) ) ;
#7049 = CARTESIAN_POINT ( 'NONE',  ( -0.06097560975610021722, -7.464891082923399424, 0.000000000000000000 ) ) ;
#7050 = SURFACE_STYLE_FILL_AREA ( #9018 ) ;
#7051 = DIRECTION ( 'NONE',  ( 1.000000000000000000, -0.000000000000000000, -0.000000000000000000 ) ) ;
#7052 = ORIENTED_EDGE ( 'NONE', *, *, #5244, .T. ) ;
#7053 = EDGE_LOOP ( 'NONE', ( #1725, #8137, #5237, #2867, #3326, #4090, #923, #233, #794, #9934, #9044, #1039 ) ) ;
#7054 = DIRECTION ( 'NONE',  ( 0.000000000000000000, -1.000000000000000000, 0.000000000000000000 ) ) ;
#7055 = LINE ( 'NONE', #552, #2379 ) ;
#7056 = DIRECTION ( 'NONE',  ( -0.1710878697460329056, 0.9702875252478146972, 0.1710878697460336550 ) ) ;
#7057 = VECTOR ( 'NONE', #7056, 999.9999999999998863 ) ;
#7058 = EDGE_LOOP ( 'NONE', ( #9358, #8258, #7073, #4509 ) ) ;
#7059 = CARTESIAN_POINT ( 'NONE',  ( -0.1202972493382168800, -7.607415152209985543, 0.01000000000000000021 ) ) ;
#7060 = CARTESIAN_POINT ( 'NONE',  ( 1.926829268292680197, -8.464891082923399424, 0.000000000000000000 ) ) ;
#7061 = FILL_AREA_STYLE_COLOUR ( '', #6268 ) ;
#7062 = PLANE ( 'NONE',  #717 ) ;
#7063 = LINE ( 'NONE', #382, #8023 ) ;
#7064 = SURFACE_STYLE_FILL_AREA ( #1386 ) ;
#7065 = PLANE ( 'NONE',  #5202 ) ;
#7066 =( GEOMETRIC_REPRESENTATION_CONTEXT ( 3 ) GLOBAL_UNCERTAINTY_ASSIGNED_CONTEXT ( ( #7607 ) ) GLOBAL_UNIT_ASSIGNED_CONTEXT ( ( #9918, #7039, #6288 ) ) REPRESENTATION_CONTEXT ( 'NONE', 'WORKASPACE' ) );
#7067 = ORIENTED_EDGE ( 'NONE', *, *, #2912, .F. ) ;
#7068 = DIRECTION ( 'NONE',  ( 0.000000000000000000, -1.000000000000000000, 0.000000000000000000 ) ) ;
#7069 = COLOUR_RGB ( '',0.6470588235294117974, 0.6196078431372549211, 0.5882352941176470784 ) ;
#7070 = FACE_OUTER_BOUND ( 'NONE', #5736, .T. ) ;
#7071 = EDGE_CURVE ( 'NONE', #10151, #2566, #8834, .T. ) ;
#7072 = FILL_AREA_STYLE_COLOUR ( '', #1647 ) ;
#7073 = ORIENTED_EDGE ( 'NONE', *, *, #6785, .F. ) ;
#7074 = UNCERTAINTY_MEASURE_WITH_UNIT (LENGTH_MEASURE( 1.000000000000000082E-05 ), #7556, 'distance_accuracy_value', 'NONE');
#7075 = VECTOR ( 'NONE', #4180, 1000.000000000000000 ) ;
#7076 = PLANE ( 'NONE',  #8450 ) ;
#7077 = CARTESIAN_POINT ( 'NONE',  ( 0.5039207494687040212, -7.630962125009912000, 6.776263578034402713E-18 ) ) ;
#7078 = CARTESIAN_POINT ( 'NONE',  ( 2.121951219512192566, -7.492330107313643239, 6.776263578034402713E-18 ) ) ;
#7079 = DIRECTION ( 'NONE',  ( -1.000000000000000000, 0.000000000000000000, -2.891205793294684243E-16 ) ) ;
#7080 = LINE ( 'NONE', #6019, #9412 ) ;
#7081 = EDGE_CURVE ( 'NONE', #571, #5107, #5937, .T. ) ;
#7082 = DIRECTION ( 'NONE',  ( 0.000000000000000000, 1.000000000000000000, 0.000000000000000000 ) ) ;
#7083 = CARTESIAN_POINT ( 'NONE',  ( 0.3906430703327959386, -7.934187896840218635, 0.01000000000000000021 ) ) ;
#7084 = EDGE_CURVE ( 'NONE', #5056, #5673, #7769, .T. ) ;
#7085 = FACE_OUTER_BOUND ( 'NONE', #4397, .T. ) ;
#7086 = STYLED_ITEM ( 'NONE', ( #586 ), #10125 ) ;
#7087 = SURFACE_STYLE_FILL_AREA ( #7154 ) ;
#7088 = CARTESIAN_POINT ( 'NONE',  ( 2.499999999999996891, -7.019999999999975593, 5.059999999999999609 ) ) ;
#7089 = EDGE_CURVE ( 'NONE', #8356, #8654, #2936, .T. ) ;
#7090 = ORIENTED_EDGE ( 'NONE', *, *, #7567, .F. ) ;
#7091 = EDGE_CURVE ( 'NONE', #3582, #10837, #2053, .T. ) ;
#7092 = CARTESIAN_POINT ( 'NONE',  ( -2.524999999999994138, -6.170000000000001705, 0.000000000000000000 ) ) ;
#7093 = DIRECTION ( 'NONE',  ( -1.000000000000000000, 0.000000000000000000, 3.208582496119500624E-15 ) ) ;
#7094 =( GEOMETRIC_REPRESENTATION_CONTEXT ( 3 ) GLOBAL_UNCERTAINTY_ASSIGNED_CONTEXT ( ( #6201 ) ) GLOBAL_UNIT_ASSIGNED_CONTEXT ( ( #991, #4688, #868 ) ) REPRESENTATION_CONTEXT ( 'NONE', 'WORKASPACE' ) );
#7095 = CARTESIAN_POINT ( 'NONE',  ( 0.3012665221284892003, -6.959114650509133249, 1.628733477871510127 ) ) ;
#7096 = DIRECTION ( 'NONE',  ( -1.000000000000000000, -3.938574995911015532E-16, 0.000000000000000000 ) ) ;
#7097 = ADVANCED_FACE ( 'NONE', ( #243 ), #9494, .F. ) ;
#7098 =( LENGTH_UNIT ( ) NAMED_UNIT ( * ) SI_UNIT ( .MILLI., .METRE. ) );
#7099 = EDGE_CURVE ( 'NONE', #5283, #4799, #11157, .T. ) ;
#7100 = ORIENTED_EDGE ( 'NONE', *, *, #4784, .F. ) ;
#7101 = UNCERTAINTY_MEASURE_WITH_UNIT (LENGTH_MEASURE( 1.000000000000000082E-05 ), #3323, 'distance_accuracy_value', 'NONE');
#7102 = FACE_OUTER_BOUND ( 'NONE', #5670, .T. ) ;
#7103 = VECTOR ( 'NONE', #11265, 1000.000000000000000 ) ;
#7104 = CARTESIAN_POINT ( 'NONE',  ( 2.512163064414587588, -7.472362392242970053, 0.01000000000000000021 ) ) ;
#7105 = CARTESIAN_POINT ( 'NONE',  ( 0.4999999999999970024, -8.219999999999988205, 3.859999999999999876 ) ) ;
#7106 = CARTESIAN_POINT ( 'NONE',  ( 0.4999999999999970024, -6.419999999999999929, 3.859999999999999876 ) ) ;
#7107 = VERTEX_POINT ( 'NONE', #1247 ) ;
#7108 = VERTEX_POINT ( 'NONE', #8260 ) ;
#7109 = DIRECTION ( 'NONE',  ( -1.156482317317872711E-15, 1.000000000000000000, 8.876889492935278924E-31 ) ) ;
#7110 = UNCERTAINTY_MEASURE_WITH_UNIT (LENGTH_MEASURE( 1.000000000000000082E-05 ), #3872, 'distance_accuracy_value', 'NONE');
#7111 = FILL_AREA_STYLE ('',( #7044 ) ) ;
#7112 = DIRECTION ( 'NONE',  ( 1.000000000000000000, 3.938574995911015039E-16, 1.084946484143765172E-16 ) ) ;
#7113 = CARTESIAN_POINT ( 'NONE',  ( -0.1423399390243929308, -7.656964253655107022, 6.776263578034402713E-18 ) ) ;
#7114 = CARTESIAN_POINT ( 'NONE',  ( 0.5254059328075832980, -8.000444470004596909, 0.01000000000000000021 ) ) ;
#7115 = LINE ( 'NONE', #9144, #11951 ) ;
#7116 =( GEOMETRIC_REPRESENTATION_CONTEXT ( 3 ) GLOBAL_UNCERTAINTY_ASSIGNED_CONTEXT ( ( #3740 ) ) GLOBAL_UNIT_ASSIGNED_CONTEXT ( ( #7964, #11804, #6072 ) ) REPRESENTATION_CONTEXT ( 'NONE', 'WORKASPACE' ) );
#7117 = EDGE_CURVE ( 'NONE', #8811, #3780, #7189, .T. ) ;
#7118 = DIRECTION ( 'NONE',  ( 0.000000000000000000, -2.861335727341666912E-17, -1.000000000000000000 ) ) ;
#7119 = LINE ( 'NONE', #10972, #3339 ) ;
#7120 = DIRECTION ( 'NONE',  ( 0.000000000000000000, 1.000000000000000000, 0.000000000000000000 ) ) ;
#7121 = CYLINDRICAL_SURFACE ( 'NONE', #4414, 0.5000000000000000000 ) ;
#7122 = ORIENTED_EDGE ( 'NONE', *, *, #2774, .F. ) ;
#7123 =( NAMED_UNIT ( * ) SI_UNIT ( $, .STERADIAN. ) SOLID_ANGLE_UNIT ( ) );
#7124 = VECTOR ( 'NONE', #5681, 1000.000000000000000 ) ;
#7125 = DIRECTION ( 'NONE',  ( -0.000000000000000000, 0.000000000000000000, -1.000000000000000000 ) ) ;
#7126 = CARTESIAN_POINT ( 'NONE',  ( 2.858590348318216900, -8.089074146431039836, 6.776263578034402713E-18 ) ) ;
#7127 = EDGE_LOOP ( 'NONE', ( #9215, #10100, #10945, #8265 ) ) ;
#7128 = CARTESIAN_POINT ( 'NONE',  ( 2.680000000000000160, 2.429999999999997939, -0.5000000000000000000 ) ) ;
#7129 = EDGE_LOOP ( 'NONE', ( #389, #10844, #4387, #11515 ) ) ;
#7130 = PRESENTATION_LAYER_ASSIGNMENT (  '', '', ( #12354 ) ) ;
#7131 = FACE_OUTER_BOUND ( 'NONE', #7256, .T. ) ;
#7132 = CARTESIAN_POINT ( 'NONE',  ( 2.150000000000000799, 0.5299999999999985834, 3.360000000000000320 ) ) ;
#7133 = VECTOR ( 'NONE', #5152, 1000.000000000000000 ) ;
#7134 = DIRECTION ( 'NONE',  ( 8.537024980200821325E-17, 0.000000000000000000, -1.000000000000000000 ) ) ;
#7135 = EDGE_CURVE ( 'NONE', #6779, #4712, #4173, .T. ) ;
#7136 = PLANE ( 'NONE',  #3846 ) ;
#7137 = ORIENTED_EDGE ( 'NONE', *, *, #12474, .T. ) ;
#7138 = DIRECTION ( 'NONE',  ( -1.000000000000000000, 0.000000000000000000, 0.000000000000000000 ) ) ;
#7139 = FILL_AREA_STYLE_COLOUR ( '', #9039 ) ;
#7140 = LINE ( 'NONE', #11794, #11716 ) ;
#7141 = UNCERTAINTY_MEASURE_WITH_UNIT (LENGTH_MEASURE( 1.000000000000000082E-05 ), #8017, 'distance_accuracy_value', 'NONE');
#7142 = ORIENTED_EDGE ( 'NONE', *, *, #12309, .T. ) ;
#7143 = COLOUR_RGB ( '',0.6470588235294117974, 0.6196078431372549211, 0.5882352941176470784 ) ;
#7144 = PRESENTATION_STYLE_ASSIGNMENT (( #2442 ) ) ;
#7145 = PRESENTATION_STYLE_ASSIGNMENT (( #2137 ) ) ;
#7146 = LINE ( 'NONE', #4065, #10360 ) ;
#7147 = ORIENTED_EDGE ( 'NONE', *, *, #11471, .F. ) ;
#7148 =( LENGTH_UNIT ( ) NAMED_UNIT ( * ) SI_UNIT ( .MILLI., .METRE. ) );
#7149 = CARTESIAN_POINT ( 'NONE',  ( 2.472107144239671594, -7.577317536862717695, 6.776263578034402713E-18 ) ) ;
#7150 = CARTESIAN_POINT ( 'NONE',  ( -2.524999999999990585, -4.885000000000001563, -0.09862792926813598871 ) ) ;
#7151 = CARTESIAN_POINT ( 'NONE',  ( -2.524999999999990585, -2.170000000000001705, -0.01000000000000000021 ) ) ;
#7152 = CARTESIAN_POINT ( 'NONE',  ( 0.9129192073170706578, -7.464891082923399424, 0.01000000000000000021 ) ) ;
#7153 = CARTESIAN_POINT ( 'NONE',  ( -2.524999999999990585, -2.170000000000001705, 1.329999999999998961 ) ) ;
#7154 = FILL_AREA_STYLE ('',( #4077 ) ) ;
#7155 =( LENGTH_UNIT ( ) NAMED_UNIT ( * ) SI_UNIT ( .MILLI., .METRE. ) );
#7156 = MECHANICAL_DESIGN_GEOMETRIC_PRESENTATION_REPRESENTATION (  '', ( #12374 ), #2100 ) ;
#7157 = ORIENTED_EDGE ( 'NONE', *, *, #2812, .F. ) ;
#7158 = DIRECTION ( 'NONE',  ( -1.000000000000000000, 0.000000000000000000, 0.000000000000000000 ) ) ;
#7159 = CARTESIAN_POINT ( 'NONE',  ( 1.249999999999996225, -0.9700000000000014166, 1.299682133541857576 ) ) ;
#7160 = SURFACE_STYLE_FILL_AREA ( #7030 ) ;
#7161 = CARTESIAN_POINT ( 'NONE',  ( 7.625000000000000000, -4.884999999999998899, -0.4999999999999986122 ) ) ;
#7162 = DIRECTION ( 'NONE',  ( -0.000000000000000000, -0.000000000000000000, -1.000000000000000000 ) ) ;
#7163 = EDGE_CURVE ( 'NONE', #8804, #9480, #1304, .T. ) ;
#7164 = MECHANICAL_DESIGN_GEOMETRIC_PRESENTATION_REPRESENTATION (  '', ( #11989 ), #7974 ) ;
#7165 = EDGE_CURVE ( 'NONE', #9202, #5173, #3194, .T. ) ;
#7166 = COLOUR_RGB ( '',0.2235294117647058654, 0.2235294117647058654, 0.2235294117647058654 ) ;
#7167 = CARTESIAN_POINT ( 'NONE',  ( 3.850000000000000977, 0.5299999999999988054, 3.359999999999999876 ) ) ;
#7168 = CARTESIAN_POINT ( 'NONE',  ( 2.356135670731704490, -7.562452058533155608, 0.000000000000000000 ) ) ;
#7169 = DIRECTION ( 'NONE',  ( 1.000000000000000000, 0.000000000000000000, -0.000000000000000000 ) ) ;
#7170 = EDGE_CURVE ( 'NONE', #11447, #3300, #10053, .T. ) ;
#7171 = ADVANCED_FACE ( 'NONE', ( #9931 ), #3254, .T. ) ;
#7172 = FILL_AREA_STYLE_COLOUR ( '', #7282 ) ;
#7173 = ORIENTED_EDGE ( 'NONE', *, *, #10225, .F. ) ;
#7174 = ORIENTED_EDGE ( 'NONE', *, *, #7495, .T. ) ;
#7175 = FILL_AREA_STYLE ('',( #8301 ) ) ;
#7176 = SURFACE_STYLE_USAGE ( .BOTH. , #1357 ) ;
#7177 = CARTESIAN_POINT ( 'NONE',  ( 0.4474317479245573659, -8.207221350418587136, 6.776263578034402713E-18 ) ) ;
#7178 = CARTESIAN_POINT ( 'NONE',  ( 0.8500000000000009770, 1.029999999999998472, 3.860000000000000320 ) ) ;
#7179 = VECTOR ( 'NONE', #4461, 1000.000000000000000 ) ;
#7180 = CARTESIAN_POINT ( 'NONE',  ( -0.3199999999999999512, 0.3199999999999995626, 1.370310825858947812 ) ) ;
#7181 = LINE ( 'NONE', #11029, #2067 ) ;
#7182 = ORIENTED_EDGE ( 'NONE', *, *, #7489, .T. ) ;
#7183 = CARTESIAN_POINT ( 'NONE',  ( -3.325000000000000178, 1.029999999999998028, -0.5000000000000000000 ) ) ;
#7184 = FACE_OUTER_BOUND ( 'NONE', #1769, .T. ) ;
#7185 = PRESENTATION_LAYER_ASSIGNMENT (  '', '', ( #121 ) ) ;
#7186 = COLOUR_RGB ( '',0.6470588235294117974, 0.6196078431372549211, 0.5882352941176470784 ) ;
#7187 = ORIENTED_EDGE ( 'NONE', *, *, #2701, .F. ) ;
#7188 = FACE_OUTER_BOUND ( 'NONE', #11450, .T. ) ;
#7189 = LINE ( 'NONE', #5370, #7850 ) ;
#7190 = AXIS2_PLACEMENT_3D ( 'NONE', #4636, #6452, #7535 ) ;
#7191 = EDGE_CURVE ( 'NONE', #1488, #4780, #7258, .T. ) ;
#7192 = CARTESIAN_POINT ( 'NONE',  ( 2.739067176039443385, -8.342328732649345824, 0.01000000000000000021 ) ) ;
#7193 = EDGE_LOOP ( 'NONE', ( #10067, #10354, #10478, #3706 ) ) ;
#7194 = VERTEX_POINT ( 'NONE', #8006 ) ;
#7195 = CARTESIAN_POINT ( 'NONE',  ( 2.000000000000000888, -7.419999999999999929, -0.5000000000000000000 ) ) ;
#7196 = CARTESIAN_POINT ( 'NONE',  ( 3.329268292682923569, -7.464891082923399424, 0.000000000000000000 ) ) ;
#7197 = AXIS2_PLACEMENT_3D ( 'NONE', #806, #5802, #1794 ) ;
#7198 = EDGE_LOOP ( 'NONE', ( #2652, #1781, #12139, #12377 ) ) ;
#7199 = DIRECTION ( 'NONE',  ( 1.371322905910519660E-16, -1.000000000000000000, -0.000000000000000000 ) ) ;
#7200 = CARTESIAN_POINT ( 'NONE',  ( 5.224999999999986322, -2.170000000000001705, 1.329999999999998961 ) ) ;
#7201 = FILL_AREA_STYLE ('',( #11291 ) ) ;
#7202 = ORIENTED_EDGE ( 'NONE', *, *, #11940, .F. ) ;
#7203 = EDGE_CURVE ( 'NONE', #1495, #2606, #10977, .T. ) ;
#7204 = DIRECTION ( 'NONE',  ( 0.000000000000000000, 0.000000000000000000, -1.000000000000000000 ) ) ;
#7205 = CARTESIAN_POINT ( 'NONE',  ( 0.3199999999999999512, -6.852871818038222429, 1.609999999999999432 ) ) ;
#7206 = VECTOR ( 'NONE', #9182, 1000.000000000000000 ) ;
#7207 = DIRECTION ( 'NONE',  ( 0.000000000000000000, 0.000000000000000000, -1.000000000000000000 ) ) ;
#7208 = ORIENTED_EDGE ( 'NONE', *, *, #8045, .F. ) ;
#7209 = UNCERTAINTY_MEASURE_WITH_UNIT (LENGTH_MEASURE( 1.000000000000000082E-05 ), #8138, 'distance_accuracy_value', 'NONE');
#7210 = DIRECTION ( 'NONE',  ( 1.000000000000000000, 0.000000000000000000, -0.000000000000000000 ) ) ;
#7211 = CARTESIAN_POINT ( 'NONE',  ( 2.691709487912725685, -7.768741975962140778, 6.776263578034402713E-18 ) ) ;
#7212 = CARTESIAN_POINT ( 'NONE',  ( 2.322953439942813780, -7.452942015472467929, 6.776263578034402713E-18 ) ) ;
#7213 = LINE ( 'NONE', #10250, #10217 ) ;
#7214 =( NAMED_UNIT ( * ) SI_UNIT ( $, .STERADIAN. ) SOLID_ANGLE_UNIT ( ) );
#7215 = PLANE ( 'NONE',  #2430 ) ;
#7216 = DIRECTION ( 'NONE',  ( -1.000000000000000000, 1.084202172485504434E-16, 0.000000000000000000 ) ) ;
#7217 = VECTOR ( 'NONE', #11537, 1000.000000000000000 ) ;
#7218 = AXIS2_PLACEMENT_3D ( 'NONE', #3369, #3189, #10912 ) ;
#7219 = STYLED_ITEM ( 'NONE', ( #4573 ), #5003 ) ;
#7220 = DIRECTION ( 'NONE',  ( 0.7071067811865487940, 0.7071067811865463515, 0.000000000000000000 ) ) ;
#7221 = ORIENTED_EDGE ( 'NONE', *, *, #11561, .T. ) ;
#7222 = FILL_AREA_STYLE ('',( #6211 ) ) ;
#7223 = SURFACE_SIDE_STYLE ('',( #2396 ) ) ;
#7224 = UNCERTAINTY_MEASURE_WITH_UNIT (LENGTH_MEASURE( 1.000000000000000082E-05 ), #10307, 'distance_accuracy_value', 'NONE');
#7225 = LINE ( 'NONE', #5408, #3396 ) ;
#7226 = STYLED_ITEM ( 'NONE', ( #9132 ), #6487 ) ;
#7227 = CARTESIAN_POINT ( 'NONE',  ( 2.864565772781526132, -7.926223549513304434, 0.000000000000000000 ) ) ;
#7228 = SURFACE_STYLE_USAGE ( .BOTH. , #4524 ) ;
#7229 = CARTESIAN_POINT ( 'NONE',  ( 4.927962312940882939, -3.470000000000001528, 2.529999999999998916 ) ) ;
#7230 = DIRECTION ( 'NONE',  ( -0.000000000000000000, -0.000000000000000000, -1.000000000000000000 ) ) ;
#7231 = VECTOR ( 'NONE', #9139, 1000.000000000000000 ) ;
#7232 = ORIENTED_EDGE ( 'NONE', *, *, #2151, .F. ) ;
#7233 = UNCERTAINTY_MEASURE_WITH_UNIT (LENGTH_MEASURE( 1.000000000000000082E-05 ), #8956, 'distance_accuracy_value', 'NONE');
#7234 = MECHANICAL_DESIGN_GEOMETRIC_PRESENTATION_REPRESENTATION (  '', ( #11250 ), #4812 ) ;
#7235 = PRESENTATION_LAYER_ASSIGNMENT (  '', '', ( #1181 ) ) ;
#7236 = CARTESIAN_POINT ( 'NONE',  ( 0.3500000000000000888, -0.4700000000000016387, 0.4999999999999970024 ) ) ;
#7237 = VECTOR ( 'NONE', #11938, 1000.000000000000000 ) ;
#7238 = SURFACE_STYLE_USAGE ( .BOTH. , #8353 ) ;
#7239 = LINE ( 'NONE', #12008, #10101 ) ;
#7240 = ORIENTED_EDGE ( 'NONE', *, *, #8781, .T. ) ;
#7241 = ORIENTED_EDGE ( 'NONE', *, *, #4366, .T. ) ;
#7242 = EDGE_CURVE ( 'NONE', #1572, #617, #12087, .T. ) ;
#7243 = PLANE ( 'NONE',  #9458 ) ;
#7244 = EDGE_CURVE ( 'NONE', #7629, #5815, #3442, .T. ) ;
#7245 =( NAMED_UNIT ( * ) SI_UNIT ( $, .STERADIAN. ) SOLID_ANGLE_UNIT ( ) );
#7246 = CARTESIAN_POINT ( 'NONE',  ( 0.9190167682926804193, -8.355134985362424160, 0.01000000000000000021 ) ) ;
#7247 = CARTESIAN_POINT ( 'NONE',  ( 5.224999999999986322, -2.170000000000001705, 0.000000000000000000 ) ) ;
#7248 = VECTOR ( 'NONE', #2775, 1000.000000000000000 ) ;
#7249 = VECTOR ( 'NONE', #11591, 1000.000000000000000 ) ;
#7250 = CARTESIAN_POINT ( 'NONE',  ( 0.7098576811665019415, -8.430681899491345277, 0.01000000000000000021 ) ) ;
#7251 = ORIENTED_EDGE ( 'NONE', *, *, #2667, .F. ) ;
#7252 = CARTESIAN_POINT ( 'NONE',  ( 2.650000000000000799, -0.4700000000000016387, 3.859999999999999876 ) ) ;
#7253 = EDGE_CURVE ( 'NONE', #6317, #5951, #7055, .T. ) ;
#7254 = MECHANICAL_DESIGN_GEOMETRIC_PRESENTATION_REPRESENTATION (  '', ( #3617 ), #5029 ) ;
#7255 = MECHANICAL_DESIGN_GEOMETRIC_PRESENTATION_REPRESENTATION (  '', ( #6047 ), #6636 ) ;
#7256 = EDGE_LOOP ( 'NONE', ( #3529, #7807, #7316, #3395 ) ) ;
#7257 = VERTEX_POINT ( 'NONE', #11095 ) ;
#7258 = LINE ( 'NONE', #1432, #10682 ) ;
#7259 = AXIS2_PLACEMENT_3D ( 'NONE', #1419, #10097, #10156 ) ;
#7260 =( LENGTH_UNIT ( ) NAMED_UNIT ( * ) SI_UNIT ( .MILLI., .METRE. ) );
#7261 = ORIENTED_EDGE ( 'NONE', *, *, #1593, .T. ) ;
#7262 = ORIENTED_EDGE ( 'NONE', *, *, #7340, .T. ) ;
#7263 = ADVANCED_FACE ( 'NONE', ( #11972 ), #304, .T. ) ;
#7264 = CARTESIAN_POINT ( 'NONE',  ( -0.8499999999999999778, 0.5299999999999983613, 0.4999999999999996669 ) ) ;
#7265 = DIRECTION ( 'NONE',  ( -1.000000000000000000, 0.000000000000000000, 0.000000000000000000 ) ) ;
#7266 = LINE ( 'NONE', #12155, #4437 ) ;
#7267 = CARTESIAN_POINT ( 'NONE',  ( 5.575000000000005507, 1.029999999999999138, 3.359999999999999876 ) ) ;
#7268 = ORIENTED_EDGE ( 'NONE', *, *, #1460, .F. ) ;
#7269 = FACE_OUTER_BOUND ( 'NONE', #8674, .T. ) ;
#7270 = CARTESIAN_POINT ( 'NONE',  ( 0.3199999999999999512, -0.5596891741410529031, 2.249999999999999556 ) ) ;
#7271 = EDGE_CURVE ( 'NONE', #8607, #10106, #10230, .T. ) ;
#7272 = ORIENTED_EDGE ( 'NONE', *, *, #4113, .T. ) ;
#7273 = VECTOR ( 'NONE', #7319, 1000.000000000000000 ) ;
#7274 = SURFACE_STYLE_FILL_AREA ( #10128 ) ;
#7275 = LINE ( 'NONE', #5390, #4084 ) ;
#7276 = FILL_AREA_STYLE ('',( #9363 ) ) ;
#7277 = VERTEX_POINT ( 'NONE', #2610 ) ;
#7278 = LINE ( 'NONE', #4445, #1971 ) ;
#7279 = SURFACE_STYLE_FILL_AREA ( #6325 ) ;
#7280 = CARTESIAN_POINT ( 'NONE',  ( 2.212276081267135375, -8.452653279618393967, 0.01000000000000000021 ) ) ;
#7282 = COLOUR_RGB ( '',0.6470588235294117974, 0.6196078431372549211, 0.5882352941176470784 ) ;
#7281 =( LENGTH_UNIT ( ) NAMED_UNIT ( * ) SI_UNIT ( .MILLI., .METRE. ) );
#7283 = EDGE_CURVE ( 'NONE', #11638, #8832, #10301, .T. ) ;
#7284 = CARTESIAN_POINT ( 'NONE',  ( 2.209228972315301576, -8.342820054339153302, 0.01000000000000000021 ) ) ;
#7285 = LINE ( 'NONE', #764, #6587 ) ;
#7286 = CIRCLE ( 'NONE', #6871, 0.5000000000000000000 ) ;
#7287 = ORIENTED_EDGE ( 'NONE', *, *, #11720, .F. ) ;
#7288 = FILL_AREA_STYLE ('',( #4646 ) ) ;
#7289 = DIRECTION ( 'NONE',  ( 3.938574995911015039E-16, -1.000000000000000000, -0.000000000000000000 ) ) ;
#7290 =( NAMED_UNIT ( * ) PLANE_ANGLE_UNIT ( ) SI_UNIT ( $, .RADIAN. ) );
#7291 =( NAMED_UNIT ( * ) SI_UNIT ( $, .STERADIAN. ) SOLID_ANGLE_UNIT ( ) );
#7292 = STYLED_ITEM ( 'NONE', ( #5198 ), #12271 ) ;
#7293 = DIRECTION ( 'NONE',  ( 1.000000000000000000, 6.051360962709794804E-16, 0.000000000000000000 ) ) ;
#7294 = LINE ( 'NONE', #7229, #2313 ) ;
#7295 = FILL_AREA_STYLE ('',( #8999 ) ) ;
#7296 = AXIS2_PLACEMENT_3D ( 'NONE', #3166, #5031, #3231 ) ;
#7297 = EDGE_CURVE ( 'NONE', #6990, #7342, #666, .T. ) ;
#7298 = VERTEX_POINT ( 'NONE', #9462 ) ;
#7299 = COLOUR_RGB ( '',0.2235294117647058654, 0.2235294117647058654, 0.2235294117647058654 ) ;
#7300 = CARTESIAN_POINT ( 'NONE',  ( -2.525000000000000799, -0.9700000000000023048, 0.000000000000000000 ) ) ;
#7301 = LINE ( 'NONE', #9268, #3405 ) ;
#7302 = AXIS2_PLACEMENT_3D ( 'NONE', #4741, #3916, #2814 ) ;
#7303 = PLANE ( 'NONE',  #5070 ) ;
#7304 = ORIENTED_EDGE ( 'NONE', *, *, #1682, .T. ) ;
#7305 = ORIENTED_EDGE ( 'NONE', *, *, #9966, .F. ) ;
#7306 = CARTESIAN_POINT ( 'NONE',  ( 2.649999999999999911, -0.4700000000000016387, 0.4999999999999970024 ) ) ;
#7307 = CARTESIAN_POINT ( 'NONE',  ( 0.3170731707317046566, -8.464891082923399424, 0.01000000000000000021 ) ) ;
#7308 = CARTESIAN_POINT ( 'NONE',  ( 0.6185953954440538416, -8.387010386216143587, 6.776263578034402713E-18 ) ) ;
#7309 =( NAMED_UNIT ( * ) SI_UNIT ( $, .STERADIAN. ) SOLID_ANGLE_UNIT ( ) );
#7310 = DIRECTION ( 'NONE',  ( 0.000000000000000000, -1.000000000000000000, 0.000000000000000000 ) ) ;
#7311 = CARTESIAN_POINT ( 'NONE',  ( 0.3199999999999999512, 1.862871818038229543, 0.1399999999999999578 ) ) ;
#7312 = LINE ( 'NONE', #11151, #6658 ) ;
#7313 = EDGE_LOOP ( 'NONE', ( #6299, #6490, #10714, #9418 ) ) ;
#7314 = VECTOR ( 'NONE', #11564, 1000.000000000000000 ) ;
#7315 =( NAMED_UNIT ( * ) SI_UNIT ( $, .STERADIAN. ) SOLID_ANGLE_UNIT ( ) );
#7316 = ORIENTED_EDGE ( 'NONE', *, *, #7892, .T. ) ;
#7317 = DIRECTION ( 'NONE',  ( -1.000000000000000000, 0.000000000000000000, -0.000000000000000000 ) ) ;
#7318 = DIRECTION ( 'NONE',  ( -0.000000000000000000, -0.000000000000000000, -1.000000000000000000 ) ) ;
#7319 = DIRECTION ( 'NONE',  ( 1.000000000000000000, 0.000000000000000000, 0.000000000000000000 ) ) ;
#7320 = ORIENTED_EDGE ( 'NONE', *, *, #12302, .F. ) ;
#7321 = ADVANCED_FACE ( 'NONE', ( #10468 ), #9067, .T. ) ;
#7322 = ORIENTED_EDGE ( 'NONE', *, *, #6697, .F. ) ;
#7323 = FILL_AREA_STYLE ('',( #10178 ) ) ;
#7324 = PRESENTATION_LAYER_ASSIGNMENT (  '', '', ( #1056 ) ) ;
#7325 = ORIENTED_EDGE ( 'NONE', *, *, #11394, .F. ) ;
#7326 = CARTESIAN_POINT ( 'NONE',  ( 4.927962312940882939, -3.470000000000001528, 0.9299999999999991607 ) ) ;
#7327 = DIRECTION ( 'NONE',  ( 0.000000000000000000, 1.000000000000000000, 0.000000000000000000 ) ) ;
#7328 = PLANE ( 'NONE',  #1969 ) ;
#7329 = DIRECTION ( 'NONE',  ( -1.371322905910519414E-16, 1.000000000000000000, -0.000000000000000000 ) ) ;
#7330 = ORIENTED_EDGE ( 'NONE', *, *, #403, .F. ) ;
#7331 = CARTESIAN_POINT ( 'NONE',  ( 2.657521680017705723, -8.234316519631898146, 6.776263578034402713E-18 ) ) ;
#7332 =( NAMED_UNIT ( * ) PLANE_ANGLE_UNIT ( ) SI_UNIT ( $, .RADIAN. ) );
#7333 = COLOUR_RGB ( '',0.2235294117647058654, 0.2235294117647058654, 0.2235294117647058654 ) ;
#7334 = EDGE_CURVE ( 'NONE', #4806, #12205, #3709, .T. ) ;
#7335 = EDGE_CURVE ( 'NONE', #672, #1273, #6486, .T. ) ;
#7336 = ORIENTED_EDGE ( 'NONE', *, *, #6785, .T. ) ;
#7337 =( NAMED_UNIT ( * ) SI_UNIT ( $, .STERADIAN. ) SOLID_ANGLE_UNIT ( ) );
#7338 = DIRECTION ( 'NONE',  ( -0.000000000000000000, -0.000000000000000000, -1.000000000000000000 ) ) ;
#7339 = ADVANCED_FACE ( 'NONE', ( #7573 ), #4725, .F. ) ;
#7340 = EDGE_CURVE ( 'NONE', #11032, #4746, #3965, .T. ) ;
#7341 = SURFACE_SIDE_STYLE ('',( #8396 ) ) ;
#7342 = VERTEX_POINT ( 'NONE', #5976 ) ;
#7343 = PRESENTATION_STYLE_ASSIGNMENT (( #2386 ) ) ;
#7344 = CARTESIAN_POINT ( 'NONE',  ( 2.571385730023813654, -7.624939091798913715, 6.776263578034402713E-18 ) ) ;
#7345 = CARTESIAN_POINT ( 'NONE',  ( 2.171813550063521170, -7.474693083109626990, 6.776263578034402713E-18 ) ) ;
#7346 = VECTOR ( 'NONE', #7265, 1000.000000000000000 ) ;
#7347 = SURFACE_SIDE_STYLE ('',( #12050 ) ) ;
#7348 = CARTESIAN_POINT ( 'NONE',  ( -2.626372070731854524, -4.885000000000001563, -0.09862792926813601646 ) ) ;
#7349 = FILL_AREA_STYLE_COLOUR ( '', #6483 ) ;
#7350 = VECTOR ( 'NONE', #5414, 1000.000000000000000 ) ;
#7351 = CARTESIAN_POINT ( 'NONE',  ( 3.000000000000004885, -7.419999999999999929, -0.5000000000000000000 ) ) ;
#7352 =( GEOMETRIC_REPRESENTATION_CONTEXT ( 3 ) GLOBAL_UNCERTAINTY_ASSIGNED_CONTEXT ( ( #9810 ) ) GLOBAL_UNIT_ASSIGNED_CONTEXT ( ( #9422, #8462, #7245 ) ) REPRESENTATION_CONTEXT ( 'NONE', 'WORKASPACE' ) );
#7353 = LINE ( 'NONE', #10385, #3789 ) ;
#7354 = EDGE_CURVE ( 'NONE', #1844, #1572, #1976, .T. ) ;
#7355 = CARTESIAN_POINT ( 'NONE',  ( -3.324999999999999289, -7.419999999999998153, 3.260000000000000231 ) ) ;
#7356 = LINE ( 'NONE', #464, #11263 ) ;
#7357 = SURFACE_STYLE_USAGE ( .BOTH. , #7418 ) ;
#7358 = CARTESIAN_POINT ( 'NONE',  ( -0.3199999999999999512, -0.3199999999999999512, 0.3554264934286703870 ) ) ;
#7359 = SURFACE_STYLE_FILL_AREA ( #12183 ) ;
#7360 = DIRECTION ( 'NONE',  ( -1.000000000000000000, -1.371322905910519414E-16, 0.000000000000000000 ) ) ;
#7361 = PLANE ( 'NONE',  #537 ) ;
#7362 = UNCERTAINTY_MEASURE_WITH_UNIT (LENGTH_MEASURE( 1.000000000000000082E-05 ), #3061, 'distance_accuracy_value', 'NONE');
#7363 = SURFACE_SIDE_STYLE ('',( #3689 ) ) ;
#7364 = FILL_AREA_STYLE_COLOUR ( '', #1315 ) ;
#7365 = LINE ( 'NONE', #11201, #4645 ) ;
#7366 = EDGE_CURVE ( 'NONE', #8150, #6036, #4099, .T. ) ;
#7367 = ORIENTED_EDGE ( 'NONE', *, *, #387, .T. ) ;
#7368 = LINE ( 'NONE', #10453, #5101 ) ;
#7369 = ORIENTED_EDGE ( 'NONE', *, *, #2989, .T. ) ;
#7370 = PRESENTATION_STYLE_ASSIGNMENT (( #12130 ) ) ;
#7371 = UNCERTAINTY_MEASURE_WITH_UNIT (LENGTH_MEASURE( 1.000000000000000082E-05 ), #2505, 'distance_accuracy_value', 'NONE');
#7372 = CARTESIAN_POINT ( 'NONE',  ( 0.5496607970485763994, -8.123343031957874771, 6.776263578034402713E-18 ) ) ;
#7373 = DIRECTION ( 'NONE',  ( 1.000000000000000000, 0.000000000000000000, 0.000000000000000000 ) ) ;
#7374 = LINE ( 'NONE', #7563, #9899 ) ;
#7375 = DIRECTION ( 'NONE',  ( -0.000000000000000000, -0.000000000000000000, 1.000000000000000000 ) ) ;
#7376 = FILL_AREA_STYLE_COLOUR ( '', #7069 ) ;
#7377 =( GEOMETRIC_REPRESENTATION_CONTEXT ( 3 ) GLOBAL_UNCERTAINTY_ASSIGNED_CONTEXT ( ( #1876 ) ) GLOBAL_UNIT_ASSIGNED_CONTEXT ( ( #12195, #716, #2600 ) ) REPRESENTATION_CONTEXT ( 'NONE', 'WORKASPACE' ) );
#7378 = ORIENTED_EDGE ( 'NONE', *, *, #11714, .F. ) ;
#7379 = VECTOR ( 'NONE', #482, 1000.000000000000000 ) ;
#7380 = ORIENTED_EDGE ( 'NONE', *, *, #6537, .T. ) ;
#7381 = DIRECTION ( 'NONE',  ( -1.084946484143765172E-16, -4.930380657631323784E-32, 1.000000000000000000 ) ) ;
#7382 = DIRECTION ( 'NONE',  ( 0.000000000000000000, -0.000000000000000000, -1.000000000000000000 ) ) ;
#7383 = VECTOR ( 'NONE', #6045, 1000.000000000000000 ) ;
#7384 = VERTEX_POINT ( 'NONE', #6857 ) ;
#7385 = VECTOR ( 'NONE', #1413, 1000.000000000000000 ) ;
#7386 = ORIENTED_EDGE ( 'NONE', *, *, #3223, .T. ) ;
#7387 =( LENGTH_UNIT ( ) NAMED_UNIT ( * ) SI_UNIT ( .MILLI., .METRE. ) );
#7388 = ORIENTED_EDGE ( 'NONE', *, *, #4642, .F. ) ;
#7389 = CARTESIAN_POINT ( 'NONE',  ( 2.680000000000000160, -0.3200000000000007283, 1.370310825858947368 ) ) ;
#7390 = CARTESIAN_POINT ( 'NONE',  ( 5.575000000000005507, -0.4700000000000008060, 3.359999999999999876 ) ) ;
#7391 = ORIENTED_EDGE ( 'NONE', *, *, #6244, .T. ) ;
#7392 = DIRECTION ( 'NONE',  ( -1.000000000000000000, -0.000000000000000000, -0.000000000000000000 ) ) ;
#7393 = FACE_OUTER_BOUND ( 'NONE', #8927, .T. ) ;
#7394 = COLOUR_RGB ( '',0.6470588235294117974, 0.6196078431372549211, 0.5882352941176470784 ) ;
#7395 = AXIS2_PLACEMENT_3D ( 'NONE', #11475, #11300, #5582 ) ;
#7396 = ORIENTED_EDGE ( 'NONE', *, *, #2200, .F. ) ;
#7397 = FILL_AREA_STYLE_COLOUR ( '', #7596 ) ;
#7398 = CARTESIAN_POINT ( 'NONE',  ( 2.322953439942813780, -7.452942015472467929, 0.000000000000000000 ) ) ;
#7399 = VECTOR ( 'NONE', #9278, 1000.000000000000000 ) ;
#7400 = VECTOR ( 'NONE', #2375, 1000.000000000000000 ) ;
#7401 = FACE_OUTER_BOUND ( 'NONE', #2795, .T. ) ;
#7402 = VERTEX_POINT ( 'NONE', #9581 ) ;
#7403 = CARTESIAN_POINT ( 'NONE',  ( 2.600656891080871169, -7.647634944173463012, 0.01000000000000000021 ) ) ;
#7404 = PRESENTATION_STYLE_ASSIGNMENT (( #3532 ) ) ;
#7405 = EDGE_CURVE ( 'NONE', #12086, #4296, #11513, .T. ) ;
#7406 = VECTOR ( 'NONE', #4839, 1000.000000000000000 ) ;
#7407 = EDGE_CURVE ( 'NONE', #4296, #6584, #5918, .T. ) ;
#7408 = CARTESIAN_POINT ( 'NONE',  ( -0.2928734756097587377, -8.074647180484374687, 0.01000000000000000021 ) ) ;
#7409 = FACE_OUTER_BOUND ( 'NONE', #5355, .T. ) ;
#7410 = DIRECTION ( 'NONE',  ( -3.252606517456513302E-16, 1.000000000000000000, 0.000000000000000000 ) ) ;
#7411 = DIRECTION ( 'NONE',  ( -1.084202172485504434E-16, -1.000000000000000000, 0.000000000000000000 ) ) ;
#7412 = EDGE_CURVE ( 'NONE', #11129, #10051, #7755, .T. ) ;
#7413 = COLOUR_RGB ( '',0.2235294117647058654, 0.2235294117647058654, 0.2235294117647058654 ) ;
#7414 = CARTESIAN_POINT ( 'NONE',  ( -0.3199999999999999512, 0.3199999999999991185, 1.370310825858947590 ) ) ;
#7415 = LINE ( 'NONE', #10260, #4203 ) ;
#7416 =( LENGTH_UNIT ( ) NAMED_UNIT ( * ) SI_UNIT ( .MILLI., .METRE. ) );
#7417 = FILL_AREA_STYLE ('',( #3550 ) ) ;
#7418 = SURFACE_SIDE_STYLE ('',( #3484 ) ) ;
#7419 = AXIS2_PLACEMENT_3D ( 'NONE', #6083, #9826, #6206 ) ;
#7420 = SURFACE_STYLE_FILL_AREA ( #8414 ) ;
#7421 = CARTESIAN_POINT ( 'NONE',  ( -0.8500000000000000888, 1.029999999999998472, 0.000000000000000000 ) ) ;
#7422 = FACE_OUTER_BOUND ( 'NONE', #8218, .T. ) ;
#7423 = STYLED_ITEM ( 'NONE', ( #2212 ), #7804 ) ;
#7424 =( LENGTH_UNIT ( ) NAMED_UNIT ( * ) SI_UNIT ( .MILLI., .METRE. ) );
#7425 = EDGE_CURVE ( 'NONE', #8682, #6786, #162, .T. ) ;
#7426 = CARTESIAN_POINT ( 'NONE',  ( -0.3199999999999999512, 0.5354264934286704358, 0.3554264934286704425 ) ) ;
#7427 = VECTOR ( 'NONE', #7392, 1000.000000000000000 ) ;
#7428 = VERTEX_POINT ( 'NONE', #2105 ) ;
#7429 = SURFACE_SIDE_STYLE ('',( #12260 ) ) ;
#7430 = ORIENTED_EDGE ( 'NONE', *, *, #6761, .T. ) ;
#7431 = CARTESIAN_POINT ( 'NONE',  ( 3.000000000000004885, -7.419999999999999929, 0.000000000000000000 ) ) ;
#7432 = MECHANICAL_DESIGN_GEOMETRIC_PRESENTATION_REPRESENTATION (  '', ( #12436 ), #10449 ) ;
#7433 = PLANE ( 'NONE',  #10798 ) ;
#7434 = CARTESIAN_POINT ( 'NONE',  ( 0.8317187116322111162, -8.349128079323076435, 6.776263578034402713E-18 ) ) ;
#7435 = DIRECTION ( 'NONE',  ( 1.000000000000000000, 1.371322905910519414E-16, -1.084202172485505297E-16 ) ) ;
#7436 = FACE_OUTER_BOUND ( 'NONE', #9919, .T. ) ;
#7437 = FACE_OUTER_BOUND ( 'NONE', #6751, .T. ) ;
#7438 = DIRECTION ( 'NONE',  ( 1.000000000000000000, 1.596371296911168195E-16, -5.321237656370561062E-17 ) ) ;
#7439 = ORIENTED_EDGE ( 'NONE', *, *, #570, .F. ) ;
#7440 = PRESENTATION_LAYER_ASSIGNMENT (  '', '', ( #2762 ) ) ;
#7441 = EDGE_CURVE ( 'NONE', #159, #5815, #1172, .T. ) ;
#7442 = AXIS2_PLACEMENT_3D ( 'NONE', #3303, #5221, #6053 ) ;
#7443 =( GEOMETRIC_REPRESENTATION_CONTEXT ( 3 ) GLOBAL_UNCERTAINTY_ASSIGNED_CONTEXT ( ( #9617 ) ) GLOBAL_UNIT_ASSIGNED_CONTEXT ( ( #7641, #11454, #11337 ) ) REPRESENTATION_CONTEXT ( 'NONE', 'WORKASPACE' ) );
#7444 = ORIENTED_EDGE ( 'NONE', *, *, #11552, .F. ) ;
#7445 = DIRECTION ( 'NONE',  ( -1.000000000000000000, -1.596371296911167949E-16, 0.000000000000000000 ) ) ;
#7446 = CARTESIAN_POINT ( 'NONE',  ( 2.148511609012629275, -7.611042861736097009, 6.776263578034402713E-18 ) ) ;
#7447 = COLOUR_RGB ( '',0.2235294117647058654, 0.2235294117647058654, 0.2235294117647058654 ) ;
#7448 = ORIENTED_EDGE ( 'NONE', *, *, #4315, .T. ) ;
#7449 = VECTOR ( 'NONE', #10236, 1000.000000000000000 ) ;
#7450 = ORIENTED_EDGE ( 'NONE', *, *, #4177, .T. ) ;
#7451 = VERTEX_POINT ( 'NONE', #8621 ) ;
#7452 = SURFACE_STYLE_USAGE ( .BOTH. , #3513 ) ;
#7453 = CARTESIAN_POINT ( 'NONE',  ( 2.131334610287182407, -8.418241064300609366, -0.000000000000000000 ) ) ;
#7454 = LINE ( 'NONE', #12403, #3068 ) ;
#7455 = AXIS2_PLACEMENT_3D ( 'NONE', #3334, #3402, #8154 ) ;
#7456 = MECHANICAL_DESIGN_GEOMETRIC_PRESENTATION_REPRESENTATION (  '', ( #390 ), #4431 ) ;
#7457 = CARTESIAN_POINT ( 'NONE',  ( 2.577494885477487949E-15, -5.943298562962316289, 3.859999999999999876 ) ) ;
#7458 = VERTEX_POINT ( 'NONE', #8753 ) ;
#7459 =( NAMED_UNIT ( * ) SI_UNIT ( $, .STERADIAN. ) SOLID_ANGLE_UNIT ( ) );
#7460 = CARTESIAN_POINT ( 'NONE',  ( 0.9134908536585339967, -7.574647180484375575, 6.776263578034402713E-18 ) ) ;
#7461 = CARTESIAN_POINT ( 'NONE',  ( 4.927962312940882939, -3.470000000000001528, 0.9299999999999991607 ) ) ;
#7462 = AXIS2_PLACEMENT_3D ( 'NONE', #7351, #8159, #3005 ) ;
#7463 = VERTEX_POINT ( 'NONE', #7811 ) ;
#7464 = SURFACE_SIDE_STYLE ('',( #5575 ) ) ;
#7465 = LINE ( 'NONE', #568, #2841 ) ;
#7466 =( NAMED_UNIT ( * ) PLANE_ANGLE_UNIT ( ) SI_UNIT ( $, .RADIAN. ) );
#7467 = VERTEX_POINT ( 'NONE', #1842 ) ;
#7468 =( NAMED_UNIT ( * ) PLANE_ANGLE_UNIT ( ) SI_UNIT ( $, .RADIAN. ) );
#7469 = FILL_AREA_STYLE_COLOUR ( '', #6810 ) ;
#7470 = VECTOR ( 'NONE', #97, 1000.000000000000000 ) ;
#7471 = FILL_AREA_STYLE_COLOUR ( '', #5412 ) ;
#7472 = FACE_OUTER_BOUND ( 'NONE', #2360, .T. ) ;
#7473 = FILL_AREA_STYLE_COLOUR ( '', #3986 ) ;
#7474 = STYLED_ITEM ( 'NONE', ( #11449 ), #3686 ) ;
#7475 = EDGE_CURVE ( 'NONE', #3761, #9847, #10712, .T. ) ;
#7476 = SURFACE_STYLE_FILL_AREA ( #580 ) ;
#7477 = SURFACE_STYLE_USAGE ( .BOTH. , #8411 ) ;
#7478 = ADVANCED_FACE ( 'NONE', ( #3896, #1103 ), #8818, .T. ) ;
#7479 = VECTOR ( 'NONE', #3918, 1000.000000000000000 ) ;
#7480 = CARTESIAN_POINT ( 'NONE',  ( 2.121951219512192566, -7.626476448777058437, 0.01000000000000000021 ) ) ;
#7481 = EDGE_CURVE ( 'NONE', #10324, #7939, #5352, .T. ) ;
#7482 = DIRECTION ( 'NONE',  ( 0.000000000000000000, 1.000000000000000000, 0.000000000000000000 ) ) ;
#7483 = CARTESIAN_POINT ( 'NONE',  ( -0.5853658536585393257, -8.464891082923399424, 0.01000000000000000021 ) ) ;
#7484 = CARTESIAN_POINT ( 'NONE',  ( 1.060975609756094951, -8.355134985362424160, 0.000000000000000000 ) ) ;
#7485 = PRESENTATION_STYLE_ASSIGNMENT (( #707 ) ) ;
#7486 = AXIS2_PLACEMENT_3D ( 'NONE', #12214, #5624, #1851 ) ;
#7487 = PRESENTATION_LAYER_ASSIGNMENT (  '', '', ( #2823 ) ) ;
#7488 = FACE_OUTER_BOUND ( 'NONE', #691, .T. ) ;
#7489 = EDGE_CURVE ( 'NONE', #1736, #8139, #11891, .T. ) ;
#7490 = EDGE_CURVE ( 'NONE', #3773, #8890, #4281, .T. ) ;
#7491 = DIRECTION ( 'NONE',  ( -1.688693473518973338E-47, 1.452410541150706185E-31, 1.000000000000000000 ) ) ;
#7492 = ORIENTED_EDGE ( 'NONE', *, *, #9642, .F. ) ;
#7493 = PLANE ( 'NONE',  #9337 ) ;
#7494 = STYLED_ITEM ( 'NONE', ( #13 ), #12161 ) ;
#7495 = EDGE_CURVE ( 'NONE', #5505, #4129, #1404, .T. ) ;
#7496 = ORIENTED_EDGE ( 'NONE', *, *, #8021, .F. ) ;
#7497 = UNCERTAINTY_MEASURE_WITH_UNIT (LENGTH_MEASURE( 1.000000000000000082E-05 ), #8694, 'distance_accuracy_value', 'NONE');
#7498 = EDGE_CURVE ( 'NONE', #12060, #2197, #6103, .T. ) ;
#7499 = SURFACE_STYLE_USAGE ( .BOTH. , #3497 ) ;
#7500 = CARTESIAN_POINT ( 'NONE',  ( 0.5773205591638850276, -8.358083573956241352, 6.776263578034402713E-18 ) ) ;
#7501 = FILL_AREA_STYLE_COLOUR ( '', #9394 ) ;
#7502 = CARTESIAN_POINT ( 'NONE',  ( 2.322953439942813780, -7.452942015472467929, 0.01000000000000000021 ) ) ;
#7503 = MECHANICAL_DESIGN_GEOMETRIC_PRESENTATION_REPRESENTATION (  '', ( #8093 ), #9111 ) ;
#7504 =( NAMED_UNIT ( * ) SI_UNIT ( $, .STERADIAN. ) SOLID_ANGLE_UNIT ( ) );
#7505 = LINE ( 'NONE', #8552, #7651 ) ;
#7506 =( GEOMETRIC_REPRESENTATION_CONTEXT ( 3 ) GLOBAL_UNCERTAINTY_ASSIGNED_CONTEXT ( ( #2312 ) ) GLOBAL_UNIT_ASSIGNED_CONTEXT ( ( #8714, #8525, #5887 ) ) REPRESENTATION_CONTEXT ( 'NONE', 'WORKASPACE' ) );
#7507 = VECTOR ( 'NONE', #9028, 1000.000000000000000 ) ;
#7508 = VERTEX_POINT ( 'NONE', #7105 ) ;
#7509 =( NAMED_UNIT ( * ) SI_UNIT ( $, .STERADIAN. ) SOLID_ANGLE_UNIT ( ) );
#7510 = CARTESIAN_POINT ( 'NONE',  ( 2.121951219512192566, -7.626476448777058437, 0.01000000000000000021 ) ) ;
#7511 = CARTESIAN_POINT ( 'NONE',  ( 1.792682926829265666, -8.355134985362424160, 0.01000000000000000021 ) ) ;
#7512 = EDGE_LOOP ( 'NONE', ( #4311, #21, #11167, #8194 ) ) ;
#7513 = ORIENTED_EDGE ( 'NONE', *, *, #11774, .T. ) ;
#7514 = FILL_AREA_STYLE_COLOUR ( '', #11304 ) ;
#7515 = UNCERTAINTY_MEASURE_WITH_UNIT (LENGTH_MEASURE( 1.000000000000000082E-05 ), #5513, 'distance_accuracy_value', 'NONE');
#7516 = EDGE_CURVE ( 'NONE', #3858, #4129, #11956, .T. ) ;
#7517 = ORIENTED_EDGE ( 'NONE', *, *, #5255, .T. ) ;
#7518 = CARTESIAN_POINT ( 'NONE',  ( 2.212276081267135375, -8.452653279618393967, 0.000000000000000000 ) ) ;
#7519 = MECHANICAL_DESIGN_GEOMETRIC_PRESENTATION_REPRESENTATION (  '', ( #12115 ), #8298 ) ;
#7520 = FILL_AREA_STYLE ('',( #9405 ) ) ;
#7521 = ORIENTED_EDGE ( 'NONE', *, *, #5034, .T. ) ;
#7522 = CARTESIAN_POINT ( 'NONE',  ( 0.6591692083714970618, -7.647360677131874951, 0.01000000000000000021 ) ) ;
#7523 =( NAMED_UNIT ( * ) PLANE_ANGLE_UNIT ( ) SI_UNIT ( $, .RADIAN. ) );
#7524 = ORIENTED_EDGE ( 'NONE', *, *, #1661, .T. ) ;
#7525 = FILL_AREA_STYLE ('',( #12475 ) ) ;
#7526 = ORIENTED_EDGE ( 'NONE', *, *, #2043, .T. ) ;
#7527 = SURFACE_STYLE_FILL_AREA ( #8165 ) ;
#7528 = ADVANCED_FACE ( 'NONE', ( #6046 ), #2228, .F. ) ;
#7529 = B_SPLINE_CURVE_WITH_KNOTS ( 'NONE', 3,
 ( #846, #3296, #7875, #11019, #6913, #8942, #161, #9068, #10957, #3054, #3109, #11827, #10029, #4217, #7104, #10782, #288, #11954, #8817 ),
 .UNSPECIFIED., .F., .F.,
 ( 4, 1, 1, 1, 1, 1, 1, 1, 1, 1, 1, 1, 1, 1, 1, 1, 4 ),
 ( 0.000000000000000000, 0.07064371857535417520, 0.1382567155089057809, 0.2033641242175811825, 0.2663240938030568827, 0.3279047615429894758, 0.3887377151730924130, 0.4494235281093025836, 0.5108610114593157281, 0.5720793960475148987, 0.6317344287314455853, 0.6911172105788374598, 0.7503600294901703327, 0.8100329005312618680, 0.8713624508287360904, 0.9344271412311533354, 1.000000000000000000 ),
 .UNSPECIFIED. ) ;
#7530 = DIRECTION ( 'NONE',  ( -0.000000000000000000, -0.000000000000000000, 1.000000000000000000 ) ) ;
#7531 = ORIENTED_EDGE ( 'NONE', *, *, #12388, .T. ) ;
#7532 = LINE ( 'NONE', #10325, #1569 ) ;
#7533 = LINE ( 'NONE', #4633, #873 ) ;
#7534 = DIRECTION ( 'NONE',  ( -0.7071067811865487940, -0.7071067811865463515, 1.022195611122252260E-16 ) ) ;
#7535 = DIRECTION ( 'NONE',  ( 0.000000000000000000, 1.000000000000000000, 1.517883041479706208E-15 ) ) ;
#7536 = LINE ( 'NONE', #4751, #12311 ) ;
#7537 = VECTOR ( 'NONE', #7207, 1000.000000000000000 ) ;
#7538 = CARTESIAN_POINT ( 'NONE',  ( 1.749999999999995337, -0.4700000000000014166, -4.745269957316901738E-16 ) ) ;
#7539 = DIRECTION ( 'NONE',  ( 0.000000000000000000, 0.000000000000000000, -1.000000000000000000 ) ) ;
#7540 = PRESENTATION_LAYER_ASSIGNMENT (  '', '', ( #9356 ) ) ;
#7541 =( NAMED_UNIT ( * ) PLANE_ANGLE_UNIT ( ) SI_UNIT ( $, .RADIAN. ) );
#7542 = VECTOR ( 'NONE', #1925, 1000.000000000000000 ) ;
#7543 = LINE ( 'NONE', #641, #9347 ) ;
#7544 = SURFACE_STYLE_FILL_AREA ( #5424 ) ;
#7545 = LINE ( 'NONE', #9691, #11960 ) ;
#7546 = CARTESIAN_POINT ( 'NONE',  ( -0.3199999999999999512, -0.3199999999999999512, 0.3554264934286701649 ) ) ;
#7547 = MECHANICAL_DESIGN_GEOMETRIC_PRESENTATION_REPRESENTATION (  '', ( #2664 ), #5331 ) ;
#7548 = SURFACE_STYLE_FILL_AREA ( #2522 ) ;
#7549 = PRESENTATION_LAYER_ASSIGNMENT (  '', '', ( #473 ) ) ;
#7550 = DIRECTION ( 'NONE',  ( 1.000000000000000000, 0.000000000000000000, 0.000000000000000000 ) ) ;
#7551 = CARTESIAN_POINT ( 'NONE',  ( -2.224999999999990763, -6.170000000000001705, 0.000000000000000000 ) ) ;
#7552 = CARTESIAN_POINT ( 'NONE',  ( 3.319999999999999840, -0.5596891741410527921, 1.370310825858947590 ) ) ;
#7553 = MECHANICAL_DESIGN_GEOMETRIC_PRESENTATION_REPRESENTATION (  '', ( #4720 ), #2673 ) ;
#7554 = CARTESIAN_POINT ( 'NONE',  ( 5.224999999999986322, -2.170000000000001705, 3.000000000000000000 ) ) ;
#7555 = VECTOR ( 'NONE', #4137, 1000.000000000000000 ) ;
#7556 =( LENGTH_UNIT ( ) NAMED_UNIT ( * ) SI_UNIT ( .MILLI., .METRE. ) );
#7557 = ORIENTED_EDGE ( 'NONE', *, *, #4634, .T. ) ;
#7558 = CYLINDRICAL_SURFACE ( 'NONE', #2847, 0.5000000000000000000 ) ;
#7559 = EDGE_LOOP ( 'NONE', ( #9994, #9853, #7753, #11578 ) ) ;
#7560 = SURFACE_STYLE_USAGE ( .BOTH. , #1711 ) ;
#7561 = CARTESIAN_POINT ( 'NONE',  ( 0.5383457782213657561, -8.084934271855471977, 0.01000000000000000021 ) ) ;
#7562 = CARTESIAN_POINT ( 'NONE',  ( 4.824999999999992184, -8.920000000000001705, 0.000000000000000000 ) ) ;
#7563 = CARTESIAN_POINT ( 'NONE',  ( 3.319999999999999840, -0.5596891741410529031, 1.609999999999999432 ) ) ;
#7564 = LINE ( 'NONE', #4778, #2270 ) ;
#7565 = EDGE_CURVE ( 'NONE', #8961, #7108, #4218, .T. ) ;
#7566 = ORIENTED_EDGE ( 'NONE', *, *, #12391, .T. ) ;
#7567 = EDGE_CURVE ( 'NONE', #11831, #11331, #4343, .T. ) ;
#7568 = CARTESIAN_POINT ( 'NONE',  ( -8.577962312940892176, -3.470000000000001528, 2.529999999999998916 ) ) ;
#7569 = EDGE_LOOP ( 'NONE', ( #663, #11587, #8264, #11572 ) ) ;
#7570 = EDGE_CURVE ( 'NONE', #7749, #5512, #11084, .T. ) ;
#7571 = ORIENTED_EDGE ( 'NONE', *, *, #6503, .T. ) ;
#7572 = CARTESIAN_POINT ( 'NONE',  ( 4.825000000000002842, -3.470000000000001528, 1.329999999999999183 ) ) ;
#7573 = FACE_OUTER_BOUND ( 'NONE', #10110, .T. ) ;
#7574 = DIRECTION ( 'NONE',  ( -0.000000000000000000, 0.000000000000000000, -1.000000000000000000 ) ) ;
#7575 = ORIENTED_EDGE ( 'NONE', *, *, #6697, .T. ) ;
#7576 = ORIENTED_EDGE ( 'NONE', *, *, #4493, .F. ) ;
#7577 = SURFACE_SIDE_STYLE ('',( #2677 ) ) ;
#7578 = STYLED_ITEM ( 'NONE', ( #2609 ), #2733 ) ;
#7579 = VERTEX_POINT ( 'NONE', #2340 ) ;
#7580 = CARTESIAN_POINT ( 'NONE',  ( 2.383631664902990721, -8.476928201064225732, -0.000000000000000000 ) ) ;
#7581 = LINE ( 'NONE', #2619, #1655 ) ;
#7582 = PLANE ( 'NONE',  #10704 ) ;
#7583 = EDGE_LOOP ( 'NONE', ( #5920, #8009, #8824, #4911 ) ) ;
#7584 = SURFACE_SIDE_STYLE ('',( #3786 ) ) ;
#7585 = CARTESIAN_POINT ( 'NONE',  ( 0.8714654019478792479, -7.575511916312676952, 6.776263578034402713E-18 ) ) ;
#7586 = EDGE_CURVE ( 'NONE', #7579, #11452, #7239, .T. ) ;
#7587 = AXIS2_PLACEMENT_3D ( 'NONE', #1975, #5856, #9714 ) ;
#7588 = ORIENTED_EDGE ( 'NONE', *, *, #5273, .T. ) ;
#7589 = PLANE ( 'NONE',  #4691 ) ;
#7590 = ORIENTED_EDGE ( 'NONE', *, *, #7081, .F. ) ;
#7591 = DIRECTION ( 'NONE',  ( -2.168404344971010594E-16, -2.923509266293775251E-32, -1.000000000000000000 ) ) ;
#7592 = LINE ( 'NONE', #10611, #10954 ) ;
#7593 = VERTEX_POINT ( 'NONE', #4157 ) ;
#7594 = CARTESIAN_POINT ( 'NONE',  ( -0.3500000000000000333, 0.5299999999999983613, 0.4999999999999970024 ) ) ;
#7595 = CARTESIAN_POINT ( 'NONE',  ( 2.680000000000000160, 2.429999999999997939, 0.1399999999999999301 ) ) ;
#7596 = COLOUR_RGB ( '',0.6470588235294117974, 0.6196078431372549211, 0.5882352941176470784 ) ;
#7597 = COLOUR_RGB ( '',0.2235294117647058654, 0.2235294117647058654, 0.2235294117647058654 ) ;
#7598 = PRESENTATION_STYLE_ASSIGNMENT (( #5267 ) ) ;
#7599 = MECHANICAL_DESIGN_GEOMETRIC_PRESENTATION_REPRESENTATION (  '', ( #4164 ), #9196 ) ;
#7600 = EDGE_CURVE ( 'NONE', #12285, #11563, #4998, .T. ) ;
#7601 = VERTEX_POINT ( 'NONE', #1766 ) ;
#7602 = STYLED_ITEM ( 'NONE', ( #6504 ), #3280 ) ;
#7603 = PRESENTATION_LAYER_ASSIGNMENT (  '', '', ( #2720 ) ) ;
#7604 = CARTESIAN_POINT ( 'NONE',  ( -0.1202972493382168800, -7.607415152209985543, 0.01000000000000000021 ) ) ;
#7605 =( GEOMETRIC_REPRESENTATION_CONTEXT ( 3 ) GLOBAL_UNCERTAINTY_ASSIGNED_CONTEXT ( ( #2385 ) ) GLOBAL_UNIT_ASSIGNED_CONTEXT ( ( #9608, #12231, #8402 ) ) REPRESENTATION_CONTEXT ( 'NONE', 'WORKASPACE' ) );
#7606 = PLANE ( 'NONE',  #11736 ) ;
#7607 = UNCERTAINTY_MEASURE_WITH_UNIT (LENGTH_MEASURE( 1.000000000000000082E-05 ), #9918, 'distance_accuracy_value', 'NONE');
#7608 = CARTESIAN_POINT ( 'NONE',  ( 1.249999999999996225, -0.9700000000000014166, 3.360000000000000320 ) ) ;
#7609 = CARTESIAN_POINT ( 'NONE',  ( 2.649999999999999911, -0.4700000000000016387, 0.4999999999999970024 ) ) ;
#7610 = CARTESIAN_POINT ( 'NONE',  ( -0.5853658536585393257, -8.464891082923399424, 0.01000000000000000021 ) ) ;
#7611 = DIRECTION ( 'NONE',  ( 0.000000000000000000, 0.000000000000000000, -1.000000000000000000 ) ) ;
#7612 =( NAMED_UNIT ( * ) PLANE_ANGLE_UNIT ( ) SI_UNIT ( $, .RADIAN. ) );
#7613 = DIRECTION ( 'NONE',  ( -0.000000000000000000, -0.000000000000000000, -1.000000000000000000 ) ) ;
#7614 =( NAMED_UNIT ( * ) SI_UNIT ( $, .STERADIAN. ) SOLID_ANGLE_UNIT ( ) );
#7615 = COLOUR_RGB ( '',0.2235294117647058654, 0.2235294117647058654, 0.2235294117647058654 ) ;
#7616 = SURFACE_SIDE_STYLE ('',( #3947 ) ) ;
#7617 =( NAMED_UNIT ( * ) SI_UNIT ( $, .STERADIAN. ) SOLID_ANGLE_UNIT ( ) );
#7618 = ORIENTED_EDGE ( 'NONE', *, *, #5333, .T. ) ;
#7619 =( LENGTH_UNIT ( ) NAMED_UNIT ( * ) SI_UNIT ( .MILLI., .METRE. ) );
#7620 = VECTOR ( 'NONE', #9369, 1000.000000000000000 ) ;
#7621 = EDGE_LOOP ( 'NONE', ( #1405, #11529, #404, #6349 ) ) ;
#7622 = DIRECTION ( 'NONE',  ( -1.371322905910519414E-16, 1.000000000000000000, 0.000000000000000000 ) ) ;
#7623 = VECTOR ( 'NONE', #10069, 1000.000000000000000 ) ;
#7624 = PRESENTATION_STYLE_ASSIGNMENT (( #7499 ) ) ;
#7625 = CARTESIAN_POINT ( 'NONE',  ( 0.3902439024390217948, -7.952314863411204193, 0.000000000000000000 ) ) ;
#7626 = LINE ( 'NONE', #11505, #9011 ) ;
#7627 = DIRECTION ( 'NONE',  ( 1.000000000000000000, 0.000000000000000000, 0.000000000000000000 ) ) ;
#7628 = SURFACE_SIDE_STYLE ('',( #12267 ) ) ;
#7629 = VERTEX_POINT ( 'NONE', #8482 ) ;
#7630 =( LENGTH_UNIT ( ) NAMED_UNIT ( * ) SI_UNIT ( .MILLI., .METRE. ) );
#7631 = MECHANICAL_DESIGN_GEOMETRIC_PRESENTATION_REPRESENTATION (  '', ( #3586 ), #10444 ) ;
#7632 = STYLED_ITEM ( 'NONE', ( #487 ), #6360 ) ;
#7633 = ORIENTED_EDGE ( 'NONE', *, *, #5793, .F. ) ;
#7634 = SURFACE_SIDE_STYLE ('',( #3775 ) ) ;
#7635 = EDGE_CURVE ( 'NONE', #3072, #8722, #10297, .T. ) ;
#7636 =( NAMED_UNIT ( * ) PLANE_ANGLE_UNIT ( ) SI_UNIT ( $, .RADIAN. ) );
#7637 = VECTOR ( 'NONE', #3938, 1000.000000000000000 ) ;
#7638 = EDGE_CURVE ( 'NONE', #615, #9612, #711, .T. ) ;
#7639 = EDGE_LOOP ( 'NONE', ( #1291, #1674, #10422, #3562 ) ) ;
#7640 = ORIENTED_EDGE ( 'NONE', *, *, #244, .F. ) ;
#7641 =( LENGTH_UNIT ( ) NAMED_UNIT ( * ) SI_UNIT ( .MILLI., .METRE. ) );
#7642 = VERTEX_POINT ( 'NONE', #6468 ) ;
#7643 = FILL_AREA_STYLE_COLOUR ( '', #8866 ) ;
#7644 = EDGE_CURVE ( 'NONE', #4439, #2347, #12352, .T. ) ;
#7645 = DIRECTION ( 'NONE',  ( 0.000000000000000000, 1.000000000000000000, 0.000000000000000000 ) ) ;
#7646 = ORIENTED_EDGE ( 'NONE', *, *, #639, .F. ) ;
#7647 = CARTESIAN_POINT ( 'NONE',  ( 0.8714654019478792479, -7.575511916312676952, 0.01000000000000000021 ) ) ;
#7648 = MECHANICAL_DESIGN_GEOMETRIC_PRESENTATION_REPRESENTATION (  '', ( #10272 ), #50 ) ;
#7649 = MECHANICAL_DESIGN_GEOMETRIC_PRESENTATION_REPRESENTATION (  '', ( #11655 ), #1174 ) ;
#7650 = ORIENTED_EDGE ( 'NONE', *, *, #8539, .T. ) ;
#7651 = VECTOR ( 'NONE', #5787, 1000.000000000000000 ) ;
#7652 = EDGE_LOOP ( 'NONE', ( #5573, #6301, #232, #1235 ) ) ;
#7653 = DIRECTION ( 'NONE',  ( 1.000000000000000000, -0.000000000000000000, -0.000000000000000000 ) ) ;
#7654 = VECTOR ( 'NONE', #6709, 1000.000000000000000 ) ;
#7655 =( GEOMETRIC_REPRESENTATION_CONTEXT ( 3 ) GLOBAL_UNCERTAINTY_ASSIGNED_CONTEXT ( ( #8979 ) ) GLOBAL_UNIT_ASSIGNED_CONTEXT ( ( #11494, #2021, #4768 ) ) REPRESENTATION_CONTEXT ( 'NONE', 'WORKASPACE' ) );
#7656 = ADVANCED_FACE ( 'NONE', ( #8420 ), #5596, .F. ) ;
#7657 = CARTESIAN_POINT ( 'NONE',  ( 1.270000000000000462, -8.920000000000001705, 3.199999999999999734 ) ) ;
#7658 = ORIENTED_EDGE ( 'NONE', *, *, #3818, .T. ) ;
#7659 = LINE ( 'NONE', #4743, #5874 ) ;
#7660 = VECTOR ( 'NONE', #10818, 1000.000000000000000 ) ;
#7661 = VECTOR ( 'NONE', #87, 1000.000000000000000 ) ;
#7662 = FACE_OUTER_BOUND ( 'NONE', #7193, .T. ) ;
#7663 = VERTEX_POINT ( 'NONE', #12069 ) ;
#7664 = CARTESIAN_POINT ( 'NONE',  ( 1.899999999999995914, -0.9700000000000014166, 1.299682133541857576 ) ) ;
#7665 = EDGE_CURVE ( 'NONE', #10991, #6501, #7301, .T. ) ;
#7666 = DIRECTION ( 'NONE',  ( 1.000000000000000000, 1.596371296911168195E-16, -2.769262765127345574E-32 ) ) ;
#7667 = VECTOR ( 'NONE', #11723, 1000.000000000000000 ) ;
#7668 = CARTESIAN_POINT ( 'NONE',  ( 3.850000000000000089, 1.029999999999998694, 0.000000000000000000 ) ) ;
#7669 = UNCERTAINTY_MEASURE_WITH_UNIT (LENGTH_MEASURE( 1.000000000000000082E-05 ), #3669, 'distance_accuracy_value', 'NONE');
#7670 = ORIENTED_EDGE ( 'NONE', *, *, #12472, .T. ) ;
#7671 = VECTOR ( 'NONE', #6983, 1000.000000000000000 ) ;
#7672 = DIRECTION ( 'NONE',  ( 0.000000000000000000, -1.000000000000000000, 0.000000000000000000 ) ) ;
#7673 = MECHANICAL_DESIGN_GEOMETRIC_PRESENTATION_REPRESENTATION (  '', ( #6051 ), #2965 ) ;
#7674 = DIRECTION ( 'NONE',  ( 1.000000000000000000, 0.000000000000000000, 0.000000000000000000 ) ) ;
#7675 = DIRECTION ( 'NONE',  ( -0.000000000000000000, 0.000000000000000000, 1.000000000000000000 ) ) ;
#7676 = PLANE ( 'NONE',  #1271 ) ;
#7677 = CARTESIAN_POINT ( 'NONE',  ( -3.325000000000000178, 0.4299999999999984945, 2.860000000000000764 ) ) ;
#7678 = EDGE_CURVE ( 'NONE', #9404, #10315, #7365, .T. ) ;
#7679 =( NAMED_UNIT ( * ) SI_UNIT ( $, .STERADIAN. ) SOLID_ANGLE_UNIT ( ) );
#7680 = CARTESIAN_POINT ( 'NONE',  ( -2.224999999999990763, -4.885000000000001563, -0.09862792926813598871 ) ) ;
#7681 = FACE_OUTER_BOUND ( 'NONE', #4869, .T. ) ;
#7682 = LINE ( 'NONE', #10573, #3384 ) ;
#7683 =( GEOMETRIC_REPRESENTATION_CONTEXT ( 3 ) GLOBAL_UNCERTAINTY_ASSIGNED_CONTEXT ( ( #10263 ) ) GLOBAL_UNIT_ASSIGNED_CONTEXT ( ( #2918, #7636, #4727 ) ) REPRESENTATION_CONTEXT ( 'NONE', 'WORKASPACE' ) );
#7684 = ORIENTED_EDGE ( 'NONE', *, *, #5133, .F. ) ;
#7685 = ORIENTED_EDGE ( 'NONE', *, *, #3217, .F. ) ;
#7686 = EDGE_CURVE ( 'NONE', #1907, #3841, #5482, .T. ) ;
#7687 = CARTESIAN_POINT ( 'NONE',  ( 5.224999999999986322, -2.170000000000001705, 3.000000000000000000 ) ) ;
#7688 =( GEOMETRIC_REPRESENTATION_CONTEXT ( 3 ) GLOBAL_UNCERTAINTY_ASSIGNED_CONTEXT ( ( #6220 ) ) GLOBAL_UNIT_ASSIGNED_CONTEXT ( ( #4057, #8015, #10865 ) ) REPRESENTATION_CONTEXT ( 'NONE', 'WORKASPACE' ) );
#7689 = SURFACE_STYLE_USAGE ( .BOTH. , #25 ) ;
#7690 =( NAMED_UNIT ( * ) PLANE_ANGLE_UNIT ( ) SI_UNIT ( $, .RADIAN. ) );
#7691 = DIRECTION ( 'NONE',  ( -1.000000000000000000, 0.000000000000000000, 0.000000000000000000 ) ) ;
#7692 =( NAMED_UNIT ( * ) SI_UNIT ( $, .STERADIAN. ) SOLID_ANGLE_UNIT ( ) );
#7693 = ORIENTED_EDGE ( 'NONE', *, *, #7862, .F. ) ;
#7694 = AXIS2_PLACEMENT_3D ( 'NONE', #7159, #8994, #10088 ) ;
#7695 = ORIENTED_EDGE ( 'NONE', *, *, #5290, .T. ) ;
#7696 = ORIENTED_EDGE ( 'NONE', *, *, #11257, .T. ) ;
#7697 = DIRECTION ( 'NONE',  ( -1.000000000000000000, 0.000000000000000000, -0.000000000000000000 ) ) ;
#7698 = ORIENTED_EDGE ( 'NONE', *, *, #9487, .T. ) ;
#7699 = VECTOR ( 'NONE', #10672, 1000.000000000000000 ) ;
#7700 = ORIENTED_EDGE ( 'NONE', *, *, #3856, .F. ) ;
#7701 = ORIENTED_EDGE ( 'NONE', *, *, #3642, .T. ) ;
#7702 = AXIS2_PLACEMENT_3D ( 'NONE', #11672, #5069, #9806 ) ;
#7703 =( LENGTH_UNIT ( ) NAMED_UNIT ( * ) SI_UNIT ( .MILLI., .METRE. ) );
#7704 = PRESENTATION_LAYER_ASSIGNMENT (  '', '', ( #22 ) ) ;
#7705 = CARTESIAN_POINT ( 'NONE',  ( 2.779999999999999805, -7.420000000000000817, 1.609999999999998987 ) ) ;
#7706 = EDGE_LOOP ( 'NONE', ( #2684, #5035, #11627, #6724 ) ) ;
#7707 = LINE ( 'NONE', #5936, #3738 ) ;
#7708 = FACE_OUTER_BOUND ( 'NONE', #7905, .T. ) ;
#7709 =( NAMED_UNIT ( * ) SI_UNIT ( $, .STERADIAN. ) SOLID_ANGLE_UNIT ( ) );
#7710 = ORIENTED_EDGE ( 'NONE', *, *, #3060, .F. ) ;
#7711 = DIRECTION ( 'NONE',  ( 0.000000000000000000, 1.006563450232729055E-15, -1.000000000000000000 ) ) ;
#7712 = ORIENTED_EDGE ( 'NONE', *, *, #2859, .T. ) ;
#7713 = CARTESIAN_POINT ( 'NONE',  ( 5.224999999999989875, -4.884999999999999787, -0.09862792926813598871 ) ) ;
#7714 = SURFACE_SIDE_STYLE ('',( #2820 ) ) ;
#7715 = DIRECTION ( 'NONE',  ( 1.000000000000000000, 0.000000000000000000, -0.000000000000000000 ) ) ;
#7716 = DIRECTION ( 'NONE',  ( -0.000000000000000000, -1.000000000000000000, -0.000000000000000000 ) ) ;
#7717 = EDGE_CURVE ( 'NONE', #5872, #596, #9568, .T. ) ;
#7718 = CARTESIAN_POINT ( 'NONE',  ( 6.324999999999997513, -7.419999999999996376, 2.929999999999999272 ) ) ;
#7719 = EDGE_CURVE ( 'NONE', #4924, #1072, #5772, .T. ) ;
#7720 = COLOUR_RGB ( '',0.2235294117647058654, 0.2235294117647058654, 0.2235294117647058654 ) ;
#7721 = VERTEX_POINT ( 'NONE', #10632 ) ;
#7722 = EDGE_CURVE ( 'NONE', #2875, #95, #9844, .T. ) ;
#7723 = EDGE_CURVE ( 'NONE', #3419, #11500, #953, .T. ) ;
#7724 = LINE ( 'NONE', #8785, #2942 ) ;
#7725 = CARTESIAN_POINT ( 'NONE',  ( 2.756483208146200958, -7.635843415736576212, 5.082197683525802034E-18 ) ) ;
#7726 = ORIENTED_EDGE ( 'NONE', *, *, #1237, .F. ) ;
#7727 = UNCERTAINTY_MEASURE_WITH_UNIT (LENGTH_MEASURE( 1.000000000000000082E-05 ), #4115, 'distance_accuracy_value', 'NONE');
#7728 = DIRECTION ( 'NONE',  ( -0.9848077530122085754, -0.1736481776669276389, -0.000000000000000000 ) ) ;
#7729 = CARTESIAN_POINT ( 'NONE',  ( -1.825000000000003730, -3.470000000000001528, 2.529999999999998916 ) ) ;
#7730 = AXIS2_PLACEMENT_3D ( 'NONE', #3623, #10336, #10386 ) ;
#7731 = DIRECTION ( 'NONE',  ( 0.000000000000000000, -2.297038501028610091E-17, -1.000000000000000000 ) ) ;
#7732 =( NAMED_UNIT ( * ) PLANE_ANGLE_UNIT ( ) SI_UNIT ( $, .RADIAN. ) );
#7733 = LINE ( 'NONE', #7680, #8143 ) ;
#7734 = CARTESIAN_POINT ( 'NONE',  ( 2.130831605139952067, -7.621316275785579464, -0.000000000000000000 ) ) ;
#7735 = FACE_OUTER_BOUND ( 'NONE', #3460, .T. ) ;
#7736 =( GEOMETRIC_REPRESENTATION_CONTEXT ( 3 ) GLOBAL_UNCERTAINTY_ASSIGNED_CONTEXT ( ( #7497 ) ) GLOBAL_UNIT_ASSIGNED_CONTEXT ( ( #8694, #7817, #5051 ) ) REPRESENTATION_CONTEXT ( 'NONE', 'WORKASPACE' ) );
#7737 = LINE ( 'NONE', #81, #3186 ) ;
#7738 = VECTOR ( 'NONE', #4055, 1000.000000000000000 ) ;
#7739 = ADVANCED_FACE ( 'NONE', ( #10698 ), #8734, .T. ) ;
#7740 =( NAMED_UNIT ( * ) SI_UNIT ( $, .STERADIAN. ) SOLID_ANGLE_UNIT ( ) );
#7741 = CARTESIAN_POINT ( 'NONE',  ( 2.680000000000000160, -6.852871818038222429, 2.249999999999999556 ) ) ;
#7742 = DIRECTION ( 'NONE',  ( -1.371322905910519414E-16, 1.000000000000000000, -0.000000000000000000 ) ) ;
#7743 = VECTOR ( 'NONE', #2645, 1000.000000000000000 ) ;
#7744 = ORIENTED_EDGE ( 'NONE', *, *, #154, .T. ) ;
#7745 =( NAMED_UNIT ( * ) PLANE_ANGLE_UNIT ( ) SI_UNIT ( $, .RADIAN. ) );
#7746 = FILL_AREA_STYLE ('',( #10770 ) ) ;
#7747 = AXIS2_PLACEMENT_3D ( 'NONE', #6480, #6656, #8431 ) ;
#7748 = LINE ( 'NONE', #1833, #3556 ) ;
#7749 = VERTEX_POINT ( 'NONE', #3038 ) ;
#7750 = FILL_AREA_STYLE_COLOUR ( '', #10460 ) ;
#7751 = COLOUR_RGB ( '',0.2235294117647058654, 0.2235294117647058654, 0.2235294117647058654 ) ;
#7752 = ADVANCED_FACE ( 'NONE', ( #1887 ), #2783, .F. ) ;
#7753 = ORIENTED_EDGE ( 'NONE', *, *, #173, .T. ) ;
#7754 = CARTESIAN_POINT ( 'NONE',  ( 1.439024390243899720, -8.013671570728277516, 0.01000000000000000021 ) ) ;
#7755 = LINE ( 'NONE', #10649, #8061 ) ;
#7756 = SURFACE_SIDE_STYLE ('',( #5795 ) ) ;
#7757 = ORIENTED_EDGE ( 'NONE', *, *, #6014, .T. ) ;
#7758 = EDGE_LOOP ( 'NONE', ( #7693, #2922, #6775, #1481 ) ) ;
#7759 = SURFACE_SIDE_STYLE ('',( #8560 ) ) ;
#7760 = ORIENTED_EDGE ( 'NONE', *, *, #7091, .F. ) ;
#7761 = CARTESIAN_POINT ( 'NONE',  ( 5.524999999999986144, -6.170000000000001705, 3.000000000000000000 ) ) ;
#7762 = LINE ( 'NONE', #2044, #1774 ) ;
#7763 = PRESENTATION_STYLE_ASSIGNMENT (( #3905 ) ) ;
#7764 = CARTESIAN_POINT ( 'NONE',  ( 0.3500000000000010880, -0.4700000000000016387, 3.859999999999999876 ) ) ;
#7765 = CARTESIAN_POINT ( 'NONE',  ( -0.1076600609756123983, -7.656964253655107022, 0.01000000000000000021 ) ) ;
#7766 = SURFACE_STYLE_USAGE ( .BOTH. , #860 ) ;
#7767 = ORIENTED_EDGE ( 'NONE', *, *, #939, .F. ) ;
#7768 = CARTESIAN_POINT ( 'NONE',  ( 3.000000000000004885, -7.419999999999999929, 0.000000000000000000 ) ) ;
#7769 = LINE ( 'NONE', #5649, #7249 ) ;
#7770 = LINE ( 'NONE', #926, #528 ) ;
#7771 = PLANE ( 'NONE',  #7302 ) ;
#7772 = VERTEX_POINT ( 'NONE', #459 ) ;
#7773 = DIRECTION ( 'NONE',  ( -1.084202172485504434E-16, -1.000000000000000000, 2.195852501236467750E-16 ) ) ;
#7774 = SURFACE_SIDE_STYLE ('',( #1864 ) ) ;
#7775 = ORIENTED_EDGE ( 'NONE', *, *, #893, .T. ) ;
#7776 =( NAMED_UNIT ( * ) PLANE_ANGLE_UNIT ( ) SI_UNIT ( $, .RADIAN. ) );
#7777 = CARTESIAN_POINT ( 'NONE',  ( -0.1423399390243929308, -7.656964253655107022, 0.01000000000000000021 ) ) ;
#7778 = PRESENTATION_STYLE_ASSIGNMENT (( #4695 ) ) ;
#7779 = CARTESIAN_POINT ( 'NONE',  ( -3.325000000000001066, -0.9700000000000020828, -0.5000000000000000000 ) ) ;
#7780 = MECHANICAL_DESIGN_GEOMETRIC_PRESENTATION_REPRESENTATION (  '', ( #4563 ), #902 ) ;
#7781 =( NAMED_UNIT ( * ) SI_UNIT ( $, .STERADIAN. ) SOLID_ANGLE_UNIT ( ) );
#7782 = MECHANICAL_DESIGN_GEOMETRIC_PRESENTATION_REPRESENTATION (  '', ( #4408 ), #8367 ) ;
#7783 = VERTEX_POINT ( 'NONE', #10017 ) ;
#7784 = CARTESIAN_POINT ( 'NONE',  ( 5.524999999999989697, -4.884999999999999787, -0.09862792926813569727 ) ) ;
#7785 = EDGE_CURVE ( 'NONE', #8890, #2075, #5272, .T. ) ;
#7786 = EDGE_CURVE ( 'NONE', #4806, #2606, #2272, .T. ) ;
#7787 = CARTESIAN_POINT ( 'NONE',  ( 2.846673798692248347, -7.817752595680978800, 5.082197683525802034E-18 ) ) ;
#7788 = ORIENTED_EDGE ( 'NONE', *, *, #1738, .T. ) ;
#7789 = STYLED_ITEM ( 'NONE', ( #1095 ), #5417 ) ;
#7790 = CARTESIAN_POINT ( 'NONE',  ( 0.5388190250271683857, -7.596623970522067282, 0.01000000000000000021 ) ) ;
#7791 = CARTESIAN_POINT ( 'NONE',  ( 6.324999999999997513, -0.9700000000000019718, 2.529999999999998472 ) ) ;
#7792 = FACE_OUTER_BOUND ( 'NONE', #11024, .T. ) ;
#7793 = LINE ( 'NONE', #4888, #8749 ) ;
#7794 = ADVANCED_FACE ( 'NONE', ( #2152 ), #7975, .T. ) ;
#7795 = VECTOR ( 'NONE', #5569, 1000.000000000000000 ) ;
#7796 = PRESENTATION_LAYER_ASSIGNMENT (  '', '', ( #2518 ) ) ;
#7797 = LINE ( 'NONE', #11431, #10077 ) ;
#7798 = CARTESIAN_POINT ( 'NONE',  ( 3.350000000000000977, -0.4700000000000016387, 3.859999999999999876 ) ) ;
#7799 = ORIENTED_EDGE ( 'NONE', *, *, #11394, .T. ) ;
#7800 = CARTESIAN_POINT ( 'NONE',  ( -0.3199999999999999512, -0.5596891741410529031, 2.249999999999999556 ) ) ;
#7801 =( LENGTH_UNIT ( ) NAMED_UNIT ( * ) SI_UNIT ( .MILLI., .METRE. ) );
#7802 =( NAMED_UNIT ( * ) SI_UNIT ( $, .STERADIAN. ) SOLID_ANGLE_UNIT ( ) );
#7803 = CARTESIAN_POINT ( 'NONE',  ( 3.319999999999999840, 2.429999999999997939, 0.1399999999999999301 ) ) ;
#7804 = ADVANCED_FACE ( 'NONE', ( #1337 ), #6209, .F. ) ;
#7805 = ORIENTED_EDGE ( 'NONE', *, *, #9831, .F. ) ;
#7806 = DIRECTION ( 'NONE',  ( -1.084202172485504434E-16, -1.000000000000000000, 0.000000000000000000 ) ) ;
#7807 = ORIENTED_EDGE ( 'NONE', *, *, #5558, .F. ) ;
#7808 = STYLED_ITEM ( 'NONE', ( #7485 ), #10727 ) ;
#7809 = ORIENTED_EDGE ( 'NONE', *, *, #4420, .F. ) ;
#7810 =( LENGTH_UNIT ( ) NAMED_UNIT ( * ) SI_UNIT ( .MILLI., .METRE. ) );
#7811 = CARTESIAN_POINT ( 'NONE',  ( 0.3499999999999999223, 0.5299999999999983613, 0.4999999999999970024 ) ) ;
#7812 = COLOUR_RGB ( '',0.2235294117647058654, 0.2235294117647058654, 0.2235294117647058654 ) ;
#7813 = ORIENTED_EDGE ( 'NONE', *, *, #7785, .F. ) ;
#7814 = ORIENTED_EDGE ( 'NONE', *, *, #5334, .T. ) ;
#7815 = VERTEX_POINT ( 'NONE', #8869 ) ;
#7816 = DIRECTION ( 'NONE',  ( -0.000000000000000000, 1.734723475976807341E-16, 1.000000000000000000 ) ) ;
#7817 =( NAMED_UNIT ( * ) PLANE_ANGLE_UNIT ( ) SI_UNIT ( $, .RADIAN. ) );
#7818 = CARTESIAN_POINT ( 'NONE',  ( 2.307623545928403797, -8.363650991226123210, 0.01000000000000000021 ) ) ;
#7819 =( GEOMETRIC_REPRESENTATION_CONTEXT ( 3 ) GLOBAL_UNCERTAINTY_ASSIGNED_CONTEXT ( ( #6882 ) ) GLOBAL_UNIT_ASSIGNED_CONTEXT ( ( #14, #1824, #9563 ) ) REPRESENTATION_CONTEXT ( 'NONE', 'WORKASPACE' ) );
#7820 = SURFACE_STYLE_FILL_AREA ( #3976 ) ;
#7821 = AXIS2_PLACEMENT_3D ( 'NONE', #10601, #9658, #360 ) ;
#7822 = EDGE_LOOP ( 'NONE', ( #11912, #4306, #1369, #4235 ) ) ;
#7823 = CARTESIAN_POINT ( 'NONE',  ( 0.6312051835298718716, -7.669611443922071281, 0.000000000000000000 ) ) ;
#7824 =( NAMED_UNIT ( * ) SI_UNIT ( $, .STERADIAN. ) SOLID_ANGLE_UNIT ( ) );
#7825 = FACE_OUTER_BOUND ( 'NONE', #3759, .T. ) ;
#7826 = VERTEX_POINT ( 'NONE', #5022 ) ;
#7827 = STYLED_ITEM ( 'NONE', ( #3391 ), #11215 ) ;
#7828 = SURFACE_STYLE_FILL_AREA ( #4990 ) ;
#7829 = VERTEX_POINT ( 'NONE', #4078 ) ;
#7830 = PRESENTATION_LAYER_ASSIGNMENT (  '', '', ( #7226 ) ) ;
#7831 = FILL_AREA_STYLE ('',( #1922 ) ) ;
#7832 = LINE ( 'NONE', #4745, #7542 ) ;
#7833 = DIRECTION ( 'NONE',  ( -0.000000000000000000, -0.000000000000000000, -1.000000000000000000 ) ) ;
#7834 = MECHANICAL_DESIGN_GEOMETRIC_PRESENTATION_REPRESENTATION (  '', ( #2559 ), #8635 ) ;
#7835 = CARTESIAN_POINT ( 'NONE',  ( -3.325000000000000178, 1.029999999999998028, 3.859999999999999876 ) ) ;
#7836 = CARTESIAN_POINT ( 'NONE',  ( 0.000000000000000000, 0.000000000000000000, 0.000000000000000000 ) ) ;
#7837 = SURFACE_STYLE_FILL_AREA ( #3991 ) ;
#7838 = AXIS2_PLACEMENT_3D ( 'NONE', #11406, #43, #4797 ) ;
#7839 = VECTOR ( 'NONE', #6838, 1000.000000000000000 ) ;
#7840 = EDGE_LOOP ( 'NONE', ( #7040, #7571, #1434, #4929 ) ) ;
#7841 =( GEOMETRIC_REPRESENTATION_CONTEXT ( 3 ) GLOBAL_UNCERTAINTY_ASSIGNED_CONTEXT ( ( #9275 ) ) GLOBAL_UNIT_ASSIGNED_CONTEXT ( ( #7911, #2953, #10879 ) ) REPRESENTATION_CONTEXT ( 'NONE', 'WORKASPACE' ) );
#7842 =( NAMED_UNIT ( * ) SI_UNIT ( $, .STERADIAN. ) SOLID_ANGLE_UNIT ( ) );
#7843 = DIRECTION ( 'NONE',  ( -0.1710878697460329056, -0.9702875252478146972, -0.1710878697460336550 ) ) ;
#7844 = SURFACE_STYLE_USAGE ( .BOTH. , #2834 ) ;
#7845 = ORIENTED_EDGE ( 'NONE', *, *, #910, .F. ) ;
#7846 = UNCERTAINTY_MEASURE_WITH_UNIT (LENGTH_MEASURE( 1.000000000000000082E-05 ), #228, 'distance_accuracy_value', 'NONE');
#7847 = CARTESIAN_POINT ( 'NONE',  ( 0.4734986285595548794, -7.668516798672921908, 6.776263578034402713E-18 ) ) ;
#7848 = VECTOR ( 'NONE', #8321, 1000.000000000000000 ) ;
#7849 = FACE_OUTER_BOUND ( 'NONE', #8737, .T. ) ;
#7850 = VECTOR ( 'NONE', #5171, 1000.000000000000000 ) ;
#7851 = CARTESIAN_POINT ( 'NONE',  ( 3.000000000000000000, 2.429999999999997939, -0.4000000000000001887 ) ) ;
#7852 = LINE ( 'NONE', #4198, #2117 ) ;
#7853 = DIRECTION ( 'NONE',  ( -1.371322905910519414E-16, 1.000000000000000000, -0.000000000000000000 ) ) ;
#7854 = DIRECTION ( 'NONE',  ( 1.084202172485505297E-16, 1.461754633146887626E-32, 1.000000000000000000 ) ) ;
#7855 = CARTESIAN_POINT ( 'NONE',  ( 2.263368450326486148, -7.570984766884983230, 0.000000000000000000 ) ) ;
#7856 = VECTOR ( 'NONE', #11696, 1000.000000000000000 ) ;
#7857 = SURFACE_STYLE_FILL_AREA ( #1087 ) ;
#7858 = EDGE_CURVE ( 'NONE', #11266, #3645, #9902, .T. ) ;
#7859 = LINE ( 'NONE', #9955, #3814 ) ;
#7860 = VECTOR ( 'NONE', #1954, 1000.000000000000000 ) ;
#7861 = CARTESIAN_POINT ( 'NONE',  ( 2.307623545928403797, -8.363650991226123210, 0.000000000000000000 ) ) ;
#7862 = EDGE_CURVE ( 'NONE', #6786, #2092, #9681, .T. ) ;
#7863 = ORIENTED_EDGE ( 'NONE', *, *, #5255, .F. ) ;
#7864 = CARTESIAN_POINT ( 'NONE',  ( 2.130831605139952067, -7.621316275785579464, 0.01000000000000000021 ) ) ;
#7865 = CARTESIAN_POINT ( 'NONE',  ( 2.680000000000000160, -6.852871818038222429, 2.249999999999999112 ) ) ;
#7866 = SURFACE_SIDE_STYLE ('',( #3229 ) ) ;
#7867 =( NAMED_UNIT ( * ) PLANE_ANGLE_UNIT ( ) SI_UNIT ( $, .RADIAN. ) );
#7868 = DIRECTION ( 'NONE',  ( 0.000000000000000000, -0.000000000000000000, 1.000000000000000000 ) ) ;
#7869 = SURFACE_STYLE_USAGE ( .BOTH. , #5033 ) ;
#7870 = ORIENTED_EDGE ( 'NONE', *, *, #11852, .T. ) ;
#7871 = EDGE_CURVE ( 'NONE', #1154, #3072, #7353, .T. ) ;
#7872 = DIRECTION ( 'NONE',  ( -1.000000000000000000, -1.156482317317873697E-15, 2.891205793294684243E-16 ) ) ;
#7873 = EDGE_CURVE ( 'NONE', #6907, #6298, #7285, .T. ) ;
#7874 = ORIENTED_EDGE ( 'NONE', *, *, #9493, .T. ) ;
#7875 = CARTESIAN_POINT ( 'NONE',  ( 2.864565772781526132, -7.926223549513304434, 0.01000000000000000021 ) ) ;
#7876 = CARTESIAN_POINT ( 'NONE',  ( -0.3199999999999999512, -1.420000000000001039, 0.000000000000000000 ) ) ;
#7877 = EDGE_CURVE ( 'NONE', #972, #2785, #8014, .T. ) ;
#7878 = LINE ( 'NONE', #8689, #10899 ) ;
#7879 = ORIENTED_EDGE ( 'NONE', *, *, #10264, .T. ) ;
#7880 = ORIENTED_EDGE ( 'NONE', *, *, #7942, .T. ) ;
#7881 = SURFACE_STYLE_FILL_AREA ( #5983 ) ;
#7882 = SURFACE_STYLE_FILL_AREA ( #103 ) ;
#7883 = DIRECTION ( 'NONE',  ( 0.000000000000000000, -1.000000000000000000, 0.000000000000000000 ) ) ;
#7884 = FILL_AREA_STYLE ('',( #1912 ) ) ;
#7885 = LINE ( 'NONE', #6792, #2531 ) ;
#7886 = CARTESIAN_POINT ( 'NONE',  ( 5.524999999999986144, -2.170000000000001705, 3.000000000000000000 ) ) ;
#7887 = SURFACE_STYLE_USAGE ( .BOTH. , #7951 ) ;
#7888 = VECTOR ( 'NONE', #6251, 1000.000000000000000 ) ;
#7889 = ORIENTED_EDGE ( 'NONE', *, *, #230, .F. ) ;
#7890 = LINE ( 'NONE', #3193, #12178 ) ;
#7891 = VECTOR ( 'NONE', #9093, 1000.000000000000000 ) ;
#7892 = EDGE_CURVE ( 'NONE', #6910, #4755, #7415, .T. ) ;
#7893 = DIRECTION ( 'NONE',  ( -0.000000000000000000, 0.000000000000000000, -1.000000000000000000 ) ) ;
#7894 = PRESENTATION_STYLE_ASSIGNMENT (( #2244 ) ) ;
#7895 = EDGE_LOOP ( 'NONE', ( #7710, #10475, #6195, #1793, #9147, #12447 ) ) ;
#7896 = DIRECTION ( 'NONE',  ( -0.000000000000000000, 0.000000000000000000, 1.000000000000000000 ) ) ;
#7897 = CARTESIAN_POINT ( 'NONE',  ( 3.000000000000000000, -0.4700000000000011946, 1.592587122936066635 ) ) ;
#7898 = AXIS2_PLACEMENT_3D ( 'NONE', #6985, #4167, #11653 ) ;
#7899 = CARTESIAN_POINT ( 'NONE',  ( 7.093888888888885802, -6.651111111111115193, 0.7844444444444435005 ) ) ;
#7900 = DIRECTION ( 'NONE',  ( 1.000000000000000000, -0.000000000000000000, -0.000000000000000000 ) ) ;
#7901 = PRESENTATION_LAYER_ASSIGNMENT (  '', '', ( #229 ) ) ;
#7902 = DIRECTION ( 'NONE',  ( 0.000000000000000000, 7.478108553735037092E-16, -1.000000000000000000 ) ) ;
#7903 = FILL_AREA_STYLE_COLOUR ( '', #123 ) ;
#7904 = DIRECTION ( 'NONE',  ( -1.000000000000000000, 0.000000000000000000, 1.084946484143765172E-16 ) ) ;
#7905 = EDGE_LOOP ( 'NONE', ( #10169, #3214, #3284, #5456 ) ) ;
#7906 =( GEOMETRIC_REPRESENTATION_CONTEXT ( 3 ) GLOBAL_UNCERTAINTY_ASSIGNED_CONTEXT ( ( #8505 ) ) GLOBAL_UNIT_ASSIGNED_CONTEXT ( ( #8768, #8903, #11785 ) ) REPRESENTATION_CONTEXT ( 'NONE', 'WORKASPACE' ) );
#7907 = EDGE_CURVE ( 'NONE', #5634, #10114, #697, .T. ) ;
#7908 = CARTESIAN_POINT ( 'NONE',  ( 6.324999999999997513, -0.9700000000000019718, 1.329999999999998739 ) ) ;
#7909 = DIRECTION ( 'NONE',  ( -1.000000000000000000, -4.336808689942017736E-16, 0.000000000000000000 ) ) ;
#7910 = ORIENTED_EDGE ( 'NONE', *, *, #5349, .T. ) ;
#7911 =( LENGTH_UNIT ( ) NAMED_UNIT ( * ) SI_UNIT ( .MILLI., .METRE. ) );
#7912 = CARTESIAN_POINT ( 'NONE',  ( 2.149999999999999911, 1.029999999999998472, 0.000000000000000000 ) ) ;
#7913 = CARTESIAN_POINT ( 'NONE',  ( -2.626372070731854524, -4.885000000000001563, -0.4999999999999995559 ) ) ;
#7914 = SURFACE_SIDE_STYLE ('',( #4070 ) ) ;
#7915 = CARTESIAN_POINT ( 'NONE',  ( 3.319999999999999840, 0.5354264934286706579, -0.5000000000000000000 ) ) ;
#7916 = LINE ( 'NONE', #1947, #11358 ) ;
#7917 = CARTESIAN_POINT ( 'NONE',  ( 0.3914235936273749994, -7.898742862584233748, 0.01000000000000000021 ) ) ;
#7918 = FILL_AREA_STYLE ('',( #9900 ) ) ;
#7919 = DIRECTION ( 'NONE',  ( -0.000000000000000000, 0.000000000000000000, 1.000000000000000000 ) ) ;
#7920 =( GEOMETRIC_REPRESENTATION_CONTEXT ( 3 ) GLOBAL_UNCERTAINTY_ASSIGNED_CONTEXT ( ( #11897 ) ) GLOBAL_UNIT_ASSIGNED_CONTEXT ( ( #9430, #11130, #1520 ) ) REPRESENTATION_CONTEXT ( 'NONE', 'WORKASPACE' ) );
#7921 = VERTEX_POINT ( 'NONE', #517 ) ;
#7922 = DIRECTION ( 'NONE',  ( 1.000000000000000000, 0.000000000000000000, 0.000000000000000000 ) ) ;
#7923 = LINE ( 'NONE', #9906, #8631 ) ;
#7924 = CARTESIAN_POINT ( 'NONE',  ( 5.224999999999988098, -3.614999999999999769, -0.01000000000000000021 ) ) ;
#7925 = LINE ( 'NONE', #4838, #7654 ) ;
#7926 = PLANE ( 'NONE',  #4878 ) ;
#7927 = DIRECTION ( 'NONE',  ( -0.000000000000000000, 0.000000000000000000, 1.000000000000000000 ) ) ;
#7928 = CARTESIAN_POINT ( 'NONE',  ( 1.269999999999999352, -1.420000000000001039, 3.199999999999999734 ) ) ;
#7929 = SURFACE_STYLE_USAGE ( .BOTH. , #2098 ) ;
#7930 = VERTEX_POINT ( 'NONE', #2638 ) ;
#7931 = VECTOR ( 'NONE', #11729, 1000.000000000000000 ) ;
#7932 = LINE ( 'NONE', #5038, #1751 ) ;
#7933 = VERTEX_POINT ( 'NONE', #8289 ) ;
#7934 = ORIENTED_EDGE ( 'NONE', *, *, #12082, .F. ) ;
#7935 = SURFACE_STYLE_USAGE ( .BOTH. , #3108 ) ;
#7936 = DIRECTION ( 'NONE',  ( -0.000000000000000000, -0.000000000000000000, 1.000000000000000000 ) ) ;
#7937 = CARTESIAN_POINT ( 'NONE',  ( 2.448410314753104000, -8.475941918624160465, 0.01000000000000000021 ) ) ;
#7938 = SURFACE_STYLE_FILL_AREA ( #11021 ) ;
#7939 = VERTEX_POINT ( 'NONE', #4386 ) ;
#7940 = PRESENTATION_LAYER_ASSIGNMENT (  '', '', ( #12144 ) ) ;
#7941 = ORIENTED_EDGE ( 'NONE', *, *, #5334, .F. ) ;
#7942 = EDGE_CURVE ( 'NONE', #6123, #11232, #12239, .T. ) ;
#7943 = STYLED_ITEM ( 'NONE', ( #6306 ), #9414 ) ;
#7944 = ORIENTED_EDGE ( 'NONE', *, *, #888, .F. ) ;
#7945 = EDGE_CURVE ( 'NONE', #8257, #10319, #2456, .T. ) ;
#7946 = CARTESIAN_POINT ( 'NONE',  ( 5.575000000000008171, -0.4700000000000008060, 0.5000000000000004441 ) ) ;
#7947 = LINE ( 'NONE', #7180, #7671 ) ;
#7948 = MECHANICAL_DESIGN_GEOMETRIC_PRESENTATION_REPRESENTATION (  '', ( #12354 ), #1662 ) ;
#7949 = CARTESIAN_POINT ( 'NONE',  ( 2.121951219512192566, -8.303305717069740410, 0.01000000000000000021 ) ) ;
#7950 = EDGE_CURVE ( 'NONE', #1857, #7829, #1585, .T. ) ;
#7951 = SURFACE_SIDE_STYLE ('',( #301 ) ) ;
#7952 = PRESENTATION_LAYER_ASSIGNMENT (  '', '', ( #6333 ) ) ;
#7953 = ORIENTED_EDGE ( 'NONE', *, *, #8952, .F. ) ;
#7954 = ORIENTED_EDGE ( 'NONE', *, *, #5497, .T. ) ;
#7955 = CARTESIAN_POINT ( 'NONE',  ( 6.324999999999997513, 0.4299999999999984945, 2.860000000000000764 ) ) ;
#7956 = ORIENTED_EDGE ( 'NONE', *, *, #12410, .F. ) ;
#7957 = CARTESIAN_POINT ( 'NONE',  ( 2.650000000000000799, -0.4700000000000016387, 3.360000000000000320 ) ) ;
#7958 = CARTESIAN_POINT ( 'NONE',  ( -0.3499999999999998668, -0.4700000000000016387, 0.000000000000000000 ) ) ;
#7959 = CARTESIAN_POINT ( 'NONE',  ( -0.3199999999999999512, -0.5596891741410529031, 1.609999999999999432 ) ) ;
#7960 = DIRECTION ( 'NONE',  ( -1.000000000000000000, 0.000000000000000000, 0.000000000000000000 ) ) ;
#7961 = LINE ( 'NONE', #8018, #12029 ) ;
#7962 = ORIENTED_EDGE ( 'NONE', *, *, #4483, .T. ) ;
#7963 =( NAMED_UNIT ( * ) SI_UNIT ( $, .STERADIAN. ) SOLID_ANGLE_UNIT ( ) );
#7964 =( LENGTH_UNIT ( ) NAMED_UNIT ( * ) SI_UNIT ( .MILLI., .METRE. ) );
#7965 = VERTEX_POINT ( 'NONE', #9248 ) ;
#7966 = UNCERTAINTY_MEASURE_WITH_UNIT (LENGTH_MEASURE( 1.000000000000000082E-05 ), #10165, 'distance_accuracy_value', 'NONE');
#7967 = CARTESIAN_POINT ( 'NONE',  ( 2.499999999999996891, -6.208407623149840404, 5.059999999999999609 ) ) ;
#7968 = DIRECTION ( 'NONE',  ( 0.000000000000000000, 0.000000000000000000, -1.000000000000000000 ) ) ;
#7969 = CARTESIAN_POINT ( 'NONE',  ( 5.524999999999987921, -3.614999999999999769, -0.01000000000000000021 ) ) ;
#7970 =( NAMED_UNIT ( * ) PLANE_ANGLE_UNIT ( ) SI_UNIT ( $, .RADIAN. ) );
#7971 =( NAMED_UNIT ( * ) PLANE_ANGLE_UNIT ( ) SI_UNIT ( $, .RADIAN. ) );
#7972 = ADVANCED_FACE ( 'NONE', ( #4520 ), #8343, .T. ) ;
#7973 = PRESENTATION_STYLE_ASSIGNMENT (( #10082 ) ) ;
#7974 =( GEOMETRIC_REPRESENTATION_CONTEXT ( 3 ) GLOBAL_UNCERTAINTY_ASSIGNED_CONTEXT ( ( #1753 ) ) GLOBAL_UNIT_ASSIGNED_CONTEXT ( ( #7810, #11386, #11641 ) ) REPRESENTATION_CONTEXT ( 'NONE', 'WORKASPACE' ) );
#7975 = PLANE ( 'NONE',  #11235 ) ;
#7976 = ORIENTED_EDGE ( 'NONE', *, *, #7135, .T. ) ;
#7977 = DIRECTION ( 'NONE',  ( 0.000000000000000000, -1.000000000000000000, 1.734723475976807341E-16 ) ) ;
#7978 = FILL_AREA_STYLE ('',( #3040 ) ) ;
#7979 = CARTESIAN_POINT ( 'NONE',  ( 6.324999999999995737, -7.419999999999998153, 3.260000000000000231 ) ) ;
#7980 = PRESENTATION_STYLE_ASSIGNMENT (( #1962 ) ) ;
#7981 = LINE ( 'NONE', #281, #5686 ) ;
#7982 = DIRECTION ( 'NONE',  ( -0.000000000000000000, 1.000000000000000000, 0.000000000000000000 ) ) ;
#7983 = DIRECTION ( 'NONE',  ( -0.000000000000000000, -0.000000000000000000, 1.000000000000000000 ) ) ;
#7984 = STYLED_ITEM ( 'NONE', ( #1074 ), #3123 ) ;
#7985 = ORIENTED_EDGE ( 'NONE', *, *, #1461, .F. ) ;
#7986 = STYLED_ITEM ( 'NONE', ( #3275 ), #10257 ) ;
#7987 = PLANE ( 'NONE',  #758 ) ;
#7988 = CARTESIAN_POINT ( 'NONE',  ( 2.472107144239671594, -7.577317536862717695, 0.000000000000000000 ) ) ;
#7989 = CARTESIAN_POINT ( 'NONE',  ( 2.589142849635947652, -8.444001777156538324, 0.01000000000000000021 ) ) ;
#7990 = MECHANICAL_DESIGN_GEOMETRIC_PRESENTATION_REPRESENTATION (  '', ( #5776 ), #6767 ) ;
#7991 = CARTESIAN_POINT ( 'NONE',  ( 2.121951219512192566, -8.413061814630715674, 0.01000000000000000021 ) ) ;
#7992 = EDGE_LOOP ( 'NONE', ( #9221, #12426, #1631, #7122, #2344, #9674 ) ) ;
#7993 = B_SPLINE_CURVE_WITH_KNOTS ( 'NONE', 3,
 ( #11148, #5493, #7502, #2658, #721, #3699, #11379, #1605, #659, #6415, #10166 ),
 .UNSPECIFIED., .F., .F.,
 ( 4, 1, 1, 1, 1, 1, 1, 1, 4 ),
 ( 0.000000000000000000, 0.1451868664724694780, 0.2834426109197299426, 0.4165243659288295208, 0.5431811235350837430, 0.6651530826377130001, 0.7813602063127150776, 0.8927566556418088384, 1.000000000000000000 ),
 .UNSPECIFIED. ) ;
#7994 = ORIENTED_EDGE ( 'NONE', *, *, #8103, .T. ) ;
#7995 = PRESENTATION_STYLE_ASSIGNMENT (( #9977 ) ) ;
#7996 = CARTESIAN_POINT ( 'NONE',  ( 2.731361002593722720, -7.960115723687898104, 0.01000000000000000021 ) ) ;
#7997 = CARTESIAN_POINT ( 'NONE',  ( 0.7535993338599811242, -8.329674989980935251, 0.01000000000000000021 ) ) ;
#7998 = CARTESIAN_POINT ( 'NONE',  ( 0.3500000000000009215, 0.5299999999999983613, 3.859999999999999876 ) ) ;
#7999 = LINE ( 'NONE', #6862, #10915 ) ;
#8000 = CARTESIAN_POINT ( 'NONE',  ( 3.319999999999999840, 1.862871818038229543, 0.1399999999999999301 ) ) ;
#8001 = ORIENTED_EDGE ( 'NONE', *, *, #11698, .F. ) ;
#8002 = EDGE_CURVE ( 'NONE', #6036, #2728, #4756, .T. ) ;
#8003 = ORIENTED_EDGE ( 'NONE', *, *, #4967, .F. ) ;
#8004 = ORIENTED_EDGE ( 'NONE', *, *, #925, .T. ) ;
#8005 = DIRECTION ( 'NONE',  ( 0.000000000000000000, 7.478108553735037092E-16, -1.000000000000000000 ) ) ;
#8006 = CARTESIAN_POINT ( 'NONE',  ( 0.3199999999999999512, -0.4700000000000016387, 1.592587122936066857 ) ) ;
#8007 = CARTESIAN_POINT ( 'NONE',  ( 2.589142849635947652, -8.444001777156538324, 0.01000000000000000021 ) ) ;
#8008 = EDGE_CURVE ( 'NONE', #3226, #8832, #7724, .T. ) ;
#8009 = ORIENTED_EDGE ( 'NONE', *, *, #2687, .F. ) ;
#8010 = CARTESIAN_POINT ( 'NONE',  ( -2.575000000000014388, -0.4700000000000020828, 3.360000000000000320 ) ) ;
#8011 = EDGE_CURVE ( 'NONE', #10837, #4623, #3932, .T. ) ;
#8012 = VECTOR ( 'NONE', #4325, 1000.000000000000000 ) ;
#8013 =( LENGTH_UNIT ( ) NAMED_UNIT ( * ) SI_UNIT ( .MILLI., .METRE. ) );
#8014 = CIRCLE ( 'NONE', #1728, 0.1013720707318636893 ) ;
#8015 =( NAMED_UNIT ( * ) PLANE_ANGLE_UNIT ( ) SI_UNIT ( $, .RADIAN. ) );
#8016 = DIRECTION ( 'NONE',  ( -0.7071067811865463515, 0.7071067811865487940, 2.044391222244498851E-16 ) ) ;
#8017 =( LENGTH_UNIT ( ) NAMED_UNIT ( * ) SI_UNIT ( .MILLI., .METRE. ) );
#8018 = CARTESIAN_POINT ( 'NONE',  ( 0.07526676829268028057, -8.184403278045349950, 0.000000000000000000 ) ) ;
#8019 = UNCERTAINTY_MEASURE_WITH_UNIT (LENGTH_MEASURE( 1.000000000000000082E-05 ), #12079, 'distance_accuracy_value', 'NONE');
#8020 = EDGE_CURVE ( 'NONE', #3895, #3794, #4699, .T. ) ;
#8021 = EDGE_CURVE ( 'NONE', #10106, #7428, #129, .T. ) ;
#8022 = ORIENTED_EDGE ( 'NONE', *, *, #6851, .F. ) ;
#8023 = VECTOR ( 'NONE', #8016, 1000.000000000000000 ) ;
#8024 = CARTESIAN_POINT ( 'NONE',  ( 0.3199999999999999512, -0.5596891741410527921, 1.370310825858947590 ) ) ;
#8025 = LINE ( 'NONE', #7908, #12022 ) ;
#8026 = EDGE_CURVE ( 'NONE', #6073, #4357, #1815, .T. ) ;
#8027 = ADVANCED_FACE ( 'NONE', ( #10439 ), #5759, .T. ) ;
#8028 = STYLED_ITEM ( 'NONE', ( #5266 ), #4938 ) ;
#8029 = DIRECTION ( 'NONE',  ( -3.704886094926550657E-32, 1.000000000000000000, -3.414809992080328037E-16 ) ) ;
#8030 = ORIENTED_EDGE ( 'NONE', *, *, #4716, .F. ) ;
#8031 = FACE_OUTER_BOUND ( 'NONE', #1721, .T. ) ;
#8032 = CARTESIAN_POINT ( 'NONE',  ( 2.356135670731704490, -7.562452058533155608, 0.01000000000000000021 ) ) ;
#8033 = CARTESIAN_POINT ( 'NONE',  ( 2.121951219512192566, -7.492330107313643239, 0.01000000000000000021 ) ) ;
#8034 =( LENGTH_UNIT ( ) NAMED_UNIT ( * ) SI_UNIT ( .MILLI., .METRE. ) );
#8035 = DIRECTION ( 'NONE',  ( 0.000000000000000000, 0.000000000000000000, -1.000000000000000000 ) ) ;
#8036 = CARTESIAN_POINT ( 'NONE',  ( -3.325000000000000178, -0.9700000000000019718, 1.329999999999998739 ) ) ;
#8037 = COLOUR_RGB ( '',0.2235294117647058654, 0.2235294117647058654, 0.2235294117647058654 ) ;
#8038 = LINE ( 'NONE', #8865, #8012 ) ;
#8039 = COLOUR_RGB ( '',0.2235294117647058654, 0.2235294117647058654, 0.2235294117647058654 ) ;
#8040 =( GEOMETRIC_REPRESENTATION_CONTEXT ( 3 ) GLOBAL_UNCERTAINTY_ASSIGNED_CONTEXT ( ( #3935 ) ) GLOBAL_UNIT_ASSIGNED_CONTEXT ( ( #11025, #2346, #1603 ) ) REPRESENTATION_CONTEXT ( 'NONE', 'WORKASPACE' ) );
#8041 = CARTESIAN_POINT ( 'NONE',  ( -2.524999999999990585, -2.170000000000001705, -0.01000000000000000021 ) ) ;
#8042 = VECTOR ( 'NONE', #11702, 1000.000000000000000 ) ;
#8043 = DIRECTION ( 'NONE',  ( 0.000000000000000000, -0.7071067811865512365, -0.7071067811865439090 ) ) ;
#8044 = PRESENTATION_LAYER_ASSIGNMENT (  '', '', ( #8848 ) ) ;
#8045 = EDGE_CURVE ( 'NONE', #6602, #10239, #11545, .T. ) ;
#8046 = ORIENTED_EDGE ( 'NONE', *, *, #4517, .F. ) ;
#8047 =( NAMED_UNIT ( * ) SI_UNIT ( $, .STERADIAN. ) SOLID_ANGLE_UNIT ( ) );
#8048 = MECHANICAL_DESIGN_GEOMETRIC_PRESENTATION_REPRESENTATION (  '', ( #6434 ), #4641 ) ;
#8049 = CARTESIAN_POINT ( 'NONE',  ( 2.830764114352940286, -7.767921703001536393, 0.000000000000000000 ) ) ;
#8050 =( NAMED_UNIT ( * ) SI_UNIT ( $, .STERADIAN. ) SOLID_ANGLE_UNIT ( ) );
#8051 = SURFACE_STYLE_FILL_AREA ( #7295 ) ;
#8052 = ORIENTED_EDGE ( 'NONE', *, *, #6854, .F. ) ;
#8053 = VECTOR ( 'NONE', #366, 1000.000000000000000 ) ;
#8054 = SURFACE_STYLE_FILL_AREA ( #1347 ) ;
#8055 = CARTESIAN_POINT ( 'NONE',  ( 2.691709487912725685, -7.768741975962140778, 0.000000000000000000 ) ) ;
#8056 = DIRECTION ( 'NONE',  ( -1.371322905910519414E-16, 1.000000000000000000, -0.000000000000000000 ) ) ;
#8057 = CARTESIAN_POINT ( 'NONE',  ( 2.212276081267135375, -8.452653279618393967, 0.01000000000000000021 ) ) ;
#8058 = EDGE_CURVE ( 'NONE', #2566, #7829, #9614, .T. ) ;
#8059 = ORIENTED_EDGE ( 'NONE', *, *, #2582, .F. ) ;
#8060 = ORIENTED_EDGE ( 'NONE', *, *, #10456, .T. ) ;
#8061 = VECTOR ( 'NONE', #1038, 1000.000000000000000 ) ;
#8062 = SURFACE_STYLE_FILL_AREA ( #4223 ) ;
#8063 = CARTESIAN_POINT ( 'NONE',  ( 0.4264396618143128648, -8.161787675069133385, 6.776263578034402713E-18 ) ) ;
#8064 = CARTESIAN_POINT ( 'NONE',  ( 0.8317187116322111162, -8.349128079323076435, 0.000000000000000000 ) ) ;
#8065 = CARTESIAN_POINT ( 'NONE',  ( -2.524999999999991029, -6.170000000000001705, 3.000000000000000000 ) ) ;
#8066 = FACE_OUTER_BOUND ( 'NONE', #3796, .T. ) ;
#8067 = FILL_AREA_STYLE_COLOUR ( '', #4985 ) ;
#8068 = DIRECTION ( 'NONE',  ( -2.742645811821040800E-16, 1.000000000000000000, -1.734723475976807341E-16 ) ) ;
#8069 = ORIENTED_EDGE ( 'NONE', *, *, #1281, .T. ) ;
#8070 = ORIENTED_EDGE ( 'NONE', *, *, #8404, .F. ) ;
#8071 = CARTESIAN_POINT ( 'NONE',  ( 3.850000000000000089, 0.5299999999999988054, 0.4999999999999996669 ) ) ;
#8072 = DIRECTION ( 'NONE',  ( -0.000000000000000000, 2.297038501028610091E-17, 1.000000000000000000 ) ) ;
#8073 = CARTESIAN_POINT ( 'NONE',  ( 2.865853658536582582, -7.983755412191692713, 6.776263578034402713E-18 ) ) ;
#8074 = ORIENTED_EDGE ( 'NONE', *, *, #1165, .F. ) ;
#8075 = LINE ( 'NONE', #5123, #7507 ) ;
#8076 = MECHANICAL_DESIGN_GEOMETRIC_PRESENTATION_REPRESENTATION (  '', ( #9498 ), #1004 ) ;
#8077 = VERTEX_POINT ( 'NONE', #8656 ) ;
#8078 = PRESENTATION_STYLE_ASSIGNMENT (( #9030 ) ) ;
#8079 = DIRECTION ( 'NONE',  ( 1.000000000000000000, 0.000000000000000000, 0.000000000000000000 ) ) ;
#8080 = FILL_AREA_STYLE_COLOUR ( '', #10762 ) ;
#8081 = SURFACE_SIDE_STYLE ('',( #5946 ) ) ;
#8082 = ORIENTED_EDGE ( 'NONE', *, *, #1445, .T. ) ;
#8083 = DIRECTION ( 'NONE',  ( 1.000000000000000000, 0.000000000000000000, 0.000000000000000000 ) ) ;
#8084 = DIRECTION ( 'NONE',  ( 1.000000000000000000, 0.000000000000000000, -0.000000000000000000 ) ) ;
#8085 =( GEOMETRIC_REPRESENTATION_CONTEXT ( 3 ) GLOBAL_UNCERTAINTY_ASSIGNED_CONTEXT ( ( #7224 ) ) GLOBAL_UNIT_ASSIGNED_CONTEXT ( ( #10307, #9346, #12211 ) ) REPRESENTATION_CONTEXT ( 'NONE', 'WORKASPACE' ) );
#8086 = ORIENTED_EDGE ( 'NONE', *, *, #905, .F. ) ;
#8087 = FACE_OUTER_BOUND ( 'NONE', #6719, .T. ) ;
#8088 =( GEOMETRIC_REPRESENTATION_CONTEXT ( 3 ) GLOBAL_UNCERTAINTY_ASSIGNED_CONTEXT ( ( #11922 ) ) GLOBAL_UNIT_ASSIGNED_CONTEXT ( ( #5867, #9724, #1487 ) ) REPRESENTATION_CONTEXT ( 'NONE', 'WORKASPACE' ) );
#8089 = FILL_AREA_STYLE ('',( #11678 ) ) ;
#8090 = DIRECTION ( 'NONE',  ( -1.000000000000000000, -0.000000000000000000, -0.000000000000000000 ) ) ;
#8091 = ORIENTED_EDGE ( 'NONE', *, *, #5160, .T. ) ;
#8092 = UNCERTAINTY_MEASURE_WITH_UNIT (LENGTH_MEASURE( 1.000000000000000082E-05 ), #10733, 'distance_accuracy_value', 'NONE');
#8093 = STYLED_ITEM ( 'NONE', ( #2799 ), #4254 ) ;
#8094 = CARTESIAN_POINT ( 'NONE',  ( 2.357278963414631612, -7.452695960972180345, 0.01000000000000000021 ) ) ;
#8095 = EDGE_CURVE ( 'NONE', #5815, #4245, #941, .T. ) ;
#8096 = ADVANCED_FACE ( 'NONE', ( #4880 ), #10305, .T. ) ;
#8097 = SURFACE_STYLE_USAGE ( .BOTH. , #11748 ) ;
#8098 = CARTESIAN_POINT ( 'NONE',  ( 2.245942693746495689, -8.461508129179758697, 0.01000000000000000021 ) ) ;
#8099 = CARTESIAN_POINT ( 'NONE',  ( 0.8585252776294802768, -7.466103473587510031, 0.01000000000000000021 ) ) ;
#8100 =( NAMED_UNIT ( * ) PLANE_ANGLE_UNIT ( ) SI_UNIT ( $, .RADIAN. ) );
#8101 = AXIS2_PLACEMENT_3D ( 'NONE', #6742, #1068, #935 ) ;
#8102 = MECHANICAL_DESIGN_GEOMETRIC_PRESENTATION_REPRESENTATION (  '', ( #7086 ), #1838 ) ;
#8103 = EDGE_CURVE ( 'NONE', #11447, #8241, #9495, .T. ) ;
#8104 = DIRECTION ( 'NONE',  ( 1.000000000000000000, 2.742645811821039321E-16, -7.675767592817732391E-16 ) ) ;
#8105 = ORIENTED_EDGE ( 'NONE', *, *, #10433, .T. ) ;
#8106 = DIRECTION ( 'NONE',  ( 0.000000000000000000, 0.000000000000000000, 1.000000000000000000 ) ) ;
#8107 = STYLED_ITEM ( 'NONE', ( #3328 ), #8386 ) ;
#8108 = CARTESIAN_POINT ( 'NONE',  ( 2.722789633655546382, -7.598141589716255417, 0.000000000000000000 ) ) ;
#8109 = PRESENTATION_STYLE_ASSIGNMENT (( #4273 ) ) ;
#8110 = PRESENTATION_STYLE_ASSIGNMENT (( #2523 ) ) ;
#8111 = CARTESIAN_POINT ( 'NONE',  ( 0.3199999999999999512, 1.862871818038229543, 0.1399999999999999301 ) ) ;
#8112 = ORIENTED_EDGE ( 'NONE', *, *, #3770, .T. ) ;
#8113 = UNCERTAINTY_MEASURE_WITH_UNIT (LENGTH_MEASURE( 1.000000000000000082E-05 ), #12286, 'distance_accuracy_value', 'NONE');
#8114 = EDGE_CURVE ( 'NONE', #7772, #1839, #3808, .T. ) ;
#8115 = ORIENTED_EDGE ( 'NONE', *, *, #2969, .T. ) ;
#8116 = DIRECTION ( 'NONE',  ( -0.000000000000000000, -0.000000000000000000, -1.000000000000000000 ) ) ;
#8117 =( LENGTH_UNIT ( ) NAMED_UNIT ( * ) SI_UNIT ( .MILLI., .METRE. ) );
#8118 = VERTEX_POINT ( 'NONE', #11481 ) ;
#8119 = VERTEX_POINT ( 'NONE', #1874 ) ;
#8120 = SURFACE_STYLE_FILL_AREA ( #7175 ) ;
#8121 = FACE_OUTER_BOUND ( 'NONE', #1996, .T. ) ;
#8122 = CARTESIAN_POINT ( 'NONE',  ( 0.4474317479245573659, -8.207221350418587136, 0.01000000000000000021 ) ) ;
#8123 = CARTESIAN_POINT ( 'NONE',  ( -4.625000000000000888, -4.885000000000001563, -0.1999999999999996503 ) ) ;
#8124 = CARTESIAN_POINT ( 'NONE',  ( -2.224999999999990763, -2.170000000000001705, -0.01000000000000000021 ) ) ;
#8125 = VECTOR ( 'NONE', #7530, 1000.000000000000000 ) ;
#8126 = CARTESIAN_POINT ( 'NONE',  ( 5.524999999999986144, -3.470000000000001528, 0.9299999999999991607 ) ) ;
#8127 = ORIENTED_EDGE ( 'NONE', *, *, #8668, .T. ) ;
#8128 = ADVANCED_FACE ( 'NONE', ( #10812 ), #2199, .T. ) ;
#8129 =( LENGTH_UNIT ( ) NAMED_UNIT ( * ) SI_UNIT ( .MILLI., .METRE. ) );
#8130 = EDGE_LOOP ( 'NONE', ( #6438, #7241, #1435, #8521, #4153, #2693, #938, #5789, #4276, #7386, #1465, #2617, #7272, #10359, #5880, #7174, #4221, #11143, #8318, #3834, #9194, #8278, #8849, #11876, #7448, #12027, #688, #11038 ) ) ;
#8131 = ORIENTED_EDGE ( 'NONE', *, *, #5328, .T. ) ;
#8132 = LINE ( 'NONE', #3312, #5572 ) ;
#8133 =( GEOMETRIC_REPRESENTATION_CONTEXT ( 3 ) GLOBAL_UNCERTAINTY_ASSIGNED_CONTEXT ( ( #4600 ) ) GLOBAL_UNIT_ASSIGNED_CONTEXT ( ( #3844, #6606, #1723 ) ) REPRESENTATION_CONTEXT ( 'NONE', 'WORKASPACE' ) );
#8134 = CARTESIAN_POINT ( 'NONE',  ( 2.121951219512192566, -7.492330107313643239, 0.000000000000000000 ) ) ;
#8135 = AXIS2_PLACEMENT_3D ( 'NONE', #250, #1379, #9996 ) ;
#8136 = CARTESIAN_POINT ( 'NONE',  ( 2.705682198047719922, -8.373816223682149840, 0.01000000000000000021 ) ) ;
#8137 = ORIENTED_EDGE ( 'NONE', *, *, #3945, .T. ) ;
#8138 =( LENGTH_UNIT ( ) NAMED_UNIT ( * ) SI_UNIT ( .MILLI., .METRE. ) );
#8139 = VERTEX_POINT ( 'NONE', #10875 ) ;
#8140 = VECTOR ( 'NONE', #7883, 1000.000000000000000 ) ;
#8141 = CARTESIAN_POINT ( 'NONE',  ( 0.000000000000000000, 0.000000000000000000, 0.01000000000000000021 ) ) ;
#8142 = FACE_OUTER_BOUND ( 'NONE', #7313, .T. ) ;
#8143 = VECTOR ( 'NONE', #9824, 1000.000000000000000 ) ;
#8144 = DIRECTION ( 'NONE',  ( 1.000000000000000000, -0.000000000000000000, -0.000000000000000000 ) ) ;
#8145 = CARTESIAN_POINT ( 'NONE',  ( 2.453509083748888209, -8.361301454363555763, 0.01000000000000000021 ) ) ;
#8146 = EDGE_LOOP ( 'NONE', ( #11275, #5735, #7788, #3318 ) ) ;
#8147 = CARTESIAN_POINT ( 'NONE',  ( 2.718674090743240068, -8.099822289887717019, 6.776263578034402713E-18 ) ) ;
#8148 = VECTOR ( 'NONE', #6576, 1000.000000000000000 ) ;
#8149 = UNCERTAINTY_MEASURE_WITH_UNIT (LENGTH_MEASURE( 1.000000000000000082E-05 ), #10252, 'distance_accuracy_value', 'NONE');
#8150 = VERTEX_POINT ( 'NONE', #4314 ) ;
#8151 = AXIS2_PLACEMENT_3D ( 'NONE', #8922, #2266, #1329 ) ;
#8152 = SURFACE_SIDE_STYLE ('',( #747 ) ) ;
#8153 = ORIENTED_EDGE ( 'NONE', *, *, #5860, .T. ) ;
#8154 = DIRECTION ( 'NONE',  ( 0.000000000000000000, 0.000000000000000000, -1.000000000000000000 ) ) ;
#8155 = CARTESIAN_POINT ( 'NONE',  ( 2.730686611792915830, -7.930036988149721466, 0.01000000000000000021 ) ) ;
#8156 =( NAMED_UNIT ( * ) SI_UNIT ( $, .STERADIAN. ) SOLID_ANGLE_UNIT ( ) );
#8157 = CARTESIAN_POINT ( 'NONE',  ( 2.121951219512192566, -8.413061814630715674, 6.776263578034402713E-18 ) ) ;
#8158 = CARTESIAN_POINT ( 'NONE',  ( 2.397103658536582582, -8.477086204874618502, 0.01000000000000000021 ) ) ;
#8159 = DIRECTION ( 'NONE',  ( 0.000000000000000000, -1.000000000000000000, -0.000000000000000000 ) ) ;
#8160 = EDGE_CURVE ( 'NONE', #8077, #159, #258, .T. ) ;
#8161 = FILL_AREA_STYLE ('',( #11814 ) ) ;
#8162 = PRESENTATION_LAYER_ASSIGNMENT (  '', '', ( #3521 ) ) ;
#8163 = ORIENTED_EDGE ( 'NONE', *, *, #1908, .F. ) ;
#8164 = LINE ( 'NONE', #11944, #3676 ) ;
#8165 = FILL_AREA_STYLE ('',( #1407 ) ) ;
#8166 = DIRECTION ( 'NONE',  ( 0.000000000000000000, -1.000000000000000000, 0.000000000000000000 ) ) ;
#8167 = EDGE_CURVE ( 'NONE', #380, #99, #8025, .T. ) ;
#8168 = CARTESIAN_POINT ( 'NONE',  ( 3.329268292682923569, -8.355134985362424160, 0.01000000000000000021 ) ) ;
#8169 = CARTESIAN_POINT ( 'NONE',  ( 3.000000000000004885, -7.419999999999999929, -0.5000000000000000000 ) ) ;
#8170 = FILL_AREA_STYLE_COLOUR ( '', #10018 ) ;
#8171 = CARTESIAN_POINT ( 'NONE',  ( -1.269999999999999352, -8.920000000000001705, 0.6599999999999995870 ) ) ;
#8172 = AXIS2_PLACEMENT_3D ( 'NONE', #3489, #2528, #10096 ) ;
#8173 = ORIENTED_EDGE ( 'NONE', *, *, #2047, .F. ) ;
#8174 = MECHANICAL_DESIGN_GEOMETRIC_PRESENTATION_REPRESENTATION (  '', ( #308 ), #700 ) ;
#8175 = SURFACE_SIDE_STYLE ('',( #1417 ) ) ;
#8176 = EDGE_CURVE ( 'NONE', #7930, #2409, #2316, .T. ) ;
#8177 = DIRECTION ( 'NONE',  ( -1.371322905910519414E-16, 1.000000000000000000, -0.000000000000000000 ) ) ;
#8178 = VERTEX_POINT ( 'NONE', #3268 ) ;
#8179 = ORIENTED_EDGE ( 'NONE', *, *, #7723, .F. ) ;
#8180 = CARTESIAN_POINT ( 'NONE',  ( -0.1382434669982376685, -7.643866907615093353, 0.000000000000000000 ) ) ;
#8181 = EDGE_CURVE ( 'NONE', #1310, #8486, #3082, .T. ) ;
#8182 =( GEOMETRIC_REPRESENTATION_CONTEXT ( 3 ) GLOBAL_UNCERTAINTY_ASSIGNED_CONTEXT ( ( #522 ) ) GLOBAL_UNIT_ASSIGNED_CONTEXT ( ( #2255, #6136, #10068 ) ) REPRESENTATION_CONTEXT ( 'NONE', 'WORKASPACE' ) );
#8183 = FACE_OUTER_BOUND ( 'NONE', #5578, .T. ) ;
#8184 = CARTESIAN_POINT ( 'NONE',  ( 0.3986752038707312429, -8.062257857288091856, 0.01000000000000000021 ) ) ;
#8185 = FILL_AREA_STYLE_COLOUR ( '', #7166 ) ;
#8186 = MECHANICAL_DESIGN_GEOMETRIC_PRESENTATION_REPRESENTATION (  '', ( #7789 ), #10606 ) ;
#8187 = CARTESIAN_POINT ( 'NONE',  ( 0.5644682872638053794, -8.159078321302876802, 0.01000000000000000021 ) ) ;
#8188 = CARTESIAN_POINT ( 'NONE',  ( 0.3906477696416669199, -7.971202447917555389, 0.01000000000000000021 ) ) ;
#8189 = VECTOR ( 'NONE', #3660, 1000.000000000000000 ) ;
#8190 = VERTEX_POINT ( 'NONE', #4064 ) ;
#8191 = DIRECTION ( 'NONE',  ( -4.358601698434189525E-17, 1.000000000000000000, 0.000000000000000000 ) ) ;
#8192 =( NAMED_UNIT ( * ) PLANE_ANGLE_UNIT ( ) SI_UNIT ( $, .RADIAN. ) );
#8193 = AXIS2_PLACEMENT_3D ( 'NONE', #3219, #10938, #1147 ) ;
#8194 = ORIENTED_EDGE ( 'NONE', *, *, #10650, .F. ) ;
#8195 = ORIENTED_EDGE ( 'NONE', *, *, #11496, .F. ) ;
#8196 = PRESENTATION_STYLE_ASSIGNMENT (( #6368 ) ) ;
#8197 = LINE ( 'NONE', #676, #7346 ) ;
#8198 = CARTESIAN_POINT ( 'NONE',  ( -2.224999999999990763, -3.470000000000001528, 2.529999999999998916 ) ) ;
#8199 = PRESENTATION_STYLE_ASSIGNMENT (( #6373 ) ) ;
#8200 =( GEOMETRIC_REPRESENTATION_CONTEXT ( 3 ) GLOBAL_UNCERTAINTY_ASSIGNED_CONTEXT ( ( #7233 ) ) GLOBAL_UNIT_ASSIGNED_CONTEXT ( ( #8956, #6863, #11717 ) ) REPRESENTATION_CONTEXT ( 'NONE', 'WORKASPACE' ) );
#8201 = ORIENTED_EDGE ( 'NONE', *, *, #10225, .T. ) ;
#8202 = CARTESIAN_POINT ( 'NONE',  ( 2.521568573112371148, -8.341527219023635809, 0.01000000000000000021 ) ) ;
#8203 = CARTESIAN_POINT ( 'NONE',  ( -1.825000000000004841, -3.470000000000001528, 1.329999999999999183 ) ) ;
#8204 = DIRECTION ( 'NONE',  ( -0.000000000000000000, 0.000000000000000000, 1.000000000000000000 ) ) ;
#8205 = ORIENTED_EDGE ( 'NONE', *, *, #315, .F. ) ;
#8206 = CARTESIAN_POINT ( 'NONE',  ( 5.524999999999986144, -6.170000000000001705, 3.000000000000000000 ) ) ;
#8207 = VECTOR ( 'NONE', #1694, 1000.000000000000000 ) ;
#8208 = ADVANCED_FACE ( 'NONE', ( #7070 ), #6137, .T. ) ;
#8209 = DIRECTION ( 'NONE',  ( 0.000000000000000000, -0.000000000000000000, 1.000000000000000000 ) ) ;
#8210 = ORIENTED_EDGE ( 'NONE', *, *, #5628, .F. ) ;
#8211 = CARTESIAN_POINT ( 'NONE',  ( 2.435079751057897202, -7.568924597630443785, 0.01000000000000000021 ) ) ;
#8212 = DIRECTION ( 'NONE',  ( 0.000000000000000000, 1.000000000000000000, 0.000000000000000000 ) ) ;
#8213 = CARTESIAN_POINT ( 'NONE',  ( -0.1399229991640932591, 0.4299999999999984945, 2.860000000000000764 ) ) ;
#8214 = FACE_OUTER_BOUND ( 'NONE', #1363, .T. ) ;
#8215 = CARTESIAN_POINT ( 'NONE',  ( 2.307623545928403797, -8.363650991226123210, 0.01000000000000000021 ) ) ;
#8216 = PRESENTATION_LAYER_ASSIGNMENT (  '', '', ( #6006 ) ) ;
#8217 = VECTOR ( 'NONE', #299, 1000.000000000000000 ) ;
#8218 = EDGE_LOOP ( 'NONE', ( #12007, #6369, #12405, #3643 ) ) ;
#8219 =( NAMED_UNIT ( * ) PLANE_ANGLE_UNIT ( ) SI_UNIT ( $, .RADIAN. ) );
#8220 = CARTESIAN_POINT ( 'NONE',  ( 0.7593845927399616169, -8.446272652554636551, 0.000000000000000000 ) ) ;
#8221 = COLOUR_RGB ( '',0.2235294117647058654, 0.2235294117647058654, 0.2235294117647058654 ) ;
#8222 = VERTEX_POINT ( 'NONE', #9107 ) ;
#8223 = SURFACE_STYLE_USAGE ( .BOTH. , #6089 ) ;
#8224 = UNCERTAINTY_MEASURE_WITH_UNIT (LENGTH_MEASURE( 1.000000000000000082E-05 ), #1567, 'distance_accuracy_value', 'NONE');
#8225 = PRESENTATION_STYLE_ASSIGNMENT (( #4390 ) ) ;
#8226 = CIRCLE ( 'NONE', #4813, 0.5000000000000000000 ) ;
#8227 = CARTESIAN_POINT ( 'NONE',  ( 2.512163064414587588, -7.472362392242970053, 0.000000000000000000 ) ) ;
#8228 = PRESENTATION_STYLE_ASSIGNMENT (( #4335 ) ) ;
#8229 = ORIENTED_EDGE ( 'NONE', *, *, #66, .T. ) ;
#8230 = UNCERTAINTY_MEASURE_WITH_UNIT (LENGTH_MEASURE( 1.000000000000000082E-05 ), #946, 'distance_accuracy_value', 'NONE');
#8231 = STYLED_ITEM ( 'NONE', ( #969 ), #11554 ) ;
#8232 = ADVANCED_FACE ( 'NONE', ( #3025 ), #5319, .T. ) ;
#8233 = COLOUR_RGB ( '',0.6470588235294117974, 0.6196078431372549211, 0.5882352941176470784 ) ;
#8234 = DIRECTION ( 'NONE',  ( -0.000000000000000000, -0.000000000000000000, -1.000000000000000000 ) ) ;
#8235 =( GEOMETRIC_REPRESENTATION_CONTEXT ( 3 ) GLOBAL_UNCERTAINTY_ASSIGNED_CONTEXT ( ( #3716 ) ) GLOBAL_UNIT_ASSIGNED_CONTEXT ( ( #6208, #10890, #11689 ) ) REPRESENTATION_CONTEXT ( 'NONE', 'WORKASPACE' ) );
#8236 = DIRECTION ( 'NONE',  ( 1.445602896647341135E-16, 3.964776730046191943E-32, -1.000000000000000000 ) ) ;
#8237 = MECHANICAL_DESIGN_GEOMETRIC_PRESENTATION_REPRESENTATION (  '', ( #5217 ), #1185 ) ;
#8238 = CARTESIAN_POINT ( 'NONE',  ( 3.220000000000000195, 2.429999999999997939, -0.4000000000000001887 ) ) ;
#8239 = AXIS2_PLACEMENT_3D ( 'NONE', #6275, #10145, #7093 ) ;
#8240 = ORIENTED_EDGE ( 'NONE', *, *, #977, .T. ) ;
#8241 = VERTEX_POINT ( 'NONE', #7205 ) ;
#8242 = FILL_AREA_STYLE ('',( #540 ) ) ;
#8243 = UNCERTAINTY_MEASURE_WITH_UNIT (LENGTH_MEASURE( 1.000000000000000082E-05 ), #5474, 'distance_accuracy_value', 'NONE');
#8244 = CARTESIAN_POINT ( 'NONE',  ( 0.000000000000000000, 0.000000000000000000, -0.01000000000000000021 ) ) ;
#8245 = CARTESIAN_POINT ( 'NONE',  ( 0.6556353020324801051, -8.275087951582948520, 6.776263578034402713E-18 ) ) ;
#8246 = SURFACE_STYLE_USAGE ( .BOTH. , #6478 ) ;
#8247 = DIRECTION ( 'NONE',  ( -1.000000000000000000, 0.000000000000000000, 0.000000000000000000 ) ) ;
#8248 = PRESENTATION_LAYER_ASSIGNMENT (  '', '', ( #9465 ) ) ;
#8249 = MECHANICAL_DESIGN_GEOMETRIC_PRESENTATION_REPRESENTATION (  '', ( #2994 ), #776 ) ;
#8250 = EDGE_CURVE ( 'NONE', #1561, #2134, #6287, .T. ) ;
#8251 =( NAMED_UNIT ( * ) PLANE_ANGLE_UNIT ( ) SI_UNIT ( $, .RADIAN. ) );
#8252 = ORIENTED_EDGE ( 'NONE', *, *, #10142, .T. ) ;
#8253 = EDGE_CURVE ( 'NONE', #10315, #9202, #9650, .T. ) ;
#8254 =( GEOMETRIC_REPRESENTATION_CONTEXT ( 3 ) GLOBAL_UNCERTAINTY_ASSIGNED_CONTEXT ( ( #1640 ) ) GLOBAL_UNIT_ASSIGNED_CONTEXT ( ( #1816, #8594, #12432 ) ) REPRESENTATION_CONTEXT ( 'NONE', 'WORKASPACE' ) );
#8255 = FILL_AREA_STYLE ('',( #609 ) ) ;
#8256 = EDGE_CURVE ( 'NONE', #2906, #10729, #11234, .T. ) ;
#8257 = VERTEX_POINT ( 'NONE', #3464 ) ;
#8258 = ORIENTED_EDGE ( 'NONE', *, *, #7335, .F. ) ;
#8259 = SURFACE_STYLE_FILL_AREA ( #9461 ) ;
#8260 = CARTESIAN_POINT ( 'NONE',  ( 1.792682926829265666, -7.903915473167301364, 0.01000000000000000021 ) ) ;
#8261 = STYLED_ITEM ( 'NONE', ( #12188 ), #7656 ) ;
#8262 = DIRECTION ( 'NONE',  ( 0.000000000000000000, 0.000000000000000000, -1.000000000000000000 ) ) ;
#8263 = EDGE_LOOP ( 'NONE', ( #9769, #7142, #6378, #10974 ) ) ;
#8264 = ORIENTED_EDGE ( 'NONE', *, *, #9178, .T. ) ;
#8265 = ORIENTED_EDGE ( 'NONE', *, *, #6639, .F. ) ;
#8266 = PLANE ( 'NONE',  #668 ) ;
#8267 = CARTESIAN_POINT ( 'NONE',  ( 0.1707317073170705191, -8.464891082923399424, 0.01000000000000000021 ) ) ;
#8268 = LINE ( 'NONE', #8198, #9057 ) ;
#8269 = CARTESIAN_POINT ( 'NONE',  ( 2.378620426829265444, -8.367330107313643239, 0.01000000000000000021 ) ) ;
#8270 = ORIENTED_EDGE ( 'NONE', *, *, #11016, .T. ) ;
#8271 = CARTESIAN_POINT ( 'NONE',  ( 2.488525554060014411, -8.353152044216738403, 6.776263578034402713E-18 ) ) ;
#8272 = SURFACE_SIDE_STYLE ('',( #5385 ) ) ;
#8273 = EDGE_CURVE ( 'NONE', #10002, #12013, #7275, .T. ) ;
#8274 = VERTEX_POINT ( 'NONE', #9362 ) ;
#8275 = AXIS2_PLACEMENT_3D ( 'NONE', #8575, #2937, #12473 ) ;
#8276 = CARTESIAN_POINT ( 'NONE',  ( 2.227665666505531661, -7.462362745192345770, 0.000000000000000000 ) ) ;
#8277 = CARTESIAN_POINT ( 'NONE',  ( 5.524999999999986144, -3.470000000000001528, 0.9299999999999991607 ) ) ;
#8278 = ORIENTED_EDGE ( 'NONE', *, *, #2982, .T. ) ;
#8279 = AXIS2_PLACEMENT_3D ( 'NONE', #6940, #2128, #5884 ) ;
#8280 = CARTESIAN_POINT ( 'NONE',  ( 3.463414634146338322, -8.464891082923399424, 0.000000000000000000 ) ) ;
#8281 = CARTESIAN_POINT ( 'NONE',  ( 2.198931997024693885, -7.467715504584228725, 0.01000000000000000021 ) ) ;
#8282 = CARTESIAN_POINT ( 'NONE',  ( 1.414634146341460674, -7.574647180484375575, 0.01000000000000000021 ) ) ;
#8283 = CARTESIAN_POINT ( 'NONE',  ( 2.318364589294818590, -8.473444748315616337, 6.776263578034402713E-18 ) ) ;
#8285 = VECTOR ( 'NONE', #8943, 1000.000000000000000 ) ;
#8284 = CARTESIAN_POINT ( 'NONE',  ( 2.768855527674394246, -8.307098625588269059, 0.000000000000000000 ) ) ;
#8286 = DIRECTION ( 'NONE',  ( 0.000000000000000000, 1.000000000000000000, 0.000000000000000000 ) ) ;
#8287 = VECTOR ( 'NONE', #2089, 1000.000000000000000 ) ;
#8288 = SURFACE_STYLE_USAGE ( .BOTH. , #4453 ) ;
#8289 = CARTESIAN_POINT ( 'NONE',  ( -1.825000000000004619, -3.470000000000001528, 0.9299999999999991607 ) ) ;
#8290 = COLOUR_RGB ( '',0.2235294117647058654, 0.2235294117647058654, 0.2235294117647058654 ) ;
#8291 = DIRECTION ( 'NONE',  ( 0.000000000000000000, 0.000000000000000000, -1.000000000000000000 ) ) ;
#8292 = FACE_OUTER_BOUND ( 'NONE', #5805, .T. ) ;
#8293 = PRESENTATION_LAYER_ASSIGNMENT (  '', '', ( #1231 ) ) ;
#8294 = DIRECTION ( 'NONE',  ( -6.051360962709794804E-16, 1.000000000000000000, 0.000000000000000000 ) ) ;
#8295 = DIRECTION ( 'NONE',  ( 0.000000000000000000, 0.000000000000000000, -1.000000000000000000 ) ) ;
#8296 = ORIENTED_EDGE ( 'NONE', *, *, #12424, .F. ) ;
#8297 = DIRECTION ( 'NONE',  ( 0.7071067811865487940, 0.7071067811865463515, -0.000000000000000000 ) ) ;
#8298 =( GEOMETRIC_REPRESENTATION_CONTEXT ( 3 ) GLOBAL_UNCERTAINTY_ASSIGNED_CONTEXT ( ( #8092 ) ) GLOBAL_UNIT_ASSIGNED_CONTEXT ( ( #10733, #9993, #4240 ) ) REPRESENTATION_CONTEXT ( 'NONE', 'WORKASPACE' ) );
#8299 = ORIENTED_EDGE ( 'NONE', *, *, #11977, .T. ) ;
#8300 = EDGE_LOOP ( 'NONE', ( #2798, #2556, #11111, #6411 ) ) ;
#8301 = FILL_AREA_STYLE_COLOUR ( '', #11438 ) ;
#8302 = FILL_AREA_STYLE_COLOUR ( '', #8437 ) ;
#8303 = LINE ( 'NONE', #656, #9168 ) ;
#8304 = CARTESIAN_POINT ( 'NONE',  ( 0.7535993338599811242, -8.329674989980935251, 0.01000000000000000021 ) ) ;
#8305 = FILL_AREA_STYLE_COLOUR ( '', #8563 ) ;
#8306 = CARTESIAN_POINT ( 'NONE',  ( 0.5301435008633078594, -8.044005908634030533, 0.000000000000000000 ) ) ;
#8307 = CARTESIAN_POINT ( 'NONE',  ( -0.3199999999999999512, 2.429999999999997939, 0.1399999999999999301 ) ) ;
#8308 = ORIENTED_EDGE ( 'NONE', *, *, #8781, .F. ) ;
#8309 = SURFACE_STYLE_FILL_AREA ( #6422 ) ;
#8310 = ORIENTED_EDGE ( 'NONE', *, *, #5497, .F. ) ;
#8311 = DIRECTION ( 'NONE',  ( -1.000000000000000000, -0.000000000000000000, -0.000000000000000000 ) ) ;
#8312 = ADVANCED_FACE ( 'NONE', ( #4508 ), #10372, .T. ) ;
#8313 = EDGE_CURVE ( 'NONE', #10816, #6584, #5458, .T. ) ;
#8314 = VERTEX_POINT ( 'NONE', #12104 ) ;
#8315 = EDGE_LOOP ( 'NONE', ( #12460, #1454, #6028, #6928 ) ) ;
#8316 = SURFACE_SIDE_STYLE ('',( #496 ) ) ;
#8317 = VECTOR ( 'NONE', #11928, 1000.000000000000114 ) ;
#8318 = ORIENTED_EDGE ( 'NONE', *, *, #6851, .T. ) ;
#8319 = CARTESIAN_POINT ( 'NONE',  ( 3.350000000000000977, -0.4700000000000016387, 3.360000000000000320 ) ) ;
#8320 = SURFACE_SIDE_STYLE ('',( #10476 ) ) ;
#8321 = DIRECTION ( 'NONE',  ( -0.3635424856527064708, -0.9315776194850602376, 0.000000000000000000 ) ) ;
#8322 = EDGE_CURVE ( 'NONE', #5634, #2197, #7465, .T. ) ;
#8323 = CARTESIAN_POINT ( 'NONE',  ( 1.414634146341460674, -7.464891082923399424, 0.01000000000000000021 ) ) ;
#8324 = ORIENTED_EDGE ( 'NONE', *, *, #9429, .F. ) ;
#8325 = CARTESIAN_POINT ( 'NONE',  ( 0.3199999999999999512, 0.3200000000000001732, 0.3554264934286706090 ) ) ;
#8326 = DIRECTION ( 'NONE',  ( 0.000000000000000000, 1.000000000000000000, -0.000000000000000000 ) ) ;
#8327 = APPLICATION_PROTOCOL_DEFINITION ( 'draft international standard', 'automotive_design', 1998, #1348 ) ;
#8328 =( NAMED_UNIT ( * ) SI_UNIT ( $, .STERADIAN. ) SOLID_ANGLE_UNIT ( ) );
#8329 = MECHANICAL_DESIGN_GEOMETRIC_PRESENTATION_REPRESENTATION (  '', ( #1262 ), #8133 ) ;
#8330 = VECTOR ( 'NONE', #6937, 1000.000000000000000 ) ;
#8331 = EDGE_LOOP ( 'NONE', ( #2749, #10417, #8702, #6978 ) ) ;
#8332 = VECTOR ( 'NONE', #6874, 1000.000000000000000 ) ;
#8333 = CARTESIAN_POINT ( 'NONE',  ( -2.525000000000000355, 1.029999999999998028, -0.5000000000000000000 ) ) ;
#8334 = LINE ( 'NONE', #11352, #1367 ) ;
#8335 = CARTESIAN_POINT ( 'NONE',  ( 2.571385730023813654, -7.624939091798913715, 0.01000000000000000021 ) ) ;
#8336 = DIRECTION ( 'NONE',  ( -0.000000000000000000, -1.000000000000000000, 2.861335727341666912E-17 ) ) ;
#8337 = MECHANICAL_DESIGN_GEOMETRIC_PRESENTATION_REPRESENTATION (  '', ( #5727 ), #4530 ) ;
#8338 = EDGE_CURVE ( 'NONE', #11566, #3773, #6380, .T. ) ;
#8339 = CARTESIAN_POINT ( 'NONE',  ( 1.926829268292680197, -8.464891082923399424, 0.01000000000000000021 ) ) ;
#8340 = PRESENTATION_STYLE_ASSIGNMENT (( #3537 ) ) ;
#8341 = DIRECTION ( 'NONE',  ( 1.000000000000000000, 4.358601698434189525E-17, -0.000000000000000000 ) ) ;
#8342 = COLOUR_RGB ( '',0.6470588235294117974, 0.6196078431372549211, 0.5882352941176470784 ) ;
#8343 = PLANE ( 'NONE',  #3988 ) ;
#8344 = LINE ( 'NONE', #5406, #4110 ) ;
#8345 = UNCERTAINTY_MEASURE_WITH_UNIT (LENGTH_MEASURE( 1.000000000000000082E-05 ), #4103, 'distance_accuracy_value', 'NONE');
#8346 = CARTESIAN_POINT ( 'NONE',  ( 0.5243902439024364925, -7.955173095118522220, 0.000000000000000000 ) ) ;
#8347 = EDGE_CURVE ( 'NONE', #2670, #1844, #2563, .T. ) ;
#8348 = FILL_AREA_STYLE ('',( #12119 ) ) ;
#8349 = LINE ( 'NONE', #4274, #9597 ) ;
#8350 = SURFACE_STYLE_USAGE ( .BOTH. , #10339 ) ;
#8351 = CARTESIAN_POINT ( 'NONE',  ( 2.680000000000000160, -0.4700000000000011946, 2.245415902488527404 ) ) ;
#8352 = CARTESIAN_POINT ( 'NONE',  ( -3.325000000000000178, 1.029999999999998028, -0.5000000000000000000 ) ) ;
#8353 = SURFACE_SIDE_STYLE ('',( #4533 ) ) ;
#8354 = CARTESIAN_POINT ( 'NONE',  ( 2.864929485618410432, -8.037338674545482675, 0.01000000000000000021 ) ) ;
#8355 = ORIENTED_EDGE ( 'NONE', *, *, #1908, .T. ) ;
#8356 = VERTEX_POINT ( 'NONE', #630 ) ;
#8357 = LINE ( 'NONE', #7431, #9258 ) ;
#8358 = UNCERTAINTY_MEASURE_WITH_UNIT (LENGTH_MEASURE( 1.000000000000000082E-05 ), #28, 'distance_accuracy_value', 'NONE');
#8359 = FACE_OUTER_BOUND ( 'NONE', #6470, .T. ) ;
#8360 = CARTESIAN_POINT ( 'NONE',  ( 0.9129192073170706578, -7.464891082923399424, 0.000000000000000000 ) ) ;
#8361 = FACE_OUTER_BOUND ( 'NONE', #3505, .T. ) ;
#8362 = CARTESIAN_POINT ( 'NONE',  ( 0.5823497974223876827, -8.192297616794013138, 0.000000000000000000 ) ) ;
#8363 = DIRECTION ( 'NONE',  ( -0.000000000000000000, 1.000000000000000000, -7.228014483236698528E-16 ) ) ;
#8364 = DIRECTION ( 'NONE',  ( 0.000000000000000000, 0.000000000000000000, 1.000000000000000000 ) ) ;
#8365 = AXIS2_PLACEMENT_3D ( 'NONE', #3441, #1548, #7317 ) ;
#8366 = ORIENTED_EDGE ( 'NONE', *, *, #3961, .F. ) ;
#8367 =( GEOMETRIC_REPRESENTATION_CONTEXT ( 3 ) GLOBAL_UNCERTAINTY_ASSIGNED_CONTEXT ( ( #11743 ) ) GLOBAL_UNIT_ASSIGNED_CONTEXT ( ( #12296, #8773, #5883 ) ) REPRESENTATION_CONTEXT ( 'NONE', 'WORKASPACE' ) );
#8368 =( NAMED_UNIT ( * ) SI_UNIT ( $, .STERADIAN. ) SOLID_ANGLE_UNIT ( ) );
#8369 = ORIENTED_EDGE ( 'NONE', *, *, #8026, .T. ) ;
#8370 = EDGE_LOOP ( 'NONE', ( #302, #2625, #3103, #623 ) ) ;
#8371 =( NAMED_UNIT ( * ) PLANE_ANGLE_UNIT ( ) SI_UNIT ( $, .RADIAN. ) );
#8372 = CARTESIAN_POINT ( 'NONE',  ( 2.345583541022282503, -7.562611599129494877, 0.01000000000000000021 ) ) ;
#8373 =( GEOMETRIC_REPRESENTATION_CONTEXT ( 3 ) GLOBAL_UNCERTAINTY_ASSIGNED_CONTEXT ( ( #4701 ) ) GLOBAL_UNIT_ASSIGNED_CONTEXT ( ( #9267, #2469, #11200 ) ) REPRESENTATION_CONTEXT ( 'NONE', 'WORKASPACE' ) );
#8374 = VERTEX_POINT ( 'NONE', #5576 ) ;
#8375 = AXIS2_PLACEMENT_3D ( 'NONE', #3102, #2159, #11195 ) ;
#8376 = VERTEX_POINT ( 'NONE', #10321 ) ;
#8377 = DIRECTION ( 'NONE',  ( -0.000000000000000000, -1.445602896647339311E-15, 1.000000000000000000 ) ) ;
#8378 = UNCERTAINTY_MEASURE_WITH_UNIT (LENGTH_MEASURE( 1.000000000000000082E-05 ), #6353, 'distance_accuracy_value', 'NONE');
#8379 = EDGE_LOOP ( 'NONE', ( #6764, #8576, #8022, #7439 ) ) ;
#8380 = CARTESIAN_POINT ( 'NONE',  ( 1.390243902439021628, -8.464891082923399424, 0.000000000000000000 ) ) ;
#8381 = FACE_BOUND ( 'NONE', #4258, .T. ) ;
#8382 = DIRECTION ( 'NONE',  ( 0.9466707760722533616, 0.3222024856061131981, -0.000000000000000000 ) ) ;
#8383 = VERTEX_POINT ( 'NONE', #8333 ) ;
#8384 = CARTESIAN_POINT ( 'NONE',  ( 7.625000000000000000, -4.884999999999999787, -0.1999999999999987899 ) ) ;
#8385 = FILL_AREA_STYLE ('',( #1623 ) ) ;
#8386 = ADVANCED_FACE ( 'NONE', ( #5519, #11296 ), #1686, .T. ) ;
#8387 = AXIS2_PLACEMENT_3D ( 'NONE', #9040, #9106, #12042 ) ;
#8388 = PLANE ( 'NONE',  #7838 ) ;
#8389 = PRESENTATION_LAYER_ASSIGNMENT (  '', '', ( #2722 ) ) ;
#8390 = ORIENTED_EDGE ( 'NONE', *, *, #12253, .T. ) ;
#8391 = ADVANCED_FACE ( 'NONE', ( #10425 ), #7589, .F. ) ;
#8392 = ADVANCED_FACE ( 'NONE', ( #11468 ), #7771, .T. ) ;
#8393 = CARTESIAN_POINT ( 'NONE',  ( 0.000000000000000000, -6.170000000000001705, 0.000000000000000000 ) ) ;
#8394 = CARTESIAN_POINT ( 'NONE',  ( 2.129911343022846459, -7.489098917682770029, -0.000000000000000000 ) ) ;
#8395 = COLOUR_RGB ( '',0.6470588235294117974, 0.6196078431372549211, 0.5882352941176470784 ) ;
#8396 = SURFACE_STYLE_FILL_AREA ( #7276 ) ;
#8397 = ORIENTED_EDGE ( 'NONE', *, *, #7665, .T. ) ;
#8398 = CARTESIAN_POINT ( 'NONE',  ( -1.270000000000000684, -1.420000000000001039, 3.199999999999999734 ) ) ;
#8399 = FILL_AREA_STYLE_COLOUR ( '', #11170 ) ;
#8400 = SURFACE_SIDE_STYLE ('',( #9545 ) ) ;
#8401 = LINE ( 'NONE', #8282, #9233 ) ;
#8402 =( NAMED_UNIT ( * ) SI_UNIT ( $, .STERADIAN. ) SOLID_ANGLE_UNIT ( ) );
#8403 = CARTESIAN_POINT ( 'NONE',  ( 2.649999999999999911, -0.4700000000000016387, 0.000000000000000000 ) ) ;
#8404 = EDGE_CURVE ( 'NONE', #4623, #1260, #11594, .T. ) ;
#8405 = EDGE_CURVE ( 'NONE', #571, #4835, #4627, .T. ) ;
#8406 = MECHANICAL_DESIGN_GEOMETRIC_PRESENTATION_REPRESENTATION (  '', ( #1924 ), #10833 ) ;
#8407 = ADVANCED_FACE ( 'NONE', ( #8641 ), #8457, .F. ) ;
#8408 =( GEOMETRIC_REPRESENTATION_CONTEXT ( 3 ) GLOBAL_UNCERTAINTY_ASSIGNED_CONTEXT ( ( #3271 ) ) GLOBAL_UNIT_ASSIGNED_CONTEXT ( ( #7155, #9956, #10944 ) ) REPRESENTATION_CONTEXT ( 'NONE', 'WORKASPACE' ) );
#8409 = EDGE_CURVE ( 'NONE', #9291, #117, #11663, .T. ) ;
#8410 = CARTESIAN_POINT ( 'NONE',  ( 0.5773205591638850276, -8.358083573956241352, 0.000000000000000000 ) ) ;
#8411 = SURFACE_SIDE_STYLE ('',( #6518 ) ) ;
#8412 = DIRECTION ( 'NONE',  ( 0.000000000000000000, 1.000000000000000000, 7.478108553735037092E-16 ) ) ;
#8413 = VECTOR ( 'NONE', #5019, 1000.000000000000000 ) ;
#8414 = FILL_AREA_STYLE ('',( #9190 ) ) ;
#8415 =( LENGTH_UNIT ( ) NAMED_UNIT ( * ) SI_UNIT ( .MILLI., .METRE. ) );
#8416 = LINE ( 'NONE', #772, #7350 ) ;
#8417 = VECTOR ( 'NONE', #3324, 1000.000000000000000 ) ;
#8418 = EDGE_CURVE ( 'NONE', #5673, #9651, #4293, .T. ) ;
#8419 = FILL_AREA_STYLE ('',( #7364 ) ) ;
#8420 = FACE_OUTER_BOUND ( 'NONE', #6718, .T. ) ;
#8421 = MECHANICAL_DESIGN_GEOMETRIC_PRESENTATION_REPRESENTATION (  '', ( #3805 ), #4005 ) ;
#8422 = ORIENTED_EDGE ( 'NONE', *, *, #2990, .T. ) ;
#8423 = DIRECTION ( 'NONE',  ( -0.000000000000000000, 0.000000000000000000, -1.000000000000000000 ) ) ;
#8424 = ORIENTED_EDGE ( 'NONE', *, *, #11737, .T. ) ;
#8425 = DIRECTION ( 'NONE',  ( 1.000000000000000000, -0.000000000000000000, -0.000000000000000000 ) ) ;
#8426 =( GEOMETRIC_REPRESENTATION_CONTEXT ( 3 ) GLOBAL_UNCERTAINTY_ASSIGNED_CONTEXT ( ( #2140 ) ) GLOBAL_UNIT_ASSIGNED_CONTEXT ( ( #11682, #4884, #9892 ) ) REPRESENTATION_CONTEXT ( 'NONE', 'WORKASPACE' ) );
#8427 = FILL_AREA_STYLE ('',( #6475 ) ) ;
#8428 = CARTESIAN_POINT ( 'NONE',  ( 0.8745552681767143621, -8.354173880936018648, 0.01000000000000000021 ) ) ;
#8429 = CARTESIAN_POINT ( 'NONE',  ( -1.270000000000000462, -1.420000000000001039, 0.6599999999999995870 ) ) ;
#8430 = CARTESIAN_POINT ( 'NONE',  ( -2.524999999999990585, -4.885000000000001563, -0.09862792926813598871 ) ) ;
#8431 = DIRECTION ( 'NONE',  ( 1.000000000000000000, 0.000000000000000000, -5.321237656370560445E-17 ) ) ;
#8432 =( GEOMETRIC_REPRESENTATION_CONTEXT ( 3 ) GLOBAL_UNCERTAINTY_ASSIGNED_CONTEXT ( ( #9131 ) ) GLOBAL_UNIT_ASSIGNED_CONTEXT ( ( #8454, #7523, #1729 ) ) REPRESENTATION_CONTEXT ( 'NONE', 'WORKASPACE' ) );
#8433 = STYLED_ITEM ( 'NONE', ( #4711 ), #7752 ) ;
#8434 = VECTOR ( 'NONE', #4209, 1000.000000000000000 ) ;
#8435 = VECTOR ( 'NONE', #5402, 1000.000000000000000 ) ;
#8436 = LINE ( 'NONE', #3704, #12446 ) ;
#8437 = COLOUR_RGB ( '',1.000000000000000000, 1.000000000000000000, 1.000000000000000000 ) ;
#8438 =( GEOMETRIC_REPRESENTATION_CONTEXT ( 3 ) GLOBAL_UNCERTAINTY_ASSIGNED_CONTEXT ( ( #8723 ) ) GLOBAL_UNIT_ASSIGNED_CONTEXT ( ( #8756, #2173, #6052 ) ) REPRESENTATION_CONTEXT ( 'NONE', 'WORKASPACE' ) );
#8439 = EDGE_CURVE ( 'NONE', #5321, #1189, #8075, .T. ) ;
#8440 = ORIENTED_EDGE ( 'NONE', *, *, #8477, .F. ) ;
#8441 = FILL_AREA_STYLE_COLOUR ( '', #11284 ) ;
#8442 = AXIS2_PLACEMENT_3D ( 'NONE', #2101, #30, #7806 ) ;
#8443 = ORIENTED_EDGE ( 'NONE', *, *, #8792, .F. ) ;
#8444 = STYLED_ITEM ( 'NONE', ( #1144 ), #1371 ) ;
#8445 = ORIENTED_EDGE ( 'NONE', *, *, #2667, .T. ) ;
#8446 = AXIS2_PLACEMENT_3D ( 'NONE', #6598, #1719, #3648 ) ;
#8447 = CARTESIAN_POINT ( 'NONE',  ( 0.4999999999999967804, -5.943298562962316289, 4.259999999999999787 ) ) ;
#8448 = VERTEX_POINT ( 'NONE', #246 ) ;
#8449 =( NAMED_UNIT ( * ) PLANE_ANGLE_UNIT ( ) SI_UNIT ( $, .RADIAN. ) );
#8450 = AXIS2_PLACEMENT_3D ( 'NONE', #11930, #7210, #6324 ) ;
#8451 = VECTOR ( 'NONE', #6338, 1000.000000000000000 ) ;
#8452 = ORIENTED_EDGE ( 'NONE', *, *, #1661, .F. ) ;
#8453 = FILL_AREA_STYLE_COLOUR ( '', #7615 ) ;
#8454 =( LENGTH_UNIT ( ) NAMED_UNIT ( * ) SI_UNIT ( .MILLI., .METRE. ) );
#8455 = ORIENTED_EDGE ( 'NONE', *, *, #4564, .T. ) ;
#8456 = PRESENTATION_STYLE_ASSIGNMENT (( #5457 ) ) ;
#8457 = PLANE ( 'NONE',  #6091 ) ;
#8458 = ORIENTED_EDGE ( 'NONE', *, *, #8160, .F. ) ;
#8459 = FILL_AREA_STYLE ('',( #5520 ) ) ;
#8460 = EDGE_LOOP ( 'NONE', ( #727, #4472, #3440, #10159 ) ) ;
#8461 = CARTESIAN_POINT ( 'NONE',  ( -2.575000000000014833, 1.029999999999998028, 0.5000000000000004441 ) ) ;
#8462 =( NAMED_UNIT ( * ) PLANE_ANGLE_UNIT ( ) SI_UNIT ( $, .RADIAN. ) );
#8463 = SURFACE_SIDE_STYLE ('',( #3672 ) ) ;
#8464 = LINE ( 'NONE', #4576, #6377 ) ;
#8465 = CARTESIAN_POINT ( 'NONE',  ( -1.825000000000004619, -0.4700000000000019718, 1.329999999999998739 ) ) ;
#8466 =( GEOMETRIC_REPRESENTATION_CONTEXT ( 3 ) GLOBAL_UNCERTAINTY_ASSIGNED_CONTEXT ( ( #4821 ) ) GLOBAL_UNIT_ASSIGNED_CONTEXT ( ( #8622, #848, #3966 ) ) REPRESENTATION_CONTEXT ( 'NONE', 'WORKASPACE' ) );
#8467 = CARTESIAN_POINT ( 'NONE',  ( -0.1076600609756123983, -7.656964253655107022, 0.01000000000000000021 ) ) ;
#8468 = CARTESIAN_POINT ( 'NONE',  ( 0.3906477696416669199, -7.971202447917555389, -0.000000000000000000 ) ) ;
#8469 = EDGE_CURVE ( 'NONE', #3113, #3917, #9802, .T. ) ;
#8470 = ADVANCED_FACE ( 'NONE', ( #3257 ), #11725, .T. ) ;
#8471 = PLANE ( 'NONE',  #832 ) ;
#8472 = UNCERTAINTY_MEASURE_WITH_UNIT (LENGTH_MEASURE( 1.000000000000000082E-05 ), #7260, 'distance_accuracy_value', 'NONE');
#8473 = DIRECTION ( 'NONE',  ( -0.000000000000000000, -0.000000000000000000, 1.000000000000000000 ) ) ;
#8474 = PRESENTATION_STYLE_ASSIGNMENT (( #769 ) ) ;
#8475 = DIRECTION ( 'NONE',  ( -0.000000000000000000, -1.000000000000000000, -0.000000000000000000 ) ) ;
#8476 = CARTESIAN_POINT ( 'NONE',  ( 3.319999999999999840, -0.3199999999999999512, 0.3554264934286703870 ) ) ;
#8477 = EDGE_CURVE ( 'NONE', #8241, #7965, #5940, .T. ) ;
#8478 = DIRECTION ( 'NONE',  ( -1.000000000000000000, -1.371322905910519660E-16, -8.537024980200821325E-17 ) ) ;
#8479 = STYLED_ITEM ( 'NONE', ( #6729 ), #12005 ) ;
#8480 = AXIS2_PLACEMENT_3D ( 'NONE', #2939, #5693, #4930 ) ;
#8481 = CARTESIAN_POINT ( 'NONE',  ( 3.463414634146338322, -8.464891082923399424, 0.01000000000000000021 ) ) ;
#8482 = CARTESIAN_POINT ( 'NONE',  ( 2.779999999999999805, 2.429999999999997939, -0.4000000000000001887 ) ) ;
#8483 = ORIENTED_EDGE ( 'NONE', *, *, #591, .T. ) ;
#8484 =( NAMED_UNIT ( * ) PLANE_ANGLE_UNIT ( ) SI_UNIT ( $, .RADIAN. ) );
#8485 = MECHANICAL_DESIGN_GEOMETRIC_PRESENTATION_REPRESENTATION (  '', ( #7494 ), #9510 ) ;
#8486 = VERTEX_POINT ( 'NONE', #5059 ) ;
#8487 = FACE_OUTER_BOUND ( 'NONE', #428, .T. ) ;
#8488 = UNCERTAINTY_MEASURE_WITH_UNIT (LENGTH_MEASURE( 1.000000000000000082E-05 ), #3892, 'distance_accuracy_value', 'NONE');
#8489 = MECHANICAL_DESIGN_GEOMETRIC_PRESENTATION_REPRESENTATION (  '', ( #9322 ), #11119 ) ;
#8490 = LINE ( 'NONE', #8545, #3719 ) ;
#8491 = CARTESIAN_POINT ( 'NONE',  ( 0.6038721632870122091, -8.222671460152133349, 0.01000000000000000021 ) ) ;
#8492 = DIRECTION ( 'NONE',  ( 0.000000000000000000, -1.000000000000000000, 0.000000000000000000 ) ) ;
#8493 = ADVANCED_FACE ( 'NONE', ( #1122 ), #11845, .F. ) ;
#8494 = VERTEX_POINT ( 'NONE', #1770 ) ;
#8495 = CARTESIAN_POINT ( 'NONE',  ( 3.350000000000000977, 0.5299999999999988054, 3.859999999999999876 ) ) ;
#8496 = VECTOR ( 'NONE', #5467, 1000.000000000000000 ) ;
#8497 = ORIENTED_EDGE ( 'NONE', *, *, #4864, .F. ) ;
#8498 = ORIENTED_EDGE ( 'NONE', *, *, #2083, .F. ) ;
#8499 = CARTESIAN_POINT ( 'NONE',  ( 3.000000000000000000, 0.5354264934286704358, 0.3554264934286704425 ) ) ;
#8500 = CARTESIAN_POINT ( 'NONE',  ( 3.319999999999999840, -6.852871818038222429, 2.249999999999999556 ) ) ;
#8501 =( NAMED_UNIT ( * ) SI_UNIT ( $, .STERADIAN. ) SOLID_ANGLE_UNIT ( ) );
#8502 = ORIENTED_EDGE ( 'NONE', *, *, #5904, .T. ) ;
#8503 = ORIENTED_EDGE ( 'NONE', *, *, #23, .F. ) ;
#8504 = DIRECTION ( 'NONE',  ( -1.000000000000000000, 0.000000000000000000, 0.000000000000000000 ) ) ;
#8505 = UNCERTAINTY_MEASURE_WITH_UNIT (LENGTH_MEASURE( 1.000000000000000082E-05 ), #8768, 'distance_accuracy_value', 'NONE');
#8506 = ORIENTED_EDGE ( 'NONE', *, *, #1663, .F. ) ;
#8507 = PRODUCT_DEFINITION_FORMATION_WITH_SPECIFIED_SOURCE ( 'ÈÎºÎ', '', #1195, .NOT_KNOWN. ) ;
#8508 = PRESENTATION_LAYER_ASSIGNMENT (  '', '', ( #8920 ) ) ;
#8509 = CARTESIAN_POINT ( 'NONE',  ( 5.524999999999986144, -6.170000000000001705, -0.01000000000000000021 ) ) ;
#8510 = PLANE ( 'NONE',  #5921 ) ;
#8511 = ADVANCED_FACE ( 'NONE', ( #2716 ), #2595, .F. ) ;
#8512 =( NAMED_UNIT ( * ) PLANE_ANGLE_UNIT ( ) SI_UNIT ( $, .RADIAN. ) );
#8513 = ORIENTED_EDGE ( 'NONE', *, *, #6883, .F. ) ;
#8514 = CARTESIAN_POINT ( 'NONE',  ( 0.7214563823503847839, -7.611337266629626619, 6.776263578034402713E-18 ) ) ;
#8515 = ORIENTED_EDGE ( 'NONE', *, *, #7945, .F. ) ;
#8516 = DIRECTION ( 'NONE',  ( 0.9848077530122085754, -0.1736481776669276389, 0.000000000000000000 ) ) ;
#8517 = SURFACE_SIDE_STYLE ('',( #1861 ) ) ;
#8518 = ORIENTED_EDGE ( 'NONE', *, *, #3060, .T. ) ;
#8519 = FILL_AREA_STYLE ('',( #4690 ) ) ;
#8520 = LINE ( 'NONE', #870, #6517 ) ;
#8521 = ORIENTED_EDGE ( 'NONE', *, *, #4019, .T. ) ;
#8522 = LINE ( 'NONE', #12225, #1748 ) ;
#8523 = SURFACE_STYLE_USAGE ( .BOTH. , #8400 ) ;
#8524 = VECTOR ( 'NONE', #4413, 1000.000000000000000 ) ;
#8525 =( NAMED_UNIT ( * ) PLANE_ANGLE_UNIT ( ) SI_UNIT ( $, .RADIAN. ) );
#8526 = VECTOR ( 'NONE', #1253, 1000.000000000000000 ) ;
#8527 = UNCERTAINTY_MEASURE_WITH_UNIT (LENGTH_MEASURE( 1.000000000000000082E-05 ), #12173, 'distance_accuracy_value', 'NONE');
#8528 = AXIS2_PLACEMENT_3D ( 'NONE', #5669, #789, #4663 ) ;
#8529 = DIRECTION ( 'NONE',  ( 0.000000000000000000, 1.000000000000000000, -2.195852501236467750E-16 ) ) ;
#8530 = MECHANICAL_DESIGN_GEOMETRIC_PRESENTATION_REPRESENTATION (  '', ( #5336 ), #9554 ) ;
#8531 = CARTESIAN_POINT ( 'NONE',  ( 2.810504424134380841, -7.720986563417787885, 0.01000000000000000021 ) ) ;
#8532 = CARTESIAN_POINT ( 'NONE',  ( 5.224999999999986322, -2.170000000000001705, 2.529999999999998472 ) ) ;
#8533 = COLOUR_RGB ( '',0.6470588235294117974, 0.6196078431372549211, 0.5882352941176470784 ) ;
#8534 = CARTESIAN_POINT ( 'NONE',  ( 5.626372070731854080, -4.884999999999999787, -0.1999999999999997058 ) ) ;
#8535 = CARTESIAN_POINT ( 'NONE',  ( 3.319999999999999840, -0.5596891741410527921, 1.370310825858947590 ) ) ;
#8536 = LINE ( 'NONE', #9380, #1478 ) ;
#8537 = EDGE_CURVE ( 'NONE', #7107, #557, #11372, .T. ) ;
#8538 = PRESENTATION_LAYER_ASSIGNMENT (  '', '', ( #5336 ) ) ;
#8539 = EDGE_CURVE ( 'NONE', #8178, #12060, #7368, .T. ) ;
#8540 = CARTESIAN_POINT ( 'NONE',  ( 2.649999999999999911, -0.4700000000000016387, 0.000000000000000000 ) ) ;
#8541 = CARTESIAN_POINT ( 'NONE',  ( 2.149607260875950221, -8.318882904845203541, 0.000000000000000000 ) ) ;
#8542 = ADVANCED_FACE ( 'NONE', ( #4656 ), #7493, .F. ) ;
#8543 = VERTEX_POINT ( 'NONE', #6526 ) ;
#8544 = ORIENTED_EDGE ( 'NONE', *, *, #1222, .T. ) ;
#8545 = CARTESIAN_POINT ( 'NONE',  ( -1.825000000000003730, -3.470000000000001528, 2.530000000000004245 ) ) ;
#8546 = LINE ( 'NONE', #9776, #6876 ) ;
#8547 = LINE ( 'NONE', #12382, #5784 ) ;
#8548 = DIRECTION ( 'NONE',  ( -1.000000000000000000, 2.710505431213760099E-16, 0.000000000000000000 ) ) ;
#8549 = FACE_OUTER_BOUND ( 'NONE', #8130, .T. ) ;
#8550 = ORIENTED_EDGE ( 'NONE', *, *, #2526, .T. ) ;
#8551 = ADVANCED_FACE ( 'NONE', ( #1708 ), #7558, .T. ) ;
#8552 = CARTESIAN_POINT ( 'NONE',  ( -3.325000000000000178, -3.470000000000001528, 0.9299999999999991607 ) ) ;
#8553 = ORIENTED_EDGE ( 'NONE', *, *, #7877, .F. ) ;
#8554 = DIRECTION ( 'NONE',  ( 0.000000000000000000, 0.000000000000000000, 1.000000000000000000 ) ) ;
#8555 = FILL_AREA_STYLE_COLOUR ( '', #11073 ) ;
#8556 = EDGE_CURVE ( 'NONE', #10233, #1622, #8672, .T. ) ;
#8557 = CARTESIAN_POINT ( 'NONE',  ( -0.1269054878048807011, -7.586842302435594654, 0.01000000000000000021 ) ) ;
#8558 = ORIENTED_EDGE ( 'NONE', *, *, #2596, .T. ) ;
#8559 = EDGE_LOOP ( 'NONE', ( #3662, #7934, #12089, #3522 ) ) ;
#8560 = SURFACE_STYLE_FILL_AREA ( #9468 ) ;
#8561 =( GEOMETRIC_REPRESENTATION_CONTEXT ( 3 ) GLOBAL_UNCERTAINTY_ASSIGNED_CONTEXT ( ( #8593 ) ) GLOBAL_UNIT_ASSIGNED_CONTEXT ( ( #10229, #8371, #6485 ) ) REPRESENTATION_CONTEXT ( 'NONE', 'WORKASPACE' ) );
#8562 = VERTEX_POINT ( 'NONE', #20 ) ;
#8563 = COLOUR_RGB ( '',0.2235294117647058654, 0.2235294117647058654, 0.2235294117647058654 ) ;
#8564 = CARTESIAN_POINT ( 'NONE',  ( 2.999999999999999112, -1.420000000000001039, 2.249999999999999556 ) ) ;
#8565 = CARTESIAN_POINT ( 'NONE',  ( -1.825000000000005063, -0.4700000000000016387, 2.529999999999998916 ) ) ;
#8566 = ORIENTED_EDGE ( 'NONE', *, *, #3319, .T. ) ;
#8567 = FILL_AREA_STYLE ('',( #8453 ) ) ;
#8568 = PRESENTATION_STYLE_ASSIGNMENT (( #6499 ) ) ;
#8569 = CARTESIAN_POINT ( 'NONE',  ( -0.5853658536585393257, -8.464891082923399424, 0.01000000000000000021 ) ) ;
#8570 = ORIENTED_EDGE ( 'NONE', *, *, #6647, .F. ) ;
#8571 = VECTOR ( 'NONE', #4156, 1000.000000000000000 ) ;
#8572 = ORIENTED_EDGE ( 'NONE', *, *, #1105, .F. ) ;
#8573 = DIRECTION ( 'NONE',  ( 2.168404344971010594E-16, 2.923509266293775251E-32, 1.000000000000000000 ) ) ;
#8574 = EDGE_CURVE ( 'NONE', #12019, #19, #2849, .T. ) ;
#8575 = CARTESIAN_POINT ( 'NONE',  ( 2.951219512195118799, -8.464891082923399424, 0.01000000000000000021 ) ) ;
#8576 = ORIENTED_EDGE ( 'NONE', *, *, #9183, .T. ) ;
#8577 = LINE ( 'NONE', #1737, #9103 ) ;
#8578 = LINE ( 'NONE', #4868, #60 ) ;
#8579 = ORIENTED_EDGE ( 'NONE', *, *, #140, .T. ) ;
#8580 = CARTESIAN_POINT ( 'NONE',  ( 4.825000000000001066, -0.9700000000000056355, 2.529999999999998472 ) ) ;
#8581 = COLOUR_RGB ( '',0.2235294117647058654, 0.2235294117647058654, 0.2235294117647058654 ) ;
#8582 =( GEOMETRIC_REPRESENTATION_CONTEXT ( 3 ) GLOBAL_UNCERTAINTY_ASSIGNED_CONTEXT ( ( #1529 ) ) GLOBAL_UNIT_ASSIGNED_CONTEXT ( ( #8034, #2205, #10996 ) ) REPRESENTATION_CONTEXT ( 'NONE', 'WORKASPACE' ) );
#8583 = FILL_AREA_STYLE ('',( #11354 ) ) ;
#8584 = CARTESIAN_POINT ( 'NONE',  ( 2.951219512195118799, -8.464891082923399424, 0.000000000000000000 ) ) ;
#8585 = STYLED_ITEM ( 'NONE', ( #4072 ), #5773 ) ;
#8586 = SURFACE_STYLE_FILL_AREA ( #9611 ) ;
#8587 = ORIENTED_EDGE ( 'NONE', *, *, #11784, .T. ) ;
#8588 = EDGE_CURVE ( 'NONE', #4746, #11232, #11757, .T. ) ;
#8589 = MECHANICAL_DESIGN_GEOMETRIC_PRESENTATION_REPRESENTATION (  '', ( #2720 ), #4590 ) ;
#8590 = DIRECTION ( 'NONE',  ( 0.000000000000000000, 0.000000000000000000, -1.000000000000000000 ) ) ;
#8591 = PRESENTATION_LAYER_ASSIGNMENT (  '', '', ( #1530 ) ) ;
#8592 = CARTESIAN_POINT ( 'NONE',  ( 2.865418135081419848, -7.964299901081895783, 5.082197683525802034E-18 ) ) ;
#8593 = UNCERTAINTY_MEASURE_WITH_UNIT (LENGTH_MEASURE( 1.000000000000000082E-05 ), #10229, 'distance_accuracy_value', 'NONE');
#8594 =( NAMED_UNIT ( * ) PLANE_ANGLE_UNIT ( ) SI_UNIT ( $, .RADIAN. ) );
#8595 = CARTESIAN_POINT ( 'NONE',  ( -8.577962312940892176, -3.470000000000001528, 1.329999999999999183 ) ) ;
#8596 = FILL_AREA_STYLE ('',( #11616 ) ) ;
#8597 = SURFACE_STYLE_USAGE ( .BOTH. , #771 ) ;
#8598 = CARTESIAN_POINT ( 'NONE',  ( 2.680000000000000160, -7.420000000000000817, 2.149999999999999023 ) ) ;
#8599 = CARTESIAN_POINT ( 'NONE',  ( 6.324999999999997513, -7.419999999999996376, 0.9999999999999997780 ) ) ;
#8600 = VECTOR ( 'NONE', #9323, 1000.000000000000000 ) ;
#8601 = PLANE ( 'NONE',  #6618 ) ;
#8602 =( NAMED_UNIT ( * ) PLANE_ANGLE_UNIT ( ) SI_UNIT ( $, .RADIAN. ) );
#8603 = VECTOR ( 'NONE', #6700, 1000.000000000000000 ) ;
#8604 = VERTEX_POINT ( 'NONE', #4080 ) ;
#8605 = CARTESIAN_POINT ( 'NONE',  ( 3.329268292682923569, -8.355134985362424160, 0.000000000000000000 ) ) ;
#8606 = AXIS2_PLACEMENT_3D ( 'NONE', #9503, #10445, #12369 ) ;
#8607 = VERTEX_POINT ( 'NONE', #7741 ) ;
#8608 = DIRECTION ( 'NONE',  ( 0.000000000000000000, -1.000000000000000000, 0.000000000000000000 ) ) ;
#8609 = VECTOR ( 'NONE', #12428, 1000.000000000000000 ) ;
#8610 = UNCERTAINTY_MEASURE_WITH_UNIT (LENGTH_MEASURE( 1.000000000000000082E-05 ), #10441, 'distance_accuracy_value', 'NONE');
#8611 = SURFACE_SIDE_STYLE ('',( #2975 ) ) ;
#8612 = DIRECTION ( 'NONE',  ( 0.000000000000000000, 0.000000000000000000, -1.000000000000000000 ) ) ;
#8613 = DIRECTION ( 'NONE',  ( -0.000000000000000000, -7.478108553735038078E-16, 1.000000000000000000 ) ) ;
#8614 = PLANE ( 'NONE',  #6098 ) ;
#8615 = LINE ( 'NONE', #3500, #861 ) ;
#8616 = ORIENTED_EDGE ( 'NONE', *, *, #11698, .T. ) ;
#8617 = EDGE_CURVE ( 'NONE', #8900, #10373, #4771, .T. ) ;
#8618 = AXIS2_PLACEMENT_3D ( 'NONE', #9164, #9100, #9230 ) ;
#8619 = ORIENTED_EDGE ( 'NONE', *, *, #4651, .T. ) ;
#8620 = CARTESIAN_POINT ( 'NONE',  ( 4.824999999999992184, -8.920000000000001705, 3.859999999999999876 ) ) ;
#8621 = CARTESIAN_POINT ( 'NONE',  ( 4.825000000000002842, -0.4700000000000009726, 1.329999999999998739 ) ) ;
#8622 =( LENGTH_UNIT ( ) NAMED_UNIT ( * ) SI_UNIT ( .MILLI., .METRE. ) );
#8623 = AXIS2_PLACEMENT_3D ( 'NONE', #572, #9047, #1398 ) ;
#8624 = ORIENTED_EDGE ( 'NONE', *, *, #7412, .F. ) ;
#8625 = ORIENTED_EDGE ( 'NONE', *, *, #11175, .F. ) ;
#8626 = EDGE_CURVE ( 'NONE', #4791, #6331, #10259, .T. ) ;
#8627 = ORIENTED_EDGE ( 'NONE', *, *, #9486, .F. ) ;
#8628 = EDGE_CURVE ( 'NONE', #1982, #90, #6765, .T. ) ;
#8629 = CARTESIAN_POINT ( 'NONE',  ( 4.927962312940882939, -0.9700000000000019718, 2.529999999999998472 ) ) ;
#8630 = PRESENTATION_STYLE_ASSIGNMENT (( #1678 ) ) ;
#8631 = VECTOR ( 'NONE', #8673, 1000.000000000000000 ) ;
#8632 = SURFACE_SIDE_STYLE ('',( #2870 ) ) ;
#8633 = SURFACE_STYLE_FILL_AREA ( #1680 ) ;
#8634 =( NAMED_UNIT ( * ) SI_UNIT ( $, .STERADIAN. ) SOLID_ANGLE_UNIT ( ) );
#8635 =( GEOMETRIC_REPRESENTATION_CONTEXT ( 3 ) GLOBAL_UNCERTAINTY_ASSIGNED_CONTEXT ( ( #7371 ) ) GLOBAL_UNIT_ASSIGNED_CONTEXT ( ( #2505, #7468, #12360 ) ) REPRESENTATION_CONTEXT ( 'NONE', 'WORKASPACE' ) );
#8636 = EDGE_CURVE ( 'NONE', #6302, #3419, #6706, .T. ) ;
#8637 = VECTOR ( 'NONE', #9203, 1000.000000000000000 ) ;
#8638 = LINE ( 'NONE', #7705, #2363 ) ;
#8639 = ORIENTED_EDGE ( 'NONE', *, *, #692, .F. ) ;
#8640 = AXIS2_PLACEMENT_3D ( 'NONE', #11139, #10277, #4532 ) ;
#8641 = FACE_OUTER_BOUND ( 'NONE', #6662, .T. ) ;
#8642 = ORIENTED_EDGE ( 'NONE', *, *, #2356, .T. ) ;
#8643 = FACE_OUTER_BOUND ( 'NONE', #11726, .T. ) ;
#8644 = MECHANICAL_DESIGN_GEOMETRIC_PRESENTATION_REPRESENTATION (  '', ( #11445 ), #6226 ) ;
#8645 = DIRECTION ( 'NONE',  ( -1.000000000000000000, 0.000000000000000000, 0.000000000000000000 ) ) ;
#8646 = VERTEX_POINT ( 'NONE', #10636 ) ;
#8647 = CARTESIAN_POINT ( 'NONE',  ( 0.8499999999999999778, 0.5299999999999985834, 0.000000000000000000 ) ) ;
#8648 = FACE_OUTER_BOUND ( 'NONE', #10025, .T. ) ;
#8649 = FILL_AREA_STYLE ('',( #3736 ) ) ;
#8650 = LINE ( 'NONE', #9749, #2025 ) ;
#8651 = STYLED_ITEM ( 'NONE', ( #4360 ), #7263 ) ;
#8652 = EDGE_CURVE ( 'NONE', #4024, #3592, #9631, .T. ) ;
#8653 = UNCERTAINTY_MEASURE_WITH_UNIT (LENGTH_MEASURE( 1.000000000000000082E-05 ), #8958, 'distance_accuracy_value', 'NONE');
#8654 = VERTEX_POINT ( 'NONE', #1829 ) ;
#8655 =( NAMED_UNIT ( * ) SI_UNIT ( $, .STERADIAN. ) SOLID_ANGLE_UNIT ( ) );
#8656 = CARTESIAN_POINT ( 'NONE',  ( 3.319999999999999840, 1.862871818038229543, 0.1399999999999999578 ) ) ;
#8657 = VECTOR ( 'NONE', #9199, 1000.000000000000000 ) ;
#8658 = ORIENTED_EDGE ( 'NONE', *, *, #4582, .T. ) ;
#8659 = CARTESIAN_POINT ( 'NONE',  ( -0.3199999999999999512, -6.852871818038222429, 2.249999999999999556 ) ) ;
#8660 = CARTESIAN_POINT ( 'NONE',  ( 1.749999999999995559, -0.4700000000000013611, 1.299682133541857576 ) ) ;
#8661 = PLANE ( 'NONE',  #1163 ) ;
#8662 = CARTESIAN_POINT ( 'NONE',  ( 0.07526676829268028057, -8.184403278045349950, 0.01000000000000000021 ) ) ;
#8663 = CARTESIAN_POINT ( 'NONE',  ( -0.3199999999999999512, 1.862871818038229543, 0.1399999999999999578 ) ) ;
#8664 = CARTESIAN_POINT ( 'NONE',  ( -0.06097560975610021722, -7.464891082923399424, 0.01000000000000000021 ) ) ;
#8665 = DIRECTION ( 'NONE',  ( -0.000000000000000000, 0.000000000000000000, -1.000000000000000000 ) ) ;
#8667 =( GEOMETRIC_REPRESENTATION_CONTEXT ( 3 ) GLOBAL_UNCERTAINTY_ASSIGNED_CONTEXT ( ( #5590 ) ) GLOBAL_UNIT_ASSIGNED_CONTEXT ( ( #11388, #10407, #9342 ) ) REPRESENTATION_CONTEXT ( 'NONE', 'WORKASPACE' ) );
#8666 = SURFACE_STYLE_USAGE ( .BOTH. , #6833 ) ;
#8668 = EDGE_CURVE ( 'NONE', #6501, #2735, #1889, .T. ) ;
#8669 = FILL_AREA_STYLE ('',( #10507 ) ) ;
#8670 = LINE ( 'NONE', #8540, #9667 ) ;
#8671 =( GEOMETRIC_REPRESENTATION_CONTEXT ( 3 ) GLOBAL_UNCERTAINTY_ASSIGNED_CONTEXT ( ( #8472 ) ) GLOBAL_UNIT_ASSIGNED_CONTEXT ( ( #7260, #1194, #8501 ) ) REPRESENTATION_CONTEXT ( 'NONE', 'WORKASPACE' ) );
#8672 = LINE ( 'NONE', #6901, #6898 ) ;
#8673 = DIRECTION ( 'NONE',  ( 1.000000000000000000, -0.000000000000000000, -0.000000000000000000 ) ) ;
#8674 = EDGE_LOOP ( 'NONE', ( #6050, #6912, #10232, #12353 ) ) ;
#8675 = SURFACE_STYLE_USAGE ( .BOTH. , #6529 ) ;
#8676 = CARTESIAN_POINT ( 'NONE',  ( 5.524999999999986144, -6.170000000000001705, 2.929999999999998828 ) ) ;
#8677 = VECTOR ( 'NONE', #9473, 1000.000000000000000 ) ;
#8678 = SURFACE_STYLE_FILL_AREA ( #9575 ) ;
#8679 = CARTESIAN_POINT ( 'NONE',  ( -2.575000000000014833, 0.4299999999999984390, 0.5000000000000004441 ) ) ;
#8680 = SURFACE_STYLE_FILL_AREA ( #27 ) ;
#8681 =( NAMED_UNIT ( * ) PLANE_ANGLE_UNIT ( ) SI_UNIT ( $, .RADIAN. ) );
#8682 = VERTEX_POINT ( 'NONE', #11498 ) ;
#8683 = AXIS2_PLACEMENT_3D ( 'NONE', #1480, #12189, #2408 ) ;
#8684 = DIRECTION ( 'NONE',  ( 0.000000000000000000, 0.000000000000000000, -1.000000000000000000 ) ) ;
#8685 = EDGE_LOOP ( 'NONE', ( #2111, #10612, #10685, #12456 ) ) ;
#8686 = PRESENTATION_LAYER_ASSIGNMENT (  '', '', ( #10129 ) ) ;
#8687 = ORIENTED_EDGE ( 'NONE', *, *, #8338, .T. ) ;
#8688 = FILL_AREA_STYLE ('',( #3774 ) ) ;
#8689 = CARTESIAN_POINT ( 'NONE',  ( -2.524999999999990585, -2.170000000000001705, 3.000000000000000000 ) ) ;
#8690 = ORIENTED_EDGE ( 'NONE', *, *, #9884, .T. ) ;
#8691 = AXIS2_PLACEMENT_3D ( 'NONE', #5442, #5376, #555 ) ;
#8692 = ORIENTED_EDGE ( 'NONE', *, *, #9493, .F. ) ;
#8693 = EDGE_LOOP ( 'NONE', ( #10298, #12128, #8914, #10171 ) ) ;
#8694 =( LENGTH_UNIT ( ) NAMED_UNIT ( * ) SI_UNIT ( .MILLI., .METRE. ) );
#8695 = CARTESIAN_POINT ( 'NONE',  ( 2.342735427769417456, -8.366858966174987700, 0.01000000000000000021 ) ) ;
#8696 = STYLED_ITEM ( 'NONE', ( #817 ), #12464 ) ;
#8697 = DIRECTION ( 'NONE',  ( 0.000000000000000000, 1.000000000000000000, 0.000000000000000000 ) ) ;
#8698 = AXIS2_PLACEMENT_3D ( 'NONE', #11694, #10834, #11821 ) ;
#8699 = FACE_OUTER_BOUND ( 'NONE', #10930, .T. ) ;
#8700 = EDGE_CURVE ( 'NONE', #11331, #2496, #895, .T. ) ;
#8701 = EDGE_CURVE ( 'NONE', #318, #9689, #3822, .T. ) ;
#8702 = ORIENTED_EDGE ( 'NONE', *, *, #8628, .T. ) ;
#8703 = CARTESIAN_POINT ( 'NONE',  ( 0.5243902439024364925, -7.955173095118522220, 0.000000000000000000 ) ) ;
#8704 =( NAMED_UNIT ( * ) PLANE_ANGLE_UNIT ( ) SI_UNIT ( $, .RADIAN. ) );
#8705 = ORIENTED_EDGE ( 'NONE', *, *, #4814, .F. ) ;
#8706 =( GEOMETRIC_REPRESENTATION_CONTEXT ( 3 ) GLOBAL_UNCERTAINTY_ASSIGNED_CONTEXT ( ( #10992 ) ) GLOBAL_UNIT_ASSIGNED_CONTEXT ( ( #9736, #12414, #48 ) ) REPRESENTATION_CONTEXT ( 'NONE', 'WORKASPACE' ) );
#8707 = EDGE_CURVE ( 'NONE', #1284, #11041, #5846, .T. ) ;
#8708 = DIRECTION ( 'NONE',  ( 0.6666666666666658525, -0.6666666666666682950, -0.3333333333333315385 ) ) ;
#8709 = ORIENTED_EDGE ( 'NONE', *, *, #8409, .F. ) ;
#8710 = CARTESIAN_POINT ( 'NONE',  ( 4.825000000000001066, -7.419999999999996376, 0.9299999999999996048 ) ) ;
#8711 = CARTESIAN_POINT ( 'NONE',  ( 5.575000000000008171, -0.4700000000000008060, 0.5000000000000004441 ) ) ;
#8712 = DIRECTION ( 'NONE',  ( 8.537024980200821325E-17, -0.000000000000000000, 1.000000000000000000 ) ) ;
#8713 = PRESENTATION_STYLE_ASSIGNMENT (( #1131 ) ) ;
#8714 =( LENGTH_UNIT ( ) NAMED_UNIT ( * ) SI_UNIT ( .MILLI., .METRE. ) );
#8715 = CARTESIAN_POINT ( 'NONE',  ( -3.324999999999999734, -7.419999999999996376, 0.4000000000000010214 ) ) ;
#8716 = VECTOR ( 'NONE', #11628, 1000.000000000000000 ) ;
#8717 = ORIENTED_EDGE ( 'NONE', *, *, #4708, .T. ) ;
#8718 = LINE ( 'NONE', #5826, #912 ) ;
#8719 = CARTESIAN_POINT ( 'NONE',  ( -0.1202972493382168800, -7.607415152209985543, 6.776263578034402713E-18 ) ) ;
#8720 = ADVANCED_FACE ( 'NONE', ( #8993 ), #9905, .F. ) ;
#8721 = DIRECTION ( 'NONE',  ( 0.000000000000000000, -1.000000000000000000, 3.414809992080327544E-16 ) ) ;
#8722 = VERTEX_POINT ( 'NONE', #3342 ) ;
#8723 = UNCERTAINTY_MEASURE_WITH_UNIT (LENGTH_MEASURE( 1.000000000000000082E-05 ), #8756, 'distance_accuracy_value', 'NONE');
#8724 = DIRECTION ( 'NONE',  ( 2.168404344971010594E-16, 0.000000000000000000, 1.000000000000000000 ) ) ;
#8725 = COLOUR_RGB ( '',0.2235294117647058654, 0.2235294117647058654, 0.2235294117647058654 ) ;
#8726 = CARTESIAN_POINT ( 'NONE',  ( 5.224999999999986322, -3.470000000000001528, 2.529999999999998916 ) ) ;
#8727 = CARTESIAN_POINT ( 'NONE',  ( -0.1399229991640932591, 1.029999999999998472, 0.5000000000000004441 ) ) ;
#8728 = FILL_AREA_STYLE ('',( #6954 ) ) ;
#8729 = LINE ( 'NONE', #79, #4927 ) ;
#8730 = LINE ( 'NONE', #10401, #5881 ) ;
#8731 = AXIS2_PLACEMENT_3D ( 'NONE', #4229, #10105, #8247 ) ;
#8732 = DIRECTION ( 'NONE',  ( 1.000000000000000000, 3.938574995911015039E-16, 1.084946484143765172E-16 ) ) ;
#8733 = AXIS2_PLACEMENT_3D ( 'NONE', #5747, #12478, #8771 ) ;
#8734 = PLANE ( 'NONE',  #797 ) ;
#8735 = MECHANICAL_DESIGN_GEOMETRIC_PRESENTATION_REPRESENTATION (  '', ( #2468 ), #11953 ) ;
#8736 = ADVANCED_FACE ( 'NONE', ( #1339 ), #3097, .T. ) ;
#8737 = EDGE_LOOP ( 'NONE', ( #7336, #11643, #2304, #5677 ) ) ;
#8738 = DIRECTION ( 'NONE',  ( 1.000000000000000000, 0.000000000000000000, 0.000000000000000000 ) ) ;
#8739 = LINE ( 'NONE', #7800, #4216 ) ;
#8740 = AXIS2_PLACEMENT_3D ( 'NONE', #1591, #7360, #9437 ) ;
#8741 = FILL_AREA_STYLE ('',( #4018 ) ) ;
#8742 = FILL_AREA_STYLE_COLOUR ( '', #6834 ) ;
#8743 = CARTESIAN_POINT ( 'NONE',  ( 0.6181210415495502764, -7.538776313639284687, 0.000000000000000000 ) ) ;
#8744 = LINE ( 'NONE', #89, #3524 ) ;
#8745 = LINE ( 'NONE', #2791, #725 ) ;
#8746 = VECTOR ( 'NONE', #10135, 1000.000000000000000 ) ;
#8747 = ORIENTED_EDGE ( 'NONE', *, *, #10633, .T. ) ;
#8748 = DIRECTION ( 'NONE',  ( -1.000000000000000000, -0.000000000000000000, -0.000000000000000000 ) ) ;
#8749 = VECTOR ( 'NONE', #9562, 1000.000000000000000 ) ;
#8750 = VERTEX_POINT ( 'NONE', #7092 ) ;
#8751 = ORIENTED_EDGE ( 'NONE', *, *, #11539, .F. ) ;
#8752 =( LENGTH_UNIT ( ) NAMED_UNIT ( * ) SI_UNIT ( .MILLI., .METRE. ) );
#8753 = CARTESIAN_POINT ( 'NONE',  ( 4.825000000000001066, -3.470000000000001528, 2.529999999999998916 ) ) ;
#8754 = VERTEX_POINT ( 'NONE', #10087 ) ;
#8755 = VERTEX_POINT ( 'NONE', #1466 ) ;
#8756 =( LENGTH_UNIT ( ) NAMED_UNIT ( * ) SI_UNIT ( .MILLI., .METRE. ) );
#8757 = VERTEX_POINT ( 'NONE', #10831 ) ;
#8758 = LINE ( 'NONE', #3902, #3083 ) ;
#8759 = SURFACE_SIDE_STYLE ('',( #3842 ) ) ;
#8760 = SURFACE_STYLE_FILL_AREA ( #7884 ) ;
#8761 = FACE_OUTER_BOUND ( 'NONE', #687, .T. ) ;
#8762 = SURFACE_SIDE_STYLE ('',( #5987 ) ) ;
#8763 = DIRECTION ( 'NONE',  ( 1.000000000000000000, 0.000000000000000000, 0.000000000000000000 ) ) ;
#8764 = ORIENTED_EDGE ( 'NONE', *, *, #2065, .T. ) ;
#8765 = CARTESIAN_POINT ( 'NONE',  ( 0.6891662028234573079, -7.627778906980427820, 0.000000000000000000 ) ) ;
#8766 = DIRECTION ( 'NONE',  ( 0.000000000000000000, -1.452410541150706185E-31, -1.000000000000000000 ) ) ;
#8767 = MECHANICAL_DESIGN_GEOMETRIC_PRESENTATION_REPRESENTATION (  '', ( #3521 ), #6743 ) ;
#8768 =( LENGTH_UNIT ( ) NAMED_UNIT ( * ) SI_UNIT ( .MILLI., .METRE. ) );
#8769 = ORIENTED_EDGE ( 'NONE', *, *, #7135, .F. ) ;
#8770 = FACE_OUTER_BOUND ( 'NONE', #6235, .T. ) ;
#8771 = DIRECTION ( 'NONE',  ( 0.000000000000000000, 0.1736481776669307198, 0.9848077530122080203 ) ) ;
#8772 = CARTESIAN_POINT ( 'NONE',  ( 3.463414634146338322, -8.464891082923399424, 0.01000000000000000021 ) ) ;
#8773 =( NAMED_UNIT ( * ) PLANE_ANGLE_UNIT ( ) SI_UNIT ( $, .RADIAN. ) );
#8774 = EDGE_CURVE ( 'NONE', #5190, #11906, #5204, .T. ) ;
#8775 = DIRECTION ( 'NONE',  ( -0.000000000000000000, 0.000000000000000000, -1.000000000000000000 ) ) ;
#8776 = LINE ( 'NONE', #9748, #6971 ) ;
#8777 =( NAMED_UNIT ( * ) SI_UNIT ( $, .STERADIAN. ) SOLID_ANGLE_UNIT ( ) );
#8778 = MECHANICAL_DESIGN_GEOMETRIC_PRESENTATION_REPRESENTATION (  '', ( #5372 ), #4757 ) ;
#8779 = FILL_AREA_STYLE_COLOUR ( '', #10849 ) ;
#8780 = UNCERTAINTY_MEASURE_WITH_UNIT (LENGTH_MEASURE( 1.000000000000000082E-05 ), #6018, 'distance_accuracy_value', 'NONE');
#8781 = EDGE_CURVE ( 'NONE', #738, #8486, #8164, .T. ) ;
#8782 = EDGE_CURVE ( 'NONE', #99, #6289, #2329, .T. ) ;
#8783 = ORIENTED_EDGE ( 'NONE', *, *, #6614, .F. ) ;
#8784 = SURFACE_SIDE_STYLE ('',( #3995 ) ) ;
#8785 = CARTESIAN_POINT ( 'NONE',  ( -1.825000000000003730, -7.419999999999996376, 0.9300000000000048228 ) ) ;
#8786 = LINE ( 'NONE', #9615, #2253 ) ;
#8787 = ORIENTED_EDGE ( 'NONE', *, *, #9150, .F. ) ;
#8788 = PRESENTATION_LAYER_ASSIGNMENT (  '', '', ( #11392 ) ) ;
#8789 = FACE_OUTER_BOUND ( 'NONE', #1795, .T. ) ;
#8790 = CARTESIAN_POINT ( 'NONE',  ( 0.7071991634030363461, -7.497224597368884247, 6.776263578034402713E-18 ) ) ;
#8791 = PLANE ( 'NONE',  #6412 ) ;
#8792 = EDGE_CURVE ( 'NONE', #8543, #241, #9186, .T. ) ;
#8793 = CARTESIAN_POINT ( 'NONE',  ( -2.524999999999991029, -6.170000000000001705, 0.9299999999999993827 ) ) ;
#8794 = ADVANCED_FACE ( 'NONE', ( #3161 ), #8471, .T. ) ;
#8795 = PLANE ( 'NONE',  #3767 ) ;
#8796 = FILL_AREA_STYLE ('',( #9624 ) ) ;
#8797 = PLANE ( 'NONE',  #5682 ) ;
#8798 = CARTESIAN_POINT ( 'NONE',  ( 0.3199999999999999512, 2.429999999999997939, 0.1399999999999999301 ) ) ;
#8799 = EDGE_CURVE ( 'NONE', #3592, #11217, #2519, .T. ) ;
#8800 = EDGE_CURVE ( 'NONE', #4714, #1935, #12241, .T. ) ;
#8801 = STYLED_ITEM ( 'NONE', ( #4879 ), #3065 ) ;
#8802 = STYLED_ITEM ( 'NONE', ( #1914 ), #10644 ) ;
#8803 =( LENGTH_UNIT ( ) NAMED_UNIT ( * ) SI_UNIT ( .MILLI., .METRE. ) );
#8804 = VERTEX_POINT ( 'NONE', #1587 ) ;
#8805 = DIRECTION ( 'NONE',  ( -1.000000000000000000, -1.348230680810990322E-16, 0.000000000000000000 ) ) ;
#8806 = DIRECTION ( 'NONE',  ( 0.000000000000000000, 0.000000000000000000, 1.000000000000000000 ) ) ;
#8807 =( NAMED_UNIT ( * ) SI_UNIT ( $, .STERADIAN. ) SOLID_ANGLE_UNIT ( ) );
#8808 = MECHANICAL_DESIGN_GEOMETRIC_PRESENTATION_REPRESENTATION (  '', ( #8802 ), #10630 ) ;
#8809 = SURFACE_SIDE_STYLE ('',( #6968 ) ) ;
#8810 = CARTESIAN_POINT ( 'NONE',  ( -3.325000000000001066, -0.9700000000000020828, -0.5000000000000000000 ) ) ;
#8811 = VERTEX_POINT ( 'NONE', #7355 ) ;
#8812 = EDGE_CURVE ( 'NONE', #95, #8448, #7543, .T. ) ;
#8813 = CARTESIAN_POINT ( 'NONE',  ( -0.3199999999999999512, 1.862871818038229543, -0.5000000000000000000 ) ) ;
#8814 = STYLED_ITEM ( 'NONE', ( #949 ), #10813 ) ;
#8815 = EDGE_LOOP ( 'NONE', ( #4957, #7633, #5738, #2257 ) ) ;
#8816 = ORIENTED_EDGE ( 'NONE', *, *, #7253, .F. ) ;
#8817 = CARTESIAN_POINT ( 'NONE',  ( 2.357278963414631612, -7.452695960972180345, 0.01000000000000000021 ) ) ;
#8818 = PLANE ( 'NONE',  #10302 ) ;
#8819 = PRESENTATION_LAYER_ASSIGNMENT (  '', '', ( #7423 ) ) ;
#8820 = CARTESIAN_POINT ( 'NONE',  ( 3.319999999999999840, -0.3200000000000007283, 1.370310825858947368 ) ) ;
#8821 = ORIENTED_EDGE ( 'NONE', *, *, #2047, .T. ) ;
#8822 = EDGE_LOOP ( 'NONE', ( #2139, #9364, #1722, #2171 ) ) ;
#8823 = PRESENTATION_STYLE_ASSIGNMENT (( #1108 ) ) ;
#8824 = ORIENTED_EDGE ( 'NONE', *, *, #5023, .T. ) ;
#8825 = FILL_AREA_STYLE ('',( #4981 ) ) ;
#8826 = CARTESIAN_POINT ( 'NONE',  ( 2.209228972315301576, -8.342820054339153302, 6.776263578034402713E-18 ) ) ;
#8827 = COLOUR_RGB ( '',0.6470588235294117974, 0.6196078431372549211, 0.5882352941176470784 ) ;
#8828 = CARTESIAN_POINT ( 'NONE',  ( 5.574999999999998401, -0.9700000000000019718, 1.329999999999998739 ) ) ;
#8829 = ADVANCED_FACE ( 'NONE', ( #3414 ), #2705, .T. ) ;
#8830 = CARTESIAN_POINT ( 'NONE',  ( 3.319999999999999840, -0.5596891741410529031, 2.249999999999999556 ) ) ;
#8831 = COLOUR_RGB ( '',0.2235294117647058654, 0.2235294117647058654, 0.2235294117647058654 ) ;
#8832 = VERTEX_POINT ( 'NONE', #10440 ) ;
#8833 = CARTESIAN_POINT ( 'NONE',  ( 5.224999999999986322, -3.470000000000001528, 2.929999999999998384 ) ) ;
#8834 = LINE ( 'NONE', #3913, #7667 ) ;
#8835 = FACE_OUTER_BOUND ( 'NONE', #5785, .T. ) ;
#8836 =( GEOMETRIC_REPRESENTATION_CONTEXT ( 3 ) GLOBAL_UNCERTAINTY_ASSIGNED_CONTEXT ( ( #11015 ) ) GLOBAL_UNIT_ASSIGNED_CONTEXT ( ( #11035, #9283, #7315 ) ) REPRESENTATION_CONTEXT ( 'NONE', 'WORKASPACE' ) );
#8837 = ORIENTED_EDGE ( 'NONE', *, *, #5650, .T. ) ;
#8838 = COLOUR_RGB ( '',0.2235294117647058654, 0.2235294117647058654, 0.2235294117647058654 ) ;
#8839 = DIRECTION ( 'NONE',  ( 7.675767592817733377E-16, 0.000000000000000000, -1.000000000000000000 ) ) ;
#8840 = CARTESIAN_POINT ( 'NONE',  ( 5.574999999999998401, -0.9700000000000019718, 2.529999999999999361 ) ) ;
#8841 = CARTESIAN_POINT ( 'NONE',  ( -2.575000000000001954, 1.029999999999998472, 2.860000000000000320 ) ) ;
#8842 = COLOUR_RGB ( '',0.2235294117647058654, 0.2235294117647058654, 0.2235294117647058654 ) ;
#8843 = DIRECTION ( 'NONE',  ( 0.000000000000000000, 0.000000000000000000, -1.000000000000000000 ) ) ;
#8844 = LINE ( 'NONE', #11733, #4775 ) ;
#8845 = FILL_AREA_STYLE_COLOUR ( '', #5588 ) ;
#8846 =( LENGTH_UNIT ( ) NAMED_UNIT ( * ) SI_UNIT ( .MILLI., .METRE. ) );
#8847 = VECTOR ( 'NONE', #4092, 1000.000000000000000 ) ;
#8848 = STYLED_ITEM ( 'NONE', ( #7973 ), #6931 ) ;
#8849 = ORIENTED_EDGE ( 'NONE', *, *, #12316, .F. ) ;
#8850 =( LENGTH_UNIT ( ) NAMED_UNIT ( * ) SI_UNIT ( .MILLI., .METRE. ) );
#8851 =( NAMED_UNIT ( * ) SI_UNIT ( $, .STERADIAN. ) SOLID_ANGLE_UNIT ( ) );
#8852 = CARTESIAN_POINT ( 'NONE',  ( -0.2928734756097587377, -8.074647180484374687, 0.000000000000000000 ) ) ;
#8853 = ORIENTED_EDGE ( 'NONE', *, *, #8181, .T. ) ;
#8854 = UNCERTAINTY_MEASURE_WITH_UNIT (LENGTH_MEASURE( 1.000000000000000082E-05 ), #4143, 'distance_accuracy_value', 'NONE');
#8855 = PLANE ( 'NONE',  #10673 ) ;
#8856 = FACE_OUTER_BOUND ( 'NONE', #3899, .T. ) ;
#8857 = PRESENTATION_LAYER_ASSIGNMENT (  '', '', ( #8444 ) ) ;
#8858 = SURFACE_SIDE_STYLE ('',( #6828 ) ) ;
#8859 = VECTOR ( 'NONE', #11909, 1000.000000000000000 ) ;
#8860 = DIRECTION ( 'NONE',  ( -1.000000000000000000, -1.348230680810990322E-16, 0.000000000000000000 ) ) ;
#8861 = FILL_AREA_STYLE_COLOUR ( '', #324 ) ;
#8862 = LINE ( 'NONE', #5766, #11555 ) ;
#8863 = SURFACE_SIDE_STYLE ('',( #6082 ) ) ;
#8864 = MECHANICAL_DESIGN_GEOMETRIC_PRESENTATION_REPRESENTATION (  '', ( #2182 ), #10874 ) ;
#8865 = CARTESIAN_POINT ( 'NONE',  ( 3.463414634146338322, -7.464891082923399424, 0.01000000000000000021 ) ) ;
#8866 = COLOUR_RGB ( '',0.6470588235294117974, 0.6196078431372549211, 0.5882352941176470784 ) ;
#8867 = EDGE_CURVE ( 'NONE', #11895, #4552, #6457, .T. ) ;
#8868 = EDGE_CURVE ( 'NONE', #84, #159, #8344, .T. ) ;
#8869 = CARTESIAN_POINT ( 'NONE',  ( 0.04153963414633878720, -8.074647180484374687, 0.01000000000000000021 ) ) ;
#8870 = EDGE_LOOP ( 'NONE', ( #2374, #3438, #10781, #7698, #11635, #2306, #10961, #6101, #369, #9021, #179, #7221 ) ) ;
#8871 = CARTESIAN_POINT ( 'NONE',  ( 2.324688136734540223, -7.562927522583111184, 0.01000000000000000021 ) ) ;
#8872 = DIRECTION ( 'NONE',  ( -1.162683294890621319E-16, 1.000000000000000000, 0.000000000000000000 ) ) ;
#8873 = SURFACE_STYLE_FILL_AREA ( #2156 ) ;
#8874 = ADVANCED_FACE ( 'NONE', ( #581 ), #3548, .F. ) ;
#8875 = SURFACE_STYLE_FILL_AREA ( #2095 ) ;
#8876 = DIRECTION ( 'NONE',  ( -3.938574995911015532E-16, 1.000000000000000000, 6.572375632811234219E-33 ) ) ;
#8877 = SURFACE_STYLE_USAGE ( .BOTH. , #9841 ) ;
#8878 = DIRECTION ( 'NONE',  ( 0.000000000000000000, 1.000000000000000000, -7.228014483236698528E-16 ) ) ;
#8879 = VECTOR ( 'NONE', #8043, 999.9999999999998863 ) ;
#8880 = ORIENTED_EDGE ( 'NONE', *, *, #11854, .T. ) ;
#8881 = LINE ( 'NONE', #224, #8847 ) ;
#8882 = ORIENTED_EDGE ( 'NONE', *, *, #5728, .T. ) ;
#8883 = AXIS2_PLACEMENT_3D ( 'NONE', #11524, #10540, #3914 ) ;
#8884 = PLANE ( 'NONE',  #2165 ) ;
#8885 = CARTESIAN_POINT ( 'NONE',  ( 2.731707317073167829, -7.975561814630715674, 0.000000000000000000 ) ) ;
#8886 = PRESENTATION_STYLE_ASSIGNMENT (( #11575 ) ) ;
#8887 = CARTESIAN_POINT ( 'NONE',  ( 2.397103658536582582, -8.477086204874618502, 0.01000000000000000021 ) ) ;
#8888 = VERTEX_POINT ( 'NONE', #5953 ) ;
#8889 = MECHANICAL_DESIGN_GEOMETRIC_PRESENTATION_REPRESENTATION (  '', ( #5021 ), #2210 ) ;
#8890 = VERTEX_POINT ( 'NONE', #1077 ) ;
#8891 = EDGE_CURVE ( 'NONE', #12259, #1572, #8786, .T. ) ;
#8892 = CARTESIAN_POINT ( 'NONE',  ( 5.524999999999996803, 1.029999999999998028, -0.5000000000000000000 ) ) ;
#8893 = CARTESIAN_POINT ( 'NONE',  ( 0.5038193580273513383, -8.289216452539545088, 0.01000000000000000021 ) ) ;
#8894 = FACE_OUTER_BOUND ( 'NONE', #4991, .T. ) ;
#8895 = DIRECTION ( 'NONE',  ( 1.596371296911168195E-16, -1.000000000000000000, 1.452410541150706185E-31 ) ) ;
#8896 = CARTESIAN_POINT ( 'NONE',  ( 2.131143549641029367, -8.308483271247780522, 6.776263578034402713E-18 ) ) ;
#8897 = SURFACE_STYLE_USAGE ( .BOTH. , #9983 ) ;
#8898 = DIRECTION ( 'NONE',  ( -1.084202172485504434E-16, -1.000000000000000000, 1.734723475976807341E-16 ) ) ;
#8899 = STYLED_ITEM ( 'NONE', ( #8199 ), #11888 ) ;
#8900 = VERTEX_POINT ( 'NONE', #1875 ) ;
#8901 = AXIS2_PLACEMENT_3D ( 'NONE', #12477, #11665, #1798 ) ;
#8902 = CARTESIAN_POINT ( 'NONE',  ( 2.397103658536582582, -8.477086204874618502, 0.01000000000000000021 ) ) ;
#8903 =( NAMED_UNIT ( * ) PLANE_ANGLE_UNIT ( ) SI_UNIT ( $, .RADIAN. ) );
#8904 = EDGE_LOOP ( 'NONE', ( #529, #4423, #519, #3358 ) ) ;
#8905 = EDGE_CURVE ( 'NONE', #8274, #7772, #3746, .T. ) ;
#8906 = LINE ( 'NONE', #440, #1464 ) ;
#8907 = CARTESIAN_POINT ( 'NONE',  ( 0.000000000000000000, 0.000000000000000000, -0.5000000000000000000 ) ) ;
#8908 = COLOUR_RGB ( '',0.2235294117647058654, 0.2235294117647058654, 0.2235294117647058654 ) ;
#8909 = SURFACE_STYLE_USAGE ( .BOTH. , #10866 ) ;
#8910 = DIRECTION ( 'NONE',  ( 0.000000000000000000, -1.000000000000000000, -7.478108553735038078E-16 ) ) ;
#8911 = PRESENTATION_STYLE_ASSIGNMENT (( #1133 ) ) ;
#8912 = DIRECTION ( 'NONE',  ( 2.711582832752521336E-16, 1.885279841491026259E-31, 1.000000000000000000 ) ) ;
#8913 = PRESENTATION_LAYER_ASSIGNMENT (  '', '', ( #8696 ) ) ;
#8914 = ORIENTED_EDGE ( 'NONE', *, *, #8011, .T. ) ;
#8915 = PLANE ( 'NONE',  #11802 ) ;
#8916 =( NAMED_UNIT ( * ) PLANE_ANGLE_UNIT ( ) SI_UNIT ( $, .RADIAN. ) );
#8917 = DIRECTION ( 'NONE',  ( -1.000000000000000000, -0.000000000000000000, -0.000000000000000000 ) ) ;
#8918 = VERTEX_POINT ( 'NONE', #6825 ) ;
#8919 = LINE ( 'NONE', #10182, #4637 ) ;
#8920 = STYLED_ITEM ( 'NONE', ( #9638 ), #1052 ) ;
#8921 = PLANE ( 'NONE',  #8193 ) ;
#8922 = CARTESIAN_POINT ( 'NONE',  ( 1.269999999999999352, -1.420000000000001039, 3.199999999999999734 ) ) ;
#8923 = DIRECTION ( 'NONE',  ( 1.516366674804901567E-16, 0.000000000000000000, 1.000000000000000000 ) ) ;
#8924 = PLANE ( 'NONE',  #2773 ) ;
#8925 = CARTESIAN_POINT ( 'NONE',  ( 3.319999999999999840, 0.3200000000000001732, 0.3554264934286706090 ) ) ;
#8926 = STYLED_ITEM ( 'NONE', ( #2951 ), #8934 ) ;
#8927 = EDGE_LOOP ( 'NONE', ( #2916, #7994, #4030, #10921 ) ) ;
#8928 = FACE_OUTER_BOUND ( 'NONE', #3141, .T. ) ;
#8929 =( GEOMETRIC_REPRESENTATION_CONTEXT ( 3 ) GLOBAL_UNCERTAINTY_ASSIGNED_CONTEXT ( ( #10026 ) ) GLOBAL_UNIT_ASSIGNED_CONTEXT ( ( #5966, #2334, #1412 ) ) REPRESENTATION_CONTEXT ( 'NONE', 'WORKASPACE' ) );
#8930 = CARTESIAN_POINT ( 'NONE',  ( 0.000000000000000000, 2.429999999999997939, -0.4000000000000001887 ) ) ;
#8931 = CARTESIAN_POINT ( 'NONE',  ( 2.453509083748888209, -8.361301454363555763, 0.000000000000000000 ) ) ;
#8932 = CARTESIAN_POINT ( 'NONE',  ( -0.1269054878048807011, -7.586842302435594654, 0.01000000000000000021 ) ) ;
#8933 = LINE ( 'NONE', #5346, #867 ) ;
#8934 = ADVANCED_FACE ( 'NONE', ( #5895 ), #7606, .T. ) ;
#8935 = ORIENTED_EDGE ( 'NONE', *, *, #7686, .F. ) ;
#8936 = ADVANCED_FACE ( 'NONE', ( #4758 ), #10780, .T. ) ;
#8937 = STYLED_ITEM ( 'NONE', ( #2927 ), #1693 ) ;
#8938 = AXIS2_PLACEMENT_3D ( 'NONE', #6677, #11528, #7711 ) ;
#8939 = DIRECTION ( 'NONE',  ( 1.371322905910519660E-16, -1.000000000000000000, -0.000000000000000000 ) ) ;
#8940 = EDGE_CURVE ( 'NONE', #2012, #8356, #10990, .T. ) ;
#8941 = EDGE_CURVE ( 'NONE', #3692, #3963, #460, .T. ) ;
#8942 = CARTESIAN_POINT ( 'NONE',  ( 2.830764114352940286, -7.767921703001536393, 0.01000000000000000021 ) ) ;
#8943 = DIRECTION ( 'NONE',  ( -1.000000000000000000, 0.000000000000000000, 1.084946484143765172E-16 ) ) ;
#8944 = VERTEX_POINT ( 'NONE', #6199 ) ;
#8945 = COLOUR_RGB ( '',0.2235294117647058654, 0.2235294117647058654, 0.2235294117647058654 ) ;
#8946 = ORIENTED_EDGE ( 'NONE', *, *, #9716, .F. ) ;
#8947 = PRESENTATION_LAYER_ASSIGNMENT (  '', '', ( #5727 ) ) ;
#8948 = PRESENTATION_STYLE_ASSIGNMENT (( #4286 ) ) ;
#8949 = CARTESIAN_POINT ( 'NONE',  ( 5.224999999999986322, -6.170000000000001705, 0.000000000000000000 ) ) ;
#8950 = CARTESIAN_POINT ( 'NONE',  ( 0.8317187116322111162, -8.349128079323076435, 0.01000000000000000021 ) ) ;
#8951 = LINE ( 'NONE', #4917, #2656 ) ;
#8952 = EDGE_CURVE ( 'NONE', #6707, #3072, #2319, .T. ) ;
#8953 = CARTESIAN_POINT ( 'NONE',  ( 5.524999999999997691, -0.9700000000000023048, 0.000000000000000000 ) ) ;
#8954 = ADVANCED_FACE ( 'NONE', ( #5135 ), #7008, .F. ) ;
#8955 = VECTOR ( 'NONE', #342, 1000.000000000000000 ) ;
#8956 =( LENGTH_UNIT ( ) NAMED_UNIT ( * ) SI_UNIT ( .MILLI., .METRE. ) );
#8957 =( LENGTH_UNIT ( ) NAMED_UNIT ( * ) SI_UNIT ( .MILLI., .METRE. ) );
#8958 =( LENGTH_UNIT ( ) NAMED_UNIT ( * ) SI_UNIT ( .MILLI., .METRE. ) );
#8959 = VECTOR ( 'NONE', #7112, 1000.000000000000000 ) ;
#8960 = EDGE_CURVE ( 'NONE', #7257, #12457, #9043, .T. ) ;
#8961 = VERTEX_POINT ( 'NONE', #11059 ) ;
#8962 = EDGE_LOOP ( 'NONE', ( #6290, #2411, #11959, #6853, #4418, #12479 ) ) ;
#8963 = CARTESIAN_POINT ( 'NONE',  ( 1.792682926829265666, -7.903915473167301364, 0.000000000000000000 ) ) ;
#8964 = DIRECTION ( 'NONE',  ( -0.1710878697460358755, -0.9702875252478138091, -0.1710878697460358755 ) ) ;
#8965 = CARTESIAN_POINT ( 'NONE',  ( 2.858590348318216900, -8.089074146431039836, 0.01000000000000000021 ) ) ;
#8966 = DIRECTION ( 'NONE',  ( 0.000000000000000000, -0.000000000000000000, -1.000000000000000000 ) ) ;
#8967 = VERTEX_POINT ( 'NONE', #8977 ) ;
#8968 = DIRECTION ( 'NONE',  ( 1.371322905910519660E-16, -1.000000000000000000, -0.000000000000000000 ) ) ;
#8969 = LINE ( 'NONE', #3073, #8330 ) ;
#8970 = SURFACE_STYLE_FILL_AREA ( #4244 ) ;
#8971 = DIRECTION ( 'NONE',  ( -0.000000000000000000, -0.000000000000000000, -1.000000000000000000 ) ) ;
#8972 = LINE ( 'NONE', #314, #11813 ) ;
#8973 =( NAMED_UNIT ( * ) PLANE_ANGLE_UNIT ( ) SI_UNIT ( $, .RADIAN. ) );
#8974 = LINE ( 'NONE', #11921, #1153 ) ;
#8975 = EDGE_CURVE ( 'NONE', #9689, #10986, #5006, .T. ) ;
#8976 = EDGE_LOOP ( 'NONE', ( #6973, #1872, #9477, #4865 ) ) ;
#8977 = CARTESIAN_POINT ( 'NONE',  ( -1.825000000000000178, -8.920000000000001705, 3.859999999999999876 ) ) ;
#8978 = EDGE_LOOP ( 'NONE', ( #553, #6446, #11373, #10588 ) ) ;
#8979 = UNCERTAINTY_MEASURE_WITH_UNIT (LENGTH_MEASURE( 1.000000000000000082E-05 ), #11494, 'distance_accuracy_value', 'NONE');
#8980 =( NAMED_UNIT ( * ) SI_UNIT ( $, .STERADIAN. ) SOLID_ANGLE_UNIT ( ) );
#8981 = DIRECTION ( 'NONE',  ( -1.371322905910519414E-16, 1.000000000000000000, -0.000000000000000000 ) ) ;
#8982 = VECTOR ( 'NONE', #785, 1000.000000000000000 ) ;
#8983 = CARTESIAN_POINT ( 'NONE',  ( 4.824999999999999289, -7.419999999999996376, 3.259999999999999787 ) ) ;
#8984 = VECTOR ( 'NONE', #10518, 1000.000000000000000 ) ;
#8985 = CARTESIAN_POINT ( 'NONE',  ( -0.3199999999999999512, 0.5354264934286706579, 0.1399999999999999301 ) ) ;
#8986 = DIRECTION ( 'NONE',  ( -1.000000000000000000, -1.371322905910519414E-16, 0.000000000000000000 ) ) ;
#8987 =( NAMED_UNIT ( * ) SI_UNIT ( $, .STERADIAN. ) SOLID_ANGLE_UNIT ( ) );
#8988 = EDGE_CURVE ( 'NONE', #4902, #7579, #2856, .T. ) ;
#8989 = DIRECTION ( 'NONE',  ( 0.000000000000000000, -1.000000000000000000, 2.195852501236467750E-16 ) ) ;
#8990 = VECTOR ( 'NONE', #7936, 1000.000000000000000 ) ;
#8991 = PRESENTATION_LAYER_ASSIGNMENT (  '', '', ( #9819 ) ) ;
#8992 = ORIENTED_EDGE ( 'NONE', *, *, #11313, .F. ) ;
#8993 = FACE_OUTER_BOUND ( 'NONE', #10751, .T. ) ;
#8994 = DIRECTION ( 'NONE',  ( -1.000000000000000000, -1.162683294890621566E-16, 2.711582832752521336E-16 ) ) ;
#8995 =( NAMED_UNIT ( * ) PLANE_ANGLE_UNIT ( ) SI_UNIT ( $, .RADIAN. ) );
#8996 = CARTESIAN_POINT ( 'NONE',  ( 2.410771652509240415, -7.453940562363999156, 0.000000000000000000 ) ) ;
#8997 = CARTESIAN_POINT ( 'NONE',  ( 2.657521680017705723, -8.234316519631898146, 0.000000000000000000 ) ) ;
#8998 = FILL_AREA_STYLE_COLOUR ( '', #6568 ) ;
#8999 = FILL_AREA_STYLE_COLOUR ( '', #6924 ) ;
#9000 = VECTOR ( 'NONE', #7204, 1000.000000000000000 ) ;
#9001 = ORIENTED_EDGE ( 'NONE', *, *, #2668, .F. ) ;
#9002 = VECTOR ( 'NONE', #3406, 1000.000000000000000 ) ;
#9003 = STYLED_ITEM ( 'NONE', ( #8713 ), #5979 ) ;
#9004 = DIRECTION ( 'NONE',  ( 0.000000000000000000, 0.000000000000000000, -1.000000000000000000 ) ) ;
#9005 = LINE ( 'NONE', #2227, #2110 ) ;
#9006 = DIRECTION ( 'NONE',  ( -1.000000000000000000, -0.000000000000000000, -0.000000000000000000 ) ) ;
#9007 = MECHANICAL_DESIGN_GEOMETRIC_PRESENTATION_REPRESENTATION (  '', ( #10243 ), #6382 ) ;
#9008 = ORIENTED_EDGE ( 'NONE', *, *, #11754, .F. ) ;
#9009 = ORIENTED_EDGE ( 'NONE', *, *, #1519, .F. ) ;
#9010 = CARTESIAN_POINT ( 'NONE',  ( 1.926829268292680197, -7.464891082923399424, 0.01000000000000000021 ) ) ;
#9011 = VECTOR ( 'NONE', #5781, 1000.000000000000000 ) ;
#9012 = FILL_AREA_STYLE_COLOUR ( '', #8039 ) ;
#9013 = CARTESIAN_POINT ( 'NONE',  ( 2.356135670731704490, -7.562452058533155608, 0.01000000000000000021 ) ) ;
#9014 = DIRECTION ( 'NONE',  ( 3.938574995911014546E-16, -1.000000000000000000, 3.414809992080328037E-16 ) ) ;
#9015 = LINE ( 'NONE', #547, #3478 ) ;
#9016 = LINE ( 'NONE', #357, #10710 ) ;
#9017 = FACE_OUTER_BOUND ( 'NONE', #8685, .T. ) ;
#9018 = FILL_AREA_STYLE ('',( #6236 ) ) ;
#9019 =( NAMED_UNIT ( * ) PLANE_ANGLE_UNIT ( ) SI_UNIT ( $, .RADIAN. ) );
#9020 = VECTOR ( 'NONE', #1184, 1000.000000000000000 ) ;
#9021 = ORIENTED_EDGE ( 'NONE', *, *, #8905, .T. ) ;
#9022 = CARTESIAN_POINT ( 'NONE',  ( 4.825000000000001066, -7.419999999999996376, 1.000000000000000000 ) ) ;
#9023 = DIRECTION ( 'NONE',  ( 0.000000000000000000, -1.000000000000000000, 7.228014483236698528E-16 ) ) ;
#9024 = EDGE_CURVE ( 'NONE', #112, #1907, #200, .T. ) ;
#9025 = PRESENTATION_STYLE_ASSIGNMENT (( #4361 ) ) ;
#9026 = EDGE_CURVE ( 'NONE', #10934, #1561, #7146, .T. ) ;
#9027 = VERTEX_POINT ( 'NONE', #11741 ) ;
#9028 = DIRECTION ( 'NONE',  ( 0.000000000000000000, 0.000000000000000000, -1.000000000000000000 ) ) ;
#9029 = ORIENTED_EDGE ( 'NONE', *, *, #2599, .T. ) ;
#9030 = SURFACE_STYLE_USAGE ( .BOTH. , #10735 ) ;
#9031 = PRESENTATION_LAYER_ASSIGNMENT (  '', '', ( #2338 ) ) ;
#9032 = LINE ( 'NONE', #7958, #7738 ) ;
#9033 = CARTESIAN_POINT ( 'NONE',  ( -1.270000000000000684, -1.420000000000001039, 3.199999999999999734 ) ) ;
#9034 = EDGE_CURVE ( 'NONE', #1542, #10623, #3084, .T. ) ;
#9035 = LINE ( 'NONE', #10678, #3426 ) ;
#9036 = CARTESIAN_POINT ( 'NONE',  ( 5.524999999999989697, -4.884999999999999787, -0.01000000000000000021 ) ) ;
#9037 = SURFACE_STYLE_USAGE ( .BOTH. , #6192 ) ;
#9038 = ORIENTED_EDGE ( 'NONE', *, *, #11318, .F. ) ;
#9039 = COLOUR_RGB ( '',0.2235294117647058654, 0.2235294117647058654, 0.2235294117647058654 ) ;
#9040 = CARTESIAN_POINT ( 'NONE',  ( 2.150000000000000799, 0.5299999999999985834, 3.359999999999999876 ) ) ;
#9041 = VECTOR ( 'NONE', #5697, 1000.000000000000000 ) ;
#9042 = PRESENTATION_LAYER_ASSIGNMENT (  '', '', ( #10654 ) ) ;
#9043 = LINE ( 'NONE', #2201, #7537 ) ;
#9044 = ORIENTED_EDGE ( 'NONE', *, *, #1768, .T. ) ;
#9045 =( NAMED_UNIT ( * ) SI_UNIT ( $, .STERADIAN. ) SOLID_ANGLE_UNIT ( ) );
#9046 = CARTESIAN_POINT ( 'NONE',  ( 0.5771071374949078292, -7.565741602238193586, 6.776263578034402713E-18 ) ) ;
#9047 = DIRECTION ( 'NONE',  ( -1.000000000000000000, 0.000000000000000000, -0.000000000000000000 ) ) ;
#9048 = ADVANCED_FACE ( 'NONE', ( #504 ), #6507, .F. ) ;
#9049 = AXIS2_PLACEMENT_3D ( 'NONE', #3725, #986, #5687 ) ;
#9050 = SURFACE_SIDE_STYLE ('',( #205 ) ) ;
#9051 = CARTESIAN_POINT ( 'NONE',  ( -0.1269054878048807011, -7.586842302435594654, 0.01000000000000000021 ) ) ;
#9052 = CARTESIAN_POINT ( 'NONE',  ( -2.524999999999990585, -2.170000000000001705, -1.734723475976807094E-15 ) ) ;
#9053 = CARTESIAN_POINT ( 'NONE',  ( -0.2135603669816681094, 2.466520973661874283, -0.3935603669816681305 ) ) ;
#9054 = AXIS2_PLACEMENT_3D ( 'NONE', #9126, #10147, #1524 ) ;
#9055 = VECTOR ( 'NONE', #6351, 1000.000000000000000 ) ;
#9056 = PRESENTATION_LAYER_ASSIGNMENT (  '', '', ( #10664 ) ) ;
#9057 = VECTOR ( 'NONE', #3150, 1000.000000000000000 ) ;
#9058 = COLOUR_RGB ( '',0.2235294117647058654, 0.2235294117647058654, 0.2235294117647058654 ) ;
#9059 = EDGE_LOOP ( 'NONE', ( #4193, #6259, #3381, #8751 ) ) ;
#9060 = DIRECTION ( 'NONE',  ( 0.000000000000000000, -1.000000000000000000, 0.000000000000000000 ) ) ;
#9061 = EDGE_CURVE ( 'NONE', #810, #9483, #631, .T. ) ;
#9062 = CARTESIAN_POINT ( 'NONE',  ( 2.756483208146200958, -7.635843415736576212, 0.000000000000000000 ) ) ;
#9063 = CARTESIAN_POINT ( 'NONE',  ( 2.552699993788689170, -8.326491318142229758, 0.000000000000000000 ) ) ;
#9064 = CARTESIAN_POINT ( 'NONE',  ( 0.000000000000000000, 0.000000000000000000, 0.01000000000000000021 ) ) ;
#9065 = EDGE_LOOP ( 'NONE', ( #8882, #1220, #343, #9958 ) ) ;
#9066 = AXIS2_PLACEMENT_3D ( 'NONE', #5239, #10174, #9023 ) ;
#9067 = B_SPLINE_SURFACE_WITH_KNOTS ( 'NONE', 3, 1, ( 
 ( #7510, #5615 ),
 ( #11387, #796 ),
 ( #5675, #7446 ),
 ( #5557, #12275 ),
 ( #3507, #2730 ),
 ( #11332, #12394 ),
 ( #4610, #9521 ),
 ( #2672, #9398 ),
 ( #6541, #2487 ),
 ( #8372, #847 ),
 ( #5503, #12335 ) ),
 .UNSPECIFIED., .F., .F., .F.,
 ( 4, 1, 1, 1, 1, 1, 1, 1, 4 ),
 ( 2, 2 ),
 ( 0.000000000000000000, 0.1252796967356261393, 0.2494199707420516610, 0.3733567994928201905, 0.4966812787822852959, 0.6202029157439817864, 0.7450863201614557063, 0.8712691950190974977, 1.000000000000000000 ),
 ( 0.000000000000000000, 1.000000000000000000 ),
 .UNSPECIFIED. ) ;
#9068 = CARTESIAN_POINT ( 'NONE',  ( 2.785877509321167622, -7.676884725523861697, 0.01000000000000000021 ) ) ;
#9069 = CARTESIAN_POINT ( 'NONE',  ( -0.3499999999999991451, 0.5299999999999983613, 3.360000000000000320 ) ) ;
#9070 = CARTESIAN_POINT ( 'NONE',  ( -3.325000000000000178, -7.419999999999996376, 2.929999999999999272 ) ) ;
#9071 = ORIENTED_EDGE ( 'NONE', *, *, #5235, .T. ) ;
#9072 = ORIENTED_EDGE ( 'NONE', *, *, #1836, .F. ) ;
#9073 = MECHANICAL_DESIGN_GEOMETRIC_PRESENTATION_REPRESENTATION (  '', ( #6638 ), #6848 ) ;
#9074 = CARTESIAN_POINT ( 'NONE',  ( -2.626372070731854524, -3.615000000000001101, -0.5000000000000000000 ) ) ;
#9075 = DIRECTION ( 'NONE',  ( 0.000000000000000000, -1.000000000000000000, 0.000000000000000000 ) ) ;
#9076 = CARTESIAN_POINT ( 'NONE',  ( 0.3914394252387038975, -8.008225662209367712, 6.776263578034402713E-18 ) ) ;
#9077 = DIRECTION ( 'NONE',  ( 1.000000000000000000, 0.000000000000000000, 0.000000000000000000 ) ) ;
#9078 = CARTESIAN_POINT ( 'NONE',  ( 0.7535993338599811242, -8.329674989980935251, 0.000000000000000000 ) ) ;
#9079 = DIRECTION ( 'NONE',  ( 7.675767592817733377E-16, 0.000000000000000000, -1.000000000000000000 ) ) ;
#9080 = LINE ( 'NONE', #484, #2818 ) ;
#9081 = EDGE_LOOP ( 'NONE', ( #3714, #9420, #3867, #7526 ) ) ;
#9082 = CARTESIAN_POINT ( 'NONE',  ( 6.324999999999997513, -3.470000000000001528, 1.329999999999999183 ) ) ;
#9083 = SURFACE_STYLE_USAGE ( .BOTH. , #2297 ) ;
#9084 = ORIENTED_EDGE ( 'NONE', *, *, #1663, .T. ) ;
#9085 = ORIENTED_EDGE ( 'NONE', *, *, #11273, .T. ) ;
#9086 = FILL_AREA_STYLE_COLOUR ( '', #6547 ) ;
#9087 = FILL_AREA_STYLE ('',( #10917 ) ) ;
#9088 = CARTESIAN_POINT ( 'NONE',  ( 2.498002776618577503, -8.469573366365217737, 0.01000000000000000021 ) ) ;
#9089 = ORIENTED_EDGE ( 'NONE', *, *, #10351, .T. ) ;
#9090 = FILL_AREA_STYLE ('',( #2533 ) ) ;
#9091 = VECTOR ( 'NONE', #3111, 1000.000000000000000 ) ;
#9092 = ORIENTED_EDGE ( 'NONE', *, *, #8322, .T. ) ;
#9093 = DIRECTION ( 'NONE',  ( 0.000000000000000000, 0.000000000000000000, -1.000000000000000000 ) ) ;
#9094 = PRESENTATION_STYLE_ASSIGNMENT (( #10923 ) ) ;
#9095 =( NAMED_UNIT ( * ) PLANE_ANGLE_UNIT ( ) SI_UNIT ( $, .RADIAN. ) );
#9096 = LINE ( 'NONE', #12156, #11894 ) ;
#9097 = CIRCLE ( 'NONE', #7486, 0.1013720707318636893 ) ;
#9098 = ORIENTED_EDGE ( 'NONE', *, *, #9350, .F. ) ;
#9099 = CARTESIAN_POINT ( 'NONE',  ( 2.731429497223041292, -7.990183020326488084, 0.01000000000000000021 ) ) ;
#9100 = DIRECTION ( 'NONE',  ( 0.000000000000000000, 1.000000000000000000, 0.000000000000000000 ) ) ;
#9101 = ADVANCED_FACE ( 'NONE', ( #7401 ), #4569, .T. ) ;
#9102 = EDGE_CURVE ( 'NONE', #12086, #2364, #6562, .T. ) ;
#9103 = VECTOR ( 'NONE', #5635, 1000.000000000000000 ) ;
#9104 = EDGE_LOOP ( 'NONE', ( #11799, #10836, #3011, #9460 ) ) ;
#9105 = EDGE_CURVE ( 'NONE', #4770, #10324, #11179, .T. ) ;
#9106 = DIRECTION ( 'NONE',  ( -5.321237656370560445E-17, -7.297135085974559675E-33, -1.000000000000000000 ) ) ;
#9107 = CARTESIAN_POINT ( 'NONE',  ( 5.524999999999986144, -6.170000000000001705, 0.9299999999999994937 ) ) ;
#9108 = CARTESIAN_POINT ( 'NONE',  ( 4.927962312940882939, -7.419999999999996376, 0.9299999999999996048 ) ) ;
#9109 = ORIENTED_EDGE ( 'NONE', *, *, #2237, .T. ) ;
#9110 = UNCERTAINTY_MEASURE_WITH_UNIT (LENGTH_MEASURE( 1.000000000000000082E-05 ), #2637, 'distance_accuracy_value', 'NONE');
#9111 =( GEOMETRIC_REPRESENTATION_CONTEXT ( 3 ) GLOBAL_UNCERTAINTY_ASSIGNED_CONTEXT ( ( #6690 ) ) GLOBAL_UNIT_ASSIGNED_CONTEXT ( ( #916, #12279, #3653 ) ) REPRESENTATION_CONTEXT ( 'NONE', 'WORKASPACE' ) );
#9112 = CARTESIAN_POINT ( 'NONE',  ( -1.825000000000004619, -3.470000000000003304, 0.9299999999999991607 ) ) ;
#9113 = CARTESIAN_POINT ( 'NONE',  ( 2.357278963414631612, -7.452695960972180345, 6.776263578034402713E-18 ) ) ;
#9114 = CARTESIAN_POINT ( 'NONE',  ( 3.000000000000004885, -7.419999999999999929, -0.5000000000000000000 ) ) ;
#9115 = CARTESIAN_POINT ( 'NONE',  ( 2.951219512195118799, -8.464891082923399424, 0.01000000000000000021 ) ) ;
#9116 = CARTESIAN_POINT ( 'NONE',  ( 1.060975609756094951, -7.574647180484375575, 0.01000000000000000021 ) ) ;
#9117 = PRESENTATION_LAYER_ASSIGNMENT (  '', '', ( #5691 ) ) ;
#9118 = VECTOR ( 'NONE', #11913, 1000.000000000000000 ) ;
#9119 = CARTESIAN_POINT ( 'NONE',  ( 0.3500000000000000888, -0.4700000000000016387, 0.000000000000000000 ) ) ;
#9120 = EDGE_CURVE ( 'NONE', #993, #1935, #12105, .T. ) ;
#9121 = ORIENTED_EDGE ( 'NONE', *, *, #12190, .T. ) ;
#9122 = PRESENTATION_STYLE_ASSIGNMENT (( #11816 ) ) ;
#9123 =( LENGTH_UNIT ( ) NAMED_UNIT ( * ) SI_UNIT ( .MILLI., .METRE. ) );
#9124 = UNCERTAINTY_MEASURE_WITH_UNIT (LENGTH_MEASURE( 1.000000000000000082E-05 ), #11662, 'distance_accuracy_value', 'NONE');
#9125 = CARTESIAN_POINT ( 'NONE',  ( -2.524999999999990585, -4.885000000000001563, -0.09862792926813598871 ) ) ;
#9126 = CARTESIAN_POINT ( 'NONE',  ( 6.324999999999997513, 1.029999999999999138, 3.859999999999999876 ) ) ;
#9127 = CARTESIAN_POINT ( 'NONE',  ( 2.488525554060014411, -8.353152044216738403, 0.000000000000000000 ) ) ;
#9128 = SURFACE_STYLE_FILL_AREA ( #4394 ) ;
#9129 = DIRECTION ( 'NONE',  ( 0.000000000000000000, 0.000000000000000000, 1.000000000000000000 ) ) ;
#9130 = ORIENTED_EDGE ( 'NONE', *, *, #556, .T. ) ;
#9131 = UNCERTAINTY_MEASURE_WITH_UNIT (LENGTH_MEASURE( 1.000000000000000082E-05 ), #8454, 'distance_accuracy_value', 'NONE');
#9132 = PRESENTATION_STYLE_ASSIGNMENT (( #7935 ) ) ;
#9133 = EDGE_CURVE ( 'NONE', #4595, #10410, #1505, .T. ) ;
#9134 = FILL_AREA_STYLE ('',( #10281 ) ) ;
#9135 =( NAMED_UNIT ( * ) SI_UNIT ( $, .STERADIAN. ) SOLID_ANGLE_UNIT ( ) );
#9136 = DIRECTION ( 'NONE',  ( 0.000000000000000000, 1.000000000000000000, -0.000000000000000000 ) ) ;
#9137 = VERTEX_POINT ( 'NONE', #5460 ) ;
#9138 = EDGE_LOOP ( 'NONE', ( #3350, #4426, #4213, #12012 ) ) ;
#9139 = DIRECTION ( 'NONE',  ( -1.000000000000000000, 0.000000000000000000, 1.084946484143765172E-16 ) ) ;
#9140 = COLOUR_RGB ( '',0.2235294117647058654, 0.2235294117647058654, 0.2235294117647058654 ) ;
#9141 = CARTESIAN_POINT ( 'NONE',  ( 2.396258273346396184, -7.563314767945001904, 0.01000000000000000021 ) ) ;
#9142 =( NAMED_UNIT ( * ) SI_UNIT ( $, .STERADIAN. ) SOLID_ANGLE_UNIT ( ) );
#9143 = CARTESIAN_POINT ( 'NONE',  ( 0.9190167682926804193, -8.355134985362424160, 0.000000000000000000 ) ) ;
#9144 = CARTESIAN_POINT ( 'NONE',  ( 6.324999999999997513, -8.920000000000001705, 0.000000000000000000 ) ) ;
#9145 =( GEOMETRIC_REPRESENTATION_CONTEXT ( 3 ) GLOBAL_UNCERTAINTY_ASSIGNED_CONTEXT ( ( #7110 ) ) GLOBAL_UNIT_ASSIGNED_CONTEXT ( ( #3872, #132, #4819 ) ) REPRESENTATION_CONTEXT ( 'NONE', 'WORKASPACE' ) );
#9146 = PLANE ( 'NONE',  #11905 ) ;
#9147 = ORIENTED_EDGE ( 'NONE', *, *, #9443, .T. ) ;
#9148 = DIRECTION ( 'NONE',  ( -0.000000000000000000, -1.000000000000000000, 2.861335727341666912E-17 ) ) ;
#9149 = DIRECTION ( 'NONE',  ( -1.000000000000000000, 0.000000000000000000, 0.000000000000000000 ) ) ;
#9150 = EDGE_CURVE ( 'NONE', #4066, #5373, #8520, .T. ) ;
#9151 = ORIENTED_EDGE ( 'NONE', *, *, #7091, .T. ) ;
#9152 = COLOUR_RGB ( '',0.2235294117647058654, 0.2235294117647058654, 0.2235294117647058654 ) ;
#9153 = FILL_AREA_STYLE ('',( #6121 ) ) ;
#9154 = ORIENTED_EDGE ( 'NONE', *, *, #7942, .F. ) ;
#9155 = ORIENTED_EDGE ( 'NONE', *, *, #5052, .F. ) ;
#9156 = LINE ( 'NONE', #9220, #2416 ) ;
#9157 = B_SPLINE_CURVE_WITH_KNOTS ( 'NONE', 3,
 ( #4474, #5421, #8180, #3565, #6473, #1536, #5220 ),
 .UNSPECIFIED., .F., .F.,
 ( 4, 1, 1, 1, 4 ),
 ( 0.000000000000000000, 0.1744817153170497570, 0.3982857591281127596, 0.6738978473986663165, 1.000000000000000000 ),
 .UNSPECIFIED. ) ;
#9158 = CARTESIAN_POINT ( 'NONE',  ( -0.3199999999999999512, -0.3200000000000006173, 1.370310825858947368 ) ) ;
#9159 = MECHANICAL_DESIGN_GEOMETRIC_PRESENTATION_REPRESENTATION (  '', ( #12153 ), #6126 ) ;
#9160 = LINE ( 'NONE', #10119, #11451 ) ;
#9161 = LINE ( 'NONE', #6437, #12293 ) ;
#9162 = ORIENTED_EDGE ( 'NONE', *, *, #94, .T. ) ;
#9163 = CARTESIAN_POINT ( 'NONE',  ( -2.525000000000000355, 1.029999999999998028, 0.000000000000000000 ) ) ;
#9164 = CARTESIAN_POINT ( 'NONE',  ( -2.626372070731854524, -3.615000000000001101, -0.2000000000000000944 ) ) ;
#9165 = COLOUR_RGB ( '',0.6470588235294117974, 0.6196078431372549211, 0.5882352941176470784 ) ;
#9166 = LINE ( 'NONE', #7461, #11044 ) ;
#9167 = ORIENTED_EDGE ( 'NONE', *, *, #10650, .T. ) ;
#9168 = VECTOR ( 'NONE', #837, 1000.000000000000000 ) ;
#9169 =( NAMED_UNIT ( * ) SI_UNIT ( $, .STERADIAN. ) SOLID_ANGLE_UNIT ( ) );
#9170 = CARTESIAN_POINT ( 'NONE',  ( 2.146139853729131186, -7.482511407394959235, 0.000000000000000000 ) ) ;
#9171 = EDGE_CURVE ( 'NONE', #2566, #6317, #2457, .T. ) ;
#9172 = CARTESIAN_POINT ( 'NONE',  ( 5.575000000000005507, 1.029999999999999138, 3.359999999999999876 ) ) ;
#9173 = ORIENTED_EDGE ( 'NONE', *, *, #4683, .F. ) ;
#9174 =( NAMED_UNIT ( * ) PLANE_ANGLE_UNIT ( ) SI_UNIT ( $, .RADIAN. ) );
#9175 = FACE_OUTER_BOUND ( 'NONE', #6672, .T. ) ;
#9176 = LINE ( 'NONE', #5525, #7620 ) ;
#9177 = CARTESIAN_POINT ( 'NONE',  ( 2.357159858225966964, -8.476617731327026561, 0.01000000000000000021 ) ) ;
#9178 = EDGE_CURVE ( 'NONE', #10364, #10658, #7592, .T. ) ;
#9179 = CARTESIAN_POINT ( 'NONE',  ( 0.3199999999999999512, -0.4700000000000016387, 2.245415902488527404 ) ) ;
#9180 = PLANE ( 'NONE',  #2742 ) ;
#9181 =( LENGTH_UNIT ( ) NAMED_UNIT ( * ) SI_UNIT ( .MILLI., .METRE. ) );
#9182 = DIRECTION ( 'NONE',  ( -0.000000000000000000, -0.000000000000000000, -1.000000000000000000 ) ) ;
#9183 = EDGE_CURVE ( 'NONE', #7463, #3112, #9482, .T. ) ;
#9184 = ORIENTED_EDGE ( 'NONE', *, *, #2209, .T. ) ;
#9185 = EDGE_CURVE ( 'NONE', #4595, #503, #7832, .T. ) ;
#9186 = LINE ( 'NONE', #11997, #11728 ) ;
#9187 = FILL_AREA_STYLE_COLOUR ( '', #6266 ) ;
#9188 = LINE ( 'NONE', #5473, #9672 ) ;
#9189 = FACE_OUTER_BOUND ( 'NONE', #6106, .T. ) ;
#9190 = FILL_AREA_STYLE_COLOUR ( '', #3868 ) ;
#9191 = LINE ( 'NONE', #11256, #7385 ) ;
#9192 = LINE ( 'NONE', #284, #5332 ) ;
#9193 = EDGE_CURVE ( 'NONE', #9480, #11074, #9601, .T. ) ;
#9194 = ORIENTED_EDGE ( 'NONE', *, *, #1593, .F. ) ;
#9195 = MECHANICAL_DESIGN_GEOMETRIC_PRESENTATION_REPRESENTATION (  '', ( #3533 ), #8373 ) ;
#9196 =( GEOMETRIC_REPRESENTATION_CONTEXT ( 3 ) GLOBAL_UNCERTAINTY_ASSIGNED_CONTEXT ( ( #9526 ) ) GLOBAL_UNIT_ASSIGNED_CONTEXT ( ( #8415, #11366, #6755 ) ) REPRESENTATION_CONTEXT ( 'NONE', 'WORKASPACE' ) );
#9197 = LINE ( 'NONE', #12255, #10859 ) ;
#9198 = CARTESIAN_POINT ( 'NONE',  ( -8.577962312940892176, -0.4700000000000030820, 2.529999999999998472 ) ) ;
#9199 = DIRECTION ( 'NONE',  ( 2.168404344971010594E-16, 2.923509266293775251E-32, 1.000000000000000000 ) ) ;
#9200 = LINE ( 'NONE', #10284, #10699 ) ;
#9201 = ORIENTED_EDGE ( 'NONE', *, *, #12236, .F. ) ;
#9202 = VERTEX_POINT ( 'NONE', #2880 ) ;
#9203 = DIRECTION ( 'NONE',  ( -7.675767592817732391E-16, 0.000000000000000000, -1.000000000000000000 ) ) ;
#9204 = COLOUR_RGB ( '',0.2235294117647058654, 0.2235294117647058654, 0.2235294117647058654 ) ;
#9205 = CARTESIAN_POINT ( 'NONE',  ( 0.9232088414634121998, -8.464891082923401200, 0.01000000000000000021 ) ) ;
#9206 = CARTESIAN_POINT ( 'NONE',  ( 2.121951219512192566, -7.626476448777058437, 0.000000000000000000 ) ) ;
#9207 = MECHANICAL_DESIGN_GEOMETRIC_PRESENTATION_REPRESENTATION (  '', ( #8585 ), #10027 ) ;
#9208 = CARTESIAN_POINT ( 'NONE',  ( 0.6282669071798150373, -8.250412890870833849, 0.000000000000000000 ) ) ;
#9209 = EDGE_CURVE ( 'NONE', #10904, #5212, #5879, .T. ) ;
#9210 = CARTESIAN_POINT ( 'NONE',  ( 0.9232088414634121998, -8.464891082923401200, 0.01000000000000000021 ) ) ;
#9211 = ORIENTED_EDGE ( 'NONE', *, *, #4781, .T. ) ;
#9212 = SURFACE_STYLE_FILL_AREA ( #8255 ) ;
#9213 = VECTOR ( 'NONE', #3982, 1000.000000000000114 ) ;
#9214 =( GEOMETRIC_REPRESENTATION_CONTEXT ( 3 ) GLOBAL_UNCERTAINTY_ASSIGNED_CONTEXT ( ( #7101 ) ) GLOBAL_UNIT_ASSIGNED_CONTEXT ( ( #3323, #1562, #12097 ) ) REPRESENTATION_CONTEXT ( 'NONE', 'WORKASPACE' ) );
#9215 = ORIENTED_EDGE ( 'NONE', *, *, #8273, .F. ) ;
#9216 = PRESENTATION_LAYER_ASSIGNMENT (  '', '', ( #9003 ) ) ;
#9217 = CYLINDRICAL_SURFACE ( 'NONE', #3210, 0.5000000000000000000 ) ;
#9218 = ORIENTED_EDGE ( 'NONE', *, *, #10384, .F. ) ;
#9219 = ORIENTED_EDGE ( 'NONE', *, *, #2663, .F. ) ;
#9220 = CARTESIAN_POINT ( 'NONE',  ( -2.575000000000014833, -0.4700000000000020828, 0.5000000000000004441 ) ) ;
#9221 = ORIENTED_EDGE ( 'NONE', *, *, #5650, .F. ) ;
#9222 = SURFACE_STYLE_FILL_AREA ( #12030 ) ;
#9223 = PLANE ( 'NONE',  #10956 ) ;
#9224 = FACE_OUTER_BOUND ( 'NONE', #4735, .T. ) ;
#9225 = EDGE_CURVE ( 'NONE', #5162, #11041, #4521, .T. ) ;
#9226 = DIRECTION ( 'NONE',  ( 4.358601698434189525E-17, -1.000000000000000000, 0.000000000000000000 ) ) ;
#9227 = VECTOR ( 'NONE', #3188, 1000.000000000000000 ) ;
#9228 = ORIENTED_EDGE ( 'NONE', *, *, #2663, .T. ) ;
#9229 = CARTESIAN_POINT ( 'NONE',  ( 2.582060473926105271, -8.308358991311452613, 0.01000000000000000021 ) ) ;
#9230 = DIRECTION ( 'NONE',  ( 0.000000000000000000, -0.000000000000000000, 1.000000000000000000 ) ) ;
#9231 = ORIENTED_EDGE ( 'NONE', *, *, #2135, .F. ) ;
#9232 = STYLED_ITEM ( 'NONE', ( #3035 ), #10881 ) ;
#9233 = VECTOR ( 'NONE', #4575, 1000.000000000000000 ) ;
#9234 = CARTESIAN_POINT ( 'NONE',  ( 6.324999999999997513, -7.420000000000000817, 3.859999999999999876 ) ) ;
#9235 = COLOUR_RGB ( '',0.6470588235294117974, 0.6196078431372549211, 0.5882352941176470784 ) ;
#9236 = CARTESIAN_POINT ( 'NONE',  ( -0.1399229991640932591, 1.029999999999998472, 0.5000000000000004441 ) ) ;
#9237 = ORIENTED_EDGE ( 'NONE', *, *, #11875, .T. ) ;
#9238 = LINE ( 'NONE', #9112, #5210 ) ;
#9239 = CARTESIAN_POINT ( 'NONE',  ( 2.540294406025092044, -7.605455284486803080, 0.01000000000000000021 ) ) ;
#9240 = SURFACE_STYLE_USAGE ( .BOTH. , #12048 ) ;
#9241 =( NAMED_UNIT ( * ) PLANE_ANGLE_UNIT ( ) SI_UNIT ( $, .RADIAN. ) );
#9242 = CARTESIAN_POINT ( 'NONE',  ( 2.357159858225966964, -8.476617731327026561, 6.776263578034402713E-18 ) ) ;
#9243 = SURFACE_STYLE_USAGE ( .BOTH. , #10332 ) ;
#9244 = MECHANICAL_DESIGN_GEOMETRIC_PRESENTATION_REPRESENTATION (  '', ( #7827 ), #9441 ) ;
#9245 = MECHANICAL_DESIGN_GEOMETRIC_PRESENTATION_REPRESENTATION (  '', ( #7632 ), #4619 ) ;
#9246 = PLANE ( 'NONE',  #7462 ) ;
#9247 = COLOUR_RGB ( '',0.2235294117647058654, 0.2235294117647058654, 0.2235294117647058654 ) ;
#9248 = CARTESIAN_POINT ( 'NONE',  ( -0.3199999999999999512, -6.852871818038222429, 1.609999999999999432 ) ) ;
#9249 = STYLED_ITEM ( 'NONE', ( #11839 ), #11398 ) ;
#9250 = DIRECTION ( 'NONE',  ( -0.1710878697460358477, -0.9702875252478136980, 0.1710878697460358755 ) ) ;
#9251 = FACE_OUTER_BOUND ( 'NONE', #7639, .T. ) ;
#9252 = UNCERTAINTY_MEASURE_WITH_UNIT (LENGTH_MEASURE( 1.000000000000000082E-05 ), #3728, 'distance_accuracy_value', 'NONE');
#9253 = CYLINDRICAL_SURFACE ( 'NONE', #2381, 0.8796891741410518550 ) ;
#9254 = FACE_OUTER_BOUND ( 'NONE', #10358, .T. ) ;
#9255 = FILL_AREA_STYLE ('',( #10148 ) ) ;
#9256 = CARTESIAN_POINT ( 'NONE',  ( -0.2928734756097587377, -8.074647180484374687, 0.01000000000000000021 ) ) ;
#9257 =( NAMED_UNIT ( * ) PLANE_ANGLE_UNIT ( ) SI_UNIT ( $, .RADIAN. ) );
#9258 = VECTOR ( 'NONE', #11267, 1000.000000000000000 ) ;
#9259 =( LENGTH_UNIT ( ) NAMED_UNIT ( * ) SI_UNIT ( .MILLI., .METRE. ) );
#9260 = UNCERTAINTY_MEASURE_WITH_UNIT (LENGTH_MEASURE( 1.000000000000000082E-05 ), #195, 'distance_accuracy_value', 'NONE');
#9261 = EDGE_CURVE ( 'NONE', #11023, #11074, #8578, .T. ) ;
#9262 = EDGE_CURVE ( 'NONE', #2231, #3258, #11668, .T. ) ;
#9263 = EDGE_LOOP ( 'NONE', ( #12441, #6427, #290, #11319 ) ) ;
#9264 = AXIS2_PLACEMENT_3D ( 'NONE', #7687, #1027, #4085 ) ;
#9265 = LINE ( 'NONE', #5595, #11847 ) ;
#9266 = VECTOR ( 'NONE', #4141, 1000.000000000000000 ) ;
#9267 =( LENGTH_UNIT ( ) NAMED_UNIT ( * ) SI_UNIT ( .MILLI., .METRE. ) );
#9268 = CARTESIAN_POINT ( 'NONE',  ( 6.872499999999988951, -6.872500000000012932, 3.859999999999999876 ) ) ;
#9269 = VECTOR ( 'NONE', #5008, 1000.000000000000000 ) ;
#9270 = EDGE_CURVE ( 'NONE', #6097, #4924, #9740, .T. ) ;
#9271 = SURFACE_STYLE_FILL_AREA ( #5353 ) ;
#9272 = ORIENTED_EDGE ( 'NONE', *, *, #8952, .T. ) ;
#9273 = ORIENTED_EDGE ( 'NONE', *, *, #2132, .F. ) ;
#9274 =( NAMED_UNIT ( * ) SI_UNIT ( $, .STERADIAN. ) SOLID_ANGLE_UNIT ( ) );
#9275 = UNCERTAINTY_MEASURE_WITH_UNIT (LENGTH_MEASURE( 1.000000000000000082E-05 ), #7911, 'distance_accuracy_value', 'NONE');
#9276 = DIRECTION ( 'NONE',  ( -0.000000000000000000, -0.000000000000000000, 1.000000000000000000 ) ) ;
#9277 = CARTESIAN_POINT ( 'NONE',  ( 0.7098576811665019415, -8.430681899491345277, 6.776263578034402713E-18 ) ) ;
#9278 = DIRECTION ( 'NONE',  ( 0.000000000000000000, -1.000000000000000000, -1.445602896647339311E-15 ) ) ;
#9279 = LINE ( 'NONE', #7047, #56 ) ;
#9280 = VECTOR ( 'NONE', #2242, 999.9999999999998863 ) ;
#9281 = CARTESIAN_POINT ( 'NONE',  ( 0.3914394252387038975, -8.008225662209367712, 0.01000000000000000021 ) ) ;
#9282 = EDGE_LOOP ( 'NONE', ( #675, #1845, #8163, #5797 ) ) ;
#9283 =( NAMED_UNIT ( * ) PLANE_ANGLE_UNIT ( ) SI_UNIT ( $, .RADIAN. ) );
#9284 = STYLED_ITEM ( 'NONE', ( #237 ), #856 ) ;
#9285 = ORIENTED_EDGE ( 'NONE', *, *, #3939, .F. ) ;
#9286 = VECTOR ( 'NONE', #415, 1000.000000000000000 ) ;
#9287 = ADVANCED_FACE ( 'NONE', ( #7662 ), #1997, .T. ) ;
#9288 = DIRECTION ( 'NONE',  ( 1.000000000000000000, 3.938574995911015039E-16, -0.000000000000000000 ) ) ;
#9289 = ORIENTED_EDGE ( 'NONE', *, *, #4251, .T. ) ;
#9290 = B_SPLINE_SURFACE_WITH_KNOTS ( 'NONE', 3, 1, ( 
 ( #7777, #7113 ),
 ( #10967, #4871 ),
 ( #191, #4056 ),
 ( #11731, #6740 ),
 ( #3244, #10613 ),
 ( #3305, #10040 ),
 ( #5224, #10677 ) ),
 .UNSPECIFIED., .F., .F., .F.,
 ( 4, 1, 1, 1, 4 ),
 ( 2, 2 ),
 ( 0.000000000000000000, 0.1744817153170497570, 0.3982857591281127596, 0.6738978473986663165, 1.000000000000000000 ),
 ( 0.000000000000000000, 1.000000000000000000 ),
 .UNSPECIFIED. ) ;
#9291 = VERTEX_POINT ( 'NONE', #5636 ) ;
#9292 = ORIENTED_EDGE ( 'NONE', *, *, #6005, .F. ) ;
#9293 = LINE ( 'NONE', #10310, #6927 ) ;
#9294 =( LENGTH_UNIT ( ) NAMED_UNIT ( * ) SI_UNIT ( .MILLI., .METRE. ) );
#9295 = FILL_AREA_STYLE_COLOUR ( '', #10667 ) ;
#9296 = LINE ( 'NONE', #2555, #9308 ) ;
#9297 = ORIENTED_EDGE ( 'NONE', *, *, #11560, .T. ) ;
#9298 = CARTESIAN_POINT ( 'NONE',  ( 2.521568573112371148, -8.341527219023635809, 6.776263578034402713E-18 ) ) ;
#9299 = PLANE ( 'NONE',  #12435 ) ;
#9300 = FILL_AREA_STYLE ('',( #1624 ) ) ;
#9301 = VERTEX_POINT ( 'NONE', #3919 ) ;
#9302 = ORIENTED_EDGE ( 'NONE', *, *, #5705, .T. ) ;
#9303 = MECHANICAL_DESIGN_GEOMETRIC_PRESENTATION_REPRESENTATION (  '', ( #10312 ), #8667 ) ;
#9304 = ADVANCED_FACE ( 'NONE', ( #4931 ), #5695, .F. ) ;
#9305 = CARTESIAN_POINT ( 'NONE',  ( 5.224999999999988098, -3.614999999999999769, -0.09862792926813598871 ) ) ;
#9306 = DIRECTION ( 'NONE',  ( 0.000000000000000000, -0.000000000000000000, 1.000000000000000000 ) ) ;
#9307 = ORIENTED_EDGE ( 'NONE', *, *, #8574, .F. ) ;
#9308 = VECTOR ( 'NONE', #10314, 1000.000000000000000 ) ;
#9309 = CARTESIAN_POINT ( 'NONE',  ( 2.369685032596215102, -7.562743394619133142, 6.776263578034402713E-18 ) ) ;
#9310 = FACE_OUTER_BOUND ( 'NONE', #8300, .T. ) ;
#9311 = DIRECTION ( 'NONE',  ( 1.371322905910519660E-16, -1.000000000000000000, -0.000000000000000000 ) ) ;
#9312 = CARTESIAN_POINT ( 'NONE',  ( 2.448410314753104000, -8.475941918624160465, 0.000000000000000000 ) ) ;
#9313 = SURFACE_STYLE_USAGE ( .BOTH. , #5468 ) ;
#9314 = VECTOR ( 'NONE', #8923, 1000.000000000000000 ) ;
#9315 = FACE_OUTER_BOUND ( 'NONE', #8315, .T. ) ;
#9316 = CARTESIAN_POINT ( 'NONE',  ( 0.4734588075882187885, -8.249589927441881798, 0.000000000000000000 ) ) ;
#9317 = PRESENTATION_LAYER_ASSIGNMENT (  '', '', ( #1625 ) ) ;
#9318 = PLANE ( 'NONE',  #6624 ) ;
#9319 = VECTOR ( 'NONE', #2131, 1000.000000000000000 ) ;
#9320 = FACE_OUTER_BOUND ( 'NONE', #1687, .T. ) ;
#9321 = PRESENTATION_STYLE_ASSIGNMENT (( #8350 ) ) ;
#9322 = STYLED_ITEM ( 'NONE', ( #9515 ), #9971 ) ;
#9323 = DIRECTION ( 'NONE',  ( 0.000000000000000000, -1.000000000000000000, 0.000000000000000000 ) ) ;
#9324 = LINE ( 'NONE', #8352, #3614 ) ;
#9325 = CARTESIAN_POINT ( 'NONE',  ( -4.625000000000000888, -3.615000000000001101, -0.2000000000000000944 ) ) ;
#9326 = AXIS2_PLACEMENT_3D ( 'NONE', #11056, #4376, #6257 ) ;
#9327 = VERTEX_POINT ( 'NONE', #7060 ) ;
#9328 = SURFACE_STYLE_FILL_AREA ( #834 ) ;
#9329 = ORIENTED_EDGE ( 'NONE', *, *, #1374, .T. ) ;
#9330 = ADVANCED_FACE ( 'NONE', ( #8142 ), #10803, .T. ) ;
#9331 = CARTESIAN_POINT ( 'NONE',  ( 0.6282669071798150373, -8.250412890870833849, 6.776263578034402713E-18 ) ) ;
#9332 = PRESENTATION_STYLE_ASSIGNMENT (( #10348 ) ) ;
#9333 = LINE ( 'NONE', #6294, #5178 ) ;
#9334 = CARTESIAN_POINT ( 'NONE',  ( 4.825000000000001066, -0.4700000000000008060, 3.259999999999999787 ) ) ;
#9335 = ORIENTED_EDGE ( 'NONE', *, *, #7170, .T. ) ;
#9336 = EDGE_CURVE ( 'NONE', #7277, #3858, #9032, .T. ) ;
#9337 = AXIS2_PLACEMENT_3D ( 'NONE', #4596, #11320, #3693 ) ;
#9338 = EDGE_CURVE ( 'NONE', #8222, #12086, #2308, .T. ) ;
#9339 = ORIENTED_EDGE ( 'NONE', *, *, #10631, .T. ) ;
#9340 = CARTESIAN_POINT ( 'NONE',  ( 5.524999999999986144, -2.170000000000001705, -0.01000000000000000021 ) ) ;
#9341 = FILL_AREA_STYLE ('',( #8555 ) ) ;
#9342 =( NAMED_UNIT ( * ) SI_UNIT ( $, .STERADIAN. ) SOLID_ANGLE_UNIT ( ) );
#9343 = ORIENTED_EDGE ( 'NONE', *, *, #3282, .F. ) ;
#9344 = ORIENTED_EDGE ( 'NONE', *, *, #10047, .T. ) ;
#9345 = EDGE_CURVE ( 'NONE', #505, #10646, #8906, .T. ) ;
#9346 =( NAMED_UNIT ( * ) PLANE_ANGLE_UNIT ( ) SI_UNIT ( $, .RADIAN. ) );
#9347 = VECTOR ( 'NONE', #12061, 1000.000000000000000 ) ;
#9348 = EDGE_LOOP ( 'NONE', ( #7287, #10213, #10619, #9184 ) ) ;
#9349 = CARTESIAN_POINT ( 'NONE',  ( 2.000000000000000888, -7.419999999999999929, 0.000000000000000000 ) ) ;
#9350 = EDGE_CURVE ( 'NONE', #7721, #117, #6187, .T. ) ;
#9351 = EDGE_LOOP ( 'NONE', ( #7090, #7396, #2940, #12093 ) ) ;
#9352 = DIRECTION ( 'NONE',  ( -0.000000000000000000, -7.478108553735038078E-16, 1.000000000000000000 ) ) ;
#9353 = EDGE_CURVE ( 'NONE', #3780, #596, #5943, .T. ) ;
#9354 = EDGE_CURVE ( 'NONE', #1660, #2906, #4993, .T. ) ;
#9355 = CARTESIAN_POINT ( 'NONE',  ( 2.680000000000000160, 0.3200000000000001732, 0.3554264934286703870 ) ) ;
#9356 = STYLED_ITEM ( 'NONE', ( #10167 ), #1731 ) ;
#9357 = COLOUR_RGB ( '',0.2235294117647058654, 0.2235294117647058654, 0.2235294117647058654 ) ;
#9358 = ORIENTED_EDGE ( 'NONE', *, *, #9809, .T. ) ;
#9359 = COLOUR_RGB ( '',0.6470588235294117974, 0.6196078431372549211, 0.5882352941176470784 ) ;
#9360 = CARTESIAN_POINT ( 'NONE',  ( -2.626372070731854524, -4.885000000000001563, -0.4999999999999995559 ) ) ;
#9361 = COLOUR_RGB ( '',0.2235294117647058654, 0.2235294117647058654, 0.2235294117647058654 ) ;
#9362 = CARTESIAN_POINT ( 'NONE',  ( 1.439024390243899720, -8.013671570728277516, 0.000000000000000000 ) ) ;
#9363 = FILL_AREA_STYLE_COLOUR ( '', #5915 ) ;
#9364 = ORIENTED_EDGE ( 'NONE', *, *, #4483, .F. ) ;
#9365 = DIRECTION ( 'NONE',  ( -0.000000000000000000, -0.000000000000000000, -1.000000000000000000 ) ) ;
#9366 = FACE_OUTER_BOUND ( 'NONE', #7041, .T. ) ;
#9367 = DIRECTION ( 'NONE',  ( 0.000000000000000000, 0.000000000000000000, -1.000000000000000000 ) ) ;
#9368 = CIRCLE ( 'NONE', #6713, 0.2396891741410518972 ) ;
#9369 = DIRECTION ( 'NONE',  ( -1.000000000000000000, -1.596371296911168195E-16, 0.000000000000000000 ) ) ;
#9370 = CARTESIAN_POINT ( 'NONE',  ( 0.6591692083714970618, -7.647360677131874951, 0.01000000000000000021 ) ) ;
#9371 = CARTESIAN_POINT ( 'NONE',  ( 2.848835811492975267, -8.138144862863573081, 0.000000000000000000 ) ) ;
#9372 = EDGE_CURVE ( 'NONE', #1844, #10896, #8969, .T. ) ;
#9373 = CARTESIAN_POINT ( 'NONE',  ( 2.499999999999996891, -6.337221664167198121, 4.329459271066772530 ) ) ;
#9374 = VECTOR ( 'NONE', #8035, 1000.000000000000000 ) ;
#9375 = CARTESIAN_POINT ( 'NONE',  ( 0.6629005727039893880, -8.411044711878288282, 0.000000000000000000 ) ) ;
#9376 = DIRECTION ( 'NONE',  ( 2.742645811821039321E-16, -1.000000000000000000, -0.000000000000000000 ) ) ;
#9377 = DIRECTION ( 'NONE',  ( -1.000000000000000000, 0.000000000000000000, 0.000000000000000000 ) ) ;
#9378 = FILL_AREA_STYLE ('',( #11761 ) ) ;
#9379 = FILL_AREA_STYLE ('',( #11557 ) ) ;
#9380 = CARTESIAN_POINT ( 'NONE',  ( -0.8500000000000000888, 1.029999999999998472, 3.859999999999999876 ) ) ;
#9381 = EDGE_CURVE ( 'NONE', #6289, #4296, #3201, .T. ) ;
#9382 = CARTESIAN_POINT ( 'NONE',  ( -0.1236661585365880223, -7.586842302435594654, 0.000000000000000000 ) ) ;
#9383 = ORIENTED_EDGE ( 'NONE', *, *, #3093, .F. ) ;
#9384 = VERTEX_POINT ( 'NONE', #8319 ) ;
#9385 = DIRECTION ( 'NONE',  ( -0.000000000000000000, 0.000000000000000000, 1.000000000000000000 ) ) ;
#9386 = UNCERTAINTY_MEASURE_WITH_UNIT (LENGTH_MEASURE( 1.000000000000000082E-05 ), #6696, 'distance_accuracy_value', 'NONE');
#9387 = FACE_OUTER_BOUND ( 'NONE', #12215, .T. ) ;
#9388 = CARTESIAN_POINT ( 'NONE',  ( 0.9039491995211077491, -8.354809276445639199, 0.01000000000000000021 ) ) ;
#9389 = CARTESIAN_POINT ( 'NONE',  ( 2.680000000000000160, -1.420000000000001039, 1.609999999999999432 ) ) ;
#9390 = LINE ( 'NONE', #11271, #921 ) ;
#9391 =( LENGTH_UNIT ( ) NAMED_UNIT ( * ) SI_UNIT ( .MILLI., .METRE. ) );
#9392 = VECTOR ( 'NONE', #9596, 1000.000000000000000 ) ;
#9393 = ORIENTED_EDGE ( 'NONE', *, *, #6761, .F. ) ;
#9394 = COLOUR_RGB ( '',0.6470588235294117974, 0.6196078431372549211, 0.5882352941176470784 ) ;
#9395 =( NAMED_UNIT ( * ) SI_UNIT ( $, .STERADIAN. ) SOLID_ANGLE_UNIT ( ) );
#9396 = ORIENTED_EDGE ( 'NONE', *, *, #4568, .F. ) ;
#9397 = SURFACE_STYLE_USAGE ( .BOTH. , #5556 ) ;
#9398 = CARTESIAN_POINT ( 'NONE',  ( 2.293703735666710486, -7.566168156172169645, 6.776263578034402713E-18 ) ) ;
#9399 = SURFACE_STYLE_USAGE ( .BOTH. , #11218 ) ;
#9400 = CIRCLE ( 'NONE', #11001, 0.8554264934286703870 ) ;
#9401 = ORIENTED_EDGE ( 'NONE', *, *, #9831, .T. ) ;
#9402 = ORIENTED_EDGE ( 'NONE', *, *, #11030, .T. ) ;
#9403 = UNCERTAINTY_MEASURE_WITH_UNIT (LENGTH_MEASURE( 1.000000000000000082E-05 ), #9840, 'distance_accuracy_value', 'NONE');
#9404 = VERTEX_POINT ( 'NONE', #2552 ) ;
#9405 = FILL_AREA_STYLE_COLOUR ( '', #3646 ) ;
#9406 = EDGE_LOOP ( 'NONE', ( #2669, #7805, #1290, #5136 ) ) ;
#9407 = CARTESIAN_POINT ( 'NONE',  ( 0.6891662028234573079, -7.627778906980427820, 6.776263578034402713E-18 ) ) ;
#9408 = VECTOR ( 'NONE', #9538, 1000.000000000000000 ) ;
#9409 = PRESENTATION_STYLE_ASSIGNMENT (( #7766 ) ) ;
#9410 = VECTOR ( 'NONE', #8775, 1000.000000000000000 ) ;
#9411 = ORIENTED_EDGE ( 'NONE', *, *, #8405, .T. ) ;
#9412 = VECTOR ( 'NONE', #5014, 1000.000000000000000 ) ;
#9413 = EDGE_CURVE ( 'NONE', #7108, #11129, #1618, .T. ) ;
#9414 = ADVANCED_FACE ( 'NONE', ( #5378 ), #8266, .F. ) ;
#9415 = ORIENTED_EDGE ( 'NONE', *, *, #2438, .F. ) ;
#9416 = FILL_AREA_STYLE ('',( #7397 ) ) ;
#9417 = FILL_AREA_STYLE ('',( #3398 ) ) ;
#9418 = ORIENTED_EDGE ( 'NONE', *, *, #2583, .F. ) ;
#9419 = EDGE_CURVE ( 'NONE', #6615, #9327, #11045, .T. ) ;
#9420 = ORIENTED_EDGE ( 'NONE', *, *, #2037, .F. ) ;
#9421 = SURFACE_STYLE_FILL_AREA ( #3530 ) ;
#9422 =( LENGTH_UNIT ( ) NAMED_UNIT ( * ) SI_UNIT ( .MILLI., .METRE. ) );
#9423 = FILL_AREA_STYLE_COLOUR ( '', #3360 ) ;
#9424 = SURFACE_STYLE_USAGE ( .BOTH. , #7714 ) ;
#9425 = FACE_OUTER_BOUND ( 'NONE', #9700, .T. ) ;
#9426 = CARTESIAN_POINT ( 'NONE',  ( 2.865853658536582582, -7.983755412191692713, 0.000000000000000000 ) ) ;
#9427 =( GEOMETRIC_REPRESENTATION_CONTEXT ( 3 ) GLOBAL_UNCERTAINTY_ASSIGNED_CONTEXT ( ( #10152 ) ) GLOBAL_UNIT_ASSIGNED_CONTEXT ( ( #2453, #6267, #2392 ) ) REPRESENTATION_CONTEXT ( 'NONE', 'WORKASPACE' ) );
#9428 = STYLED_ITEM ( 'NONE', ( #5587 ), #7972 ) ;
#9429 = EDGE_CURVE ( 'NONE', #11841, #11115, #5445, .T. ) ;
#9430 =( LENGTH_UNIT ( ) NAMED_UNIT ( * ) SI_UNIT ( .MILLI., .METRE. ) );
#9431 = FILL_AREA_STYLE ('',( #2896 ) ) ;
#9432 = DIRECTION ( 'NONE',  ( -0.000000000000000000, -0.000000000000000000, 1.000000000000000000 ) ) ;
#9433 = FACE_OUTER_BOUND ( 'NONE', #1423, .T. ) ;
#9434 = COLOUR_RGB ( '',0.2235294117647058654, 0.2235294117647058654, 0.2235294117647058654 ) ;
#9435 = DIRECTION ( 'NONE',  ( 1.000000000000000000, 0.000000000000000000, 0.000000000000000000 ) ) ;
#9436 = CARTESIAN_POINT ( 'NONE',  ( 5.574999999999998401, 1.029999999999999138, 2.529999999999999361 ) ) ;
#9437 = DIRECTION ( 'NONE',  ( 1.371322905910519414E-16, -1.000000000000000000, 0.000000000000000000 ) ) ;
#9438 = STYLED_ITEM ( 'NONE', ( #8568 ), #6168 ) ;
#9439 = FACE_OUTER_BOUND ( 'NONE', #7129, .T. ) ;
#9440 = DIRECTION ( 'NONE',  ( 1.371322905910519660E-16, -1.000000000000000000, 0.000000000000000000 ) ) ;
#9441 =( GEOMETRIC_REPRESENTATION_CONTEXT ( 3 ) GLOBAL_UNCERTAINTY_ASSIGNED_CONTEXT ( ( #3294 ) ) GLOBAL_UNIT_ASSIGNED_CONTEXT ( ( #5514, #3596, #8328 ) ) REPRESENTATION_CONTEXT ( 'NONE', 'WORKASPACE' ) );
#9442 = CARTESIAN_POINT ( 'NONE',  ( 2.794929607997452159, -8.268991940770705540, 0.01000000000000000021 ) ) ;
#9443 = EDGE_CURVE ( 'NONE', #550, #10410, #9293, .T. ) ;
#9444 = EDGE_LOOP ( 'NONE', ( #9009, #2934, #651, #11281 ) ) ;
#9445 = FILL_AREA_STYLE ('',( #652 ) ) ;
#9446 = EDGE_LOOP ( 'NONE', ( #4862, #3581, #9151, #2893 ) ) ;
#9447 = LINE ( 'NONE', #958, #11850 ) ;
#9448 = CIRCLE ( 'NONE', #569, 0.5000000000000001110 ) ;
#9449 = PRESENTATION_LAYER_ASSIGNMENT (  '', '', ( #7219 ) ) ;
#9450 = CARTESIAN_POINT ( 'NONE',  ( 1.899999999999995692, -0.4700000000000013611, -3.268167122245536387E-16 ) ) ;
#9451 = CARTESIAN_POINT ( 'NONE',  ( 0.7184749468784868975, -8.314629369271816728, 6.776263578034402713E-18 ) ) ;
#9452 = DIRECTION ( 'NONE',  ( -1.000000000000000000, 0.000000000000000000, -0.000000000000000000 ) ) ;
#9453 = FILL_AREA_STYLE_COLOUR ( '', #8945 ) ;
#9454 = FACE_OUTER_BOUND ( 'NONE', #7009, .T. ) ;
#9455 =( GEOMETRIC_REPRESENTATION_CONTEXT ( 3 ) GLOBAL_UNCERTAINTY_ASSIGNED_CONTEXT ( ( #8653 ) ) GLOBAL_UNIT_ASSIGNED_CONTEXT ( ( #8958, #9019, #4169 ) ) REPRESENTATION_CONTEXT ( 'NONE', 'WORKASPACE' ) );
#9456 = ORIENTED_EDGE ( 'NONE', *, *, #3790, .T. ) ;
#9457 = VECTOR ( 'NONE', #5716, 1000.000000000000000 ) ;
#9458 = AXIS2_PLACEMENT_3D ( 'NONE', #9690, #3936, #11549 ) ;
#9459 = MECHANICAL_DESIGN_GEOMETRIC_PRESENTATION_REPRESENTATION (  '', ( #3807 ), #8438 ) ;
#9460 = ORIENTED_EDGE ( 'NONE', *, *, #1476, .T. ) ;
#9461 = FILL_AREA_STYLE ('',( #6540 ) ) ;
#9462 = CARTESIAN_POINT ( 'NONE',  ( -2.626372070731854524, -3.615000000000001101, -0.2000000000000001499 ) ) ;
#9463 = CARTESIAN_POINT ( 'NONE',  ( -2.626372070731854524, -4.885000000000001563, -0.1999999999999996503 ) ) ;
#9464 = ORIENTED_EDGE ( 'NONE', *, *, #11531, .F. ) ;
#9465 = STYLED_ITEM ( 'NONE', ( #9529 ), #1600 ) ;
#9466 = VERTEX_POINT ( 'NONE', #5508 ) ;
#9467 = COLOUR_RGB ( '',0.2235294117647058654, 0.2235294117647058654, 0.2235294117647058654 ) ;
#9468 = FILL_AREA_STYLE ('',( #7514 ) ) ;
#9469 = ORIENTED_EDGE ( 'NONE', *, *, #6005, .T. ) ;
#9470 =( NAMED_UNIT ( * ) SI_UNIT ( $, .STERADIAN. ) SOLID_ANGLE_UNIT ( ) );
#9471 = STYLED_ITEM ( 'NONE', ( #4959 ), #1145 ) ;
#9472 = PRESENTATION_LAYER_ASSIGNMENT (  '', '', ( #3617 ) ) ;
#9473 = DIRECTION ( 'NONE',  ( -1.000000000000000000, 0.000000000000000000, 0.000000000000000000 ) ) ;
#9474 = ORIENTED_EDGE ( 'NONE', *, *, #11172, .F. ) ;
#9475 = SURFACE_SIDE_STYLE ('',( #9533 ) ) ;
#9476 =( NAMED_UNIT ( * ) PLANE_ANGLE_UNIT ( ) SI_UNIT ( $, .RADIAN. ) );
#9477 = ORIENTED_EDGE ( 'NONE', *, *, #11018, .T. ) ;
#9478 = VECTOR ( 'NONE', #10783, 1000.000000000000000 ) ;
#9479 = ORIENTED_EDGE ( 'NONE', *, *, #10829, .F. ) ;
#9480 = VERTEX_POINT ( 'NONE', #11223 ) ;
#9481 = CARTESIAN_POINT ( 'NONE',  ( -1.825000000000004396, -0.4700000000000016387, 3.259999999999999787 ) ) ;
#9482 = LINE ( 'NONE', #9673, #2660 ) ;
#9483 = VERTEX_POINT ( 'NONE', #9349 ) ;
#9484 = DIRECTION ( 'NONE',  ( 1.516366674804901567E-16, 0.000000000000000000, 1.000000000000000000 ) ) ;
#9485 =( GEOMETRIC_REPRESENTATION_CONTEXT ( 3 ) GLOBAL_UNCERTAINTY_ASSIGNED_CONTEXT ( ( #10133 ) ) GLOBAL_UNIT_ASSIGNED_CONTEXT ( ( #1827, #4831, #7740 ) ) REPRESENTATION_CONTEXT ( 'NONE', 'WORKASPACE' ) );
#9486 = EDGE_CURVE ( 'NONE', #11452, #10655, #6370, .T. ) ;
#9487 = EDGE_CURVE ( 'NONE', #12337, #11115, #8197, .T. ) ;
#9488 =( LENGTH_UNIT ( ) NAMED_UNIT ( * ) SI_UNIT ( .MILLI., .METRE. ) );
#9489 = DIRECTION ( 'NONE',  ( 0.000000000000000000, -0.1736481776669307753, -0.9848077530122080203 ) ) ;
#9490 = FILL_AREA_STYLE_COLOUR ( '', #3041 ) ;
#9491 = DIRECTION ( 'NONE',  ( 1.000000000000000000, 0.000000000000000000, 0.000000000000000000 ) ) ;
#9492 = VECTOR ( 'NONE', #1613, 1000.000000000000000 ) ;
#9493 = EDGE_CURVE ( 'NONE', #1189, #7298, #10559, .T. ) ;
#9494 = PLANE ( 'NONE',  #9066 ) ;
#9495 = LINE ( 'NONE', #2766, #8609 ) ;
#9496 = DIRECTION ( 'NONE',  ( 0.9315776194850602376, -0.3635424856527064708, 0.000000000000000000 ) ) ;
#9497 = UNCERTAINTY_MEASURE_WITH_UNIT (LENGTH_MEASURE( 1.000000000000000082E-05 ), #8752, 'distance_accuracy_value', 'NONE');
#9498 = STYLED_ITEM ( 'NONE', ( #11878 ), #3871 ) ;
#9499 = PRESENTATION_STYLE_ASSIGNMENT (( #4883 ) ) ;
#9500 = SURFACE_STYLE_FILL_AREA ( #11488 ) ;
#9501 = EDGE_CURVE ( 'NONE', #4714, #5515, #11104, .T. ) ;
#9502 = CARTESIAN_POINT ( 'NONE',  ( 2.680000000000000160, -1.420000000000001039, 2.249999999999999556 ) ) ;
#9503 = CARTESIAN_POINT ( 'NONE',  ( 1.729999999999999316, -1.420000000000001039, 3.199999999999999734 ) ) ;
#9504 = CARTESIAN_POINT ( 'NONE',  ( 2.680000000000000160, 0.5354264934286706579, 0.1399999999999999301 ) ) ;
#9505 = VECTOR ( 'NONE', #9226, 1000.000000000000000 ) ;
#9506 = ADVANCED_FACE ( 'NONE', ( #11692 ), #5833, .T. ) ;
#9507 = PRESENTATION_LAYER_ASSIGNMENT (  '', '', ( #2225 ) ) ;
#9508 = CARTESIAN_POINT ( 'NONE',  ( 4.824999999999992184, -8.920000000000001705, 3.260000000000000231 ) ) ;
#9509 = EDGE_LOOP ( 'NONE', ( #11203, #10514, #12411, #7640 ) ) ;
#9510 =( GEOMETRIC_REPRESENTATION_CONTEXT ( 3 ) GLOBAL_UNCERTAINTY_ASSIGNED_CONTEXT ( ( #10929 ) ) GLOBAL_UNIT_ASSIGNED_CONTEXT ( ( #9391, #2019, #4951 ) ) REPRESENTATION_CONTEXT ( 'NONE', 'WORKASPACE' ) );
#9511 = VERTEX_POINT ( 'NONE', #7729 ) ;
#9512 = CARTESIAN_POINT ( 'NONE',  ( 3.463414634146338322, -8.464891082923399424, 0.01000000000000000021 ) ) ;
#9513 = UNCERTAINTY_MEASURE_WITH_UNIT (LENGTH_MEASURE( 1.000000000000000082E-05 ), #6728, 'distance_accuracy_value', 'NONE');
#9514 = DIRECTION ( 'NONE',  ( -0.9848077530122085754, -0.1736481776669276389, -0.000000000000000000 ) ) ;
#9515 = PRESENTATION_STYLE_ASSIGNMENT (( #7689 ) ) ;
#9516 = ORIENTED_EDGE ( 'NONE', *, *, #7644, .T. ) ;
#9517 = EDGE_CURVE ( 'NONE', #7593, #4415, #11550, .T. ) ;
#9518 = PLANE ( 'NONE',  #8442 ) ;
#9519 = COLOUR_RGB ( '',0.2235294117647058654, 0.2235294117647058654, 0.2235294117647058654 ) ;
#9520 = ORIENTED_EDGE ( 'NONE', *, *, #670, .T. ) ;
#9521 = CARTESIAN_POINT ( 'NONE',  ( 2.263368450326486148, -7.570984766884983230, 6.776263578034402713E-18 ) ) ;
#9522 = SURFACE_STYLE_USAGE ( .BOTH. , #7756 ) ;
#9523 = ORIENTED_EDGE ( 'NONE', *, *, #9034, .T. ) ;
#9524 = ORIENTED_EDGE ( 'NONE', *, *, #1651, .T. ) ;
#9525 = DIRECTION ( 'NONE',  ( 0.000000000000000000, -0.000000000000000000, -1.000000000000000000 ) ) ;
#9526 = UNCERTAINTY_MEASURE_WITH_UNIT (LENGTH_MEASURE( 1.000000000000000082E-05 ), #8415, 'distance_accuracy_value', 'NONE');
#9527 = ORIENTED_EDGE ( 'NONE', *, *, #2348, .F. ) ;
#9528 = SURFACE_STYLE_USAGE ( .BOTH. , #8320 ) ;
#9529 = PRESENTATION_STYLE_ASSIGNMENT (( #4618 ) ) ;
#9530 = PRESENTATION_LAYER_ASSIGNMENT (  '', '', ( #10941 ) ) ;
#9531 = DIRECTION ( 'NONE',  ( 1.000000000000000000, 1.596371296911168195E-16, -5.321237656370561062E-17 ) ) ;
#9532 = VERTEX_POINT ( 'NONE', #12368 ) ;
#9533 = SURFACE_STYLE_FILL_AREA ( #8385 ) ;
#9534 = PLANE ( 'NONE',  #1953 ) ;
#9535 = ORIENTED_EDGE ( 'NONE', *, *, #12482, .T. ) ;
#9536 = LINE ( 'NONE', #1054, #9392 ) ;
#9537 =( GEOMETRIC_REPRESENTATION_CONTEXT ( 3 ) GLOBAL_UNCERTAINTY_ASSIGNED_CONTEXT ( ( #7669 ) ) GLOBAL_UNIT_ASSIGNED_CONTEXT ( ( #3669, #2565, #5320 ) ) REPRESENTATION_CONTEXT ( 'NONE', 'WORKASPACE' ) );
#9538 = DIRECTION ( 'NONE',  ( 1.000000000000000000, 0.000000000000000000, -0.000000000000000000 ) ) ;
#9539 = SURFACE_STYLE_USAGE ( .BOTH. , #8517 ) ;
#9540 = VERTEX_POINT ( 'NONE', #5654 ) ;
#9541 =( NAMED_UNIT ( * ) SI_UNIT ( $, .STERADIAN. ) SOLID_ANGLE_UNIT ( ) );
#9542 = FILL_AREA_STYLE ('',( #119 ) ) ;
#9543 = ORIENTED_EDGE ( 'NONE', *, *, #5952, .F. ) ;
#9544 = DIRECTION ( 'NONE',  ( 0.000000000000000000, 0.000000000000000000, -1.000000000000000000 ) ) ;
#9545 = SURFACE_STYLE_FILL_AREA ( #2632 ) ;
#9546 = CARTESIAN_POINT ( 'NONE',  ( -8.577962312940892176, -6.170000000000001705, 0.9299999999999994937 ) ) ;
#9547 = DIRECTION ( 'NONE',  ( -0.1710878697460358477, -0.9702875252478136980, 0.1710878697460358755 ) ) ;
#9548 = FILL_AREA_STYLE_COLOUR ( '', #12114 ) ;
#9549 = VECTOR ( 'NONE', #10190, 1000.000000000000000 ) ;
#9550 = DIRECTION ( 'NONE',  ( -0.000000000000000000, 0.000000000000000000, 1.000000000000000000 ) ) ;
#9551 = ORIENTED_EDGE ( 'NONE', *, *, #977, .F. ) ;
#9552 = MECHANICAL_DESIGN_GEOMETRIC_PRESENTATION_REPRESENTATION (  '', ( #10763 ), #665 ) ;
#9553 = DIRECTION ( 'NONE',  ( 3.938574995911015039E-16, -1.000000000000000000, -0.000000000000000000 ) ) ;
#9554 =( GEOMETRIC_REPRESENTATION_CONTEXT ( 3 ) GLOBAL_UNCERTAINTY_ASSIGNED_CONTEXT ( ( #2525 ) ) GLOBAL_UNIT_ASSIGNED_CONTEXT ( ( #3335, #9174, #5462 ) ) REPRESENTATION_CONTEXT ( 'NONE', 'WORKASPACE' ) );
#9555 = CARTESIAN_POINT ( 'NONE',  ( 2.857790657095704123, -7.870546591136175607, 0.01000000000000000021 ) ) ;
#9556 = EDGE_CURVE ( 'NONE', #7108, #2662, #11306, .T. ) ;
#9557 = DIRECTION ( 'NONE',  ( -1.000000000000000000, -3.252606517456513302E-16, 0.000000000000000000 ) ) ;
#9558 = DIRECTION ( 'NONE',  ( -1.371322905910519414E-16, 1.000000000000000000, -0.000000000000000000 ) ) ;
#9559 = PRESENTATION_LAYER_ASSIGNMENT (  '', '', ( #2468 ) ) ;
#9560 = CARTESIAN_POINT ( 'NONE',  ( 3.220000000000000195, -7.420000000000000817, 1.709999999999999298 ) ) ;
#9561 =( NAMED_UNIT ( * ) SI_UNIT ( $, .STERADIAN. ) SOLID_ANGLE_UNIT ( ) );
#9562 = DIRECTION ( 'NONE',  ( -1.000000000000000000, 0.000000000000000000, 0.000000000000000000 ) ) ;
#9563 =( NAMED_UNIT ( * ) SI_UNIT ( $, .STERADIAN. ) SOLID_ANGLE_UNIT ( ) );
#9564 =( GEOMETRIC_REPRESENTATION_CONTEXT ( 3 ) GLOBAL_UNCERTAINTY_ASSIGNED_CONTEXT ( ( #4465 ) ) GLOBAL_UNIT_ASSIGNED_CONTEXT ( ( #9654, #4853, #2042 ) ) REPRESENTATION_CONTEXT ( 'NONE', 'WORKASPACE' ) );
#9565 = FILL_AREA_STYLE_COLOUR ( '', #10668 ) ;
#9566 = EDGE_CURVE ( 'NONE', #2717, #6855, #3681, .T. ) ;
#9567 = EDGE_CURVE ( 'NONE', #11276, #9540, #6642, .T. ) ;
#9568 = LINE ( 'NONE', #6840, #7860 ) ;
#9569 = ORIENTED_EDGE ( 'NONE', *, *, #907, .F. ) ;
#9570 = DIRECTION ( 'NONE',  ( 0.000000000000000000, -2.297038501028610091E-17, -1.000000000000000000 ) ) ;
#9571 = VERTEX_POINT ( 'NONE', #10503 ) ;
#9572 =( LENGTH_UNIT ( ) NAMED_UNIT ( * ) SI_UNIT ( .MILLI., .METRE. ) );
#9573 = EDGE_CURVE ( 'NONE', #4245, #10239, #7545, .T. ) ;
#9574 = SURFACE_STYLE_USAGE ( .BOTH. , #8611 ) ;
#9575 = FILL_AREA_STYLE ('',( #5912 ) ) ;
#9576 = PLANE ( 'NONE',  #336 ) ;
#9577 = PLANE ( 'NONE',  #8528 ) ;
#9578 = ORIENTED_EDGE ( 'NONE', *, *, #4864, .T. ) ;
#9579 = ORIENTED_EDGE ( 'NONE', *, *, #8774, .T. ) ;
#9580 = DIRECTION ( 'NONE',  ( -1.000000000000000000, -0.000000000000000000, -0.000000000000000000 ) ) ;
#9581 = CARTESIAN_POINT ( 'NONE',  ( 2.731707317073167829, -7.975561814630715674, 0.000000000000000000 ) ) ;
#9582 = CARTESIAN_POINT ( 'NONE',  ( 5.524999999999991473, 0.000000000000000000, 0.000000000000000000 ) ) ;
#9583 = ORIENTED_EDGE ( 'NONE', *, *, #3023, .F. ) ;
#9584 = VERTEX_POINT ( 'NONE', #825 ) ;
#9585 = FILL_AREA_STYLE ('',( #1846 ) ) ;
#9586 = EDGE_CURVE ( 'NONE', #1421, #2906, #9368, .T. ) ;
#9587 = AXIS2_PLACEMENT_3D ( 'NONE', #8071, #11908, #303 ) ;
#9588 = ORIENTED_EDGE ( 'NONE', *, *, #7490, .T. ) ;
#9589 = VECTOR ( 'NONE', #1358, 1000.000000000000000 ) ;
#9590 = CARTESIAN_POINT ( 'NONE',  ( 1.249999999999996225, -0.9700000000000014166, 3.360000000000000320 ) ) ;
#9591 = SURFACE_SIDE_STYLE ('',( #6666 ) ) ;
#9592 =( LENGTH_UNIT ( ) NAMED_UNIT ( * ) SI_UNIT ( .MILLI., .METRE. ) );
#9593 = SURFACE_SIDE_STYLE ('',( #2932 ) ) ;
#9594 = MECHANICAL_DESIGN_GEOMETRIC_PRESENTATION_REPRESENTATION (  '', ( #6556 ), #1695 ) ;
#9595 = ORIENTED_EDGE ( 'NONE', *, *, #6732, .T. ) ;
#9596 = DIRECTION ( 'NONE',  ( 9.098200048829411865E-16, -0.000000000000000000, -1.000000000000000000 ) ) ;
#9597 = VECTOR ( 'NONE', #3291, 1000.000000000000000 ) ;
#9598 = CARTESIAN_POINT ( 'NONE',  ( 5.626372070731853192, -3.614999999999999769, -0.2000000000000014544 ) ) ;
#9599 = PRESENTATION_STYLE_ASSIGNMENT (( #9539 ) ) ;
#9600 = EDGE_LOOP ( 'NONE', ( #6841, #4179, #10830, #11293 ) ) ;
#9601 = LINE ( 'NONE', #5814, #11345 ) ;
#9602 = ORIENTED_EDGE ( 'NONE', *, *, #1683, .F. ) ;
#9603 = PRESENTATION_STYLE_ASSIGNMENT (( #54 ) ) ;
#9604 = LINE ( 'NONE', #8123, #11193 ) ;
#9605 = AXIS2_PLACEMENT_3D ( 'NONE', #3869, #128, #10687 ) ;
#9606 = VECTOR ( 'NONE', #9622, 1000.000000000000000 ) ;
#9607 = FACE_OUTER_BOUND ( 'NONE', #11707, .T. ) ;
#9608 =( LENGTH_UNIT ( ) NAMED_UNIT ( * ) SI_UNIT ( .MILLI., .METRE. ) );
#9609 = VECTOR ( 'NONE', #2145, 1000.000000000000000 ) ;
#9610 = PLANE ( 'NONE',  #3664 ) ;
#9611 = FILL_AREA_STYLE ('',( #10683 ) ) ;
#9612 = VERTEX_POINT ( 'NONE', #8660 ) ;
#9613 = VECTOR ( 'NONE', #1930, 1000.000000000000000 ) ;
#9614 = LINE ( 'NONE', #9686, #4599 ) ;
#9615 = CARTESIAN_POINT ( 'NONE',  ( -3.325000000000000178, -0.9700000000000019718, 1.329999999999998739 ) ) ;
#9616 = ORIENTED_EDGE ( 'NONE', *, *, #10349, .F. ) ;
#9617 = UNCERTAINTY_MEASURE_WITH_UNIT (LENGTH_MEASURE( 1.000000000000000082E-05 ), #7641, 'distance_accuracy_value', 'NONE');
#9618 = SURFACE_STYLE_USAGE ( .BOTH. , #7010 ) ;
#9619 = SURFACE_STYLE_FILL_AREA ( #9431 ) ;
#9620 = DIRECTION ( 'NONE',  ( -0.000000000000000000, -0.000000000000000000, -1.000000000000000000 ) ) ;
#9621 = FACE_OUTER_BOUND ( 'NONE', #11421, .T. ) ;
#9622 = DIRECTION ( 'NONE',  ( -1.000000000000000000, -0.000000000000000000, -0.000000000000000000 ) ) ;
#9623 = DIRECTION ( 'NONE',  ( 0.000000000000000000, 0.000000000000000000, -1.000000000000000000 ) ) ;
#9624 = FILL_AREA_STYLE_COLOUR ( '', #4723 ) ;
#9625 = CARTESIAN_POINT ( 'NONE',  ( 1.749999999999996225, -0.9700000000000014166, 3.360000000000000320 ) ) ;
#9626 = COLOUR_RGB ( '',0.6470588235294117974, 0.6196078431372549211, 0.5882352941176470784 ) ;
#9627 = LINE ( 'NONE', #1826, #9457 ) ;
#9628 = FILL_AREA_STYLE_COLOUR ( '', #11463 ) ;
#9629 =( GEOMETRIC_REPRESENTATION_CONTEXT ( 3 ) GLOBAL_UNCERTAINTY_ASSIGNED_CONTEXT ( ( #2827 ) ) GLOBAL_UNIT_ASSIGNED_CONTEXT ( ( #12372, #11688, #7614 ) ) REPRESENTATION_CONTEXT ( 'NONE', 'WORKASPACE' ) );
#9630 = ORIENTED_EDGE ( 'NONE', *, *, #6207, .F. ) ;
#9631 = LINE ( 'NONE', #6649, #3883 ) ;
#9632 = EDGE_LOOP ( 'NONE', ( #9302, #8001, #4504, #3260, #9411, #7391, #6777, #9008, #9711, #2485, #8717, #7262, #11525, #12026, #2948, #10728, #3252, #3733, #4546 ) ) ;
#9633 =( NAMED_UNIT ( * ) SI_UNIT ( $, .STERADIAN. ) SOLID_ANGLE_UNIT ( ) );
#9634 = COLOUR_RGB ( '',0.6470588235294117974, 0.6196078431372549211, 0.5882352941176470784 ) ;
#9635 = UNCERTAINTY_MEASURE_WITH_UNIT (LENGTH_MEASURE( 1.000000000000000082E-05 ), #202, 'distance_accuracy_value', 'NONE');
#9636 = FILL_AREA_STYLE_COLOUR ( '', #8908 ) ;
#9637 = CARTESIAN_POINT ( 'NONE',  ( -3.325000000000000178, 0.4299999999999984390, 0.4999999999999995559 ) ) ;
#9638 = PRESENTATION_STYLE_ASSIGNMENT (( #10582 ) ) ;
#9639 =( LENGTH_UNIT ( ) NAMED_UNIT ( * ) SI_UNIT ( .MILLI., .METRE. ) );
#9640 = EDGE_CURVE ( 'NONE', #6049, #8139, #1941, .T. ) ;
#9641 = ORIENTED_EDGE ( 'NONE', *, *, #6465, .F. ) ;
#9642 = EDGE_CURVE ( 'NONE', #6365, #5377, #6519, .T. ) ;
#9643 = VERTEX_POINT ( 'NONE', #880 ) ;
#9644 = AXIS2_PLACEMENT_3D ( 'NONE', #9862, #10791, #109 ) ;
#9645 = ADVANCED_FACE ( 'NONE', ( #11363 ), #7676, .F. ) ;
#9646 = ORIENTED_EDGE ( 'NONE', *, *, #610, .T. ) ;
#9647 = ORIENTED_EDGE ( 'NONE', *, *, #591, .F. ) ;
#9648 = PRESENTATION_STYLE_ASSIGNMENT (( #6597 ) ) ;
#9649 = CARTESIAN_POINT ( 'NONE',  ( 2.680000000000000160, 1.862871818038229543, 0.1399999999999999301 ) ) ;
#9650 = B_SPLINE_CURVE_WITH_KNOTS ( 'NONE', 3,
 ( #2443, #2503, #7398, #3527, #4567, #8276, #1504, #690, #9170, #8394, #11118 ),
 .UNSPECIFIED., .F., .F.,
 ( 4, 1, 1, 1, 1, 1, 1, 1, 4 ),
 ( 0.000000000000000000, 0.1451868664724694780, 0.2834426109197299426, 0.4165243659288295208, 0.5431811235350837430, 0.6651530826377130001, 0.7813602063127150776, 0.8927566556418088384, 1.000000000000000000 ),
 .UNSPECIFIED. ) ;
#9651 = VERTEX_POINT ( 'NONE', #11745 ) ;
#9652 = ORIENTED_EDGE ( 'NONE', *, *, #12229, .T. ) ;
#9653 = EDGE_LOOP ( 'NONE', ( #10132, #12102, #3494, #9092 ) ) ;
#9654 =( LENGTH_UNIT ( ) NAMED_UNIT ( * ) SI_UNIT ( .MILLI., .METRE. ) );
#9655 = SURFACE_STYLE_FILL_AREA ( #5799 ) ;
#9656 = AXIS2_PLACEMENT_3D ( 'NONE', #7167, #1230, #3172 ) ;
#9657 = SURFACE_STYLE_USAGE ( .BOTH. , #7584 ) ;
#9658 = DIRECTION ( 'NONE',  ( 1.000000000000000000, -0.000000000000000000, 0.000000000000000000 ) ) ;
#9659 = VECTOR ( 'NONE', #2413, 1000.000000000000000 ) ;
#9660 = AXIS2_PLACEMENT_3D ( 'NONE', #234, #7109, #4977 ) ;
#9661 = EDGE_LOOP ( 'NONE', ( #1609, #3512, #3080, #7701, #3492, #2548, #11548, #1666 ) ) ;
#9662 = EDGE_CURVE ( 'NONE', #3457, #11691, #6012, .T. ) ;
#9663 =( GEOMETRIC_REPRESENTATION_CONTEXT ( 3 ) GLOBAL_UNCERTAINTY_ASSIGNED_CONTEXT ( ( #6745 ) ) GLOBAL_UNIT_ASSIGNED_CONTEXT ( ( #2607, #1229, #11636 ) ) REPRESENTATION_CONTEXT ( 'NONE', 'WORKASPACE' ) );
#9664 = ORIENTED_EDGE ( 'NONE', *, *, #3621, .T. ) ;
#9665 = CARTESIAN_POINT ( 'NONE',  ( 0.5303112104692054851, -7.866898323406460669, 0.000000000000000000 ) ) ;
#9666 =( GEOMETRIC_REPRESENTATION_CONTEXT ( 3 ) GLOBAL_UNCERTAINTY_ASSIGNED_CONTEXT ( ( #3825 ) ) GLOBAL_UNIT_ASSIGNED_CONTEXT ( ( #2219, #2332, #3230 ) ) REPRESENTATION_CONTEXT ( 'NONE', 'WORKASPACE' ) );
#9667 = VECTOR ( 'NONE', #951, 1000.000000000000000 ) ;
#9668 = CARTESIAN_POINT ( 'NONE',  ( 6.324999999999997513, -7.420000000000000817, 0.000000000000000000 ) ) ;
#9669 = VERTEX_POINT ( 'NONE', #7967 ) ;
#9670 = SURFACE_STYLE_FILL_AREA ( #7831 ) ;
#9671 = MECHANICAL_DESIGN_GEOMETRIC_PRESENTATION_REPRESENTATION (  '', ( #6237 ), #950 ) ;
#9672 = VECTOR ( 'NONE', #10946, 1000.000000000000000 ) ;
#9673 = CARTESIAN_POINT ( 'NONE',  ( 0.3499999999999999223, 0.5299999999999983613, 0.4999999999999970024 ) ) ;
#9674 = ORIENTED_EDGE ( 'NONE', *, *, #11807, .F. ) ;
#9675 = DIRECTION ( 'NONE',  ( 1.000000000000000000, 0.000000000000000000, 0.000000000000000000 ) ) ;
#9676 = LINE ( 'NONE', #7713, #4754 ) ;
#9677 = DIRECTION ( 'NONE',  ( 1.348230680810990322E-16, -1.000000000000000000, 0.000000000000000000 ) ) ;
#9678 = DIRECTION ( 'NONE',  ( 1.000000000000000000, 0.000000000000000000, 0.000000000000000000 ) ) ;
#9679 = SURFACE_STYLE_FILL_AREA ( #3926 ) ;
#9680 = CARTESIAN_POINT ( 'NONE',  ( 1.390243902439021628, -8.464891082923399424, 0.01000000000000000021 ) ) ;
#9681 = B_SPLINE_CURVE_WITH_KNOTS ( 'NONE', 3,
 ( #4580, #8468, #6456, #5337, #10141, #3412, #10335, #9316, #4454, #640, #8410, #3479, #9375, #2517, #8220, #3546, #11191, #3677, #12176 ),
 .UNSPECIFIED., .F., .F.,
 ( 4, 1, 1, 1, 1, 1, 1, 1, 1, 1, 1, 1, 1, 1, 1, 1, 4 ),
 ( 0.000000000000000000, 0.06806869584499505854, 0.1334274328189550551, 0.1961460338131575387, 0.2570485924493137730, 0.3168826631591620813, 0.3761872086663224368, 0.4359603353635461698, 0.4965352368627269919, 0.5574653434807338437, 0.6176868634101474465, 0.6779436406969068241, 0.7388052848060405742, 0.8009493367665845298, 0.8648146674702267278, 0.9310247810786572709, 1.000000000000000000 ),
 .UNSPECIFIED. ) ;
#9682 = UNCERTAINTY_MEASURE_WITH_UNIT (LENGTH_MEASURE( 1.000000000000000082E-05 ), #190, 'distance_accuracy_value', 'NONE');
#9683 = ADVANCED_FACE ( 'NONE', ( #8856 ), #5040, .T. ) ;
#9684 = ORIENTED_EDGE ( 'NONE', *, *, #10308, .F. ) ;
#9685 = DIRECTION ( 'NONE',  ( 2.891205793294684243E-16, 7.929553460092390454E-32, 1.000000000000000000 ) ) ;
#9686 = CARTESIAN_POINT ( 'NONE',  ( -0.3199999999999999512, 0.5354264934286706579, 0.1399999999999999301 ) ) ;
#9687 =( GEOMETRIC_REPRESENTATION_CONTEXT ( 3 ) GLOBAL_UNCERTAINTY_ASSIGNED_CONTEXT ( ( #7074 ) ) GLOBAL_UNIT_ASSIGNED_CONTEXT ( ( #7556, #10450, #10282 ) ) REPRESENTATION_CONTEXT ( 'NONE', 'WORKASPACE' ) );
#9688 = CARTESIAN_POINT ( 'NONE',  ( 2.785877509321167622, -7.676884725523861697, 0.01000000000000000021 ) ) ;
#9689 = VERTEX_POINT ( 'NONE', #9890 ) ;
#9690 = CARTESIAN_POINT ( 'NONE',  ( -0.3199999999999999512, 0.3200000000000001732, 0.3554264934286706090 ) ) ;
#9691 = CARTESIAN_POINT ( 'NONE',  ( 3.319999999999999840, 2.429999999999997939, -0.5000000000000000000 ) ) ;
#9692 = CARTESIAN_POINT ( 'NONE',  ( -0.3378429878048807566, -8.184403278045349950, 0.01000000000000000021 ) ) ;
#9693 = FACE_OUTER_BOUND ( 'NONE', #5451, .T. ) ;
#9694 =( NAMED_UNIT ( * ) SI_UNIT ( $, .STERADIAN. ) SOLID_ANGLE_UNIT ( ) );
#9695 = CARTESIAN_POINT ( 'NONE',  ( 5.524999999999986144, -3.470000000000001528, 1.329999999999999183 ) ) ;
#9696 = CARTESIAN_POINT ( 'NONE',  ( 1.099999999999995870, -0.4700000000000015277, -1.495982857385225102E-31 ) ) ;
#9697 = CARTESIAN_POINT ( 'NONE',  ( 0.3902439024390217948, -7.952314863411204193, 0.000000000000000000 ) ) ;
#9698 = FILL_AREA_STYLE_COLOUR ( '', #3600 ) ;
#9699 = VECTOR ( 'NONE', #9060, 1000.000000000000000 ) ;
#9700 = EDGE_LOOP ( 'NONE', ( #1430, #611, #7670, #1355 ) ) ;
#9701 = CARTESIAN_POINT ( 'NONE',  ( 2.345583541022282503, -7.562611599129494877, 0.01000000000000000021 ) ) ;
#9702 = DIRECTION ( 'NONE',  ( -0.000000000000000000, 0.000000000000000000, -1.000000000000000000 ) ) ;
#9703 = SURFACE_STYLE_USAGE ( .BOTH. , #2094 ) ;
#9704 = DIRECTION ( 'NONE',  ( -0.000000000000000000, -7.478108553735038078E-16, 1.000000000000000000 ) ) ;
#9705 = CARTESIAN_POINT ( 'NONE',  ( -1.431772232424413329E-17, -0.4700000000000016387, 2.245415902488527404 ) ) ;
#9706 = DIRECTION ( 'NONE',  ( -1.000000000000000000, 0.000000000000000000, 0.000000000000000000 ) ) ;
#9707 =( NAMED_UNIT ( * ) PLANE_ANGLE_UNIT ( ) SI_UNIT ( $, .RADIAN. ) );
#9708 = VERTEX_POINT ( 'NONE', #7912 ) ;
#9709 = VECTOR ( 'NONE', #9995, 1000.000000000000000 ) ;
#9710 =( LENGTH_UNIT ( ) NAMED_UNIT ( * ) SI_UNIT ( .MILLI., .METRE. ) );
#9711 = ORIENTED_EDGE ( 'NONE', *, *, #8668, .F. ) ;
#9712 = VECTOR ( 'NONE', #2482, 1000.000000000000000 ) ;
#9713 = ORIENTED_EDGE ( 'NONE', *, *, #4336, .T. ) ;
#9714 = DIRECTION ( 'NONE',  ( 1.000000000000000000, 1.348230680810990322E-16, 0.000000000000000000 ) ) ;
#9715 = DIRECTION ( 'NONE',  ( 0.000000000000000000, 0.000000000000000000, 1.000000000000000000 ) ) ;
#9716 = EDGE_CURVE ( 'NONE', #4114, #1865, #1210, .T. ) ;
#9717 = SURFACE_STYLE_USAGE ( .BOTH. , #5857 ) ;
#9718 = EDGE_LOOP ( 'NONE', ( #7726, #8572, #7712, #10898 ) ) ;
#9719 = AXIS2_PLACEMENT_3D ( 'NONE', #852, #4851, #4730 ) ;
#9720 = ORIENTED_EDGE ( 'NONE', *, *, #9897, .F. ) ;
#9721 = ORIENTED_EDGE ( 'NONE', *, *, #1885, .T. ) ;
#9722 = ADVANCED_FACE ( 'NONE', ( #4195 ), #11766, .T. ) ;
#9723 = DIRECTION ( 'NONE',  ( 0.000000000000000000, 1.000000000000000000, 0.000000000000000000 ) ) ;
#9724 =( NAMED_UNIT ( * ) PLANE_ANGLE_UNIT ( ) SI_UNIT ( $, .RADIAN. ) );
#9725 = STYLED_ITEM ( 'NONE', ( #11186 ), #12358 ) ;
#9726 = CARTESIAN_POINT ( 'NONE',  ( 4.927962312940882939, -3.470000000000001528, 0.9299999999999991607 ) ) ;
#9727 = DIRECTION ( 'NONE',  ( -3.938574995911015532E-16, 1.000000000000000000, 0.000000000000000000 ) ) ;
#9728 = DIRECTION ( 'NONE',  ( 2.168404344971010594E-16, 0.000000000000000000, 1.000000000000000000 ) ) ;
#9729 = ORIENTED_EDGE ( 'NONE', *, *, #9501, .F. ) ;
#9730 = CARTESIAN_POINT ( 'NONE',  ( 0.8308050611125296081, -7.579966186090296709, 0.000000000000000000 ) ) ;
#9731 = FILL_AREA_STYLE ('',( #1192 ) ) ;
#9732 = EDGE_CURVE ( 'NONE', #2092, #8944, #5523, .T. ) ;
#9733 = LINE ( 'NONE', #7657, #5391 ) ;
#9734 = ORIENTED_EDGE ( 'NONE', *, *, #6393, .F. ) ;
#9735 = ADVANCED_FACE ( 'NONE', ( #9366 ), #4319, .F. ) ;
#9736 =( LENGTH_UNIT ( ) NAMED_UNIT ( * ) SI_UNIT ( .MILLI., .METRE. ) );
#9737 = ORIENTED_EDGE ( 'NONE', *, *, #2590, .T. ) ;
#9738 = LINE ( 'NONE', #11596, #5865 ) ;
#9739 = VECTOR ( 'NONE', #12222, 1000.000000000000000 ) ;
#9740 = LINE ( 'NONE', #52, #6918 ) ;
#9741 = ORIENTED_EDGE ( 'NONE', *, *, #11176, .F. ) ;
#9742 = ADVANCED_FACE ( 'NONE', ( #3274 ), #10993, .T. ) ;
#9743 = FILL_AREA_STYLE ('',( #997 ) ) ;
#9744 = LINE ( 'NONE', #424, #10203 ) ;
#9745 = EDGE_CURVE ( 'NONE', #3300, #6489, #8758, .T. ) ;
#9746 =( NAMED_UNIT ( * ) SI_UNIT ( $, .STERADIAN. ) SOLID_ANGLE_UNIT ( ) );
#9747 = PLANE ( 'NONE',  #2933 ) ;
#9748 = CARTESIAN_POINT ( 'NONE',  ( 3.319999999999999840, -1.420000000000001039, 0.000000000000000000 ) ) ;
#9749 = CARTESIAN_POINT ( 'NONE',  ( 5.574999999999998401, 1.029999999999999138, 1.329999999999998739 ) ) ;
#9750 = CARTESIAN_POINT ( 'NONE',  ( 2.680000000000000160, 0.5354264934286706579, 0.1399999999999999301 ) ) ;
#9751 = EDGE_LOOP ( 'NONE', ( #4346, #4852, #9852, #12333, #351, #11918, #9173, #5242, #4491, #2187, #11942, #4079 ) ) ;
#9752 = SURFACE_STYLE_USAGE ( .BOTH. , #8784 ) ;
#9753 = DIRECTION ( 'NONE',  ( 1.000000000000000000, 0.000000000000000000, 0.000000000000000000 ) ) ;
#9754 = ORIENTED_EDGE ( 'NONE', *, *, #6537, .F. ) ;
#9755 = UNCERTAINTY_MEASURE_WITH_UNIT (LENGTH_MEASURE( 1.000000000000000082E-05 ), #6080, 'distance_accuracy_value', 'NONE');
#9756 = CARTESIAN_POINT ( 'NONE',  ( 0.6181210415495502764, -7.538776313639284687, 0.01000000000000000021 ) ) ;
#9757 = PRESENTATION_LAYER_ASSIGNMENT (  '', '', ( #843 ) ) ;
#9758 = EDGE_CURVE ( 'NONE', #1259, #8607, #7533, .T. ) ;
#9759 = DIRECTION ( 'NONE',  ( 0.000000000000000000, 1.000000000000000000, -1.734723475976807341E-16 ) ) ;
#9760 = DIRECTION ( 'NONE',  ( -1.000000000000000000, 0.000000000000000000, 0.000000000000000000 ) ) ;
#9761 = CARTESIAN_POINT ( 'NONE',  ( 2.345583541022282503, -7.562611599129494877, -0.000000000000000000 ) ) ;
#9762 = MECHANICAL_DESIGN_GEOMETRIC_PRESENTATION_REPRESENTATION (  '', ( #855 ), #4312 ) ;
#9763 = FILL_AREA_STYLE_COLOUR ( '', #2947 ) ;
#9764 = PRESENTATION_LAYER_ASSIGNMENT (  '', '', ( #2455 ) ) ;
#9765 = DIRECTION ( 'NONE',  ( -0.000000000000000000, 0.000000000000000000, -1.000000000000000000 ) ) ;
#9766 = COLOUR_RGB ( '',0.2235294117647058654, 0.2235294117647058654, 0.2235294117647058654 ) ;
#9767 = SURFACE_STYLE_USAGE ( .BOTH. , #1022 ) ;
#9768 = COLOUR_RGB ( '',0.6470588235294117974, 0.6196078431372549211, 0.5882352941176470784 ) ;
#9769 = ORIENTED_EDGE ( 'NONE', *, *, #392, .T. ) ;
#9770 = CARTESIAN_POINT ( 'NONE',  ( 2.233739755332301513, -7.578165933306226343, 0.01000000000000000021 ) ) ;
#9771 = SURFACE_STYLE_USAGE ( .BOTH. , #6766 ) ;
#9772 = AXIS2_PLACEMENT_3D ( 'NONE', #10093, #9129, #10150 ) ;
#9773 =( NAMED_UNIT ( * ) PLANE_ANGLE_UNIT ( ) SI_UNIT ( $, .RADIAN. ) );
#9774 = ADVANCED_FACE ( 'NONE', ( #12295 ), #4979, .T. ) ;
#9775 = DIRECTION ( 'NONE',  ( 0.000000000000000000, -0.1736481776669276389, -0.9848077530122085754 ) ) ;
#9776 = CARTESIAN_POINT ( 'NONE',  ( -0.2200000000000001676, -7.420000000000000817, 1.609999999999998987 ) ) ;
#9777 = PRESENTATION_LAYER_ASSIGNMENT (  '', '', ( #4720 ) ) ;
#9778 = ORIENTED_EDGE ( 'NONE', *, *, #6623, .T. ) ;
#9779 = CARTESIAN_POINT ( 'NONE',  ( 2.865853658536582582, -7.983755412191692713, 0.01000000000000000021 ) ) ;
#9780 = VECTOR ( 'NONE', #5141, 1000.000000000000000 ) ;
#9781 = ORIENTED_EDGE ( 'NONE', *, *, #6701, .F. ) ;
#9782 = ORIENTED_EDGE ( 'NONE', *, *, #5660, .T. ) ;
#9783 = CARTESIAN_POINT ( 'NONE',  ( 2.396258273346396184, -7.563314767945001904, 0.000000000000000000 ) ) ;
#9784 = CARTESIAN_POINT ( 'NONE',  ( 4.927962312940882939, -3.470000000000001528, 1.329999999999999183 ) ) ;
#9785 = CARTESIAN_POINT ( 'NONE',  ( -0.8499999999999990896, 0.5299999999999983613, 3.360000000000000320 ) ) ;
#9786 = ORIENTED_EDGE ( 'NONE', *, *, #1804, .F. ) ;
#9787 = ORIENTED_EDGE ( 'NONE', *, *, #6025, .F. ) ;
#9788 = LINE ( 'NONE', #100, #5020 ) ;
#9789 = EDGE_LOOP ( 'NONE', ( #3930, #8201, #712, #3741, #10470, #2858, #9072, #9415 ) ) ;
#9790 =( NAMED_UNIT ( * ) SI_UNIT ( $, .STERADIAN. ) SOLID_ANGLE_UNIT ( ) );
#9791 = CARTESIAN_POINT ( 'NONE',  ( 0.9232088414634121998, -8.464891082923401200, 0.01000000000000000021 ) ) ;
#9792 =( NAMED_UNIT ( * ) PLANE_ANGLE_UNIT ( ) SI_UNIT ( $, .RADIAN. ) );
#9793 = FILL_AREA_STYLE ('',( #6112 ) ) ;
#9794 = CARTESIAN_POINT ( 'NONE',  ( 5.224999999999986322, -2.170000000000001705, -0.01000000000000000021 ) ) ;
#9795 = DIRECTION ( 'NONE',  ( -1.000000000000000000, -3.938574995911015532E-16, 0.000000000000000000 ) ) ;
#9796 = PLANE ( 'NONE',  #765 ) ;
#9797 = ORIENTED_EDGE ( 'NONE', *, *, #1187, .F. ) ;
#9798 = ORIENTED_EDGE ( 'NONE', *, *, #1460, .T. ) ;
#9799 = LINE ( 'NONE', #5806, #5364 ) ;
#9800 = FACE_OUTER_BOUND ( 'NONE', #8559, .T. ) ;
#9801 = LINE ( 'NONE', #12413, #3010 ) ;
#9802 = LINE ( 'NONE', #3009, #9118 ) ;
#9803 = ORIENTED_EDGE ( 'NONE', *, *, #11257, .F. ) ;
#9804 =( LENGTH_UNIT ( ) NAMED_UNIT ( * ) SI_UNIT ( .MILLI., .METRE. ) );
#9805 = FILL_AREA_STYLE ('',( #8845 ) ) ;
#9806 = DIRECTION ( 'NONE',  ( 0.000000000000000000, 0.000000000000000000, 1.000000000000000000 ) ) ;
#9807 = ADVANCED_FACE ( 'NONE', ( #4572 ), #10720, .T. ) ;
#9808 = MECHANICAL_DESIGN_GEOMETRIC_PRESENTATION_REPRESENTATION (  '', ( #3315 ), #3755 ) ;
#9809 = EDGE_CURVE ( 'NONE', #3389, #1273, #10103, .T. ) ;
#9810 = UNCERTAINTY_MEASURE_WITH_UNIT (LENGTH_MEASURE( 1.000000000000000082E-05 ), #9422, 'distance_accuracy_value', 'NONE');
#9811 = PRESENTATION_LAYER_ASSIGNMENT (  '', '', ( #2706 ) ) ;
#9812 = ORIENTED_EDGE ( 'NONE', *, *, #10744, .F. ) ;
#9813 = EDGE_CURVE ( 'NONE', #5609, #12080, #6054, .T. ) ;
#9814 = FILL_AREA_STYLE ('',( #940 ) ) ;
#9815 =( GEOMETRIC_REPRESENTATION_CONTEXT ( 3 ) GLOBAL_UNCERTAINTY_ASSIGNED_CONTEXT ( ( #3679 ) ) GLOBAL_UNIT_ASSIGNED_CONTEXT ( ( #2832, #1873, #9169 ) ) REPRESENTATION_CONTEXT ( 'NONE', 'WORKASPACE' ) );
#9816 = CIRCLE ( 'NONE', #4796, 0.5000000000000000000 ) ;
#9817 = CARTESIAN_POINT ( 'NONE',  ( 2.830764114352940286, -7.767921703001536393, 5.082197683525802034E-18 ) ) ;
#9818 = VERTEX_POINT ( 'NONE', #4162 ) ;
#9819 = STYLED_ITEM ( 'NONE', ( #8110 ), #5495 ) ;
#9820 = FILL_AREA_STYLE_COLOUR ( '', #11069 ) ;
#9821 = CARTESIAN_POINT ( 'NONE',  ( 0.6613270293543624945, -7.515669621914044640, 6.776263578034402713E-18 ) ) ;
#9822 = SURFACE_STYLE_USAGE ( .BOTH. , #1641 ) ;
#9823 = FILL_AREA_STYLE_COLOUR ( '', #4025 ) ;
#9824 = DIRECTION ( 'NONE',  ( -3.414809992080328037E-16, -1.000000000000000000, 0.000000000000000000 ) ) ;
#9825 = DIRECTION ( 'NONE',  ( 1.000000000000000000, 0.000000000000000000, 0.000000000000000000 ) ) ;
#9826 = DIRECTION ( 'NONE',  ( -1.000000000000000000, 0.000000000000000000, 0.000000000000000000 ) ) ;
#9827 = AXIS2_PLACEMENT_3D ( 'NONE', #11177, #2502, #2562 ) ;
#9828 = AXIS2_PLACEMENT_3D ( 'NONE', #10549, #9677, #3924 ) ;
#9829 = AXIS2_PLACEMENT_3D ( 'NONE', #6831, #10696, #5901 ) ;
#9830 = FACE_OUTER_BOUND ( 'NONE', #7053, .T. ) ;
#9831 = EDGE_CURVE ( 'NONE', #1106, #8178, #11834, .T. ) ;
#9832 = CARTESIAN_POINT ( 'NONE',  ( 5.224999999999986322, -3.470000000000001528, 2.929999999999998384 ) ) ;
#9833 = ORIENTED_EDGE ( 'NONE', *, *, #6155, .F. ) ;
#9834 = CARTESIAN_POINT ( 'NONE',  ( 2.121951219512192566, -7.626476448777058437, 0.01000000000000000021 ) ) ;
#9835 = PLANE ( 'NONE',  #11055 ) ;
#9836 = CARTESIAN_POINT ( 'NONE',  ( 1.439024390243899720, -7.903915473167301364, 0.01000000000000000021 ) ) ;
#9837 = DIRECTION ( 'NONE',  ( 1.000000000000000000, 0.000000000000000000, -0.000000000000000000 ) ) ;
#9838 = MECHANICAL_DESIGN_GEOMETRIC_PRESENTATION_REPRESENTATION (  '', ( #2727 ), #10048 ) ;
#9839 = CARTESIAN_POINT ( 'NONE',  ( 2.726225334986511761, -8.060415568043046264, 0.000000000000000000 ) ) ;
#9840 =( LENGTH_UNIT ( ) NAMED_UNIT ( * ) SI_UNIT ( .MILLI., .METRE. ) );
#9841 = SURFACE_SIDE_STYLE ('',( #283 ) ) ;
#9842 = ORIENTED_EDGE ( 'NONE', *, *, #6436, .F. ) ;
#9843 = CARTESIAN_POINT ( 'NONE',  ( -2.524999999999990585, -3.470000000000000639, 0.9299999999999991607 ) ) ;
#9844 = B_SPLINE_CURVE_WITH_KNOTS ( 'NONE', 3,
 ( #831, #4769, #6705, #7861, #3948, #3820, #18, #11433, #8541, #4012, #12438 ),
 .UNSPECIFIED., .F., .F.,
 ( 4, 1, 1, 1, 1, 1, 1, 1, 4 ),
 ( 0.000000000000000000, 0.1352946047634289439, 0.2667656579247482673, 0.3948160188358723066, 0.5200516544342466130, 0.6421757029708202724, 0.7626518205584216226, 0.8818340043805003026, 1.000000000000000000 ),
 .UNSPECIFIED. ) ;
#9845 = CARTESIAN_POINT ( 'NONE',  ( 2.150000000000000799, 0.5299999999999985834, 3.859999999999999876 ) ) ;
#9846 = ORIENTED_EDGE ( 'NONE', *, *, #9338, .F. ) ;
#9847 = VERTEX_POINT ( 'NONE', #6110 ) ;
#9848 = CARTESIAN_POINT ( 'NONE',  ( 2.600656891080871169, -7.647634944173463012, 0.000000000000000000 ) ) ;
#9849 = DIRECTION ( 'NONE',  ( 1.000000000000000000, 2.710505431213760099E-16, 0.000000000000000000 ) ) ;
#9850 = MECHANICAL_DESIGN_GEOMETRIC_PRESENTATION_REPRESENTATION (  '', ( #9428 ), #1345 ) ;
#9851 = SURFACE_STYLE_FILL_AREA ( #1234 ) ;
#9852 = ORIENTED_EDGE ( 'NONE', *, *, #4054, .F. ) ;
#9853 = ORIENTED_EDGE ( 'NONE', *, *, #6276, .T. ) ;
#9854 = CARTESIAN_POINT ( 'NONE',  ( 0.000000000000000000, 0.000000000000000000, -0.01000000000000000021 ) ) ;
#9855 = ORIENTED_EDGE ( 'NONE', *, *, #9897, .T. ) ;
#9856 = DIRECTION ( 'NONE',  ( 0.000000000000000000, -0.000000000000000000, -1.000000000000000000 ) ) ;
#9857 = CARTESIAN_POINT ( 'NONE',  ( 0.9039491995211077491, -8.354809276445639199, 0.01000000000000000021 ) ) ;
#9858 = FACE_OUTER_BOUND ( 'NONE', #2952, .T. ) ;
#9859 =( NAMED_UNIT ( * ) PLANE_ANGLE_UNIT ( ) SI_UNIT ( $, .RADIAN. ) );
#9860 = VECTOR ( 'NONE', #685, 1000.000000000000114 ) ;
#9861 = CARTESIAN_POINT ( 'NONE',  ( 4.825000000000001066, -7.419999999999996376, 0.9999999999999997780 ) ) ;
#9862 = CARTESIAN_POINT ( 'NONE',  ( 3.850000000000000977, 0.5299999999999988054, 3.859999999999999876 ) ) ;
#9863 = DIRECTION ( 'NONE',  ( -0.000000000000000000, 0.000000000000000000, 1.000000000000000000 ) ) ;
#9864 = ORIENTED_EDGE ( 'NONE', *, *, #5104, .F. ) ;
#9865 = EDGE_LOOP ( 'NONE', ( #1168, #3003, #1, #3969 ) ) ;
#9866 = DIRECTION ( 'NONE',  ( 1.000000000000000000, 0.000000000000000000, 0.000000000000000000 ) ) ;
#9867 = PRESENTATION_STYLE_ASSIGNMENT (( #2813 ) ) ;
#9868 = COLOUR_RGB ( '',0.2235294117647058654, 0.2235294117647058654, 0.2235294117647058654 ) ;
#9869 = ORIENTED_EDGE ( 'NONE', *, *, #4708, .F. ) ;
#9870 = LINE ( 'NONE', #2307, #9709 ) ;
#9871 =( NAMED_UNIT ( * ) SI_UNIT ( $, .STERADIAN. ) SOLID_ANGLE_UNIT ( ) );
#9872 = DIRECTION ( 'NONE',  ( 0.000000000000000000, 0.000000000000000000, -1.000000000000000000 ) ) ;
#9873 = PRESENTATION_LAYER_ASSIGNMENT (  '', '', ( #2765 ) ) ;
#9874 = CARTESIAN_POINT ( 'NONE',  ( 2.726225334986511761, -8.060415568043046264, 0.01000000000000000021 ) ) ;
#9875 = LINE ( 'NONE', #2002, #11216 ) ;
#9876 = DIRECTION ( 'NONE',  ( 0.000000000000000000, 0.000000000000000000, 1.000000000000000000 ) ) ;
#9877 = SURFACE_STYLE_FILL_AREA ( #1387 ) ;
#9878 = STYLED_ITEM ( 'NONE', ( #6397 ), #1285 ) ;
#9879 = VECTOR ( 'NONE', #4578, 1000.000000000000000 ) ;
#9880 = ORIENTED_EDGE ( 'NONE', *, *, #6058, .F. ) ;
#9881 = PRESENTATION_LAYER_ASSIGNMENT (  '', '', ( #377 ) ) ;
#9882 = PRESENTATION_LAYER_ASSIGNMENT (  '', '', ( #390 ) ) ;
#9883 = CARTESIAN_POINT ( 'NONE',  ( -2.524999999999990585, -4.885000000000001563, -0.09862792926813584993 ) ) ;
#9884 = EDGE_CURVE ( 'NONE', #8139, #10465, #2884, .T. ) ;
#9885 = EDGE_CURVE ( 'NONE', #6331, #7783, #11801, .T. ) ;
#9886 = SURFACE_STYLE_FILL_AREA ( #6010 ) ;
#9887 = VERTEX_POINT ( 'NONE', #8949 ) ;
#9888 = UNCERTAINTY_MEASURE_WITH_UNIT (LENGTH_MEASURE( 1.000000000000000082E-05 ), #6217, 'distance_accuracy_value', 'NONE');
#9889 = LINE ( 'NONE', #5956, #7660 ) ;
#9890 = CARTESIAN_POINT ( 'NONE',  ( -0.2928734756097585157, -8.074647180484374687, 0.000000000000000000 ) ) ;
#9891 =( GEOMETRIC_REPRESENTATION_CONTEXT ( 3 ) GLOBAL_UNCERTAINTY_ASSIGNED_CONTEXT ( ( #3429 ) ) GLOBAL_UNIT_ASSIGNED_CONTEXT ( ( #1943, #1818, #11615 ) ) REPRESENTATION_CONTEXT ( 'NONE', 'WORKASPACE' ) );
#9892 =( NAMED_UNIT ( * ) SI_UNIT ( $, .STERADIAN. ) SOLID_ANGLE_UNIT ( ) );
#9893 = COLOUR_RGB ( '',0.2235294117647058654, 0.2235294117647058654, 0.2235294117647058654 ) ;
#9894 = LINE ( 'NONE', #7969, #7449 ) ;
#9895 = SURFACE_SIDE_STYLE ('',( #206 ) ) ;
#9896 = CARTESIAN_POINT ( 'NONE',  ( -2.224999999999990763, -2.170000000000001705, 3.000000000000000000 ) ) ;
#9897 = EDGE_CURVE ( 'NONE', #6855, #1427, #6164, .T. ) ;
#9898 = STYLED_ITEM ( 'NONE', ( #701 ), #4798 ) ;
#9899 = VECTOR ( 'NONE', #7310, 1000.000000000000000 ) ;
#9900 = FILL_AREA_STYLE_COLOUR ( '', #9058 ) ;
#9901 = AXIS2_PLACEMENT_3D ( 'NONE', #3055, #7697, #4908 ) ;
#9902 = LINE ( 'NONE', #1218, #7206 ) ;
#9903 = ADVANCED_FACE ( 'NONE', ( #7045 ), #2090, .T. ) ;
#9904 = EDGE_LOOP ( 'NONE', ( #3934, #6409, #3107, #9307, #10472, #461 ) ) ;
#9905 = PLANE ( 'NONE',  #10352 ) ;
#9906 = CARTESIAN_POINT ( 'NONE',  ( -8.577962312940892176, -0.9700000000000019718, 2.529999999999998472 ) ) ;
#9907 = SURFACE_STYLE_USAGE ( .BOTH. , #6030 ) ;
#9908 = CARTESIAN_POINT ( 'NONE',  ( 2.677507697770846740, -8.204197667997512156, 0.000000000000000000 ) ) ;
#9909 = LINE ( 'NONE', #1226, #4640 ) ;
#9910 = FILL_AREA_STYLE ('',( #1096 ) ) ;
#9911 = ADVANCED_FACE ( 'NONE', ( #1656 ), #3092, .T. ) ;
#9912 = ORIENTED_EDGE ( 'NONE', *, *, #9964, .T. ) ;
#9913 = PRESENTATION_STYLE_ASSIGNMENT (( #6039 ) ) ;
#9914 = ORIENTED_EDGE ( 'NONE', *, *, #8058, .F. ) ;
#9915 = PRESENTATION_LAYER_ASSIGNMENT (  '', '', ( #2208 ) ) ;
#9916 = DIRECTION ( 'NONE',  ( -1.371322905910519414E-16, 1.000000000000000000, 0.000000000000000000 ) ) ;
#9917 = LINE ( 'NONE', #1232, #6959 ) ;
#9918 =( LENGTH_UNIT ( ) NAMED_UNIT ( * ) SI_UNIT ( .MILLI., .METRE. ) );
#9919 = EDGE_LOOP ( 'NONE', ( #11459, #3608, #7496, #2679 ) ) ;
#9920 = VECTOR ( 'NONE', #919, 1000.000000000000000 ) ;
#9921 = ORIENTED_EDGE ( 'NONE', *, *, #1540, .F. ) ;
#9922 =( NAMED_UNIT ( * ) SI_UNIT ( $, .STERADIAN. ) SOLID_ANGLE_UNIT ( ) );
#9923 = CARTESIAN_POINT ( 'NONE',  ( 0.3906477696416669199, -7.971202447917555389, 0.01000000000000000021 ) ) ;
#9924 = DIRECTION ( 'NONE',  ( 2.710505431213760099E-16, -1.000000000000000000, 0.000000000000000000 ) ) ;
#9925 = LINE ( 'NONE', #6984, #10953 ) ;
#9926 = EDGE_CURVE ( 'NONE', #4094, #6786, #7002, .T. ) ;
#9927 = CARTESIAN_POINT ( 'NONE',  ( 2.240852566292971915, -8.351716057189147335, 6.776263578034402713E-18 ) ) ;
#9928 = CARTESIAN_POINT ( 'NONE',  ( 3.319999999999999840, 0.3199999999999994515, 1.370310825858947812 ) ) ;
#9929 = LINE ( 'NONE', #1988, #1167 ) ;
#9930 = ORIENTED_EDGE ( 'NONE', *, *, #11720, .T. ) ;
#9931 = FACE_OUTER_BOUND ( 'NONE', #9081, .T. ) ;
#9932 = MECHANICAL_DESIGN_GEOMETRIC_PRESENTATION_REPRESENTATION (  '', ( #2823 ), #8085 ) ;
#9933 = CARTESIAN_POINT ( 'NONE',  ( 2.848835811492975267, -8.138144862863573081, 0.01000000000000000021 ) ) ;
#9934 = ORIENTED_EDGE ( 'NONE', *, *, #10843, .F. ) ;
#9935 = FILL_AREA_STYLE_COLOUR ( '', #4320 ) ;
#9936 = DIRECTION ( 'NONE',  ( -0.000000000000000000, 0.000000000000000000, -1.000000000000000000 ) ) ;
#9937 = COLOUR_RGB ( '',0.2235294117647058654, 0.2235294117647058654, 0.2235294117647058654 ) ;
#9938 = EDGE_CURVE ( 'NONE', #9818, #2546, #4022, .T. ) ;
#9939 = CARTESIAN_POINT ( 'NONE',  ( -8.577962312940892176, -7.419999999999996376, 0.9299999999999996048 ) ) ;
#9940 = LINE ( 'NONE', #7835, #10817 ) ;
#9941 = DIRECTION ( 'NONE',  ( 2.711582832752521336E-16, -0.000000000000000000, 1.000000000000000000 ) ) ;
#9942 = ORIENTED_EDGE ( 'NONE', *, *, #3470, .F. ) ;
#9943 = VECTOR ( 'NONE', #9306, 1000.000000000000000 ) ;
#9944 = PLANE ( 'NONE',  #1321 ) ;
#9945 = DIRECTION ( 'NONE',  ( 0.000000000000000000, -1.000000000000000000, -0.000000000000000000 ) ) ;
#9946 = PRESENTATION_STYLE_ASSIGNMENT (( #1208 ) ) ;
#9947 = ORIENTED_EDGE ( 'NONE', *, *, #1089, .T. ) ;
#9948 = DIRECTION ( 'NONE',  ( 0.000000000000000000, 1.000000000000000000, 0.000000000000000000 ) ) ;
#9949 = CARTESIAN_POINT ( 'NONE',  ( 0.5771071374949078292, -7.565741602238193586, 0.01000000000000000021 ) ) ;
#9950 =( LENGTH_UNIT ( ) NAMED_UNIT ( * ) SI_UNIT ( .MILLI., .METRE. ) );
#9951 = FILL_AREA_STYLE ('',( #5013 ) ) ;
#9952 = CARTESIAN_POINT ( 'NONE',  ( 0.4474525682208887467, -7.708785703275868428, 0.01000000000000000021 ) ) ;
#9953 = VECTOR ( 'NONE', #7922, 1000.000000000000000 ) ;
#9954 = SURFACE_STYLE_FILL_AREA ( #332 ) ;
#9955 = CARTESIAN_POINT ( 'NONE',  ( 5.524999999999986144, -3.470000000000001528, 2.929999999999998384 ) ) ;
#9956 =( NAMED_UNIT ( * ) PLANE_ANGLE_UNIT ( ) SI_UNIT ( $, .RADIAN. ) );
#9957 = VECTOR ( 'NONE', #2138, 1000.000000000000000 ) ;
#9958 = ORIENTED_EDGE ( 'NONE', *, *, #8556, .F. ) ;
#9959 =( NAMED_UNIT ( * ) PLANE_ANGLE_UNIT ( ) SI_UNIT ( $, .RADIAN. ) );
#9960 = PRESENTATION_STYLE_ASSIGNMENT (( #10022 ) ) ;
#9961 = FILL_AREA_STYLE ('',( #3232 ) ) ;
#9962 = LINE ( 'NONE', #1280, #662 ) ;
#9963 = ORIENTED_EDGE ( 'NONE', *, *, #9120, .F. ) ;
#9964 = EDGE_CURVE ( 'NONE', #6489, #11276, #8546, .T. ) ;
#9965 =( GEOMETRIC_REPRESENTATION_CONTEXT ( 3 ) GLOBAL_UNCERTAINTY_ASSIGNED_CONTEXT ( ( #9682 ) ) GLOBAL_UNIT_ASSIGNED_CONTEXT ( ( #190, #6125, #9871 ) ) REPRESENTATION_CONTEXT ( 'NONE', 'WORKASPACE' ) );
#9966 = EDGE_CURVE ( 'NONE', #6660, #10655, #3828, .T. ) ;
#9967 = DIRECTION ( 'NONE',  ( 1.000000000000000000, 1.371322905910519414E-16, 0.000000000000000000 ) ) ;
#9968 = DIRECTION ( 'NONE',  ( 0.000000000000000000, 0.000000000000000000, 1.000000000000000000 ) ) ;
#9969 = VECTOR ( 'NONE', #7230, 1000.000000000000000 ) ;
#9970 = PRESENTATION_STYLE_ASSIGNMENT (( #7037 ) ) ;
#9971 = ADVANCED_FACE ( 'NONE', ( #10640 ), #3955, .F. ) ;
#9972 = ADVANCED_FACE ( 'NONE', ( #10705 ), #2028, .T. ) ;
#9973 = CARTESIAN_POINT ( 'NONE',  ( -0.2928734756097587377, -8.074647180484374687, 0.01000000000000000021 ) ) ;
#9974 = ORIENTED_EDGE ( 'NONE', *, *, #7354, .F. ) ;
#9975 = STYLED_ITEM ( 'NONE', ( #12200 ), #1886 ) ;
#9976 = ORIENTED_EDGE ( 'NONE', *, *, #2283, .F. ) ;
#9977 = SURFACE_STYLE_USAGE ( .BOTH. , #10962 ) ;
#9978 =( LENGTH_UNIT ( ) NAMED_UNIT ( * ) SI_UNIT ( .MILLI., .METRE. ) );
#9979 = CARTESIAN_POINT ( 'NONE',  ( 0.3906477696416669199, -7.971202447917555389, 6.776263578034402713E-18 ) ) ;
#9980 = SURFACE_SIDE_STYLE ('',( #170 ) ) ;
#9981 = PLANE ( 'NONE',  #7898 ) ;
#9982 = COLOUR_RGB ( '',0.6470588235294117974, 0.6196078431372549211, 0.5882352941176470784 ) ;
#9983 = SURFACE_SIDE_STYLE ('',( #2180 ) ) ;
#9984 = LINE ( 'NONE', #1243, #5612 ) ;
#9985 = LINE ( 'NONE', #11778, #2163 ) ;
#9986 = ORIENTED_EDGE ( 'NONE', *, *, #5290, .F. ) ;
#9987 = VERTEX_POINT ( 'NONE', #408 ) ;
#9988 = EDGE_LOOP ( 'NONE', ( #9976, #1848, #4052, #11969 ) ) ;
#9989 = CARTESIAN_POINT ( 'NONE',  ( 2.121951219512192566, -8.303305717069740410, 0.01000000000000000021 ) ) ;
#9990 = ADVANCED_FACE ( 'NONE', ( #5095 ), #10949, .T. ) ;
#9991 = CARTESIAN_POINT ( 'NONE',  ( 2.397103658536582582, -8.477086204874618502, 6.776263578034402713E-18 ) ) ;
#9992 = EDGE_LOOP ( 'NONE', ( #5394, #4329, #733, #10086 ) ) ;
#9993 =( NAMED_UNIT ( * ) PLANE_ANGLE_UNIT ( ) SI_UNIT ( $, .RADIAN. ) );
#9994 = ORIENTED_EDGE ( 'NONE', *, *, #9573, .F. ) ;
#9995 = DIRECTION ( 'NONE',  ( -4.358601698434189525E-17, 1.000000000000000000, 0.000000000000000000 ) ) ;
#9996 = DIRECTION ( 'NONE',  ( 1.000000000000000000, 0.000000000000000000, -0.000000000000000000 ) ) ;
#9997 = DIRECTION ( 'NONE',  ( 0.000000000000000000, 1.000000000000000000, 0.000000000000000000 ) ) ;
#9998 = DIRECTION ( 'NONE',  ( 0.000000000000000000, 0.000000000000000000, 1.000000000000000000 ) ) ;
#9999 = FACE_OUTER_BOUND ( 'NONE', #7583, .T. ) ;
#10000 = LINE ( 'NONE', #1444, #10448 ) ;
#10001 = SURFACE_STYLE_USAGE ( .BOTH. , #6133 ) ;
#10002 = VERTEX_POINT ( 'NONE', #1277 ) ;
#10003 = EDGE_CURVE ( 'NONE', #10183, #4270, #2220, .T. ) ;
#10004 = SURFACE_STYLE_USAGE ( .BOTH. , #4190 ) ;
#10005 = DIRECTION ( 'NONE',  ( 0.000000000000000000, -0.000000000000000000, -1.000000000000000000 ) ) ;
#10006 = ORIENTED_EDGE ( 'NONE', *, *, #10560, .T. ) ;
#10007 = UNCERTAINTY_MEASURE_WITH_UNIT (LENGTH_MEASURE( 1.000000000000000082E-05 ), #11781, 'distance_accuracy_value', 'NONE');
#10008 = FILL_AREA_STYLE_COLOUR ( '', #2985 ) ;
#10009 = CARTESIAN_POINT ( 'NONE',  ( 0.4102173554804668942, -7.798188103550158345, 0.01000000000000000021 ) ) ;
#10010 = CARTESIAN_POINT ( 'NONE',  ( 5.626372070731854080, -4.884999999999998899, -0.4999999999999987232 ) ) ;
#10011 = COLOUR_RGB ( '',0.2235294117647058654, 0.2235294117647058654, 0.2235294117647058654 ) ;
#10012 = CARTESIAN_POINT ( 'NONE',  ( 5.524999999999986144, -2.170000000000001705, 3.000000000000000000 ) ) ;
#10013 = CARTESIAN_POINT ( 'NONE',  ( 2.150237483859621435, -8.428674680895907656, 6.776263578034402713E-18 ) ) ;
#10014 = PRESENTATION_LAYER_ASSIGNMENT (  '', '', ( #4408 ) ) ;
#10015 = SURFACE_SIDE_STYLE ('',( #268 ) ) ;
#10016 = CARTESIAN_POINT ( 'NONE',  ( 1.390243902439021628, -8.355134985362424160, 0.000000000000000000 ) ) ;
#10017 = CARTESIAN_POINT ( 'NONE',  ( 2.731707317073167829, -7.975561814630715674, 0.01000000000000000021 ) ) ;
#10018 = COLOUR_RGB ( '',0.6470588235294117974, 0.6196078431372549211, 0.5882352941176470784 ) ;
#10019 = ORIENTED_EDGE ( 'NONE', *, *, #10983, .F. ) ;
#10020 = DIRECTION ( 'NONE',  ( 0.000000000000000000, -1.000000000000000000, 0.000000000000000000 ) ) ;
#10021 = DIRECTION ( 'NONE',  ( -0.1710878697460329056, -0.9702875252478149193, 0.1710878697460329056 ) ) ;
#10022 = SURFACE_STYLE_USAGE ( .BOTH. , #8809 ) ;
#10023 =( NAMED_UNIT ( * ) PLANE_ANGLE_UNIT ( ) SI_UNIT ( $, .RADIAN. ) );
#10024 = VECTOR ( 'NONE', #6822, 1000.000000000000000 ) ;
#10025 = EDGE_LOOP ( 'NONE', ( #8821, #11884, #6650, #10511 ) ) ;
#10026 = UNCERTAINTY_MEASURE_WITH_UNIT (LENGTH_MEASURE( 1.000000000000000082E-05 ), #5966, 'distance_accuracy_value', 'NONE');
#10027 =( GEOMETRIC_REPRESENTATION_CONTEXT ( 3 ) GLOBAL_UNCERTAINTY_ASSIGNED_CONTEXT ( ( #11986 ) ) GLOBAL_UNIT_ASSIGNED_CONTEXT ( ( #5837, #3942, #9694 ) ) REPRESENTATION_CONTEXT ( 'NONE', 'WORKASPACE' ) );
#10028 = PLANE ( 'NONE',  #4416 ) ;
#10029 = CARTESIAN_POINT ( 'NONE',  ( 2.603896141848203616, -7.508946911517773160, 0.01000000000000000021 ) ) ;
#10030 = SURFACE_SIDE_STYLE ('',( #6225 ) ) ;
#10031 = PRESENTATION_LAYER_ASSIGNMENT (  '', '', ( #2931 ) ) ;
#10032 = CARTESIAN_POINT ( 'NONE',  ( 0.9999999999999961142, -7.419999999999999929, -0.5000000000000000000 ) ) ;
#10033 = VECTOR ( 'NONE', #5128, 999.9999999999998863 ) ;
#10034 = ORIENTED_EDGE ( 'NONE', *, *, #10843, .T. ) ;
#10035 = ORIENTED_EDGE ( 'NONE', *, *, #5904, .F. ) ;
#10036 = EDGE_CURVE ( 'NONE', #1310, #1307, #6032, .T. ) ;
#10037 = DIRECTION ( 'NONE',  ( -0.000000000000000000, -0.1736481776669307198, -0.9848077530122080203 ) ) ;
#10038 = EDGE_CURVE ( 'NONE', #7402, #2875, #12084, .T. ) ;
#10039 = CARTESIAN_POINT ( 'NONE',  ( 5.524999999999987921, -3.614999999999999769, -0.01000000000000000021 ) ) ;
#10040 = CARTESIAN_POINT ( 'NONE',  ( -0.1282921838072741683, -7.594529676406588159, 6.776263578034402713E-18 ) ) ;
#10041 = SURFACE_SIDE_STYLE ('',( #2235 ) ) ;
#10042 = CARTESIAN_POINT ( 'NONE',  ( 2.121951219512192566, -7.492330107313643239, 0.01000000000000000021 ) ) ;
#10043 = CARTESIAN_POINT ( 'NONE',  ( 0.6629005727039893880, -8.411044711878288282, 0.01000000000000000021 ) ) ;
#10044 = ORIENTED_EDGE ( 'NONE', *, *, #6681, .T. ) ;
#10045 = FILL_AREA_STYLE_COLOUR ( '', #5989 ) ;
#10046 = SURFACE_SIDE_STYLE ('',( #7050 ) ) ;
#10047 = EDGE_CURVE ( 'NONE', #10658, #5175, #7981, .T. ) ;
#10048 =( GEOMETRIC_REPRESENTATION_CONTEXT ( 3 ) GLOBAL_UNCERTAINTY_ASSIGNED_CONTEXT ( ( #8113 ) ) GLOBAL_UNIT_ASSIGNED_CONTEXT ( ( #12286, #2806, #2685 ) ) REPRESENTATION_CONTEXT ( 'NONE', 'WORKASPACE' ) );
#10049 = VECTOR ( 'NONE', #6748, 999.9999999999998863 ) ;
#10050 = EDGE_LOOP ( 'NONE', ( #7430, #12261, #7588, #6733, #6535, #7910, #12439, #7517 ) ) ;
#10051 = VERTEX_POINT ( 'NONE', #6967 ) ;
#10052 =( NAMED_UNIT ( * ) PLANE_ANGLE_UNIT ( ) SI_UNIT ( $, .RADIAN. ) );
#10053 = LINE ( 'NONE', #4236, #9280 ) ;
#10054 = CARTESIAN_POINT ( 'NONE',  ( 2.448410314753104000, -8.475941918624160465, 6.776263578034402713E-18 ) ) ;
#10055 = ORIENTED_EDGE ( 'NONE', *, *, #2425, .F. ) ;
#10056 = VERTEX_POINT ( 'NONE', #4147 ) ;
#10057 = CARTESIAN_POINT ( 'NONE',  ( 1.729999999999999316, -1.420000000000001039, 3.199999999999999734 ) ) ;
#10058 = PRESENTATION_LAYER_ASSIGNMENT (  '', '', ( #3154 ) ) ;
#10059 = DIRECTION ( 'NONE',  ( -1.000000000000000000, -1.596371296911168195E-16, 0.000000000000000000 ) ) ;
#10060 = CARTESIAN_POINT ( 'NONE',  ( -3.325000000000000178, -3.470000000000001528, 0.9299999999999991607 ) ) ;
#10061 = VECTOR ( 'NONE', #11654, 1000.000000000000000 ) ;
#10062 = CARTESIAN_POINT ( 'NONE',  ( 2.634706780220303024, -8.261899878878786296, 0.01000000000000000021 ) ) ;
#10063 = ORIENTED_EDGE ( 'NONE', *, *, #6389, .F. ) ;
#10064 = CARTESIAN_POINT ( 'NONE',  ( 1.195121951219509704, -8.464891082923399424, 0.01000000000000000021 ) ) ;
#10065 = ADVANCED_FACE ( 'NONE', ( #1160 ), #7926, .T. ) ;
#10066 = VECTOR ( 'NONE', #7904, 1000.000000000000000 ) ;
#10067 = ORIENTED_EDGE ( 'NONE', *, *, #1143, .T. ) ;
#10068 =( NAMED_UNIT ( * ) SI_UNIT ( $, .STERADIAN. ) SOLID_ANGLE_UNIT ( ) );
#10069 = DIRECTION ( 'NONE',  ( -0.000000000000000000, -0.000000000000000000, -1.000000000000000000 ) ) ;
#10070 = CARTESIAN_POINT ( 'NONE',  ( -0.1269054878048807011, -7.586842302435594654, 0.000000000000000000 ) ) ;
#10071 = ORIENTED_EDGE ( 'NONE', *, *, #1317, .F. ) ;
#10072 = CARTESIAN_POINT ( 'NONE',  ( 2.507191975558292540, -7.589601254141608244, 6.776263578034402713E-18 ) ) ;
#10073 = PRESENTATION_LAYER_ASSIGNMENT (  '', '', ( #1746 ) ) ;
#10074 = CARTESIAN_POINT ( 'NONE',  ( 2.383631664902990721, -8.476928201064225732, 6.776263578034402713E-18 ) ) ;
#10075 = CARTESIAN_POINT ( 'NONE',  ( 1.749999999999996225, -0.9700000000000014166, 3.360000000000000320 ) ) ;
#10076 = COLOUR_RGB ( '',0.6470588235294117974, 0.6196078431372549211, 0.5882352941176470784 ) ;
#10077 = VECTOR ( 'NONE', #8732, 1000.000000000000000 ) ;
#10078 = EDGE_CURVE ( 'NONE', #7579, #6660, #6279, .T. ) ;
#10079 = DIRECTION ( 'NONE',  ( 0.000000000000000000, 1.000000000000000000, 1.445602896647339311E-15 ) ) ;
#10080 = VECTOR ( 'NONE', #9276, 1000.000000000000000 ) ;
#10081 = AXIS2_PLACEMENT_3D ( 'NONE', #478, #12194, #2598 ) ;
#10082 = SURFACE_STYLE_USAGE ( .BOTH. , #335 ) ;
#10083 = VECTOR ( 'NONE', #92, 1000.000000000000000 ) ;
#10084 = VECTOR ( 'NONE', #6952, 1000.000000000000000 ) ;
#10085 = VECTOR ( 'NONE', #8311, 1000.000000000000000 ) ;
#10086 = ORIENTED_EDGE ( 'NONE', *, *, #3657, .F. ) ;
#10087 = CARTESIAN_POINT ( 'NONE',  ( 0.9999999999999961142, -0.9700000000000024158, -0.5000000000000000000 ) ) ;
#10088 = DIRECTION ( 'NONE',  ( 2.711582832752521336E-16, 0.000000000000000000, 1.000000000000000000 ) ) ;
#10089 = VECTOR ( 'NONE', #3168, 1000.000000000000000 ) ;
#10090 = DIRECTION ( 'NONE',  ( 0.000000000000000000, -0.000000000000000000, -1.000000000000000000 ) ) ;
#10091 = CARTESIAN_POINT ( 'NONE',  ( 2.708061749045526767, -8.136923321067310866, 0.000000000000000000 ) ) ;
#10092 =( NAMED_UNIT ( * ) SI_UNIT ( $, .STERADIAN. ) SOLID_ANGLE_UNIT ( ) );
#10093 = CARTESIAN_POINT ( 'NONE',  ( 1.899999999999996136, -0.9700000000000014166, 2.560317866458142966 ) ) ;
#10094 = ORIENTED_EDGE ( 'NONE', *, *, #9964, .F. ) ;
#10095 = CARTESIAN_POINT ( 'NONE',  ( 2.255139263101265890, -8.463213538428311367, 0.01000000000000000021 ) ) ;
#10096 = DIRECTION ( 'NONE',  ( 0.000000000000000000, 0.000000000000000000, -1.000000000000000000 ) ) ;
#10097 = DIRECTION ( 'NONE',  ( -1.000000000000000000, 2.168404344971008868E-16, 0.000000000000000000 ) ) ;
#10098 = SURFACE_STYLE_USAGE ( .BOTH. , #10842 ) ;
#10099 = ORIENTED_EDGE ( 'NONE', *, *, #7717, .F. ) ;
#10100 = ORIENTED_EDGE ( 'NONE', *, *, #1825, .T. ) ;
#10101 = VECTOR ( 'NONE', #11020, 1000.000000000000000 ) ;
#10102 = PLANE ( 'NONE',  #11258 ) ;
#10103 = LINE ( 'NONE', #10907, #8959 ) ;
#10104 = PLANE ( 'NONE',  #10622 ) ;
#10105 = DIRECTION ( 'NONE',  ( 0.000000000000000000, 0.000000000000000000, -1.000000000000000000 ) ) ;
#10106 = VERTEX_POINT ( 'NONE', #6521 ) ;
#10107 = FACE_OUTER_BOUND ( 'NONE', #6367, .T. ) ;
#10108 = AXIS2_PLACEMENT_3D ( 'NONE', #11642, #10592, #6599 ) ;
#10109 = EDGE_CURVE ( 'NONE', #9669, #11566, #12182, .T. ) ;
#10110 = EDGE_LOOP ( 'NONE', ( #10191, #9329, #10426, #3835 ) ) ;
#10111 = FILL_AREA_STYLE ('',( #4172 ) ) ;
#10112 = CARTESIAN_POINT ( 'NONE',  ( -3.325000000000000178, 0.4299999999999984945, 2.860000000000000764 ) ) ;
#10113 = CARTESIAN_POINT ( 'NONE',  ( 2.865541110044779405, -8.001876877888548734, 0.01000000000000000021 ) ) ;
#10114 = VERTEX_POINT ( 'NONE', #11136 ) ;
#10115 = ADVANCED_FACE ( 'NONE', ( #1699 ), #3346, .T. ) ;
#10116 = VECTOR ( 'NONE', #1340, 1000.000000000000000 ) ;
#10117 = ORIENTED_EDGE ( 'NONE', *, *, #9178, .F. ) ;
#10118 = FACE_OUTER_BOUND ( 'NONE', #5000, .T. ) ;
#10119 = CARTESIAN_POINT ( 'NONE',  ( -2.575000000000001954, 1.029999999999999138, 2.529999999999999361 ) ) ;
#10120 = CARTESIAN_POINT ( 'NONE',  ( 2.582060473926105271, -8.308358991311452613, 0.01000000000000000021 ) ) ;
#10121 = MECHANICAL_DESIGN_GEOMETRIC_PRESENTATION_REPRESENTATION (  '', ( #8479 ), #10513 ) ;
#10122 = ORIENTED_EDGE ( 'NONE', *, *, #9586, .T. ) ;
#10123 =( LENGTH_UNIT ( ) NAMED_UNIT ( * ) SI_UNIT ( .MILLI., .METRE. ) );
#10124 = CARTESIAN_POINT ( 'NONE',  ( 3.350000000000000977, -0.4700000000000016387, 3.360000000000000320 ) ) ;
#10125 = ADVANCED_FACE ( 'NONE', ( #5537 ), #1643, .F. ) ;
#10126 = EDGE_CURVE ( 'NONE', #344, #993, #9816, .T. ) ;
#10127 = VERTEX_POINT ( 'NONE', #1015 ) ;
#10128 = FILL_AREA_STYLE ('',( #3397 ) ) ;
#10129 = STYLED_ITEM ( 'NONE', ( #2900 ), #12228 ) ;
#10130 = PRESENTATION_LAYER_ASSIGNMENT (  '', '', ( #2229 ) ) ;
#10131 = ADVANCED_FACE ( 'NONE', ( #4762 ), #1758, .F. ) ;
#10132 = ORIENTED_EDGE ( 'NONE', *, *, #7498, .F. ) ;
#10133 = UNCERTAINTY_MEASURE_WITH_UNIT (LENGTH_MEASURE( 1.000000000000000082E-05 ), #1827, 'distance_accuracy_value', 'NONE');
#10134 =( NAMED_UNIT ( * ) PLANE_ANGLE_UNIT ( ) SI_UNIT ( $, .RADIAN. ) );
#10135 = DIRECTION ( 'NONE',  ( 1.000000000000000000, 0.000000000000000000, 0.000000000000000000 ) ) ;
#10136 = DIRECTION ( 'NONE',  ( -2.168404344971008868E-16, -1.000000000000000000, 0.000000000000000000 ) ) ;
#10137 = DIRECTION ( 'NONE',  ( -1.000000000000000000, 0.000000000000000000, -0.000000000000000000 ) ) ;
#10138 = CARTESIAN_POINT ( 'NONE',  ( 2.342735427769417456, -8.366858966174987700, 0.01000000000000000021 ) ) ;
#10139 =( GEOMETRIC_REPRESENTATION_CONTEXT ( 3 ) GLOBAL_UNCERTAINTY_ASSIGNED_CONTEXT ( ( #11292 ) ) GLOBAL_UNIT_ASSIGNED_CONTEXT ( ( #7000, #4187, #383 ) ) REPRESENTATION_CONTEXT ( 'NONE', 'WORKASPACE' ) );
#10140 = SURFACE_STYLE_FILL_AREA ( #2515 ) ;
#10141 = CARTESIAN_POINT ( 'NONE',  ( 0.4102258999542249263, -8.113454890230364924, 0.000000000000000000 ) ) ;
#10142 = EDGE_CURVE ( 'NONE', #8374, #10766, #6754, .T. ) ;
#10143 = ORIENTED_EDGE ( 'NONE', *, *, #8405, .F. ) ;
#10144 = CARTESIAN_POINT ( 'NONE',  ( 0.9134908536585339967, -7.574647180484375575, 0.01000000000000000021 ) ) ;
#10145 = DIRECTION ( 'NONE',  ( 3.938574995911015039E-16, -1.000000000000000000, -0.000000000000000000 ) ) ;
#10146 = STYLED_ITEM ( 'NONE', ( #9122 ), #8720 ) ;
#10147 = DIRECTION ( 'NONE',  ( 1.348230680810990322E-16, -1.000000000000000000, 0.000000000000000000 ) ) ;
#10148 = FILL_AREA_STYLE_COLOUR ( '', #5499 ) ;
#10149 = CARTESIAN_POINT ( 'NONE',  ( 0.8500000000000009770, 1.029999999999998472, 3.859999999999999876 ) ) ;
#10150 = DIRECTION ( 'NONE',  ( 1.000000000000000000, 0.000000000000000000, -0.000000000000000000 ) ) ;
#10151 = VERTEX_POINT ( 'NONE', #8663 ) ;
#10152 = UNCERTAINTY_MEASURE_WITH_UNIT (LENGTH_MEASURE( 1.000000000000000082E-05 ), #2453, 'distance_accuracy_value', 'NONE');
#10153 = ORIENTED_EDGE ( 'NONE', *, *, #6687, .F. ) ;
#10154 = LINE ( 'NONE', #1475, #172 ) ;
#10155 =( NAMED_UNIT ( * ) PLANE_ANGLE_UNIT ( ) SI_UNIT ( $, .RADIAN. ) );
#10156 = DIRECTION ( 'NONE',  ( -2.168404344971008868E-16, -1.000000000000000000, 0.000000000000000000 ) ) ;
#10157 = EDGE_CURVE ( 'NONE', #11232, #380, #1945, .T. ) ;
#10158 = ORIENTED_EDGE ( 'NONE', *, *, #10279, .T. ) ;
#10159 = ORIENTED_EDGE ( 'NONE', *, *, #2526, .F. ) ;
#10160 = LINE ( 'NONE', #1483, #8637 ) ;
#10161 = UNCERTAINTY_MEASURE_WITH_UNIT (LENGTH_MEASURE( 1.000000000000000082E-05 ), #88, 'distance_accuracy_value', 'NONE');
#10162 = CARTESIAN_POINT ( 'NONE',  ( 1.792682926829265666, -7.903915473167301364, 0.000000000000000000 ) ) ;
#10163 = AXIS2_PLACEMENT_3D ( 'NONE', #2998, #297, #4108 ) ;
#10164 = CARTESIAN_POINT ( 'NONE',  ( 0.6629005727039893880, -8.411044711878288282, 6.776263578034402713E-18 ) ) ;
#10165 =( LENGTH_UNIT ( ) NAMED_UNIT ( * ) SI_UNIT ( .MILLI., .METRE. ) );
#10166 = CARTESIAN_POINT ( 'NONE',  ( 2.121951219512192566, -7.492330107313643239, 0.01000000000000000021 ) ) ;
#10167 = PRESENTATION_STYLE_ASSIGNMENT (( #5362 ) ) ;
#10168 = VECTOR ( 'NONE', #12094, 1000.000000000000000 ) ;
#10169 = ORIENTED_EDGE ( 'NONE', *, *, #12474, .F. ) ;
#10170 = DIRECTION ( 'NONE',  ( 1.000000000000000000, 0.000000000000000000, 0.000000000000000000 ) ) ;
#10171 = ORIENTED_EDGE ( 'NONE', *, *, #5631, .T. ) ;
#10172 = FILL_AREA_STYLE ('',( #3578 ) ) ;
#10173 = PRESENTATION_LAYER_ASSIGNMENT (  '', '', ( #10763 ) ) ;
#10174 = DIRECTION ( 'NONE',  ( -0.000000000000000000, 7.228014483236698528E-16, 1.000000000000000000 ) ) ;
#10175 = AXIS2_PLACEMENT_3D ( 'NONE', #4495, #4553, #12152 ) ;
#10176 = ORIENTED_EDGE ( 'NONE', *, *, #10406, .F. ) ;
#10177 = ORIENTED_EDGE ( 'NONE', *, *, #2701, .T. ) ;
#10178 = FILL_AREA_STYLE_COLOUR ( '', #8290 ) ;
#10179 = VERTEX_POINT ( 'NONE', #10 ) ;
#10180 = DIRECTION ( 'NONE',  ( -1.000000000000000000, -1.348230680810990322E-16, 0.000000000000000000 ) ) ;
#10181 = LINE ( 'NONE', #11849, #2060 ) ;
#10182 = CARTESIAN_POINT ( 'NONE',  ( -0.1076600609756123983, -7.656964253655107022, 0.01000000000000000021 ) ) ;
#10183 = VERTEX_POINT ( 'NONE', #8534 ) ;
#10184 = CARTESIAN_POINT ( 'NONE',  ( 2.677507697770846740, -8.204197667997512156, 6.776263578034402713E-18 ) ) ;
#10185 = LINE ( 'NONE', #1501, #5812 ) ;
#10186 = STYLED_ITEM ( 'NONE', ( #3609 ), #9807 ) ;
#10187 = CARTESIAN_POINT ( 'NONE',  ( 1.249999999999996225, -0.4700000000000014722, 2.560317866458142966 ) ) ;
#10188 = ORIENTED_EDGE ( 'NONE', *, *, #6933, .F. ) ;
#10189 = DIRECTION ( 'NONE',  ( 1.000000000000000000, 0.000000000000000000, -0.000000000000000000 ) ) ;
#10190 = DIRECTION ( 'NONE',  ( 1.000000000000000000, 1.596371296911168195E-16, -5.321237656370561062E-17 ) ) ;
#10191 = ORIENTED_EDGE ( 'NONE', *, *, #11404, .T. ) ;
#10192 = CARTESIAN_POINT ( 'NONE',  ( -0.1076600609756123983, -7.656964253655107022, 0.01000000000000000021 ) ) ;
#10193 = CARTESIAN_POINT ( 'NONE',  ( 2.706377465836589113, -7.805464606195375410, 0.01000000000000000021 ) ) ;
#10194 = CARTESIAN_POINT ( 'NONE',  ( 2.289654194974143131, -7.454982414738263508, 0.01000000000000000021 ) ) ;
#10195 = EDGE_CURVE ( 'NONE', #8804, #4552, #5836, .T. ) ;
#10196 = ADVANCED_FACE ( 'NONE', ( #9693 ), #4886, .T. ) ;
#10197 = CARTESIAN_POINT ( 'NONE',  ( 1.926829268292680197, -8.464891082923399424, 0.000000000000000000 ) ) ;
#10198 = LINE ( 'NONE', #4450, #3970 ) ;
#10199 = CARTESIAN_POINT ( 'NONE',  ( 2.397103658536582582, -8.477086204874618502, 0.000000000000000000 ) ) ;
#10200 = EDGE_CURVE ( 'NONE', #6162, #6739, #266, .T. ) ;
#10201 = VECTOR ( 'NONE', #8573, 1000.000000000000000 ) ;
#10202 = CARTESIAN_POINT ( 'NONE',  ( 3.329268292682923569, -7.464891082923399424, 0.01000000000000000021 ) ) ;
#10203 = VECTOR ( 'NONE', #9077, 1000.000000000000000 ) ;
#10204 = CARTESIAN_POINT ( 'NONE',  ( 0.3500000000000013656, -0.4700000000000016387, 3.360000000000000320 ) ) ;
#10205 =( NAMED_UNIT ( * ) PLANE_ANGLE_UNIT ( ) SI_UNIT ( $, .RADIAN. ) );
#10206 = CARTESIAN_POINT ( 'NONE',  ( 2.378620426829265444, -8.367330107313643239, 0.01000000000000000021 ) ) ;
#10207 = ADVANCED_FACE ( 'NONE', ( #11932 ), #5195, .T. ) ;
#10208 = VECTOR ( 'NONE', #8475, 1000.000000000000000 ) ;
#10209 = CARTESIAN_POINT ( 'NONE',  ( 6.324999999999997513, -7.419999999999996376, 0.9299999999999996048 ) ) ;
#10210 = SURFACE_STYLE_USAGE ( .BOTH. , #648 ) ;
#10211 = CARTESIAN_POINT ( 'NONE',  ( -0.1225000760641315189, -7.593963194723815313, -0.000000000000000000 ) ) ;
#10212 = CARTESIAN_POINT ( 'NONE',  ( 7.624999999999998224, 2.412377184995496471E-15, -2.724999999999989875 ) ) ;
#10213 = ORIENTED_EDGE ( 'NONE', *, *, #1400, .F. ) ;
#10214 = EDGE_LOOP ( 'NONE', ( #7320, #5561, #4673, #9812 ) ) ;
#10215 = CARTESIAN_POINT ( 'NONE',  ( -7.806255641895631925E-15, -7.419999999999999929, 0.000000000000000000 ) ) ;
#10216 = DIRECTION ( 'NONE',  ( -0.000000000000000000, -1.000000000000000000, 2.861335727341666912E-17 ) ) ;
#10217 = VECTOR ( 'NONE', #455, 1000.000000000000000 ) ;
#10218 = CARTESIAN_POINT ( 'NONE',  ( 0.7914018464903549432, -8.341025484806616319, 6.776263578034402713E-18 ) ) ;
#10219 = SURFACE_STYLE_FILL_AREA ( #11209 ) ;
#10220 = VECTOR ( 'NONE', #5196, 1000.000000000000000 ) ;
#10221 = PRESENTATION_STYLE_ASSIGNMENT (( #8246 ) ) ;
#10222 = FILL_AREA_STYLE_COLOUR ( '', #9140 ) ;
#10223 = CARTESIAN_POINT ( 'NONE',  ( 0.4474317479245573659, -8.207221350418587136, 0.01000000000000000021 ) ) ;
#10224 = ORIENTED_EDGE ( 'NONE', *, *, #1512, .F. ) ;
#10225 = EDGE_CURVE ( 'NONE', #2184, #5811, #7852, .T. ) ;
#10226 = CARTESIAN_POINT ( 'NONE',  ( -8.577962312940892176, -3.470000000000001528, 2.529999999999998916 ) ) ;
#10227 = COLOUR_RGB ( '',0.6470588235294117974, 0.6196078431372549211, 0.5882352941176470784 ) ;
#10228 = VERTEX_POINT ( 'NONE', #4071 ) ;
#10229 =( LENGTH_UNIT ( ) NAMED_UNIT ( * ) SI_UNIT ( .MILLI., .METRE. ) );
#10230 = LINE ( 'NONE', #8500, #2981 ) ;
#10231 = VECTOR ( 'NONE', #7960, 1000.000000000000000 ) ;
#10232 = ORIENTED_EDGE ( 'NONE', *, *, #11782, .T. ) ;
#10233 = VERTEX_POINT ( 'NONE', #5959 ) ;
#10234 = VERTEX_POINT ( 'NONE', #6079 ) ;
#10235 = DIRECTION ( 'NONE',  ( -1.000000000000000000, -0.000000000000000000, 0.000000000000000000 ) ) ;
#10236 = DIRECTION ( 'NONE',  ( 1.000000000000000000, 3.938574995911015039E-16, -0.000000000000000000 ) ) ;
#10237 =( LENGTH_UNIT ( ) NAMED_UNIT ( * ) SI_UNIT ( .MILLI., .METRE. ) );
#10238 = PRESENTATION_LAYER_ASSIGNMENT (  '', '', ( #4785 ) ) ;
#10239 = VERTEX_POINT ( 'NONE', #7915 ) ;
#10240 = CARTESIAN_POINT ( 'NONE',  ( 2.609376231865948359, -8.286635530988940346, 0.01000000000000000021 ) ) ;
#10241 = EDGE_LOOP ( 'NONE', ( #8112, #11220, #394, #2295, #3599 ) ) ;
#10242 = SURFACE_STYLE_USAGE ( .BOTH. , #7464 ) ;
#10243 = STYLED_ITEM ( 'NONE', ( #7598 ), #10353 ) ;
#10244 = DIRECTION ( 'NONE',  ( 0.000000000000000000, -1.000000000000000000, 0.000000000000000000 ) ) ;
#10245 = DIRECTION ( 'NONE',  ( -0.000000000000000000, 1.000000000000000000, 0.000000000000000000 ) ) ;
#10246 = ORIENTED_EDGE ( 'NONE', *, *, #6393, .T. ) ;
#10247 = CARTESIAN_POINT ( 'NONE',  ( -2.224999999999990763, -4.885000000000001563, -0.01000000000000000021 ) ) ;
#10248 = CARTESIAN_POINT ( 'NONE',  ( 2.731361002593722720, -7.960115723687898104, 0.01000000000000000021 ) ) ;
#10249 = CARTESIAN_POINT ( 'NONE',  ( 2.257906917846106865, -7.457866123456419416, 6.776263578034402713E-18 ) ) ;
#10250 = CARTESIAN_POINT ( 'NONE',  ( 4.927962312940882939, -0.9700000000000019718, 1.329999999999998739 ) ) ;
#10251 = CARTESIAN_POINT ( 'NONE',  ( 2.281243180059471243, -8.468624544928847087, 0.01000000000000000021 ) ) ;
#10252 =( LENGTH_UNIT ( ) NAMED_UNIT ( * ) SI_UNIT ( .MILLI., .METRE. ) );
#10253 = PLANE ( 'NONE',  #7004 ) ;
#10254 = VECTOR ( 'NONE', #4997, 1000.000000000000000 ) ;
#10255 = PRESENTATION_LAYER_ASSIGNMENT (  '', '', ( #6008 ) ) ;
#10256 = PRESENTATION_STYLE_ASSIGNMENT (( #3411 ) ) ;
#10257 = ADVANCED_FACE ( 'NONE', ( #4260 ), #4950, .F. ) ;
#10258 =( GEOMETRIC_REPRESENTATION_CONTEXT ( 3 ) GLOBAL_UNCERTAINTY_ASSIGNED_CONTEXT ( ( #1261 ) ) GLOBAL_UNIT_ASSIGNED_CONTEXT ( ( #6449, #12361, #2755 ) ) REPRESENTATION_CONTEXT ( 'NONE', 'WORKASPACE' ) );
#10259 = B_SPLINE_CURVE_WITH_KNOTS ( 'NONE', 3,
 ( #9834, #7864, #12440, #2907, #3951, #9770, #2971, #5025, #8871, #9701, #215 ),
 .UNSPECIFIED., .F., .F.,
 ( 4, 1, 1, 1, 1, 1, 1, 1, 4 ),
 ( 0.000000000000000000, 0.1252796967356261393, 0.2494199707420516610, 0.3733567994928201905, 0.4966812787822852959, 0.6202029157439817864, 0.7450863201614557063, 0.8712691950190974977, 1.000000000000000000 ),
 .UNSPECIFIED. ) ;
#10260 = CARTESIAN_POINT ( 'NONE',  ( 1.390243902439021628, -8.355134985362424160, 0.01000000000000000021 ) ) ;
#10261 = PRESENTATION_LAYER_ASSIGNMENT (  '', '', ( #9249 ) ) ;
#10262 =( NAMED_UNIT ( * ) PLANE_ANGLE_UNIT ( ) SI_UNIT ( $, .RADIAN. ) );
#10263 = UNCERTAINTY_MEASURE_WITH_UNIT (LENGTH_MEASURE( 1.000000000000000082E-05 ), #2918, 'distance_accuracy_value', 'NONE');
#10264 = EDGE_CURVE ( 'NONE', #8383, #11162, #11184, .T. ) ;
#10265 = CARTESIAN_POINT ( 'NONE',  ( 4.269999999999999574, -1.420000000000001039, 0.6599999999999995870 ) ) ;
#10266 =( GEOMETRIC_REPRESENTATION_CONTEXT ( 3 ) GLOBAL_UNCERTAINTY_ASSIGNED_CONTEXT ( ( #6948 ) ) GLOBAL_UNIT_ASSIGNED_CONTEXT ( ( #4278, #5973, #6099 ) ) REPRESENTATION_CONTEXT ( 'NONE', 'WORKASPACE' ) );
#10267 = EDGE_CURVE ( 'NONE', #10373, #12259, #7213, .T. ) ;
#10268 =( NAMED_UNIT ( * ) PLANE_ANGLE_UNIT ( ) SI_UNIT ( $, .RADIAN. ) );
#10269 = SURFACE_STYLE_USAGE ( .BOTH. , #3485 ) ;
#10270 = LINE ( 'NONE', #645, #1899 ) ;
#10271 = PLANE ( 'NONE',  #4920 ) ;
#10272 = STYLED_ITEM ( 'NONE', ( #9603 ), #534 ) ;
#10273 = VECTOR ( 'NONE', #2718, 1000.000000000000000 ) ;
#10274 = UNCERTAINTY_MEASURE_WITH_UNIT (LENGTH_MEASURE( 1.000000000000000082E-05 ), #9259, 'distance_accuracy_value', 'NONE');
#10275 = VECTOR ( 'NONE', #286, 1000.000000000000000 ) ;
#10276 = COLOUR_RGB ( '',0.6470588235294117974, 0.6196078431372549211, 0.5882352941176470784 ) ;
#10277 = DIRECTION ( 'NONE',  ( 0.000000000000000000, 1.734723475976807341E-16, 1.000000000000000000 ) ) ;
#10278 = MECHANICAL_DESIGN_GEOMETRIC_PRESENTATION_REPRESENTATION (  '', ( #5228 ), #7655 ) ;
#10279 = EDGE_CURVE ( 'NONE', #7642, #505, #1457, .T. ) ;
#10280 = EDGE_CURVE ( 'NONE', #7451, #2848, #11241, .T. ) ;
#10281 = FILL_AREA_STYLE_COLOUR ( '', #1703 ) ;
#10282 =( NAMED_UNIT ( * ) SI_UNIT ( $, .STERADIAN. ) SOLID_ANGLE_UNIT ( ) );
#10283 = AXIS2_PLACEMENT_3D ( 'NONE', #8892, #6109, #10965 ) ;
#10284 = CARTESIAN_POINT ( 'NONE',  ( 1.249999999999996225, -0.9700000000000014166, 1.299682133541857576 ) ) ;
#10285 = COLOUR_RGB ( '',0.6470588235294117974, 0.6196078431372549211, 0.5882352941176470784 ) ;
#10286 = ORIENTED_EDGE ( 'NONE', *, *, #7717, .T. ) ;
#10287 = PRESENTATION_STYLE_ASSIGNMENT (( #6410 ) ) ;
#10288 = EDGE_CURVE ( 'NONE', #9327, #12337, #1577, .T. ) ;
#10289 = ORIENTED_EDGE ( 'NONE', *, *, #6394, .F. ) ;
#10290 = ADVANCED_FACE ( 'NONE', ( #6451 ), #573, .F. ) ;
#10291 =( NAMED_UNIT ( * ) SI_UNIT ( $, .STERADIAN. ) SOLID_ANGLE_UNIT ( ) );
#10292 = CARTESIAN_POINT ( 'NONE',  ( 0.5254059328075832980, -8.000444470004596909, 0.01000000000000000021 ) ) ;
#10293 = DIRECTION ( 'NONE',  ( -1.000000000000000000, -0.000000000000000000, -0.000000000000000000 ) ) ;
#10294 = CARTESIAN_POINT ( 'NONE',  ( 0.5247353599228331555, -7.970555636622515649, -0.000000000000000000 ) ) ;
#10295 = DIRECTION ( 'NONE',  ( 0.000000000000000000, 0.000000000000000000, 1.000000000000000000 ) ) ;
#10296 =( NAMED_UNIT ( * ) SI_UNIT ( $, .STERADIAN. ) SOLID_ANGLE_UNIT ( ) );
#10297 = B_SPLINE_CURVE_WITH_KNOTS ( 'NONE', 3,
 ( #9382, #10211, #12257, #3490, #10393, #2649, #6582 ),
 .UNSPECIFIED., .F., .F.,
 ( 4, 1, 1, 1, 4 ),
 ( 0.000000000000000000, 0.3005411131585096762, 0.5677471464835994741, 0.8000336137369805645, 1.000000000000000000 ),
 .UNSPECIFIED. ) ;
#10298 = ORIENTED_EDGE ( 'NONE', *, *, #10433, .F. ) ;
#10299 = VERTEX_POINT ( 'NONE', #11124 ) ;
#10300 = CARTESIAN_POINT ( 'NONE',  ( -2.524999999999991029, -6.170000000000001705, 3.000000000000000000 ) ) ;
#10301 = LINE ( 'NONE', #1783, #6631 ) ;
#10302 = AXIS2_PLACEMENT_3D ( 'NONE', #2917, #9715, #7169 ) ;
#10303 = PLANE ( 'NONE',  #3843 ) ;
#10304 = ORIENTED_EDGE ( 'NONE', *, *, #8026, .F. ) ;
#10305 = B_SPLINE_SURFACE_WITH_KNOTS ( 'NONE', 3, 1, ( 
 ( #12364, #3744 ),
 ( #10688, #2950 ),
 ( #7604, #8719 ),
 ( #2010, #5894 ),
 ( #1075, #4944 ),
 ( #6573, #2833 ),
 ( #5651, #11423 ) ),
 .UNSPECIFIED., .F., .F., .F.,
 ( 4, 1, 1, 1, 4 ),
 ( 2, 2 ),
 ( 0.000000000000000000, 0.3005411131585096762, 0.5677471464835994741, 0.8000336137369805645, 1.000000000000000000 ),
 ( 0.000000000000000000, 1.000000000000000000 ),
 .UNSPECIFIED. ) ;
#10306 = VERTEX_POINT ( 'NONE', #8339 ) ;
#10307 =( LENGTH_UNIT ( ) NAMED_UNIT ( * ) SI_UNIT ( .MILLI., .METRE. ) );
#10308 = EDGE_CURVE ( 'NONE', #11217, #309, #9176, .T. ) ;
#10309 = VERTEX_POINT ( 'NONE', #2449 ) ;
#10310 = CARTESIAN_POINT ( 'NONE',  ( -0.1399229991640932591, 1.029999999999998472, 2.860000000000000320 ) ) ;
#10311 = PLANE ( 'NONE',  #3702 ) ;
#10312 = STYLED_ITEM ( 'NONE', ( #6542 ), #3576 ) ;
#10313 = CARTESIAN_POINT ( 'NONE',  ( -0.1951219512195148664, -7.464891082923399424, 0.000000000000000000 ) ) ;
#10314 = DIRECTION ( 'NONE',  ( -1.000000000000000000, 0.000000000000000000, 0.000000000000000000 ) ) ;
#10315 = VERTEX_POINT ( 'NONE', #12170 ) ;
#10316 = CARTESIAN_POINT ( 'NONE',  ( 0.5303112104692054851, -7.866898323406460669, 0.01000000000000000021 ) ) ;
#10317 = SHAPE_DEFINITION_REPRESENTATION ( #4241, #10495 ) ;
#10318 = PLANE ( 'NONE',  #5418 ) ;
#10319 = VERTEX_POINT ( 'NONE', #9114 ) ;
#10320 = CARTESIAN_POINT ( 'NONE',  ( -7.806255641895631925E-15, -7.419999999999999929, 0.000000000000000000 ) ) ;
#10321 = CARTESIAN_POINT ( 'NONE',  ( 2.650000000000000799, 0.5299999999999988054, 3.859999999999999876 ) ) ;
#10322 = EDGE_CURVE ( 'NONE', #6885, #2421, #3534, .T. ) ;
#10323 = DIRECTION ( 'NONE',  ( 0.000000000000000000, 1.000000000000000000, 1.445602896647339311E-15 ) ) ;
#10324 = VERTEX_POINT ( 'NONE', #4321 ) ;
#10325 = CARTESIAN_POINT ( 'NONE',  ( -7.806255641895631925E-15, -7.419999999999999929, -0.5000000000000000000 ) ) ;
#10326 = CARTESIAN_POINT ( 'NONE',  ( 2.717736965080959965, -7.844601930064511564, 0.01000000000000000021 ) ) ;
#10327 = CARTESIAN_POINT ( 'NONE',  ( 0.3199999999999999512, -0.4700000000000016387, -1.495982857385225102E-31 ) ) ;
#10328 = DIRECTION ( 'NONE',  ( 1.162683294890621319E-16, -1.000000000000000000, 0.000000000000000000 ) ) ;
#10329 = CARTESIAN_POINT ( 'NONE',  ( 0.5840583680494039198, -7.723445733085000597, 0.01000000000000000021 ) ) ;
#10331 = COLOUR_RGB ( '',0.6470588235294117974, 0.6196078431372549211, 0.5882352941176470784 ) ;
#10330 = DIRECTION ( 'NONE',  ( 1.000000000000000000, 0.000000000000000000, 0.000000000000000000 ) ) ;
#10332 = SURFACE_SIDE_STYLE ('',( #2636 ) ) ;
#10333 = AXIS2_PLACEMENT_3D ( 'NONE', #174, #107, #6923 ) ;
#10334 = DIRECTION ( 'NONE',  ( -0.000000000000000000, -0.000000000000000000, -1.000000000000000000 ) ) ;
#10335 = CARTESIAN_POINT ( 'NONE',  ( 0.4474317479245573659, -8.207221350418587136, 0.000000000000000000 ) ) ;
#10336 = DIRECTION ( 'NONE',  ( -1.000000000000000000, 0.000000000000000000, 0.000000000000000000 ) ) ;
#10337 = CARTESIAN_POINT ( 'NONE',  ( 5.224999999999986322, -6.170000000000001705, 2.929999999999998828 ) ) ;
#10338 = PLANE ( 'NONE',  #3960 ) ;
#10339 = SURFACE_SIDE_STYLE ('',( #5657 ) ) ;
#10340 = PRESENTATION_LAYER_ASSIGNMENT (  '', '', ( #9322 ) ) ;
#10341 = DIRECTION ( 'NONE',  ( 1.000000000000000000, 0.000000000000000000, 0.000000000000000000 ) ) ;
#10342 = SURFACE_STYLE_USAGE ( .BOTH. , #3690 ) ;
#10343 = COLOUR_RGB ( '',0.2235294117647058654, 0.2235294117647058654, 0.2235294117647058654 ) ;
#10344 = ORIENTED_EDGE ( 'NONE', *, *, #9261, .T. ) ;
#10345 = SURFACE_STYLE_USAGE ( .BOTH. , #12192 ) ;
#10346 = VERTEX_POINT ( 'NONE', #4449 ) ;
#10347 = CARTESIAN_POINT ( 'NONE',  ( 0.8665540110081393355, -8.463866049619092280, 6.776263578034402713E-18 ) ) ;
#10348 = SURFACE_STYLE_USAGE ( .BOTH. , #4411 ) ;
#10349 = EDGE_CURVE ( 'NONE', #3722, #4439, #6263, .T. ) ;
#10350 = CARTESIAN_POINT ( 'NONE',  ( 2.148511609012629275, -7.611042861736097009, 0.000000000000000000 ) ) ;
#10351 = EDGE_CURVE ( 'NONE', #11266, #8961, #8401, .T. ) ;
#10352 = AXIS2_PLACEMENT_3D ( 'NONE', #6963, #276, #7158 ) ;
#10353 = ADVANCED_FACE ( 'NONE', ( #12230 ), #3612, .F. ) ;
#10354 = ORIENTED_EDGE ( 'NONE', *, *, #9026, .T. ) ;
#10355 = CARTESIAN_POINT ( 'NONE',  ( 2.000000000000000888, -7.419999999999999929, -0.5000000000000000000 ) ) ;
#10356 = DIRECTION ( 'NONE',  ( 0.000000000000000000, 0.000000000000000000, -1.000000000000000000 ) ) ;
#10357 = PLANE ( 'NONE',  #209 ) ;
#10358 = EDGE_LOOP ( 'NONE', ( #5969, #10019, #9914, #6322 ) ) ;
#10359 = ORIENTED_EDGE ( 'NONE', *, *, #10560, .F. ) ;
#10360 = VECTOR ( 'NONE', #7909, 1000.000000000000000 ) ;
#10361 = ORIENTED_EDGE ( 'NONE', *, *, #762, .T. ) ;
#10362 = PLANE ( 'NONE',  #2074 ) ;
#10363 = LINE ( 'NONE', #5567, #8677 ) ;
#10364 = VERTEX_POINT ( 'NONE', #12297 ) ;
#10365 = CARTESIAN_POINT ( 'NONE',  ( -3.325000000000001066, -0.9700000000000020828, 0.4000000000000010214 ) ) ;
#10366 = CARTESIAN_POINT ( 'NONE',  ( 0.5504260061891312894, -7.789312601461663377, 0.01000000000000000021 ) ) ;
#10367 =( GEOMETRIC_REPRESENTATION_CONTEXT ( 3 ) GLOBAL_UNCERTAINTY_ASSIGNED_CONTEXT ( ( #10396 ) ) GLOBAL_UNIT_ASSIGNED_CONTEXT ( ( #106, #9792, #6789 ) ) REPRESENTATION_CONTEXT ( 'NONE', 'WORKASPACE' ) );
#10368 = EDGE_CURVE ( 'NONE', #493, #1136, #11603, .T. ) ;
#10369 = ORIENTED_EDGE ( 'NONE', *, *, #2367, .T. ) ;
#10370 = LINE ( 'NONE', #8393, #9408 ) ;
#10371 = STYLED_ITEM ( 'NONE', ( #4526 ), #2166 ) ;
#10372 = PLANE ( 'NONE',  #9326 ) ;
#10373 = VERTEX_POINT ( 'NONE', #11416 ) ;
#10374 = DIRECTION ( 'NONE',  ( 0.000000000000000000, 1.445602896647339311E-15, -1.000000000000000000 ) ) ;
#10375 = ORIENTED_EDGE ( 'NONE', *, *, #7786, .T. ) ;
#10376 = SURFACE_STYLE_FILL_AREA ( #6509 ) ;
#10377 = SURFACE_SIDE_STYLE ('',( #2925 ) ) ;
#10378 = DIRECTION ( 'NONE',  ( 0.000000000000000000, -1.452410541150706185E-31, -1.000000000000000000 ) ) ;
#10379 = VECTOR ( 'NONE', #10235, 1000.000000000000000 ) ;
#10380 = CARTESIAN_POINT ( 'NONE',  ( 0.5654985365492064542, -7.754858261514095297, 0.01000000000000000021 ) ) ;
#10381 = CARTESIAN_POINT ( 'NONE',  ( 2.865541110044779405, -8.001876877888548734, -0.000000000000000000 ) ) ;
#10382 = FACE_OUTER_BOUND ( 'NONE', #10483, .T. ) ;
#10383 = AXIS2_PLACEMENT_3D ( 'NONE', #4541, #9514, #4717 ) ;
#10384 = EDGE_CURVE ( 'NONE', #503, #8967, #6512, .T. ) ;
#10385 = CARTESIAN_POINT ( 'NONE',  ( -0.1236661585365880223, -7.586842302435594654, 0.01000000000000000021 ) ) ;
#10386 = DIRECTION ( 'NONE',  ( 0.000000000000000000, 0.000000000000000000, 1.000000000000000000 ) ) ;
#10387 = UNCERTAINTY_MEASURE_WITH_UNIT (LENGTH_MEASURE( 1.000000000000000082E-05 ), #828, 'distance_accuracy_value', 'NONE');
#10388 = SURFACE_STYLE_USAGE ( .BOTH. , #3750 ) ;
#10389 = DIRECTION ( 'NONE',  ( 0.000000000000000000, 0.000000000000000000, -1.000000000000000000 ) ) ;
#10390 =( LENGTH_UNIT ( ) NAMED_UNIT ( * ) SI_UNIT ( .MILLI., .METRE. ) );
#10391 = CARTESIAN_POINT ( 'NONE',  ( -2.524999999999990585, -2.170000000000001705, 3.000000000000000000 ) ) ;
#10392 = COLOUR_RGB ( '',0.2235294117647058654, 0.2235294117647058654, 0.2235294117647058654 ) ;
#10393 = CARTESIAN_POINT ( 'NONE',  ( -0.1124386205412706979, -7.642553940890580044, 0.000000000000000000 ) ) ;
#10394 = ORIENTED_EDGE ( 'NONE', *, *, #1143, .F. ) ;
#10395 = ORIENTED_EDGE ( 'NONE', *, *, #1217, .F. ) ;
#10396 = UNCERTAINTY_MEASURE_WITH_UNIT (LENGTH_MEASURE( 1.000000000000000082E-05 ), #106, 'distance_accuracy_value', 'NONE');
#10397 = CARTESIAN_POINT ( 'NONE',  ( 0.7593845927399616169, -8.446272652554636551, 0.01000000000000000021 ) ) ;
#10398 = FACE_OUTER_BOUND ( 'NONE', #8962, .T. ) ;
#10399 = CARTESIAN_POINT ( 'NONE',  ( 2.680000000000000160, 0.3200000000000001732, 0.3554264934286703870 ) ) ;
#10400 = FACE_BOUND ( 'NONE', #8870, .T. ) ;
#10401 = CARTESIAN_POINT ( 'NONE',  ( 5.575000000000005507, -0.4700000000000008060, 3.359999999999999876 ) ) ;
#10402 = ORIENTED_EDGE ( 'NONE', *, *, #456, .F. ) ;
#10403 =( NAMED_UNIT ( * ) SI_UNIT ( $, .STERADIAN. ) SOLID_ANGLE_UNIT ( ) );
#10404 = EDGE_LOOP ( 'NONE', ( #9737, #4142, #8229, #12359 ) ) ;
#10405 = DIRECTION ( 'NONE',  ( 0.000000000000000000, 1.000000000000000000, 0.000000000000000000 ) ) ;
#10406 = EDGE_CURVE ( 'NONE', #12205, #8222, #3673, .T. ) ;
#10407 =( NAMED_UNIT ( * ) PLANE_ANGLE_UNIT ( ) SI_UNIT ( $, .RADIAN. ) );
#10408 =( GEOMETRIC_REPRESENTATION_CONTEXT ( 3 ) GLOBAL_UNCERTAINTY_ASSIGNED_CONTEXT ( ( #8224 ) ) GLOBAL_UNIT_ASSIGNED_CONTEXT ( ( #1567, #3526, #7337 ) ) REPRESENTATION_CONTEXT ( 'NONE', 'WORKASPACE' ) );
#10409 = EDGE_CURVE ( 'NONE', #10816, #1669, #2758, .T. ) ;
#10410 = VERTEX_POINT ( 'NONE', #12420 ) ;
#10411 = ORIENTED_EDGE ( 'NONE', *, *, #1237, .T. ) ;
#10412 = FACE_OUTER_BOUND ( 'NONE', #2395, .T. ) ;
#10413 = UNCERTAINTY_MEASURE_WITH_UNIT (LENGTH_MEASURE( 1.000000000000000082E-05 ), #2003, 'distance_accuracy_value', 'NONE');
#10414 = ORIENTED_EDGE ( 'NONE', *, *, #8652, .T. ) ;
#10415 = PRESENTATION_STYLE_ASSIGNMENT (( #4554 ) ) ;
#10416 = ADVANCED_FACE ( 'NONE', ( #6627 ), #5751, .F. ) ;
#10417 = ORIENTED_EDGE ( 'NONE', *, *, #12461, .F. ) ;
#10418 = CARTESIAN_POINT ( 'NONE',  ( 0.3199999999999999512, 1.862871818038229543, -0.5000000000000000000 ) ) ;
#10419 = CARTESIAN_POINT ( 'NONE',  ( 0.5654985365492064542, -7.754858261514095297, 6.776263578034402713E-18 ) ) ;
#10420 = PRESENTATION_LAYER_ASSIGNMENT (  '', '', ( #12407 ) ) ;
#10421 =( GEOMETRIC_REPRESENTATION_CONTEXT ( 3 ) GLOBAL_UNCERTAINTY_ASSIGNED_CONTEXT ( ( #9260 ) ) GLOBAL_UNIT_ASSIGNED_CONTEXT ( ( #195, #5885, #5067 ) ) REPRESENTATION_CONTEXT ( 'NONE', 'WORKASPACE' ) );
#10422 = ORIENTED_EDGE ( 'NONE', *, *, #4897, .T. ) ;
#10423 = ADVANCED_FACE ( 'NONE', ( #9607 ), #5640, .T. ) ;
#10424 = PLANE ( 'NONE',  #11389 ) ;
#10425 = FACE_OUTER_BOUND ( 'NONE', #12034, .T. ) ;
#10426 = ORIENTED_EDGE ( 'NONE', *, *, #891, .F. ) ;
#10427 = DIRECTION ( 'NONE',  ( -0.1710878697460329056, 0.9702875252478149193, -0.1710878697460329056 ) ) ;
#10428 = VECTOR ( 'NONE', #3554, 1000.000000000000000 ) ;
#10429 = DIRECTION ( 'NONE',  ( -0.7071067811865463515, 0.7071067811865487940, -0.000000000000000000 ) ) ;
#10430 = ORIENTED_EDGE ( 'NONE', *, *, #2006, .T. ) ;
#10431 = SURFACE_SIDE_STYLE ('',( #9421 ) ) ;
#10432 = SURFACE_STYLE_FILL_AREA ( #11649 ) ;
#10433 = EDGE_CURVE ( 'NONE', #8190, #10675, #6941, .T. ) ;
#10434 = CARTESIAN_POINT ( 'NONE',  ( -8.577962312940892176, -2.170000000000001705, 2.529999999999998472 ) ) ;
#10435 = CARTESIAN_POINT ( 'NONE',  ( 6.324999999999997513, -7.420000000000000817, 0.4000000000000010214 ) ) ;
#10436 = DIRECTION ( 'NONE',  ( 1.000000000000000000, 0.000000000000000000, 0.000000000000000000 ) ) ;
#10437 = SURFACE_SIDE_STYLE ('',( #10731 ) ) ;
#10438 = PRESENTATION_LAYER_ASSIGNMENT (  '', '', ( #6198 ) ) ;
#10439 = FACE_OUTER_BOUND ( 'NONE', #8976, .T. ) ;
#10440 = CARTESIAN_POINT ( 'NONE',  ( -1.825000000000003730, -7.419999999999996376, 0.9999999999999997780 ) ) ;
#10441 =( LENGTH_UNIT ( ) NAMED_UNIT ( * ) SI_UNIT ( .MILLI., .METRE. ) );
#10442 = CARTESIAN_POINT ( 'NONE',  ( 5.524999999999986144, -2.170000000000001705, -0.01000000000000000021 ) ) ;
#10443 = ADVANCED_FACE ( 'NONE', ( #6001 ), #7062, .T. ) ;
#10444 =( GEOMETRIC_REPRESENTATION_CONTEXT ( 3 ) GLOBAL_UNCERTAINTY_ASSIGNED_CONTEXT ( ( #531 ) ) GLOBAL_UNIT_ASSIGNED_CONTEXT ( ( #11477, #1932, #7781 ) ) REPRESENTATION_CONTEXT ( 'NONE', 'WORKASPACE' ) );
#10445 = DIRECTION ( 'NONE',  ( 0.000000000000000000, -0.000000000000000000, 1.000000000000000000 ) ) ;
#10446 = DIRECTION ( 'NONE',  ( 0.000000000000000000, 1.000000000000000000, 0.000000000000000000 ) ) ;
#10447 = FILL_AREA_STYLE ('',( #12371 ) ) ;
#10448 = VECTOR ( 'NONE', #4370, 1000.000000000000000 ) ;
#10449 =( GEOMETRIC_REPRESENTATION_CONTEXT ( 3 ) GLOBAL_UNCERTAINTY_ASSIGNED_CONTEXT ( ( #4584 ) ) GLOBAL_UNIT_ASSIGNED_CONTEXT ( ( #9950, #136, #1013 ) ) REPRESENTATION_CONTEXT ( 'NONE', 'WORKASPACE' ) );
#10450 =( NAMED_UNIT ( * ) PLANE_ANGLE_UNIT ( ) SI_UNIT ( $, .RADIAN. ) );
#10451 = VECTOR ( 'NONE', #7742, 1000.000000000000000 ) ;
#10452 = ORIENTED_EDGE ( 'NONE', *, *, #11249, .T. ) ;
#10453 = CARTESIAN_POINT ( 'NONE',  ( 0.9134908536585339967, -7.574647180484375575, 0.000000000000000000 ) ) ;
#10454 = ORIENTED_EDGE ( 'NONE', *, *, #9566, .T. ) ;
#10455 = DIRECTION ( 'NONE',  ( 0.3393303772748774150, 0.9406672605435406620, 0.000000000000000000 ) ) ;
#10456 = EDGE_CURVE ( 'NONE', #7467, #6365, #6129, .T. ) ;
#10457 = FILL_AREA_STYLE_COLOUR ( '', #7143 ) ;
#10458 = DIRECTION ( 'NONE',  ( -1.000000000000000000, -0.000000000000000000, -0.000000000000000000 ) ) ;
#10459 =( LENGTH_UNIT ( ) NAMED_UNIT ( * ) SI_UNIT ( .MILLI., .METRE. ) );
#10460 = COLOUR_RGB ( '',0.6470588235294117974, 0.6196078431372549211, 0.5882352941176470784 ) ;
#10461 = EDGE_LOOP ( 'NONE', ( #2715, #1547, #2881, #11087 ) ) ;
#10462 = PRESENTATION_LAYER_ASSIGNMENT (  '', '', ( #5228 ) ) ;
#10463 = CARTESIAN_POINT ( 'NONE',  ( 1.439024390243899720, -7.903915473167301364, 0.000000000000000000 ) ) ;
#10464 = VECTOR ( 'NONE', #9075, 1000.000000000000000 ) ;
#10465 = VERTEX_POINT ( 'NONE', #4058 ) ;
#10466 = ORIENTED_EDGE ( 'NONE', *, *, #2982, .F. ) ;
#10467 = LINE ( 'NONE', #1037, #5161 ) ;
#10468 = FACE_OUTER_BOUND ( 'NONE', #10520, .T. ) ;
#10469 = DIRECTION ( 'NONE',  ( 0.000000000000000000, 0.000000000000000000, -1.000000000000000000 ) ) ;
#10470 = ORIENTED_EDGE ( 'NONE', *, *, #2237, .F. ) ;
#10471 = VECTOR ( 'NONE', #8860, 1000.000000000000000 ) ;
#10472 = ORIENTED_EDGE ( 'NONE', *, *, #979, .F. ) ;
#10473 = AXIS2_PLACEMENT_3D ( 'NONE', #9989, #6119, #7125 ) ;
#10474 = SURFACE_SIDE_STYLE ('',( #3779 ) ) ;
#10475 = ORIENTED_EDGE ( 'NONE', *, *, #3939, .T. ) ;
#10476 = SURFACE_STYLE_FILL_AREA ( #4497 ) ;
#10477 = CARTESIAN_POINT ( 'NONE',  ( 5.574999999999998401, 0.4299999999999984390, 0.4999999999999995559 ) ) ;
#10478 = ORIENTED_EDGE ( 'NONE', *, *, #4330, .F. ) ;
#10479 =( NAMED_UNIT ( * ) PLANE_ANGLE_UNIT ( ) SI_UNIT ( $, .RADIAN. ) );
#10480 = MECHANICAL_DESIGN_GEOMETRIC_PRESENTATION_REPRESENTATION (  '', ( #9284 ), #10889 ) ;
#10481 = FILL_AREA_STYLE_COLOUR ( '', #1565 ) ;
#10482 = AXIS2_PLACEMENT_3D ( 'NONE', #3176, #474, #5216 ) ;
#10483 = EDGE_LOOP ( 'NONE', ( #2534, #4531, #11742, #2365 ) ) ;
#10484 =( NAMED_UNIT ( * ) PLANE_ANGLE_UNIT ( ) SI_UNIT ( $, .RADIAN. ) );
#10485 = EDGE_CURVE ( 'NONE', #2735, #8119, #8844, .T. ) ;
#10486 = ORIENTED_EDGE ( 'NONE', *, *, #7001, .F. ) ;
#10487 = CARTESIAN_POINT ( 'NONE',  ( 1.099999999999995870, -0.9700000000000014166, 2.560317866458142966 ) ) ;
#10488 = ORIENTED_EDGE ( 'NONE', *, *, #4352, .T. ) ;
#10489 = DIRECTION ( 'NONE',  ( 1.084946484143765172E-16, 0.000000000000000000, 1.000000000000000000 ) ) ;
#10490 = CARTESIAN_POINT ( 'NONE',  ( 1.269999999999999352, -1.420000000000001039, 3.199999999999999734 ) ) ;
#10491 = SURFACE_STYLE_USAGE ( .BOTH. , #4696 ) ;
#10492 = ADVANCED_FACE ( 'NONE', ( #9999 ), #1314, .T. ) ;
#10493 = LINE ( 'NONE', #12484, #7217 ) ;
#10494 = EDGE_CURVE ( 'NONE', #505, #6584, #9875, .T. ) ;
#10495 = ADVANCED_BREP_SHAPE_REPRESENTATION ( 'CONN-SMD_1x2P-L9.7-W9.9-H3.9-P3.0', ( #183, #11916 ), #3451 ) ;
#10496 = ORIENTED_EDGE ( 'NONE', *, *, #5868, .T. ) ;
#10497 = EDGE_CURVE ( 'NONE', #2483, #9818, #5181, .T. ) ;
#10498 = AXIS2_PLACEMENT_3D ( 'NONE', #2192, #122, #7902 ) ;
#10499 = DIRECTION ( 'NONE',  ( 1.000000000000000000, 3.938574995911015039E-16, 0.000000000000000000 ) ) ;
#10500 = CARTESIAN_POINT ( 'NONE',  ( 2.857790657095704123, -7.870546591136175607, 5.082197683525802034E-18 ) ) ;
#10501 = UNCERTAINTY_MEASURE_WITH_UNIT (LENGTH_MEASURE( 1.000000000000000082E-05 ), #6336, 'distance_accuracy_value', 'NONE');
#10502 = VECTOR ( 'NONE', #11131, 1000.000000000000000 ) ;
#10503 = CARTESIAN_POINT ( 'NONE',  ( 2.121951219512192566, -7.492330107313643239, 0.01000000000000000021 ) ) ;
#10504 = FILL_AREA_STYLE ('',( #9823 ) ) ;
#10505 = CARTESIAN_POINT ( 'NONE',  ( 1.749999999999996225, -0.9700000000000014166, 3.360000000000000320 ) ) ;
#10506 = LINE ( 'NONE', #11196, #1860 ) ;
#10507 = FILL_AREA_STYLE_COLOUR ( '', #6994 ) ;
#10508 = MECHANICAL_DESIGN_GEOMETRIC_PRESENTATION_REPRESENTATION (  '', ( #7292 ), #12096 ) ;
#10509 = DIRECTION ( 'NONE',  ( -0.000000000000000000, -0.000000000000000000, -1.000000000000000000 ) ) ;
#10510 = ADVANCED_FACE ( 'NONE', ( #10679 ), #9747, .F. ) ;
#10511 = ORIENTED_EDGE ( 'NONE', *, *, #9262, .T. ) ;
#10512 = DIRECTION ( 'NONE',  ( 1.000000000000000000, -0.000000000000000000, -0.000000000000000000 ) ) ;
#10513 =( GEOMETRIC_REPRESENTATION_CONTEXT ( 3 ) GLOBAL_UNCERTAINTY_ASSIGNED_CONTEXT ( ( #3208 ) ) GLOBAL_UNIT_ASSIGNED_CONTEXT ( ( #1913, #9859, #4042 ) ) REPRESENTATION_CONTEXT ( 'NONE', 'WORKASPACE' ) );
#10514 = ORIENTED_EDGE ( 'NONE', *, *, #2583, .T. ) ;
#10515 = FACE_OUTER_BOUND ( 'NONE', #813, .T. ) ;
#10516 = UNCERTAINTY_MEASURE_WITH_UNIT (LENGTH_MEASURE( 1.000000000000000082E-05 ), #356, 'distance_accuracy_value', 'NONE');
#10517 = DIRECTION ( 'NONE',  ( 0.000000000000000000, -1.000000000000000000, -1.012465936773767407E-16 ) ) ;
#10518 = DIRECTION ( 'NONE',  ( 1.000000000000000000, 0.000000000000000000, 0.000000000000000000 ) ) ;
#10519 = FACE_BOUND ( 'NONE', #10404, .T. ) ;
#10520 = EDGE_LOOP ( 'NONE', ( #833, #12209, #5892, #6229 ) ) ;
#10521 = LINE ( 'NONE', #12332, #5437 ) ;
#10522 = COLOUR_RGB ( '',1.000000000000000000, 1.000000000000000000, 1.000000000000000000 ) ;
#10523 = VECTOR ( 'NONE', #5876, 1000.000000000000000 ) ;
#10524 = ADVANCED_FACE ( 'NONE', ( #11168 ), #11112, .T. ) ;
#10525 = ORIENTED_EDGE ( 'NONE', *, *, #5005, .F. ) ;
#10526 = CYLINDRICAL_SURFACE ( 'NONE', #6749, 0.8554264934286703870 ) ;
#10527 = DIRECTION ( 'NONE',  ( 0.000000000000000000, 0.000000000000000000, -1.000000000000000000 ) ) ;
#10528 = ORIENTED_EDGE ( 'NONE', *, *, #8799, .T. ) ;
#10529 = ORIENTED_EDGE ( 'NONE', *, *, #759, .T. ) ;
#10530 = CARTESIAN_POINT ( 'NONE',  ( -2.575000000000014833, -0.4700000000000020828, 0.5000000000000004441 ) ) ;
#10531 = ORIENTED_EDGE ( 'NONE', *, *, #5786, .T. ) ;
#10532 = SURFACE_STYLE_FILL_AREA ( #2739 ) ;
#10533 = PRESENTATION_LAYER_ASSIGNMENT (  '', '', ( #249 ) ) ;
#10534 =( NAMED_UNIT ( * ) SI_UNIT ( $, .STERADIAN. ) SOLID_ANGLE_UNIT ( ) );
#10535 = CARTESIAN_POINT ( 'NONE',  ( 0.5840583680494039198, -7.723445733085000597, 0.01000000000000000021 ) ) ;
#10536 =( NAMED_UNIT ( * ) PLANE_ANGLE_UNIT ( ) SI_UNIT ( $, .RADIAN. ) );
#10537 = VERTEX_POINT ( 'NONE', #6253 ) ;
#10538 = LINE ( 'NONE', #45, #10201 ) ;
#10539 = MECHANICAL_DESIGN_GEOMETRIC_PRESENTATION_REPRESENTATION (  '', ( #1056 ), #4903 ) ;
#10540 = DIRECTION ( 'NONE',  ( 0.9848077530122080203, -0.1736481776669307475, 0.000000000000000000 ) ) ;
#10541 =( GEOMETRIC_REPRESENTATION_CONTEXT ( 3 ) GLOBAL_UNCERTAINTY_ASSIGNED_CONTEXT ( ( #6342 ) ) GLOBAL_UNIT_ASSIGNED_CONTEXT ( ( #3765, #6653, #10580 ) ) REPRESENTATION_CONTEXT ( 'NONE', 'WORKASPACE' ) );
#10542 = ORIENTED_EDGE ( 'NONE', *, *, #94, .F. ) ;
#10543 = SURFACE_STYLE_USAGE ( .BOTH. , #11470 ) ;
#10544 = DIRECTION ( 'NONE',  ( -0.000000000000000000, -0.000000000000000000, -1.000000000000000000 ) ) ;
#10545 = ORIENTED_EDGE ( 'NONE', *, *, #7586, .T. ) ;
#10546 = CARTESIAN_POINT ( 'NONE',  ( 1.195121951219509704, -7.464891082923399424, 0.000000000000000000 ) ) ;
#10547 =( NAMED_UNIT ( * ) PLANE_ANGLE_UNIT ( ) SI_UNIT ( $, .RADIAN. ) );
#10548 = COLOUR_RGB ( '',0.6470588235294117974, 0.6196078431372549211, 0.5882352941176470784 ) ;
#10549 = CARTESIAN_POINT ( 'NONE',  ( 6.324999999999997513, 1.029999999999999138, 3.859999999999999876 ) ) ;
#10550 = DIRECTION ( 'NONE',  ( -0.000000000000000000, 0.000000000000000000, -1.000000000000000000 ) ) ;
#10551 = SURFACE_STYLE_USAGE ( .BOTH. , #12422 ) ;
#10552 = VECTOR ( 'NONE', #5393, 1000.000000000000000 ) ;
#10553 = DIRECTION ( 'NONE',  ( -1.000000000000000000, -0.000000000000000000, -0.000000000000000000 ) ) ;
#10554 = UNCERTAINTY_MEASURE_WITH_UNIT (LENGTH_MEASURE( 1.000000000000000082E-05 ), #8129, 'distance_accuracy_value', 'NONE');
#10555 = ORIENTED_EDGE ( 'NONE', *, *, #9662, .F. ) ;
#10556 = VECTOR ( 'NONE', #10295, 1000.000000000000000 ) ;
#10557 = DIRECTION ( 'NONE',  ( 0.000000000000000000, 0.000000000000000000, -1.000000000000000000 ) ) ;
#10558 = EDGE_CURVE ( 'NONE', #9027, #7467, #4501, .T. ) ;
#10559 = CIRCLE ( 'NONE', #10175, 0.1013720707318641195 ) ;
#10560 = EDGE_CURVE ( 'NONE', #2532, #2993, #10987, .T. ) ;
#10561 = CARTESIAN_POINT ( 'NONE',  ( 2.646120521756362365, -7.534147660407422897, 5.082197683525802034E-18 ) ) ;
#10562 = DIRECTION ( 'NONE',  ( 1.000000000000000000, 0.000000000000000000, 0.000000000000000000 ) ) ;
#10563 = FILL_AREA_STYLE_COLOUR ( '', #10775 ) ;
#10564 = SURFACE_STYLE_FILL_AREA ( #3624 ) ;
#10565 = LINE ( 'NONE', #8726, #1388 ) ;
#10566 =( GEOMETRIC_REPRESENTATION_CONTEXT ( 3 ) GLOBAL_UNCERTAINTY_ASSIGNED_CONTEXT ( ( #10387 ) ) GLOBAL_UNIT_ASSIGNED_CONTEXT ( ( #828, #9257, #4706 ) ) REPRESENTATION_CONTEXT ( 'NONE', 'WORKASPACE' ) );
#10567 =( NAMED_UNIT ( * ) SI_UNIT ( $, .STERADIAN. ) SOLID_ANGLE_UNIT ( ) );
#10568 = DIRECTION ( 'NONE',  ( -2.711582832752521336E-16, 0.000000000000000000, -1.000000000000000000 ) ) ;
#10569 = CARTESIAN_POINT ( 'NONE',  ( 4.127219230472783328E-17, -0.4700000000000016387, -1.495982857385225102E-31 ) ) ;
#10570 = EDGE_CURVE ( 'NONE', #5951, #10234, #1384, .T. ) ;
#10571 = LINE ( 'NONE', #2020, #6583 ) ;
#10572 = VECTOR ( 'NONE', #10846, 1000.000000000000000 ) ;
#10573 = CARTESIAN_POINT ( 'NONE',  ( 5.224999999999989875, -4.884999999999999787, -0.01000000000000000021 ) ) ;
#10574 = SURFACE_SIDE_STYLE ('',( #12375 ) ) ;
#10575 = EDGE_LOOP ( 'NONE', ( #4570, #8705, #9402, #5599 ) ) ;
#10576 = CARTESIAN_POINT ( 'NONE',  ( -2.575000000000001954, 1.029999999999999138, 1.329999999999998739 ) ) ;
#10577 = VERTEX_POINT ( 'NONE', #12158 ) ;
#10578 = CARTESIAN_POINT ( 'NONE',  ( 0.04153963414633878720, -8.074647180484374687, 0.01000000000000000021 ) ) ;
#10579 = DIRECTION ( 'NONE',  ( -0.000000000000000000, -0.1736481776669307198, -0.9848077530122080203 ) ) ;
#10580 =( NAMED_UNIT ( * ) SI_UNIT ( $, .STERADIAN. ) SOLID_ANGLE_UNIT ( ) );
#10581 = DIRECTION ( 'NONE',  ( 0.000000000000000000, -1.000000000000000000, 1.734723475976807341E-16 ) ) ;
#10582 = SURFACE_STYLE_USAGE ( .BOTH. , #2854 ) ;
#10583 = FILL_AREA_STYLE ('',( #11634 ) ) ;
#10584 = ADVANCED_FACE ( 'NONE', ( #7269 ), #4139, .T. ) ;
#10585 = ORIENTED_EDGE ( 'NONE', *, *, #4866, .T. ) ;
#10586 = CARTESIAN_POINT ( 'NONE',  ( 0.8499999999999999778, 0.5299999999999985834, 0.4999999999999970024 ) ) ;
#10587 = ORIENTED_EDGE ( 'NONE', *, *, #10409, .T. ) ;
#10588 = ORIENTED_EDGE ( 'NONE', *, *, #7283, .T. ) ;
#10589 = EDGE_LOOP ( 'NONE', ( #10709, #12220, #8816, #6210 ) ) ;
#10590 = SURFACE_STYLE_USAGE ( .BOTH. , #1902 ) ;
#10591 = SURFACE_STYLE_FILL_AREA ( #5043 ) ;
#10592 = DIRECTION ( 'NONE',  ( 3.938574995911015532E-16, -1.000000000000000000, -6.572375632811234219E-33 ) ) ;
#10593 = VERTEX_POINT ( 'NONE', #2872 ) ;
#10594 = VERTEX_POINT ( 'NONE', #10418 ) ;
#10595 = DIRECTION ( 'NONE',  ( 0.000000000000000000, -1.000000000000000000, 0.000000000000000000 ) ) ;
#10596 = ORIENTED_EDGE ( 'NONE', *, *, #2740, .T. ) ;
#10597 = VECTOR ( 'NONE', #8613, 1000.000000000000000 ) ;
#10598 = FILL_AREA_STYLE_COLOUR ( '', #4918 ) ;
#10599 = EDGE_CURVE ( 'NONE', #2421, #1284, #6498, .T. ) ;
#10600 = PLANE ( 'NONE',  #11413 ) ;
#10601 = CARTESIAN_POINT ( 'NONE',  ( 2.680000000000000160, 0.3200000000000001732, 0.3554264934286706090 ) ) ;
#10602 = DIRECTION ( 'NONE',  ( 0.000000000000000000, 0.000000000000000000, -1.000000000000000000 ) ) ;
#10603 = PRESENTATION_LAYER_ASSIGNMENT (  '', '', ( #3533 ) ) ;
#10604 = ORIENTED_EDGE ( 'NONE', *, *, #11784, .F. ) ;
#10605 = DIRECTION ( 'NONE',  ( 0.7071067811865463515, -0.7071067811865487940, 1.022195611122248809E-16 ) ) ;
#10606 =( GEOMETRIC_REPRESENTATION_CONTEXT ( 3 ) GLOBAL_UNCERTAINTY_ASSIGNED_CONTEXT ( ( #9403 ) ) GLOBAL_UNIT_ASSIGNED_CONTEXT ( ( #9840, #4210, #3167 ) ) REPRESENTATION_CONTEXT ( 'NONE', 'WORKASPACE' ) );
#10607 = SURFACE_SIDE_STYLE ('',( #2055 ) ) ;
#10608 = SURFACE_STYLE_USAGE ( .BOTH. , #809 ) ;
#10609 = ORIENTED_EDGE ( 'NONE', *, *, #702, .F. ) ;
#10610 = CARTESIAN_POINT ( 'NONE',  ( 1.414634146341460674, -7.464891082923399424, 0.01000000000000000021 ) ) ;
#10611 = CARTESIAN_POINT ( 'NONE',  ( 1.099999999999995870, -0.9700000000000014166, 1.299682133541857576 ) ) ;
#10612 = ORIENTED_EDGE ( 'NONE', *, *, #2054, .T. ) ;
#10613 = CARTESIAN_POINT ( 'NONE',  ( -0.1308508750816010369, -7.608714196062025259, 6.776263578034402713E-18 ) ) ;
#10614 = PRESENTATION_LAYER_ASSIGNMENT (  '', '', ( #7984 ) ) ;
#10615 = COLOUR_RGB ( '',0.6470588235294117974, 0.6196078431372549211, 0.5882352941176470784 ) ;
#10616 =( NAMED_UNIT ( * ) PLANE_ANGLE_UNIT ( ) SI_UNIT ( $, .RADIAN. ) );
#10617 = LINE ( 'NONE', #7779, #6667 ) ;
#10618 = LINE ( 'NONE', #2888, #5809 ) ;
#10619 = ORIENTED_EDGE ( 'NONE', *, *, #6694, .T. ) ;
#10620 = VECTOR ( 'NONE', #5426, 1000.000000000000000 ) ;
#10621 = CARTESIAN_POINT ( 'NONE',  ( 3.319999999999999840, -6.852871818038222429, 2.249999999999999556 ) ) ;
#10622 = AXIS2_PLACEMENT_3D ( 'NONE', #3569, #7435, #11270 ) ;
#10623 = VERTEX_POINT ( 'NONE', #10365 ) ;
#10624 = UNCERTAINTY_MEASURE_WITH_UNIT (LENGTH_MEASURE( 1.000000000000000082E-05 ), #8850, 'distance_accuracy_value', 'NONE');
#10625 = FILL_AREA_STYLE ('',( #3874 ) ) ;
#10626 = CARTESIAN_POINT ( 'NONE',  ( 2.680000000000000160, -0.5596891741410527921, 1.370310825858947590 ) ) ;
#10627 = CARTESIAN_POINT ( 'NONE',  ( 0.3199999999999999512, 0.5354264934286706579, 0.1399999999999999301 ) ) ;
#10628 = DIRECTION ( 'NONE',  ( -1.000000000000000000, 0.000000000000000000, 0.000000000000000000 ) ) ;
#10629 =( LENGTH_UNIT ( ) NAMED_UNIT ( * ) SI_UNIT ( .MILLI., .METRE. ) );
#10630 =( GEOMETRIC_REPRESENTATION_CONTEXT ( 3 ) GLOBAL_UNCERTAINTY_ASSIGNED_CONTEXT ( ( #11885 ) ) GLOBAL_UNIT_ASSIGNED_CONTEXT ( ( #7703, #10479, #7459 ) ) REPRESENTATION_CONTEXT ( 'NONE', 'WORKASPACE' ) );
#10631 = EDGE_CURVE ( 'NONE', #3917, #6910, #4795, .T. ) ;
#10632 = CARTESIAN_POINT ( 'NONE',  ( 1.899999999999996136, -0.4700000000000013611, 2.560317866458142966 ) ) ;
#10633 = EDGE_CURVE ( 'NONE', #1273, #4270, #920, .T. ) ;
#10634 = EDGE_CURVE ( 'NONE', #571, #6885, #12466, .T. ) ;
#10635 =( GEOMETRIC_REPRESENTATION_CONTEXT ( 3 ) GLOBAL_UNCERTAINTY_ASSIGNED_CONTEXT ( ( #11420 ) ) GLOBAL_UNIT_ASSIGNED_CONTEXT ( ( #11992, #8100, #2091 ) ) REPRESENTATION_CONTEXT ( 'NONE', 'WORKASPACE' ) );
#10636 = CARTESIAN_POINT ( 'NONE',  ( 5.626372070731854080, -4.884999999999999787, -0.4999999999999995559 ) ) ;
#10637 = DIRECTION ( 'NONE',  ( -0.3393303772748774150, -0.9406672605435405510, 0.000000000000000000 ) ) ;
#10638 = AXIS2_PLACEMENT_3D ( 'NONE', #6926, #9727, #9795 ) ;
#10639 = SURFACE_SIDE_STYLE ('',( #6770 ) ) ;
#10640 = FACE_OUTER_BOUND ( 'NONE', #2996, .T. ) ;
#10641 = LINE ( 'NONE', #9705, #12207 ) ;
#10642 = DIRECTION ( 'NONE',  ( 0.000000000000000000, -0.1736481776669283883, 0.9848077530122084644 ) ) ;
#10643 = EDGE_LOOP ( 'NONE', ( #908, #8515, #3449, #6782 ) ) ;
#10644 = ADVANCED_FACE ( 'NONE', ( #3593 ), #5684, .T. ) ;
#10645 = ADVANCED_FACE ( 'NONE', ( #6730 ), #10600, .F. ) ;
#10646 = VERTEX_POINT ( 'NONE', #9861 ) ;
#10647 = EDGE_LOOP ( 'NONE', ( #7187, #11014, #11351, #9842, #5338, #11975, #5877, #8443 ) ) ;
#10648 = DIRECTION ( 'NONE',  ( 0.000000000000000000, 0.000000000000000000, 1.000000000000000000 ) ) ;
#10649 = CARTESIAN_POINT ( 'NONE',  ( 1.439024390243899720, -7.903915473167301364, 0.01000000000000000021 ) ) ;
#10650 = EDGE_CURVE ( 'NONE', #3636, #1421, #7885, .T. ) ;
#10651 = VECTOR ( 'NONE', #3671, 1000.000000000000000 ) ;
#10652 = ADVANCED_FACE ( 'NONE', ( #10790 ), #3121, .F. ) ;
#10653 = LINE ( 'NONE', #4033, #992 ) ;
#10654 = STYLED_ITEM ( 'NONE', ( #2897 ), #4870 ) ;
#10655 = VERTEX_POINT ( 'NONE', #6986 ) ;
#10656 = ORIENTED_EDGE ( 'NONE', *, *, #4710, .T. ) ;
#10657 = SURFACE_STYLE_USAGE ( .BOTH. , #10474 ) ;
#10658 = VERTEX_POINT ( 'NONE', #5053 ) ;
#10659 = STYLED_ITEM ( 'NONE', ( #1050 ), #11374 ) ;
#10660 = VECTOR ( 'NONE', #5143, 1000.000000000000000 ) ;
#10661 =( NAMED_UNIT ( * ) PLANE_ANGLE_UNIT ( ) SI_UNIT ( $, .RADIAN. ) );
#10662 = CIRCLE ( 'NONE', #5439, 0.2396891741410518972 ) ;
#10663 = LINE ( 'NONE', #7764, #9227 ) ;
#10664 = STYLED_ITEM ( 'NONE', ( #12272 ), #11540 ) ;
#10665 = ORIENTED_EDGE ( 'NONE', *, *, #628, .F. ) ;
#10666 = CARTESIAN_POINT ( 'NONE',  ( 0.6059616351035693738, -7.694921016319830720, 0.000000000000000000 ) ) ;
#10667 = COLOUR_RGB ( '',0.2235294117647058654, 0.2235294117647058654, 0.2235294117647058654 ) ;
#10668 = COLOUR_RGB ( '',0.2235294117647058654, 0.2235294117647058654, 0.2235294117647058654 ) ;
#10669 = EDGE_CURVE ( 'NONE', #8604, #1717, #10663, .T. ) ;
#10670 = CARTESIAN_POINT ( 'NONE',  ( -0.06097560975610021722, -7.464891082923399424, 0.01000000000000000021 ) ) ;
#10671 = ORIENTED_EDGE ( 'NONE', *, *, #3023, .T. ) ;
#10672 = DIRECTION ( 'NONE',  ( -1.162683294890621319E-16, 1.000000000000000000, -0.000000000000000000 ) ) ;
#10673 = AXIS2_PLACEMENT_3D ( 'NONE', #8659, #7728, #1141 ) ;
#10674 = PRESENTATION_LAYER_ASSIGNMENT (  '', '', ( #4643 ) ) ;
#10675 = VERTEX_POINT ( 'NONE', #7049 ) ;
#10676 = CARTESIAN_POINT ( 'NONE',  ( -2.575000000000014388, 1.029999999999998028, 2.860000000000000764 ) ) ;
#10677 = CARTESIAN_POINT ( 'NONE',  ( -0.1269054878048807011, -7.586842302435594654, 6.776263578034402713E-18 ) ) ;
#10678 = CARTESIAN_POINT ( 'NONE',  ( 6.324999999999997513, 1.029999999999999138, 3.859999999999999876 ) ) ;
#10679 = FACE_OUTER_BOUND ( 'NONE', #9600, .T. ) ;
#10680 = CARTESIAN_POINT ( 'NONE',  ( 0.7922736870132787157, -7.587283787027386595, 0.01000000000000000021 ) ) ;
#10681 = CARTESIAN_POINT ( 'NONE',  ( -4.625000000000000888, -4.885000000000001563, -0.4999999999999994449 ) ) ;
#10682 = VECTOR ( 'NONE', #433, 1000.000000000000000 ) ;
#10683 = FILL_AREA_STYLE_COLOUR ( '', #8827 ) ;
#10684 = UNCERTAINTY_MEASURE_WITH_UNIT (LENGTH_MEASURE( 1.000000000000000082E-05 ), #11597, 'distance_accuracy_value', 'NONE');
#10685 = ORIENTED_EDGE ( 'NONE', *, *, #7950, .T. ) ;
#10686 = ADVANCED_FACE ( 'NONE', ( #8761 ), #2114, .F. ) ;
#10687 = DIRECTION ( 'NONE',  ( -1.000000000000000000, 0.000000000000000000, 8.103719104136210158E-16 ) ) ;
#10688 = CARTESIAN_POINT ( 'NONE',  ( -0.1225000760641315189, -7.593963194723815313, 0.01000000000000000021 ) ) ;
#10689 = VECTOR ( 'NONE', #9006, 1000.000000000000000 ) ;
#10690 = CARTESIAN_POINT ( 'NONE',  ( 0.9999999999999961142, -7.419999999999999929, -0.5000000000000000000 ) ) ;
#10691 = EDGE_LOOP ( 'NONE', ( #1786, #9396, #3873, #3209 ) ) ;
#10692 = LINE ( 'NONE', #5832, #1761 ) ;
#10693 = SURFACE_SIDE_STYLE ('',( #7012 ) ) ;
#10694 = DIRECTION ( 'NONE',  ( 1.000000000000000000, -0.000000000000000000, -0.000000000000000000 ) ) ;
#10695 = PRESENTATION_STYLE_ASSIGNMENT (( #3752 ) ) ;
#10696 = DIRECTION ( 'NONE',  ( 0.000000000000000000, 1.000000000000000000, -2.297038501028610091E-17 ) ) ;
#10697 = SURFACE_STYLE_FILL_AREA ( #11327 ) ;
#10698 = FACE_OUTER_BOUND ( 'NONE', #8146, .T. ) ;
#10699 = VECTOR ( 'NONE', #5483, 1000.000000000000000 ) ;
#10700 = ORIENTED_EDGE ( 'NONE', *, *, #11172, .T. ) ;
#10701 = CARTESIAN_POINT ( 'NONE',  ( 2.650000000000000799, -0.4700000000000016387, 3.859999999999999876 ) ) ;
#10702 = SURFACE_STYLE_USAGE ( .BOTH. , #11758 ) ;
#10703 = CARTESIAN_POINT ( 'NONE',  ( -3.325000000000000178, 1.029999999999998028, 3.859999999999999876 ) ) ;
#10704 = AXIS2_PLACEMENT_3D ( 'NONE', #11401, #8382, #12284 ) ;
#10705 = FACE_OUTER_BOUND ( 'NONE', #2289, .T. ) ;
#10706 = SURFACE_STYLE_FILL_AREA ( #10583 ) ;
#10707 = EDGE_LOOP ( 'NONE', ( #5577, #11526, #5071, #5461 ) ) ;
#10708 = LINE ( 'NONE', #8813, #10083 ) ;
#10709 = ORIENTED_EDGE ( 'NONE', *, *, #823, .T. ) ;
#10710 = VECTOR ( 'NONE', #4232, 1000.000000000000000 ) ;
#10711 = EDGE_LOOP ( 'NONE', ( #5381, #11907, #8880, #4102 ) ) ;
#10712 = LINE ( 'NONE', #2796, #11081 ) ;
#10713 = LINE ( 'NONE', #9582, #3634 ) ;
#10714 = ORIENTED_EDGE ( 'NONE', *, *, #6528, .F. ) ;
#10715 = VERTEX_POINT ( 'NONE', #4921 ) ;
#10716 = EDGE_CURVE ( 'NONE', #6557, #10577, #41, .T. ) ;
#10717 =( LENGTH_UNIT ( ) NAMED_UNIT ( * ) SI_UNIT ( .MILLI., .METRE. ) );
#10718 = ORIENTED_EDGE ( 'NONE', *, *, #10126, .T. ) ;
#10719 = ADVANCED_FACE ( 'NONE', ( #3685, #6523 ), #7361, .T. ) ;
#10720 = PLANE ( 'NONE',  #3496 ) ;
#10721 =( NAMED_UNIT ( * ) PLANE_ANGLE_UNIT ( ) SI_UNIT ( $, .RADIAN. ) );
#10722 = DIRECTION ( 'NONE',  ( -1.371322905910519414E-16, 1.000000000000000000, -0.000000000000000000 ) ) ;
#10723 = FACE_OUTER_BOUND ( 'NONE', #2059, .T. ) ;
#10724 =( GEOMETRIC_REPRESENTATION_CONTEXT ( 3 ) GLOBAL_UNCERTAINTY_ASSIGNED_CONTEXT ( ( #8149 ) ) GLOBAL_UNIT_ASSIGNED_CONTEXT ( ( #10252, #4515, #3801 ) ) REPRESENTATION_CONTEXT ( 'NONE', 'WORKASPACE' ) );
#10725 =( LENGTH_UNIT ( ) NAMED_UNIT ( * ) SI_UNIT ( .MILLI., .METRE. ) );
#10726 = DIRECTION ( 'NONE',  ( 0.3363908276654488660, -0.9417224702971435102, 0.000000000000000000 ) ) ;
#10727 = ADVANCED_FACE ( 'NONE', ( #9439 ), #4650, .F. ) ;
#10728 = ORIENTED_EDGE ( 'NONE', *, *, #8782, .T. ) ;
#10729 = VERTEX_POINT ( 'NONE', #8351 ) ;
#10730 = CARTESIAN_POINT ( 'NONE',  ( -1.824999999999999956, -8.920000000000001705, 1.000000000000000000 ) ) ;
#10731 = SURFACE_STYLE_FILL_AREA ( #2120 ) ;
#10732 = VECTOR ( 'NONE', #10458, 1000.000000000000000 ) ;
#10733 =( LENGTH_UNIT ( ) NAMED_UNIT ( * ) SI_UNIT ( .MILLI., .METRE. ) );
#10734 = ORIENTED_EDGE ( 'NONE', *, *, #10109, .T. ) ;
#10735 = SURFACE_SIDE_STYLE ('',( #373 ) ) ;
#10736 = VECTOR ( 'NONE', #7977, 1000.000000000000000 ) ;
#10737 =( NAMED_UNIT ( * ) SI_UNIT ( $, .STERADIAN. ) SOLID_ANGLE_UNIT ( ) );
#10738 = CARTESIAN_POINT ( 'NONE',  ( 6.324999999999997513, 1.029999999999998472, 0.5000000000000004441 ) ) ;
#10739 = DIRECTION ( 'NONE',  ( -4.336808689942017736E-16, 1.000000000000000000, 0.000000000000000000 ) ) ;
#10740 = CARTESIAN_POINT ( 'NONE',  ( 3.350000000000000089, -0.4700000000000016387, 0.4999999999999970024 ) ) ;
#10741 = SURFACE_STYLE_FILL_AREA ( #6878 ) ;
#10742 =( NAMED_UNIT ( * ) SI_UNIT ( $, .STERADIAN. ) SOLID_ANGLE_UNIT ( ) );
#10743 = DIRECTION ( 'NONE',  ( 1.000000000000000000, 0.000000000000000000, 0.000000000000000000 ) ) ;
#10744 = EDGE_CURVE ( 'NONE', #9612, #5292, #7119, .T. ) ;
#10745 = CARTESIAN_POINT ( 'NONE',  ( 3.319999999999999840, -1.420000000000001039, 2.249999999999999556 ) ) ;
#10746 = PRESENTATION_LAYER_ASSIGNMENT (  '', '', ( #5528 ) ) ;
#10747 = ORIENTED_EDGE ( 'NONE', *, *, #11313, .T. ) ;
#10748 = FILL_AREA_STYLE_COLOUR ( '', #8581 ) ;
#10749 = DIRECTION ( 'NONE',  ( -1.000000000000000000, 0.000000000000000000, 0.000000000000000000 ) ) ;
#10750 = CARTESIAN_POINT ( 'NONE',  ( 2.864565772781526132, -7.926223549513304434, 5.082197683525802034E-18 ) ) ;
#10751 = EDGE_LOOP ( 'NONE', ( #71, #3085, #8296, #3973 ) ) ;
#10752 = UNCERTAINTY_MEASURE_WITH_UNIT (LENGTH_MEASURE( 1.000000000000000082E-05 ), #2324, 'distance_accuracy_value', 'NONE');
#10753 = MECHANICAL_DESIGN_GEOMETRIC_PRESENTATION_REPRESENTATION (  '', ( #2455 ), #7736 ) ;
#10754 = LINE ( 'NONE', #11681, #2181 ) ;
#10755 = CARTESIAN_POINT ( 'NONE',  ( 0.3914235936273749994, -7.898742862584233748, 6.776263578034402713E-18 ) ) ;
#10756 = DIRECTION ( 'NONE',  ( -0.000000000000000000, -1.000000000000000000, 3.414809992080328037E-16 ) ) ;
#10757 = PRESENTATION_LAYER_ASSIGNMENT (  '', '', ( #8926 ) ) ;
#10758 = SURFACE_STYLE_USAGE ( .BOTH. , #4825 ) ;
#10759 =( NAMED_UNIT ( * ) SI_UNIT ( $, .STERADIAN. ) SOLID_ANGLE_UNIT ( ) );
#10760 = DIRECTION ( 'NONE',  ( -1.000000000000000000, 0.000000000000000000, 0.000000000000000000 ) ) ;
#10761 = CARTESIAN_POINT ( 'NONE',  ( 1.749999999999995559, -0.9700000000000014166, 1.299682133541857576 ) ) ;
#10762 = COLOUR_RGB ( '',0.6470588235294117974, 0.6196078431372549211, 0.5882352941176470784 ) ;
#10763 = STYLED_ITEM ( 'NONE', ( #4088 ), #1972 ) ;
#10764 = PRESENTATION_STYLE_ASSIGNMENT (( #3095 ) ) ;
#10765 = FILL_AREA_STYLE ('',( #9698 ) ) ;
#10766 = VERTEX_POINT ( 'NONE', #6172 ) ;
#10767 = CARTESIAN_POINT ( 'NONE',  ( 6.324999999999997513, -3.470000000000001528, 2.529999999999998916 ) ) ;
#10768 =( LENGTH_UNIT ( ) NAMED_UNIT ( * ) SI_UNIT ( .MILLI., .METRE. ) );
#10769 = CARTESIAN_POINT ( 'NONE',  ( -2.626372070731854524, -4.885000000000001563, -0.1999999999999996503 ) ) ;
#10770 = FILL_AREA_STYLE_COLOUR ( '', #8233 ) ;
#10771 = DIRECTION ( 'NONE',  ( 1.000000000000000000, 1.596371296911168195E-16, 0.000000000000000000 ) ) ;
#10772 = DIRECTION ( 'NONE',  ( -1.000000000000000000, -0.000000000000000000, -0.000000000000000000 ) ) ;
#10773 = DIRECTION ( 'NONE',  ( -4.358601698434189525E-17, 1.000000000000000000, 0.000000000000000000 ) ) ;
#10774 = PLANE ( 'NONE',  #5322 ) ;
#10775 = COLOUR_RGB ( '',0.6470588235294117974, 0.6196078431372549211, 0.5882352941176470784 ) ;
#10776 = EDGE_LOOP ( 'NONE', ( #5419, #6508, #10034, #4284 ) ) ;
#10777 = CARTESIAN_POINT ( 'NONE',  ( 1.792682926829265666, -8.355134985362424160, 0.000000000000000000 ) ) ;
#10778 = PRESENTATION_LAYER_ASSIGNMENT (  '', '', ( #1676 ) ) ;
#10779 = ORIENTED_EDGE ( 'NONE', *, *, #3374, .F. ) ;
#10780 = B_SPLINE_SURFACE_WITH_KNOTS ( 'NONE', 3, 1, ( 
 ( #5706, #70 ),
 ( #6889, #8592 ),
 ( #2768, #10750 ),
 ( #9555, #10500 ),
 ( #3933, #7787 ),
 ( #2078, #9817 ),
 ( #8531, #12365 ),
 ( #9688, #6640 ),
 ( #1008, #7725 ),
 ( #11547, #878 ),
 ( #5, #12429 ),
 ( #3810, #10561 ),
 ( #2892, #6750 ),
 ( #4257, #5189 ),
 ( #2383, #11984 ),
 ( #6946, #448 ),
 ( #3213, #3269 ),
 ( #3331, #11862 ),
 ( #6258, #6138 ) ),
 .UNSPECIFIED., .F., .F., .F.,
 ( 4, 1, 1, 1, 1, 1, 1, 1, 1, 1, 1, 1, 1, 1, 1, 1, 4 ),
 ( 2, 2 ),
 ( 0.000000000000000000, 0.07064371857535417520, 0.1382567155089057809, 0.2033641242175811825, 0.2663240938030568827, 0.3279047615429894758, 0.3887377151730924130, 0.4494235281093025836, 0.5108610114593157281, 0.5720793960475148987, 0.6317344287314455853, 0.6911172105788374598, 0.7503600294901703327, 0.8100329005312618680, 0.8713624508287360904, 0.9344271412311533354, 1.000000000000000000 ),
 ( 0.000000000000000000, 1.000000000000000000 ),
 .UNSPECIFIED. ) ;
#10781 = ORIENTED_EDGE ( 'NONE', *, *, #10288, .T. ) ;
#10782 = CARTESIAN_POINT ( 'NONE',  ( 2.462710950633605567, -7.460988490755304348, 0.01000000000000000021 ) ) ;
#10783 = DIRECTION ( 'NONE',  ( -0.000000000000000000, -0.000000000000000000, -1.000000000000000000 ) ) ;
#10784 = ORIENTED_EDGE ( 'NONE', *, *, #2844, .F. ) ;
#10785 = ORIENTED_EDGE ( 'NONE', *, *, #8975, .F. ) ;
#10786 = PLANE ( 'NONE',  #3375 ) ;
#10787 = PLANE ( 'NONE',  #10283 ) ;
#10788 = DIRECTION ( 'NONE',  ( 0.000000000000000000, 0.000000000000000000, -1.000000000000000000 ) ) ;
#10789 = CARTESIAN_POINT ( 'NONE',  ( 2.149607260875950221, -8.318882904845203541, 6.776263578034402713E-18 ) ) ;
#10790 = FACE_OUTER_BOUND ( 'NONE', #7512, .T. ) ;
#10791 = DIRECTION ( 'NONE',  ( 0.000000000000000000, 0.000000000000000000, 1.000000000000000000 ) ) ;
#10792 = LINE ( 'NONE', #8830, #6419 ) ;
#10793 = EDGE_CURVE ( 'NONE', #5630, #4845, #646, .T. ) ;
#10794 = EDGE_CURVE ( 'NONE', #6298, #364, #5401, .T. ) ;
#10795 = ORIENTED_EDGE ( 'NONE', *, *, #9487, .F. ) ;
#10796 = DIRECTION ( 'NONE',  ( -0.000000000000000000, -1.000000000000000000, -0.000000000000000000 ) ) ;
#10797 = LINE ( 'NONE', #2122, #4051 ) ;
#10798 = AXIS2_PLACEMENT_3D ( 'NONE', #1654, #5548, #4601 ) ;
#10799 = SURFACE_STYLE_USAGE ( .BOTH. , #4928 ) ;
#10800 = ORIENTED_EDGE ( 'NONE', *, *, #670, .F. ) ;
#10801 = LINE ( 'NONE', #3200, #7891 ) ;
#10802 = EDGE_CURVE ( 'NONE', #6116, #8241, #6462, .T. ) ;
#10803 = CYLINDRICAL_SURFACE ( 'NONE', #2866, 0.5000000000000000000 ) ;
#10804 = DIRECTION ( 'NONE',  ( 0.000000000000000000, -0.000000000000000000, 1.000000000000000000 ) ) ;
#10805 = CARTESIAN_POINT ( 'NONE',  ( 0.7557868142339202455, -7.597826340593881511, 0.01000000000000000021 ) ) ;
#10806 = SURFACE_SIDE_STYLE ('',( #7064 ) ) ;
#10807 = COLOUR_RGB ( '',0.6470588235294117974, 0.6196078431372549211, 0.5882352941176470784 ) ;
#10808 = DIRECTION ( 'NONE',  ( 0.3222024856061131426, -0.9466707760722532505, 0.000000000000000000 ) ) ;
#10809 = ADVANCED_FACE ( 'NONE', ( #9017 ), #359, .F. ) ;
#10810 = ORIENTED_EDGE ( 'NONE', *, *, #9745, .F. ) ;
#10811 = CARTESIAN_POINT ( 'NONE',  ( 1.749999999999995559, -0.9700000000000014166, 0.5000000000000003331 ) ) ;
#10812 = FACE_OUTER_BOUND ( 'NONE', #8815, .T. ) ;
#10813 = ADVANCED_FACE ( 'NONE', ( #7681 ), #886, .F. ) ;
#10814 = VECTOR ( 'NONE', #10136, 1000.000000000000000 ) ;
#10815 = CARTESIAN_POINT ( 'NONE',  ( 2.680000000000000160, 0.5354264934286704358, 0.3554264934286704425 ) ) ;
#10816 = VERTEX_POINT ( 'NONE', #8599 ) ;
#10817 = VECTOR ( 'NONE', #4059, 1000.000000000000000 ) ;
#10818 = DIRECTION ( 'NONE',  ( -1.000000000000000000, -1.348230680810990322E-16, 0.000000000000000000 ) ) ;
#10819 = CARTESIAN_POINT ( 'NONE',  ( 6.324999999999997513, 1.029999999999998472, 2.860000000000000320 ) ) ;
#10820 = DIRECTION ( 'NONE',  ( 0.000000000000000000, 0.000000000000000000, -1.000000000000000000 ) ) ;
#10821 = DIRECTION ( 'NONE',  ( -1.371322905910519414E-16, 1.000000000000000000, -0.000000000000000000 ) ) ;
#10822 = CARTESIAN_POINT ( 'NONE',  ( 5.524999999999996803, 1.029999999999998028, -0.5000000000000000000 ) ) ;
#10823 = LINE ( 'NONE', #10761, #8287 ) ;
#10824 = PLANE ( 'NONE',  #11626 ) ;
#10825 = COLOUR_RGB ( '',0.6470588235294117974, 0.6196078431372549211, 0.5882352941176470784 ) ;
#10826 = MECHANICAL_DESIGN_GEOMETRIC_PRESENTATION_REPRESENTATION (  '', ( #1530 ), #1558 ) ;
#10827 = DIRECTION ( 'NONE',  ( 0.000000000000000000, 2.297038501028610091E-17, 1.000000000000000000 ) ) ;
#10828 =( NAMED_UNIT ( * ) PLANE_ANGLE_UNIT ( ) SI_UNIT ( $, .RADIAN. ) );
#10829 = EDGE_CURVE ( 'NONE', #4685, #11004, #5767, .T. ) ;
#10830 = ORIENTED_EDGE ( 'NONE', *, *, #8774, .F. ) ;
#10831 = CARTESIAN_POINT ( 'NONE',  ( 1.749999999999995559, -0.9700000000000014166, 0.5000000000000003331 ) ) ;
#10832 = PRESENTATION_STYLE_ASSIGNMENT (( #10702 ) ) ;
#10833 =( GEOMETRIC_REPRESENTATION_CONTEXT ( 3 ) GLOBAL_UNCERTAINTY_ASSIGNED_CONTEXT ( ( #11675 ) ) GLOBAL_UNIT_ASSIGNED_CONTEXT ( ( #10725, #11584, #2048 ) ) REPRESENTATION_CONTEXT ( 'NONE', 'WORKASPACE' ) );
#10834 = DIRECTION ( 'NONE',  ( 3.938574995911015039E-16, -1.000000000000000000, -0.000000000000000000 ) ) ;
#10835 = DIRECTION ( 'NONE',  ( 1.000000000000000000, 0.000000000000000000, 0.000000000000000000 ) ) ;
#10836 = ORIENTED_EDGE ( 'NONE', *, *, #7871, .F. ) ;
#10837 = VERTEX_POINT ( 'NONE', #5841 ) ;
#10838 = DIRECTION ( 'NONE',  ( -0.9848077530122080203, -0.1736481776669307475, -0.000000000000000000 ) ) ;
#10839 = LINE ( 'NONE', #5215, #8990 ) ;
#10840 =( GEOMETRIC_REPRESENTATION_CONTEXT ( 3 ) GLOBAL_UNCERTAINTY_ASSIGNED_CONTEXT ( ( #8230 ) ) GLOBAL_UNIT_ASSIGNED_CONTEXT ( ( #946, #7732, #10567 ) ) REPRESENTATION_CONTEXT ( 'NONE', 'WORKASPACE' ) );
#10841 = PRESENTATION_LAYER_ASSIGNMENT (  '', '', ( #9428 ) ) ;
#10842 = SURFACE_SIDE_STYLE ('',( #7938 ) ) ;
#10843 = EDGE_CURVE ( 'NONE', #5620, #11895, #10571, .T. ) ;
#10844 = ORIENTED_EDGE ( 'NONE', *, *, #9262, .F. ) ;
#10845 = VERTEX_POINT ( 'NONE', #9625 ) ;
#10846 = DIRECTION ( 'NONE',  ( -0.000000000000000000, -0.000000000000000000, -1.000000000000000000 ) ) ;
#10847 = CARTESIAN_POINT ( 'NONE',  ( 0.6282669071798150373, -8.250412890870833849, 0.01000000000000000021 ) ) ;
#10848 = FACE_OUTER_BOUND ( 'NONE', #1375, .T. ) ;
#10849 = COLOUR_RGB ( '',0.6470588235294117974, 0.6196078431372549211, 0.5882352941176470784 ) ;
#10850 = CARTESIAN_POINT ( 'NONE',  ( 3.000000000000000000, -0.5596891741410527921, 1.370310825858947590 ) ) ;
#10851 = FACE_OUTER_BOUND ( 'NONE', #2103, .T. ) ;
#10852 = STYLED_ITEM ( 'NONE', ( #2016 ), #4872 ) ;
#10853 = ORIENTED_EDGE ( 'NONE', *, *, #3727, .F. ) ;
#10854 = ORIENTED_EDGE ( 'NONE', *, *, #5932, .F. ) ;
#10855 = FILL_AREA_STYLE_COLOUR ( '', #11453 ) ;
#10856 = CARTESIAN_POINT ( 'NONE',  ( 2.768855527674394246, -8.307098625588269059, 0.01000000000000000021 ) ) ;
#10857 = AXIS2_PLACEMENT_3D ( 'NONE', #1114, #9863, #8763 ) ;
#10858 = ORIENTED_EDGE ( 'NONE', *, *, #8800, .T. ) ;
#10859 = VECTOR ( 'NONE', #8234, 1000.000000000000000 ) ;
#10860 = CARTESIAN_POINT ( 'NONE',  ( -0.1091714849054198355, -7.652406375648344472, 0.01000000000000000021 ) ) ;
#10861 = SURFACE_SIDE_STYLE ('',( #11472 ) ) ;
#10862 = CARTESIAN_POINT ( 'NONE',  ( 2.121951219512192566, -8.413061814630715674, 0.000000000000000000 ) ) ;
#10863 = VECTOR ( 'NONE', #5522, 1000.000000000000000 ) ;
#10864 = MECHANICAL_DESIGN_GEOMETRIC_PRESENTATION_REPRESENTATION (  '', ( #2765 ), #7020 ) ;
#10865 =( NAMED_UNIT ( * ) SI_UNIT ( $, .STERADIAN. ) SOLID_ANGLE_UNIT ( ) );
#10866 = SURFACE_SIDE_STYLE ('',( #381 ) ) ;
#10867 = CARTESIAN_POINT ( 'NONE',  ( 0.9134908536585339967, -7.574647180484375575, 0.01000000000000000021 ) ) ;
#10868 =( LENGTH_UNIT ( ) NAMED_UNIT ( * ) SI_UNIT ( .MILLI., .METRE. ) );
#10869 = STYLED_ITEM ( 'NONE', ( #11153 ), #11464 ) ;
#10870 = EDGE_CURVE ( 'NONE', #309, #10658, #11620, .T. ) ;
#10871 = MECHANICAL_DESIGN_GEOMETRIC_PRESENTATION_REPRESENTATION (  '', ( #1181 ), #11444 ) ;
#10872 = AXIS2_PLACEMENT_3D ( 'NONE', #1584, #5584, #12057 ) ;
#10873 = ORIENTED_EDGE ( 'NONE', *, *, #3288, .F. ) ;
#10874 =( GEOMETRIC_REPRESENTATION_CONTEXT ( 3 ) GLOBAL_UNCERTAINTY_ASSIGNED_CONTEXT ( ( #4457 ) ) GLOBAL_UNIT_ASSIGNED_CONTEXT ( ( #1276, #9773, #3953 ) ) REPRESENTATION_CONTEXT ( 'NONE', 'WORKASPACE' ) );
#10875 = CARTESIAN_POINT ( 'NONE',  ( -0.3499999999999990341, 0.5299999999999983613, 3.859999999999999876 ) ) ;
#10876 = DIRECTION ( 'NONE',  ( 0.000000000000000000, -1.000000000000000000, 0.000000000000000000 ) ) ;
#10877 = ORIENTED_EDGE ( 'NONE', *, *, #2961, .F. ) ;
#10878 = UNCERTAINTY_MEASURE_WITH_UNIT (LENGTH_MEASURE( 1.000000000000000082E-05 ), #5453, 'distance_accuracy_value', 'NONE');
#10879 =( NAMED_UNIT ( * ) SI_UNIT ( $, .STERADIAN. ) SOLID_ANGLE_UNIT ( ) );
#10880 = CARTESIAN_POINT ( 'NONE',  ( 0.8945473432507211609, -7.465300574875980644, 6.776263578034402713E-18 ) ) ;
#10881 = ADVANCED_FACE ( 'NONE', ( #7735 ), #6837, .F. ) ;
#10882 = DIRECTION ( 'NONE',  ( 0.000000000000000000, -0.000000000000000000, 1.000000000000000000 ) ) ;
#10883 = EDGE_CURVE ( 'NONE', #10127, #12060, #2326, .T. ) ;
#10884 = DIRECTION ( 'NONE',  ( 1.000000000000000000, 0.000000000000000000, 0.000000000000000000 ) ) ;
#10885 = PRESENTATION_STYLE_ASSIGNMENT (( #7016 ) ) ;
#10886 = DIRECTION ( 'NONE',  ( 1.000000000000000000, -3.252606517456513302E-16, 0.000000000000000000 ) ) ;
#10887 = DIRECTION ( 'NONE',  ( 0.000000000000000000, 1.445602896647339311E-15, -1.000000000000000000 ) ) ;
#10888 = EDGE_CURVE ( 'NONE', #5365, #3984, #8038, .T. ) ;
#10889 =( GEOMETRIC_REPRESENTATION_CONTEXT ( 3 ) GLOBAL_UNCERTAINTY_ASSIGNED_CONTEXT ( ( #10516 ) ) GLOBAL_UNIT_ASSIGNED_CONTEXT ( ( #356, #5166, #1239 ) ) REPRESENTATION_CONTEXT ( 'NONE', 'WORKASPACE' ) );
#10890 =( NAMED_UNIT ( * ) PLANE_ANGLE_UNIT ( ) SI_UNIT ( $, .RADIAN. ) );
#10891 = SURFACE_STYLE_FILL_AREA ( #8161 ) ;
#10892 = ORIENTED_EDGE ( 'NONE', *, *, #1612, .T. ) ;
#10893 = FACE_OUTER_BOUND ( 'NONE', #98, .T. ) ;
#10894 = LINE ( 'NONE', #5967, #6746 ) ;
#10895 = FACE_OUTER_BOUND ( 'NONE', #5291, .T. ) ;
#10896 = VERTEX_POINT ( 'NONE', #7153 ) ;
#10897 = ADVANCED_FACE ( 'NONE', ( #3094 ), #10824, .F. ) ;
#10898 = ORIENTED_EDGE ( 'NONE', *, *, #7678, .T. ) ;
#10899 = VECTOR ( 'NONE', #4788, 1000.000000000000000 ) ;
#10900 = DIRECTION ( 'NONE',  ( 0.000000000000000000, 0.000000000000000000, 1.000000000000000000 ) ) ;
#10901 = LINE ( 'NONE', #227, #5760 ) ;
#10902 = EDGE_LOOP ( 'NONE', ( #9855, #4539, #4159, #1244 ) ) ;
#10903 = STYLED_ITEM ( 'NONE', ( #12346 ), #11947 ) ;
#10904 = VERTEX_POINT ( 'NONE', #2269 ) ;
#10905 = PLANE ( 'NONE',  #10081 ) ;
#10906 = PRESENTATION_STYLE_ASSIGNMENT (( #7176 ) ) ;
#10907 = CARTESIAN_POINT ( 'NONE',  ( 5.626372070731853192, -3.614999999999999769, -0.2000000000000005107 ) ) ;
#10908 = CARTESIAN_POINT ( 'NONE',  ( 0.5243902439024364925, -7.955173095118522220, 0.01000000000000000021 ) ) ;
#10909 = MECHANICAL_DESIGN_GEOMETRIC_PRESENTATION_REPRESENTATION (  '', ( #2213 ), #4854 ) ;
#10910 = DIRECTION ( 'NONE',  ( -1.000000000000000000, -0.000000000000000000, 0.000000000000000000 ) ) ;
#10911 = CARTESIAN_POINT ( 'NONE',  ( 1.060975609756094951, -7.574647180484375575, 0.000000000000000000 ) ) ;
#10912 = DIRECTION ( 'NONE',  ( -1.000000000000000000, 0.000000000000000000, -0.000000000000000000 ) ) ;
#10913 = ADVANCED_FACE ( 'NONE', ( #7085 ), #7019, .T. ) ;
#10914 =( NAMED_UNIT ( * ) SI_UNIT ( $, .STERADIAN. ) SOLID_ANGLE_UNIT ( ) );
#10915 = VECTOR ( 'NONE', #2179, 1000.000000000000000 ) ;
#10916 = ORIENTED_EDGE ( 'NONE', *, *, #1651, .F. ) ;
#10917 = FILL_AREA_STYLE_COLOUR ( '', #9467 ) ;
#10918 = STYLED_ITEM ( 'NONE', ( #1863 ), #4037 ) ;
#10919 = CARTESIAN_POINT ( 'NONE',  ( 2.414462720088084158, -8.476699047789766794, 6.776263578034402713E-18 ) ) ;
#10920 = CARTESIAN_POINT ( 'NONE',  ( 1.749999999999996003, -0.9700000000000014166, 2.560317866458142966 ) ) ;
#10921 = ORIENTED_EDGE ( 'NONE', *, *, #2402, .F. ) ;
#10922 = DIRECTION ( 'NONE',  ( 0.000000000000000000, 0.000000000000000000, -1.000000000000000000 ) ) ;
#10923 = SURFACE_STYLE_USAGE ( .BOTH. , #375 ) ;
#10924 = CARTESIAN_POINT ( 'NONE',  ( -1.825000000000000178, -8.920000000000001705, 3.859999999999999876 ) ) ;
#10925 = VECTOR ( 'NONE', #2278, 1000.000000000000000 ) ;
#10926 = CARTESIAN_POINT ( 'NONE',  ( 0.000000000000000000, -7.420000000000000817, -6.505213034913026604E-16 ) ) ;
#10927 = CARTESIAN_POINT ( 'NONE',  ( 0.5243902439024364925, -7.955173095118522220, 0.01000000000000000021 ) ) ;
#10928 = FILL_AREA_STYLE_COLOUR ( '', #4616 ) ;
#10929 = UNCERTAINTY_MEASURE_WITH_UNIT (LENGTH_MEASURE( 1.000000000000000082E-05 ), #9391, 'distance_accuracy_value', 'NONE');
#10930 = EDGE_LOOP ( 'NONE', ( #5170, #9869, #10188, #4963 ) ) ;
#10931 = VECTOR ( 'NONE', #3604, 1000.000000000000000 ) ;
#10932 = FILL_AREA_STYLE ('',( #1392 ) ) ;
#10933 = SURFACE_STYLE_FILL_AREA ( #8089 ) ;
#10934 = VERTEX_POINT ( 'NONE', #9373 ) ;
#10935 = CARTESIAN_POINT ( 'NONE',  ( 0.04153963414633878720, -8.074647180484374687, 0.000000000000000000 ) ) ;
#10936 = CARTESIAN_POINT ( 'NONE',  ( 2.356135670731704490, -7.562452058533155608, 6.776263578034402713E-18 ) ) ;
#10937 = LINE ( 'NONE', #11867, #3595 ) ;
#10938 = DIRECTION ( 'NONE',  ( 1.000000000000000000, 0.000000000000000000, -0.000000000000000000 ) ) ;
#10939 = PLANE ( 'NONE',  #8151 ) ;
#10940 = FILL_AREA_STYLE_COLOUR ( '', #6278 ) ;
#10941 = STYLED_ITEM ( 'NONE', ( #4538 ), #8511 ) ;
#10942 = ADVANCED_FACE ( 'NONE', ( #10382 ), #9180, .F. ) ;
#10943 = ADVANCED_FACE ( 'NONE', ( #6515 ), #10253, .T. ) ;
#10944 =( NAMED_UNIT ( * ) SI_UNIT ( $, .STERADIAN. ) SOLID_ANGLE_UNIT ( ) );
#10945 = ORIENTED_EDGE ( 'NONE', *, *, #5328, .F. ) ;
#10946 = DIRECTION ( 'NONE',  ( 1.343259328743102577E-15, 0.000000000000000000, -1.000000000000000000 ) ) ;
#10947 = VECTOR ( 'NONE', #3514, 1000.000000000000000 ) ;
#10948 = EDGE_CURVE ( 'NONE', #12277, #6615, #1581, .T. ) ;
#10949 = CYLINDRICAL_SURFACE ( 'NONE', #8698, 0.4013720707318635950 ) ;
#10950 = LINE ( 'NONE', #3046, #5763 ) ;
#10951 = CARTESIAN_POINT ( 'NONE',  ( 2.121951219512192566, -8.303305717069740410, 0.01000000000000000021 ) ) ;
#10952 = ORIENTED_EDGE ( 'NONE', *, *, #2543, .T. ) ;
#10953 = VECTOR ( 'NONE', #3903, 1000.000000000000000 ) ;
#10954 = VECTOR ( 'NONE', #812, 1000.000000000000000 ) ;
#10955 = DIRECTION ( 'NONE',  ( -1.000000000000000000, 0.000000000000000000, -0.000000000000000000 ) ) ;
#10956 = AXIS2_PLACEMENT_3D ( 'NONE', #7959, #3134, #376 ) ;
#10957 = CARTESIAN_POINT ( 'NONE',  ( 2.756483208146200958, -7.635843415736576212, 0.01000000000000000021 ) ) ;
#10958 = PRESENTATION_LAYER_ASSIGNMENT (  '', '', ( #5930 ) ) ;
#10959 = CARTESIAN_POINT ( 'NONE',  ( 3.329268292682923569, -7.464891082923399424, 0.000000000000000000 ) ) ;
#10960 = ORIENTED_EDGE ( 'NONE', *, *, #2599, .F. ) ;
#10961 = ORIENTED_EDGE ( 'NONE', *, *, #2890, .T. ) ;
#10962 = SURFACE_SIDE_STYLE ('',( #7881 ) ) ;
#10963 = VECTOR ( 'NONE', #8981, 1000.000000000000000 ) ;
#10964 = EDGE_CURVE ( 'NONE', #8118, #8314, #4104, .T. ) ;
#10965 = DIRECTION ( 'NONE',  ( 2.168404344971008868E-16, -1.000000000000000000, 0.000000000000000000 ) ) ;
#10966 = CARTESIAN_POINT ( 'NONE',  ( 2.730686611792915830, -7.930036988149721466, 0.01000000000000000021 ) ) ;
#10967 = CARTESIAN_POINT ( 'NONE',  ( -0.1410920339010018898, -7.652974419201997058, 0.01000000000000000021 ) ) ;
#10968 = CARTESIAN_POINT ( 'NONE',  ( 0.5823497974223876827, -8.192297616794013138, 0.01000000000000000021 ) ) ;
#10969 = LINE ( 'NONE', #4351, #6702 ) ;
#10970 = DIRECTION ( 'NONE',  ( 0.000000000000000000, -0.1736481776669276389, -0.9848077530122085754 ) ) ;
#10971 = VECTOR ( 'NONE', #1883, 1000.000000000000227 ) ;
#10972 = CARTESIAN_POINT ( 'NONE',  ( 4.127219230472783328E-17, -0.4700000000000016387, 1.299682133541857576 ) ) ;
#10973 = DIRECTION ( 'NONE',  ( -0.000000000000000000, -7.478108553735038078E-16, 1.000000000000000000 ) ) ;
#10974 = ORIENTED_EDGE ( 'NONE', *, *, #2287, .T. ) ;
#10975 = ORIENTED_EDGE ( 'NONE', *, *, #2093, .F. ) ;
#10976 = DIRECTION ( 'NONE',  ( 0.000000000000000000, -1.000000000000000000, -7.478108553735037092E-16 ) ) ;
#10977 = LINE ( 'NONE', #6242, #1586 ) ;
#10978 = CARTESIAN_POINT ( 'NONE',  ( 2.630828880894822586, -8.425124699456995714, 6.776263578034402713E-18 ) ) ;
#10979 = ORIENTED_EDGE ( 'NONE', *, *, #11859, .T. ) ;
#10980 = DIRECTION ( 'NONE',  ( 0.000000000000000000, -1.000000000000000000, 2.861335727341666912E-17 ) ) ;
#10981 = ORIENTED_EDGE ( 'NONE', *, *, #1527, .F. ) ;
#10982 =( LENGTH_UNIT ( ) NAMED_UNIT ( * ) SI_UNIT ( .MILLI., .METRE. ) );
#10983 = EDGE_CURVE ( 'NONE', #7829, #5951, #1734, .T. ) ;
#10984 = FILL_AREA_STYLE ('',( #8080 ) ) ;
#10985 = CARTESIAN_POINT ( 'NONE',  ( 3.850000000000000977, 1.029999999999998916, 3.359999999999999876 ) ) ;
#10986 = VERTEX_POINT ( 'NONE', #11419 ) ;
#10987 = LINE ( 'NONE', #9163, #7400 ) ;
#10988 = FACE_OUTER_BOUND ( 'NONE', #6358, .T. ) ;
#10989 = ORIENTED_EDGE ( 'NONE', *, *, #1594, .F. ) ;
#10990 = LINE ( 'NONE', #259, #11523 ) ;
#10991 = VERTEX_POINT ( 'NONE', #818 ) ;
#10992 = UNCERTAINTY_MEASURE_WITH_UNIT (LENGTH_MEASURE( 1.000000000000000082E-05 ), #9736, 'distance_accuracy_value', 'NONE');
#10993 = PLANE ( 'NONE',  #11546 ) ;
#10994 = CARTESIAN_POINT ( 'NONE',  ( -2.224999999999990763, -3.470000000000001528, 1.329999999999999183 ) ) ;
#10995 = PRESENTATION_LAYER_ASSIGNMENT (  '', '', ( #4534 ) ) ;
#10996 =( NAMED_UNIT ( * ) SI_UNIT ( $, .STERADIAN. ) SOLID_ANGLE_UNIT ( ) );
#10997 = CARTESIAN_POINT ( 'NONE',  ( 2.212276081267135375, -8.452653279618393967, 6.776263578034402713E-18 ) ) ;
#10998 = VECTOR ( 'NONE', #10293, 1000.000000000000000 ) ;
#10999 =( NAMED_UNIT ( * ) SI_UNIT ( $, .STERADIAN. ) SOLID_ANGLE_UNIT ( ) );
#11000 = LINE ( 'NONE', #1335, #11067 ) ;
#11001 = AXIS2_PLACEMENT_3D ( 'NONE', #7426, #5541, #12187 ) ;
#11002 =( NAMED_UNIT ( * ) SI_UNIT ( $, .STERADIAN. ) SOLID_ANGLE_UNIT ( ) );
#11003 = COLOUR_RGB ( '',0.6470588235294117974, 0.6196078431372549211, 0.5882352941176470784 ) ;
#11004 = VERTEX_POINT ( 'NONE', #5754 ) ;
#11005 = FILL_AREA_STYLE ('',( #5339 ) ) ;
#11006 = CARTESIAN_POINT ( 'NONE',  ( 5.575000000000008171, -0.4700000000000008060, 0.5000000000000004441 ) ) ;
#11007 = CARTESIAN_POINT ( 'NONE',  ( -2.524999999999990585, -3.470000000000001528, 2.529999999999998916 ) ) ;
#11008 = CARTESIAN_POINT ( 'NONE',  ( 2.357278963414631612, -7.452695960972180345, 0.000000000000000000 ) ) ;
#11009 = SURFACE_SIDE_STYLE ('',( #8875 ) ) ;
#11010 = LINE ( 'NONE', #3347, #1704 ) ;
#11011 = DIRECTION ( 'NONE',  ( 0.000000000000000000, -1.000000000000000000, 1.734723475976807341E-16 ) ) ;
#11012 = EDGE_CURVE ( 'NONE', #5321, #5056, #2761, .T. ) ;
#11013 = COLOUR_RGB ( '',0.6470588235294117974, 0.6196078431372549211, 0.5882352941176470784 ) ;
#11014 = ORIENTED_EDGE ( 'NONE', *, *, #1135, .T. ) ;
#11015 = UNCERTAINTY_MEASURE_WITH_UNIT (LENGTH_MEASURE( 1.000000000000000082E-05 ), #11035, 'distance_accuracy_value', 'NONE');
#11016 = EDGE_CURVE ( 'NONE', #11060, #3692, #3803, .T. ) ;
#11017 = FACE_OUTER_BOUND ( 'NONE', #2549, .T. ) ;
#11018 = EDGE_CURVE ( 'NONE', #4755, #10306, #1745, .T. ) ;
#11019 = CARTESIAN_POINT ( 'NONE',  ( 2.857790657095704123, -7.870546591136175607, 0.01000000000000000021 ) ) ;
#11020 = DIRECTION ( 'NONE',  ( -0.000000000000000000, -7.478108553735038078E-16, 1.000000000000000000 ) ) ;
#11021 = FILL_AREA_STYLE ('',( #7172 ) ) ;
#11022 =( GEOMETRIC_REPRESENTATION_CONTEXT ( 3 ) GLOBAL_UNCERTAINTY_ASSIGNED_CONTEXT ( ( #10274 ) ) GLOBAL_UNIT_ASSIGNED_CONTEXT ( ( #9259, #6403, #5539 ) ) REPRESENTATION_CONTEXT ( 'NONE', 'WORKASPACE' ) );
#11023 = VERTEX_POINT ( 'NONE', #8715 ) ;
#11024 = EDGE_LOOP ( 'NONE', ( #127, #4545, #4657, #3726, #10394 ) ) ;
#11025 =( LENGTH_UNIT ( ) NAMED_UNIT ( * ) SI_UNIT ( .MILLI., .METRE. ) );
#11026 =( NAMED_UNIT ( * ) PLANE_ANGLE_UNIT ( ) SI_UNIT ( $, .RADIAN. ) );
#11027 = CARTESIAN_POINT ( 'NONE',  ( 2.435079751057897202, -7.568924597630443785, 0.01000000000000000021 ) ) ;
#11028 = CARTESIAN_POINT ( 'NONE',  ( 0.7914018464903549432, -8.341025484806616319, 0.01000000000000000021 ) ) ;
#11029 = CARTESIAN_POINT ( 'NONE',  ( -0.3199999999999999512, 0.5354264934286706579, -0.5000000000000000000 ) ) ;
#11030 = EDGE_CURVE ( 'NONE', #11338, #7921, #10493, .T. ) ;
#11031 = PRESENTATION_STYLE_ASSIGNMENT (( #1297 ) ) ;
#11032 = VERTEX_POINT ( 'NONE', #7718 ) ;
#11033 = EDGE_CURVE ( 'NONE', #4739, #5045, #3863, .T. ) ;
#11034 = FACE_OUTER_BOUND ( 'NONE', #6796, .T. ) ;
#11035 =( LENGTH_UNIT ( ) NAMED_UNIT ( * ) SI_UNIT ( .MILLI., .METRE. ) );
#11036 = STYLED_ITEM ( 'NONE', ( #2513 ), #10943 ) ;
#11037 = EDGE_CURVE ( 'NONE', #9301, #1378, #2825, .T. ) ;
#11038 = ORIENTED_EDGE ( 'NONE', *, *, #11819, .T. ) ;
#11039 = CARTESIAN_POINT ( 'NONE',  ( -2.524999999999990585, -3.470000000000001528, 0.9299999999999991607 ) ) ;
#11040 = CARTESIAN_POINT ( 'NONE',  ( 2.794929607997452159, -8.268991940770705540, 0.01000000000000000021 ) ) ;
#11041 = VERTEX_POINT ( 'NONE', #7668 ) ;
#11042 = ORIENTED_EDGE ( 'NONE', *, *, #12113, .F. ) ;
#11043 = DIRECTION ( 'NONE',  ( -1.000000000000000000, 0.000000000000000000, -0.000000000000000000 ) ) ;
#11044 = VECTOR ( 'NONE', #5454, 1000.000000000000000 ) ;
#11045 = LINE ( 'NONE', #8380, #4327 ) ;
#11046 = VECTOR ( 'NONE', #10170, 1000.000000000000000 ) ;
#11047 = ORIENTED_EDGE ( 'NONE', *, *, #3365, .F. ) ;
#11048 = DIRECTION ( 'NONE',  ( 0.000000000000000000, 0.000000000000000000, 1.000000000000000000 ) ) ;
#11049 = DIRECTION ( 'NONE',  ( 4.358601698434189525E-17, -1.000000000000000000, 0.000000000000000000 ) ) ;
#11050 =( NAMED_UNIT ( * ) SI_UNIT ( $, .STERADIAN. ) SOLID_ANGLE_UNIT ( ) );
#11051 = UNCERTAINTY_MEASURE_WITH_UNIT (LENGTH_MEASURE( 1.000000000000000082E-05 ), #4138, 'distance_accuracy_value', 'NONE');
#11052 = EDGE_CURVE ( 'NONE', #10537, #10904, #10618, .T. ) ;
#11053 = VECTOR ( 'NONE', #5314, 1000.000000000000000 ) ;
#11054 = ORIENTED_EDGE ( 'NONE', *, *, #9758, .T. ) ;
#11055 = AXIS2_PLACEMENT_3D ( 'NONE', #86, #11629, #10637 ) ;
#11056 = CARTESIAN_POINT ( 'NONE',  ( 1.926829268292680197, -7.464891082923399424, 0.01000000000000000021 ) ) ;
#11057 = COLOUR_RGB ( '',0.2235294117647058654, 0.2235294117647058654, 0.2235294117647058654 ) ;
#11058 =( GEOMETRIC_REPRESENTATION_CONTEXT ( 3 ) GLOBAL_UNCERTAINTY_ASSIGNED_CONTEXT ( ( #6491 ) ) GLOBAL_UNIT_ASSIGNED_CONTEXT ( ( #3875, #11551, #5194 ) ) REPRESENTATION_CONTEXT ( 'NONE', 'WORKASPACE' ) );
#11059 = CARTESIAN_POINT ( 'NONE',  ( 1.792682926829265666, -7.574647180484375575, 0.01000000000000000021 ) ) ;
#11060 = VERTEX_POINT ( 'NONE', #12300 ) ;
#11061 = CARTESIAN_POINT ( 'NONE',  ( 0.3500000000000008660, 0.5299999999999983613, 3.360000000000000320 ) ) ;
#11062 = FILL_AREA_STYLE_COLOUR ( '', #9165 ) ;
#11063 = DIRECTION ( 'NONE',  ( -1.000000000000000000, 0.000000000000000000, 0.000000000000000000 ) ) ;
#11064 = CARTESIAN_POINT ( 'NONE',  ( 4.825000000000002842, -3.470000000000005080, 0.9299999999999991607 ) ) ;
#11065 = SURFACE_STYLE_FILL_AREA ( #3338 ) ;
#11066 = MECHANICAL_DESIGN_GEOMETRIC_PRESENTATION_REPRESENTATION (  '', ( #386 ), #12052 ) ;
#11067 = VECTOR ( 'NONE', #4009, 1000.000000000000000 ) ;
#11068 = CARTESIAN_POINT ( 'NONE',  ( 2.378620426829265444, -8.367330107313643239, 0.01000000000000000021 ) ) ;
#11069 = COLOUR_RGB ( '',0.6470588235294117974, 0.6196078431372549211, 0.5882352941176470784 ) ;
#11070 = ADVANCED_FACE ( 'NONE', ( #876 ), #5699, .T. ) ;
#11071 = CARTESIAN_POINT ( 'NONE',  ( -2.224999999999990763, -3.470000000000001528, 0.9299999999999991607 ) ) ;
#11072 = MECHANICAL_DESIGN_GEOMETRIC_PRESENTATION_REPRESENTATION (  '', ( #8444 ), #9891 ) ;
#11073 = COLOUR_RGB ( '',0.6470588235294117974, 0.6196078431372549211, 0.5882352941176470784 ) ;
#11074 = VERTEX_POINT ( 'NONE', #2945 ) ;
#11075 = CARTESIAN_POINT ( 'NONE',  ( -0.3499999999999998668, -0.4700000000000016387, 0.000000000000000000 ) ) ;
#11076 = FILL_AREA_STYLE ('',( #3343 ) ) ;
#11077 = CARTESIAN_POINT ( 'NONE',  ( 2.375340140384345489, -7.453116185985632747, -0.000000000000000000 ) ) ;
#11078 = DIRECTION ( 'NONE',  ( 0.000000000000000000, -1.000000000000000000, 1.734723475976807341E-16 ) ) ;
#11079 = LINE ( 'NONE', #6151, #5731 ) ;
#11080 = ORIENTED_EDGE ( 'NONE', *, *, #1518, .F. ) ;
#11081 = VECTOR ( 'NONE', #9849, 1000.000000000000000 ) ;
#11082 = CARTESIAN_POINT ( 'NONE',  ( -0.3199999999999999512, -0.3199999999999999512, 0.3554264934286703870 ) ) ;
#11083 = PRESENTATION_STYLE_ASSIGNMENT (( #7238 ) ) ;
#11084 = LINE ( 'NONE', #1351, #3002 ) ;
#11085 =( NAMED_UNIT ( * ) PLANE_ANGLE_UNIT ( ) SI_UNIT ( $, .RADIAN. ) );
#11086 = ORIENTED_EDGE ( 'NONE', *, *, #7335, .T. ) ;
#11087 = ORIENTED_EDGE ( 'NONE', *, *, #8940, .F. ) ;
#11088 = CARTESIAN_POINT ( 'NONE',  ( 2.000000000000000888, -0.9700000000000024158, -0.5000000000000000000 ) ) ;
#11089 = FILL_AREA_STYLE ('',( #2292 ) ) ;
#11090 =( NAMED_UNIT ( * ) SI_UNIT ( $, .STERADIAN. ) SOLID_ANGLE_UNIT ( ) );
#11091 = CARTESIAN_POINT ( 'NONE',  ( 0.5387214075957215131, -8.325558009807632942, 0.01000000000000000021 ) ) ;
#11092 = DIRECTION ( 'NONE',  ( -1.084202172485505297E-16, -1.461754633146887626E-32, -1.000000000000000000 ) ) ;
#11093 = ORIENTED_EDGE ( 'NONE', *, *, #7516, .T. ) ;
#11094 = CARTESIAN_POINT ( 'NONE',  ( 5.575000000000008171, -0.4700000000000008060, 0.5000000000000004441 ) ) ;
#11095 = CARTESIAN_POINT ( 'NONE',  ( 5.224999999999986322, -3.470000000000001528, 1.329999999999999183 ) ) ;
#11096 = EDGE_CURVE ( 'NONE', #1307, #7826, #2700, .T. ) ;
#11097 = FACE_OUTER_BOUND ( 'NONE', #851, .T. ) ;
#11098 = EDGE_CURVE ( 'NONE', #19, #2717, #6571, .T. ) ;
#11099 = EDGE_LOOP ( 'NONE', ( #6482, #8837, #6552, #1858 ) ) ;
#11100 = STYLED_ITEM ( 'NONE', ( #6160 ), #3703 ) ;
#11101 = ORIENTED_EDGE ( 'NONE', *, *, #7873, .T. ) ;
#11102 = FILL_AREA_STYLE ('',( #673 ) ) ;
#11103 = ORIENTED_EDGE ( 'NONE', *, *, #12165, .T. ) ;
#11104 = LINE ( 'NONE', #2429, #12362 ) ;
#11105 = PRODUCT_DEFINITION ( 'Î´Öª', '', #8507, #686 ) ;
#11106 =( NAMED_UNIT ( * ) SI_UNIT ( $, .STERADIAN. ) SOLID_ANGLE_UNIT ( ) );
#11107 = LINE ( 'NONE', #2143, #3392 ) ;
#11108 = EDGE_CURVE ( 'NONE', #117, #5236, #3675, .T. ) ;
#11109 = LINE ( 'NONE', #681, #2808 ) ;
#11110 = MECHANICAL_DESIGN_GEOMETRIC_PRESENTATION_REPRESENTATION (  '', ( #8899 ), #5477 ) ;
#11111 = ORIENTED_EDGE ( 'NONE', *, *, #11188, .T. ) ;
#11112 = PLANE ( 'NONE',  #3330 ) ;
#11113 = CARTESIAN_POINT ( 'NONE',  ( 0.3199999999999999512, -1.420000000000001039, 1.609999999999999432 ) ) ;
#11114 = DIRECTION ( 'NONE',  ( 1.000000000000000000, 1.371322905910519414E-16, -1.084202172485505297E-16 ) ) ;
#11115 = VERTEX_POINT ( 'NONE', #6881 ) ;
#11116 = DIRECTION ( 'NONE',  ( 0.000000000000000000, -1.734723475976807341E-16, -1.000000000000000000 ) ) ;
#11117 = MECHANICAL_DESIGN_GEOMETRIC_PRESENTATION_REPRESENTATION (  '', ( #2621 ), #11492 ) ;
#11118 = CARTESIAN_POINT ( 'NONE',  ( 2.121951219512192566, -7.492330107313643239, 0.000000000000000000 ) ) ;
#11119 =( GEOMETRIC_REPRESENTATION_CONTEXT ( 3 ) GLOBAL_UNCERTAINTY_ASSIGNED_CONTEXT ( ( #63 ) ) GLOBAL_UNIT_ASSIGNED_CONTEXT ( ( #1963, #7867, #11632 ) ) REPRESENTATION_CONTEXT ( 'NONE', 'WORKASPACE' ) );
#11120 = SURFACE_STYLE_USAGE ( .BOTH. , #7341 ) ;
#11121 = ORIENTED_EDGE ( 'NONE', *, *, #10409, .F. ) ;
#11122 = DIRECTION ( 'NONE',  ( 0.000000000000000000, 0.000000000000000000, 1.000000000000000000 ) ) ;
#11123 = EDGE_CURVE ( 'NONE', #3270, #2785, #2133, .T. ) ;
#11124 = CARTESIAN_POINT ( 'NONE',  ( 3.000000000000000888, -0.9700000000000020828, 0.000000000000000000 ) ) ;
#11125 = CARTESIAN_POINT ( 'NONE',  ( 2.794929607997452159, -8.268991940770705540, 0.000000000000000000 ) ) ;
#11126 = FILL_AREA_STYLE ('',( #11302 ) ) ;
#11127 = PRESENTATION_LAYER_ASSIGNMENT (  '', '', ( #3050 ) ) ;
#11128 = DIRECTION ( 'NONE',  ( -1.000000000000000000, 0.000000000000000000, 0.000000000000000000 ) ) ;
#11129 = VERTEX_POINT ( 'NONE', #3079 ) ;
#11130 =( NAMED_UNIT ( * ) PLANE_ANGLE_UNIT ( ) SI_UNIT ( $, .RADIAN. ) );
#11131 = DIRECTION ( 'NONE',  ( 1.000000000000000000, 0.000000000000000000, 0.000000000000000000 ) ) ;
#11132 = VECTOR ( 'NONE', #2030, 1000.000000000000000 ) ;
#11133 =( GEOMETRIC_REPRESENTATION_CONTEXT ( 3 ) GLOBAL_UNCERTAINTY_ASSIGNED_CONTEXT ( ( #8854 ) ) GLOBAL_UNIT_ASSIGNED_CONTEXT ( ( #4143, #4388, #1274 ) ) REPRESENTATION_CONTEXT ( 'NONE', 'WORKASPACE' ) );
#11134 = EDGE_CURVE ( 'NONE', #3180, #10179, #3020, .T. ) ;
#11135 =( NAMED_UNIT ( * ) PLANE_ANGLE_UNIT ( ) SI_UNIT ( $, .RADIAN. ) );
#11136 = CARTESIAN_POINT ( 'NONE',  ( 0.9190167682926804193, -8.355134985362424160, 0.01000000000000000021 ) ) ;
#11137 = CARTESIAN_POINT ( 'NONE',  ( 1.390243902439021628, -8.355134985362424160, 0.01000000000000000021 ) ) ;
#11138 = LINE ( 'NONE', #8171, #7133 ) ;
#11139 = CARTESIAN_POINT ( 'NONE',  ( -8.577962312940892176, -0.9700000000000019718, 1.329999999999998739 ) ) ;
#11140 = AXIS2_PLACEMENT_3D ( 'NONE', #10815, #8917, #5262 ) ;
#11141 = DIRECTION ( 'NONE',  ( 1.000000000000000000, 3.938574995911015039E-16, 1.084946484143765172E-16 ) ) ;
#11142 = VERTEX_POINT ( 'NONE', #2072 ) ;
#11143 = ORIENTED_EDGE ( 'NONE', *, *, #9336, .F. ) ;
#11144 = UNCERTAINTY_MEASURE_WITH_UNIT (LENGTH_MEASURE( 1.000000000000000082E-05 ), #5565, 'distance_accuracy_value', 'NONE');
#11145 = LINE ( 'NONE', #11362, #9055 ) ;
#11146 = AXIS2_PLACEMENT_3D ( 'NONE', #9590, #918, #11340 ) ;
#11147 = CARTESIAN_POINT ( 'NONE',  ( 0.8665540110081393355, -8.463866049619092280, 0.01000000000000000021 ) ) ;
#11148 = CARTESIAN_POINT ( 'NONE',  ( 2.357278963414631612, -7.452695960972180345, 0.01000000000000000021 ) ) ;
#11149 = DIRECTION ( 'NONE',  ( -2.742645811821040800E-16, 1.000000000000000000, -2.195852501236467750E-16 ) ) ;
#11150 = MECHANICAL_DESIGN_GEOMETRIC_PRESENTATION_REPRESENTATION (  '', ( #6316 ), #1658 ) ;
#11151 = CARTESIAN_POINT ( 'NONE',  ( 6.324999999999997513, -7.420000000000000817, 3.859999999999999876 ) ) ;
#11152 = VERTEX_POINT ( 'NONE', #10745 ) ;
#11153 = PRESENTATION_STYLE_ASSIGNMENT (( #1366 ) ) ;
#11154 = ORIENTED_EDGE ( 'NONE', *, *, #9567, .T. ) ;
#11155 = ORIENTED_EDGE ( 'NONE', *, *, #888, .T. ) ;
#11156 = COLOUR_RGB ( '',0.2235294117647058654, 0.2235294117647058654, 0.2235294117647058654 ) ;
#11157 = LINE ( 'NONE', #10112, #976 ) ;
#11158 = COLOUR_RGB ( '',0.2235294117647058654, 0.2235294117647058654, 0.2235294117647058654 ) ;
#11159 = CARTESIAN_POINT ( 'NONE',  ( -2.575000000000001954, -0.9700000000000019718, 2.529999999999999361 ) ) ;
#11160 = ORIENTED_EDGE ( 'NONE', *, *, #841, .T. ) ;
#11161 = SURFACE_STYLE_FILL_AREA ( #7323 ) ;
#11162 = VERTEX_POINT ( 'NONE', #384 ) ;
#11163 = DIRECTION ( 'NONE',  ( -0.000000000000000000, -0.000000000000000000, -1.000000000000000000 ) ) ;
#11164 = MECHANICAL_DESIGN_GEOMETRIC_PRESENTATION_REPRESENTATION (  '', ( #5930 ), #10566 ) ;
#11165 = CARTESIAN_POINT ( 'NONE',  ( -5.010077000835909011, 0.4299999999999984390, 0.4999999999999995559 ) ) ;
#11166 = FACE_OUTER_BOUND ( 'NONE', #2034, .T. ) ;
#11167 = ORIENTED_EDGE ( 'NONE', *, *, #9586, .F. ) ;
#11168 = FACE_OUTER_BOUND ( 'NONE', #11385, .T. ) ;
#11169 = EDGE_CURVE ( 'NONE', #2075, #10228, #316, .T. ) ;
#11170 = COLOUR_RGB ( '',0.6470588235294117974, 0.6196078431372549211, 0.5882352941176470784 ) ;
#11171 = DIRECTION ( 'NONE',  ( -1.371322905910519414E-16, 1.000000000000000000, 0.000000000000000000 ) ) ;
#11172 = EDGE_CURVE ( 'NONE', #2785, #112, #4188, .T. ) ;
#11173 = UNCERTAINTY_MEASURE_WITH_UNIT (LENGTH_MEASURE( 1.000000000000000082E-05 ), #12465, 'distance_accuracy_value', 'NONE');
#11174 = EDGE_LOOP ( 'NONE', ( #7874, #7268, #8553, #10656 ) ) ;
#11175 = EDGE_CURVE ( 'NONE', #7921, #738, #11796, .T. ) ;
#11176 = EDGE_CURVE ( 'NONE', #7826, #5044, #7961, .T. ) ;
#11177 = CARTESIAN_POINT ( 'NONE',  ( 5.524999999999986144, -2.170000000000001705, 3.000000000000000000 ) ) ;
#11178 = DIRECTION ( 'NONE',  ( 0.000000000000000000, 1.000000000000000000, 0.000000000000000000 ) ) ;
#11179 = LINE ( 'NONE', #6321, #853 ) ;
#11180 = ORIENTED_EDGE ( 'NONE', *, *, #2284, .F. ) ;
#11181 =( NAMED_UNIT ( * ) PLANE_ANGLE_UNIT ( ) SI_UNIT ( $, .RADIAN. ) );
#11182 = SURFACE_STYLE_USAGE ( .BOTH. , #2506 ) ;
#11183 = CARTESIAN_POINT ( 'NONE',  ( 2.146139853729131186, -7.482511407394959235, 0.01000000000000000021 ) ) ;
#11184 = LINE ( 'NONE', #3337, #10814 ) ;
#11185 = DIRECTION ( 'NONE',  ( -1.000000000000000000, -0.000000000000000000, -0.000000000000000000 ) ) ;
#11186 = PRESENTATION_STYLE_ASSIGNMENT (( #6265 ) ) ;
#11187 = ADVANCED_FACE ( 'NONE', ( #2196 ), #5185, .F. ) ;
#11188 = EDGE_CURVE ( 'NONE', #10594, #4902, #8974, .T. ) ;
#11189 = FACE_OUTER_BOUND ( 'NONE', #996, .T. ) ;
#11190 = EDGE_CURVE ( 'NONE', #4791, #5173, #3207, .T. ) ;
#11191 = CARTESIAN_POINT ( 'NONE',  ( 0.8665540110081393355, -8.463866049619092280, 0.000000000000000000 ) ) ;
#11192 = SURFACE_SIDE_STYLE ('',( #12304 ) ) ;
#11193 = VECTOR ( 'NONE', #5945, 1000.000000000000000 ) ;
#11194 = CARTESIAN_POINT ( 'NONE',  ( 5.524999999999996803, 1.029999999999999138, 0.000000000000000000 ) ) ;
#11195 = DIRECTION ( 'NONE',  ( 0.000000000000000000, 1.000000000000000000, -2.861335727341666912E-17 ) ) ;
#11196 = CARTESIAN_POINT ( 'NONE',  ( 2.680000000000000160, -0.3199999999999999512, 0.3554264934286703870 ) ) ;
#11197 = SURFACE_SIDE_STYLE ('',( #11259 ) ) ;
#11198 = VECTOR ( 'NONE', #9623, 1000.000000000000000 ) ;
#11199 = ADVANCED_FACE ( 'NONE', ( #10988 ), #7065, .F. ) ;
#11200 =( NAMED_UNIT ( * ) SI_UNIT ( $, .STERADIAN. ) SOLID_ANGLE_UNIT ( ) );
#11201 = CARTESIAN_POINT ( 'NONE',  ( 2.357278963414631612, -7.452695960972180345, 0.01000000000000000021 ) ) ;
#11202 = LINE ( 'NONE', #3286, #10116 ) ;
#11203 = ORIENTED_EDGE ( 'NONE', *, *, #9716, .T. ) ;
#11204 = ORIENTED_EDGE ( 'NONE', *, *, #2356, .F. ) ;
#11205 = AXIS2_PLACEMENT_3D ( 'NONE', #8024, #3327, #6070 ) ;
#11206 = CARTESIAN_POINT ( 'NONE',  ( 3.350000000000000089, -0.4700000000000016387, 0.4999999999999970024 ) ) ;
#11207 = MECHANICAL_DESIGN_GEOMETRIC_PRESENTATION_REPRESENTATION (  '', ( #6398 ), #8582 ) ;
#11208 = CARTESIAN_POINT ( 'NONE',  ( 0.5301435008633078594, -8.044005908634030533, 6.776263578034402713E-18 ) ) ;
#11209 = FILL_AREA_STYLE ('',( #8185 ) ) ;
#11210 = VECTOR ( 'NONE', #3137, 1000.000000000000000 ) ;
#11211 = CARTESIAN_POINT ( 'NONE',  ( 2.951219512195118799, -8.355134985362424160, 0.000000000000000000 ) ) ;
#11212 = CARTESIAN_POINT ( 'NONE',  ( 2.150000000000000799, 1.029999999999998472, 3.359999999999999876 ) ) ;
#11213 = CARTESIAN_POINT ( 'NONE',  ( 0.7593845927399616169, -8.446272652554636551, 0.01000000000000000021 ) ) ;
#11214 = SURFACE_STYLE_FILL_AREA ( #1489 ) ;
#11215 = ADVANCED_FACE ( 'NONE', ( #7393 ), #10318, .F. ) ;
#11216 = VECTOR ( 'NONE', #252, 1000.000000000000000 ) ;
#11217 = VERTEX_POINT ( 'NONE', #10187 ) ;
#11218 = SURFACE_SIDE_STYLE ('',( #3712 ) ) ;
#11219 = ORIENTED_EDGE ( 'NONE', *, *, #667, .T. ) ;
#11220 = ORIENTED_EDGE ( 'NONE', *, *, #2961, .T. ) ;
#11221 = PRESENTATION_STYLE_ASSIGNMENT (( #12150 ) ) ;
#11222 = ORIENTED_EDGE ( 'NONE', *, *, #2444, .F. ) ;
#11223 = CARTESIAN_POINT ( 'NONE',  ( -1.825000000000000178, -8.920000000000001705, 0.000000000000000000 ) ) ;
#11224 = FACE_OUTER_BOUND ( 'NONE', #894, .T. ) ;
#11225 = DIRECTION ( 'NONE',  ( 0.000000000000000000, 1.000000000000000000, 0.000000000000000000 ) ) ;
#11226 = LINE ( 'NONE', #1441, #5870 ) ;
#11227 = AXIS2_PLACEMENT_3D ( 'NONE', #10850, #11837, #6925 ) ;
#11228 = ORIENTED_EDGE ( 'NONE', *, *, #7244, .F. ) ;
#11229 = CARTESIAN_POINT ( 'NONE',  ( 2.634706780220303024, -8.261899878878786296, 0.01000000000000000021 ) ) ;
#11230 = CARTESIAN_POINT ( 'NONE',  ( 0.7922736870132787157, -7.587283787027386595, 6.776263578034402713E-18 ) ) ;
#11231 = CARTESIAN_POINT ( 'NONE',  ( 6.324999999999997513, -3.470000000000001528, 2.529999999999998916 ) ) ;
#11232 = VERTEX_POINT ( 'NONE', #11231 ) ;
#11233 = VECTOR ( 'NONE', #1019, 1000.000000000000000 ) ;
#11234 = LINE ( 'NONE', #1628, #9739 ) ;
#11235 = AXIS2_PLACEMENT_3D ( 'NONE', #337, #11939, #7023 ) ;
#11236 = CARTESIAN_POINT ( 'NONE',  ( -3.325000000000001066, -0.9700000000000020828, -0.5000000000000000000 ) ) ;
#11237 = ORIENTED_EDGE ( 'NONE', *, *, #5261, .F. ) ;
#11238 = CARTESIAN_POINT ( 'NONE',  ( 2.680000000000000160, -0.3199999999999999512, 0.3554264934286703870 ) ) ;
#11239 = CARTESIAN_POINT ( 'NONE',  ( 2.652269957356319541, -7.702789085204115871, 6.776263578034402713E-18 ) ) ;
#11240 = DIRECTION ( 'NONE',  ( 1.000000000000000000, 0.000000000000000000, 0.000000000000000000 ) ) ;
#11241 = LINE ( 'NONE', #5465, #9002 ) ;
#11242 = FACE_OUTER_BOUND ( 'NONE', #9351, .T. ) ;
#11243 = CARTESIAN_POINT ( 'NONE',  ( 1.390243902439021628, -8.355134985362424160, 0.000000000000000000 ) ) ;
#11244 =( GEOMETRIC_REPRESENTATION_CONTEXT ( 3 ) GLOBAL_UNCERTAINTY_ASSIGNED_CONTEXT ( ( #2282 ) ) GLOBAL_UNIT_ASSIGNED_CONTEXT ( ( #10868, #3139, #1257 ) ) REPRESENTATION_CONTEXT ( 'NONE', 'WORKASPACE' ) );
#11245 = B_SPLINE_CURVE_WITH_KNOTS ( 'NONE', 3,
 ( #7152, #1148, #8099, #269, #11936, #11871, #5962, #4262, #3221, #6145, #4074, #11810, #9952, #2267, #1330, #208, #7917, #7083, #2325 ),
 .UNSPECIFIED., .F., .F.,
 ( 4, 1, 1, 1, 1, 1, 1, 1, 1, 1, 1, 1, 1, 1, 1, 1, 4 ),
 ( 0.000000000000000000, 0.06863117867660115112, 0.1345664660386773070, 0.1983281540108813024, 0.2607897666408452442, 0.3219991514841586411, 0.3827217465030199883, 0.4435374740357290735, 0.5051334294849253448, 0.5662138747646723314, 0.6261058646175461373, 0.6853493221605171382, 0.7449958703477980171, 0.8054158418145634935, 0.8676362663459540325, 0.9323077823023303567, 1.000000000000000000 ),
 .UNSPECIFIED. ) ;
#11246 =( GEOMETRIC_REPRESENTATION_CONTEXT ( 3 ) GLOBAL_UNCERTAINTY_ASSIGNED_CONTEXT ( ( #10878 ) ) GLOBAL_UNIT_ASSIGNED_CONTEXT ( ( #5453, #7332, #6376 ) ) REPRESENTATION_CONTEXT ( 'NONE', 'WORKASPACE' ) );
#11247 = MECHANICAL_DESIGN_GEOMETRIC_PRESENTATION_REPRESENTATION (  '', ( #10852 ), #11058 ) ;
#11248 = SURFACE_SIDE_STYLE ('',( #7476 ) ) ;
#11249 = EDGE_CURVE ( 'NONE', #1236, #5914, #12219, .T. ) ;
#11250 = STYLED_ITEM ( 'NONE', ( #6611 ), #11314 ) ;
#11251 = EDGE_CURVE ( 'NONE', #10594, #1032, #12100, .T. ) ;
#11252 = UNCERTAINTY_MEASURE_WITH_UNIT (LENGTH_MEASURE( 1.000000000000000082E-05 ), #4824, 'distance_accuracy_value', 'NONE');
#11253 = VECTOR ( 'NONE', #2218, 1000.000000000000000 ) ;
#11254 = DIRECTION ( 'NONE',  ( 0.000000000000000000, 0.000000000000000000, 1.000000000000000000 ) ) ;
#11255 =( NAMED_UNIT ( * ) PLANE_ANGLE_UNIT ( ) SI_UNIT ( $, .RADIAN. ) );
#11256 = CARTESIAN_POINT ( 'NONE',  ( 1.414634146341460674, -7.464891082923399424, 0.000000000000000000 ) ) ;
#11257 = EDGE_CURVE ( 'NONE', #1136, #1175, #1446, .T. ) ;
#11258 = AXIS2_PLACEMENT_3D ( 'NONE', #5293, #654, #4540 ) ;
#11259 = SURFACE_STYLE_FILL_AREA ( #3630 ) ;
#11260 = VECTOR ( 'NONE', #10517, 1000.000000000000000 ) ;
#11261 = SURFACE_STYLE_USAGE ( .BOTH. , #6406 ) ;
#11262 = PRESENTATION_LAYER_ASSIGNMENT (  '', '', ( #779 ) ) ;
#11263 = VECTOR ( 'NONE', #1410, 1000.000000000000000 ) ;
#11264 = ORIENTED_EDGE ( 'NONE', *, *, #3410, .F. ) ;
#11265 = DIRECTION ( 'NONE',  ( 0.000000000000000000, 0.000000000000000000, 1.000000000000000000 ) ) ;
#11266 = VERTEX_POINT ( 'NONE', #3325 ) ;
#11267 = DIRECTION ( 'NONE',  ( -6.051360962709794804E-16, 1.000000000000000000, 0.000000000000000000 ) ) ;
#11268 = DIRECTION ( 'NONE',  ( -1.371322905910519414E-16, 1.000000000000000000, -0.000000000000000000 ) ) ;
#11269 = CARTESIAN_POINT ( 'NONE',  ( 0.8585252776294802768, -7.466103473587510031, 0.000000000000000000 ) ) ;
#11270 = DIRECTION ( 'NONE',  ( -1.371322905910519414E-16, 1.000000000000000000, 0.000000000000000000 ) ) ;
#11271 = CARTESIAN_POINT ( 'NONE',  ( 1.195121951219509704, -8.464891082923399424, 0.01000000000000000021 ) ) ;
#11272 = VECTOR ( 'NONE', #10334, 1000.000000000000000 ) ;
#11273 = EDGE_CURVE ( 'NONE', #4066, #10309, #6441, .T. ) ;
#11274 = FILL_AREA_STYLE_COLOUR ( '', #1621 ) ;
#11275 = ORIENTED_EDGE ( 'NONE', *, *, #8960, .F. ) ;
#11276 = VERTEX_POINT ( 'NONE', #1564 ) ;
#11277 = SURFACE_SIDE_STYLE ('',( #8259 ) ) ;
#11278 = CARTESIAN_POINT ( 'NONE',  ( 4.927962312940882939, -0.9700000000000019718, 2.529999999999998472 ) ) ;
#11279 = AXIS2_PLACEMENT_3D ( 'NONE', #4403, #8236, #3424 ) ;
#11280 = DIRECTION ( 'NONE',  ( -1.084202172485505297E-16, -0.000000000000000000, -1.000000000000000000 ) ) ;
#11281 = ORIENTED_EDGE ( 'NONE', *, *, #4814, .T. ) ;
#11282 = ORIENTED_EDGE ( 'NONE', *, *, #6155, .T. ) ;
#11283 = ORIENTED_EDGE ( 'NONE', *, *, #6681, .F. ) ;
#11284 = COLOUR_RGB ( '',0.6470588235294117974, 0.6196078431372549211, 0.5882352941176470784 ) ;
#11285 = LINE ( 'NONE', #1850, #7124 ) ;
#11286 = EDGE_CURVE ( 'NONE', #7933, #1072, #9166, .T. ) ;
#11287 = DIRECTION ( 'NONE',  ( 0.000000000000000000, -0.000000000000000000, -1.000000000000000000 ) ) ;
#11288 = ORIENTED_EDGE ( 'NONE', *, *, #5160, .F. ) ;
#11289 = CARTESIAN_POINT ( 'NONE',  ( 2.391467101840482279, -8.366999009229761697, 0.01000000000000000021 ) ) ;
#11290 = CARTESIAN_POINT ( 'NONE',  ( 0.5386171955153211677, -7.826611348270642310, 0.01000000000000000021 ) ) ;
#11291 = FILL_AREA_STYLE_COLOUR ( '', #3598 ) ;
#11292 = UNCERTAINTY_MEASURE_WITH_UNIT (LENGTH_MEASURE( 1.000000000000000082E-05 ), #7000, 'distance_accuracy_value', 'NONE');
#11293 = ORIENTED_EDGE ( 'NONE', *, *, #2345, .F. ) ;
#11294 = VECTOR ( 'NONE', #7773, 1000.000000000000000 ) ;
#11295 = CARTESIAN_POINT ( 'NONE',  ( -1.269999999999999352, -8.920000000000001705, 0.6599999999999995870 ) ) ;
#11296 = FACE_BOUND ( 'NONE', #2862, .T. ) ;
#11297 = ORIENTED_EDGE ( 'NONE', *, *, #7007, .T. ) ;
#11298 = DIRECTION ( 'NONE',  ( 0.000000000000000000, -1.000000000000000000, 0.000000000000000000 ) ) ;
#11299 = FILL_AREA_STYLE ('',( #7471 ) ) ;
#11300 = DIRECTION ( 'NONE',  ( 0.000000000000000000, 1.000000000000000000, 0.000000000000000000 ) ) ;
#11301 = VECTOR ( 'NONE', #10922, 1000.000000000000000 ) ;
#11302 = FILL_AREA_STYLE_COLOUR ( '', #9434 ) ;
#11303 = FILL_AREA_STYLE_COLOUR ( '', #4396 ) ;
#11304 = COLOUR_RGB ( '',0.2235294117647058654, 0.2235294117647058654, 0.2235294117647058654 ) ;
#11305 = CARTESIAN_POINT ( 'NONE',  ( 1.249999999999996225, -0.9700000000000014166, 2.560317866458142966 ) ) ;
#11306 = LINE ( 'NONE', #12307, #69 ) ;
#11307 = CARTESIAN_POINT ( 'NONE',  ( -1.825000000000000178, -8.920000000000001705, 3.859999999999999876 ) ) ;
#11308 = VECTOR ( 'NONE', #11535, 1000.000000000000000 ) ;
#11309 =( NAMED_UNIT ( * ) SI_UNIT ( $, .STERADIAN. ) SOLID_ANGLE_UNIT ( ) );
#11310 = SURFACE_STYLE_FILL_AREA ( #9379 ) ;
#11311 = SURFACE_STYLE_USAGE ( .BOTH. , #3684 ) ;
#11312 = VECTOR ( 'NONE', #1424, 1000.000000000000000 ) ;
#11313 = EDGE_CURVE ( 'NONE', #469, #3963, #2560, .T. ) ;
#11314 = ADVANCED_FACE ( 'NONE', ( #4560 ), #8388, .T. ) ;
#11315 = PLANE ( 'NONE',  #8640 ) ;
#11316 = SURFACE_STYLE_FILL_AREA ( #3560 ) ;
#11317 = VECTOR ( 'NONE', #1249, 1000.000000000000000 ) ;
#11318 = EDGE_CURVE ( 'NONE', #10715, #10593, #8638, .T. ) ;
#11319 = ORIENTED_EDGE ( 'NONE', *, *, #3144, .T. ) ;
#11320 = DIRECTION ( 'NONE',  ( -1.000000000000000000, -1.371322905910519414E-16, 2.168404344971010594E-16 ) ) ;
#11321 = ORIENTED_EDGE ( 'NONE', *, *, #10634, .T. ) ;
#11322 = PRESENTATION_STYLE_ASSIGNMENT (( #3762 ) ) ;
#11323 = CARTESIAN_POINT ( 'NONE',  ( -0.1423399390243929308, -7.656964253655107022, 0.01000000000000000021 ) ) ;
#11324 = CARTESIAN_POINT ( 'NONE',  ( 0.6857453339508735590, -8.296573770795514946, 0.01000000000000000021 ) ) ;
#11325 = DIRECTION ( 'NONE',  ( 0.000000000000000000, 1.000000000000000000, -1.734723475976807341E-16 ) ) ;
#11326 = CARTESIAN_POINT ( 'NONE',  ( -3.325000000000000178, 1.029999999999998472, 0.5000000000000004441 ) ) ;
#11327 = FILL_AREA_STYLE ('',( #11274 ) ) ;
#11328 = EDGE_LOOP ( 'NONE', ( #12339, #5990, #5124, #10531 ) ) ;
#11329 = CARTESIAN_POINT ( 'NONE',  ( 2.680000000000000160, 0.3199999999999995626, 1.370310825858947812 ) ) ;
#11330 = ORIENTED_EDGE ( 'NONE', *, *, #1400, .T. ) ;
#11331 = VERTEX_POINT ( 'NONE', #12350 ) ;
#11332 = CARTESIAN_POINT ( 'NONE',  ( 2.233739755332301513, -7.578165933306226343, 0.01000000000000000021 ) ) ;
#11333 = ADVANCED_FACE ( 'NONE', ( #12408 ), #2874, .T. ) ;
#11334 = CARTESIAN_POINT ( 'NONE',  ( -0.3378429878048807566, -8.184403278045349950, 0.000000000000000000 ) ) ;
#11335 = VERTEX_POINT ( 'NONE', #4738 ) ;
#11336 = ORIENTED_EDGE ( 'NONE', *, *, #4666, .T. ) ;
#11337 =( NAMED_UNIT ( * ) SI_UNIT ( $, .STERADIAN. ) SOLID_ANGLE_UNIT ( ) );
#11338 = VERTEX_POINT ( 'NONE', #8569 ) ;
#11339 = CARTESIAN_POINT ( 'NONE',  ( 2.357159858225966964, -8.476617731327026561, 0.000000000000000000 ) ) ;
#11340 = DIRECTION ( 'NONE',  ( 1.162683294890621566E-16, -1.000000000000000000, 0.000000000000000000 ) ) ;
#11341 = CARTESIAN_POINT ( 'NONE',  ( -3.325000000000000178, -0.9700000000000019718, 2.529999999999998472 ) ) ;
#11342 = VERTEX_POINT ( 'NONE', #4859 ) ;
#11343 = CARTESIAN_POINT ( 'NONE',  ( 0.8992515774520943861, -7.574940174653470137, 0.01000000000000000021 ) ) ;
#11344 = VECTOR ( 'NONE', #11964, 1000.000000000000000 ) ;
#11345 = VECTOR ( 'NONE', #10429, 1000.000000000000000 ) ;
#11346 = ORIENTED_EDGE ( 'NONE', *, *, #9429, .T. ) ;
#11347 = ADVANCED_FACE ( 'NONE', ( #8699 ), #9534, .F. ) ;
#11348 = AXIS2_PLACEMENT_3D ( 'NONE', #7032, #4337, #527 ) ;
#11349 = CARTESIAN_POINT ( 'NONE',  ( 6.324999999999997513, 1.029999999999998472, 0.5000000000000004441 ) ) ;
#11350 = ORIENTED_EDGE ( 'NONE', *, *, #2135, .T. ) ;
#11351 = ORIENTED_EDGE ( 'NONE', *, *, #3657, .T. ) ;
#11352 = CARTESIAN_POINT ( 'NONE',  ( -0.3199999999999999512, -6.852871818038222429, 2.249999999999999112 ) ) ;
#11353 = PRESENTATION_LAYER_ASSIGNMENT (  '', '', ( #1667 ) ) ;
#11354 = FILL_AREA_STYLE_COLOUR ( '', #3764 ) ;
#11355 = CARTESIAN_POINT ( 'NONE',  ( -2.524999999999990585, -3.470000000000001528, 2.929999999999998384 ) ) ;
#11356 = FACE_OUTER_BOUND ( 'NONE', #6859, .T. ) ;
#11357 = SURFACE_STYLE_USAGE ( .BOTH. , #1809 ) ;
#11358 = VECTOR ( 'NONE', #2899, 1000.000000000000000 ) ;
#11359 = PLANE ( 'NONE',  #5843 ) ;
#11360 = EDGE_CURVE ( 'NONE', #5444, #11691, #9929, .T. ) ;
#11361 = CARTESIAN_POINT ( 'NONE',  ( -8.577962312940892176, -3.470000000000001528, 2.529999999999998916 ) ) ;
#11362 = CARTESIAN_POINT ( 'NONE',  ( 5.524999999999997691, -0.9700000000000023048, -0.5000000000000000000 ) ) ;
#11363 = FACE_OUTER_BOUND ( 'NONE', #7840, .T. ) ;
#11364 = CARTESIAN_POINT ( 'NONE',  ( 6.324999999999997513, 0.4299999999999984390, 0.4999999999999995559 ) ) ;
#11365 = SURFACE_SIDE_STYLE ('',( #4460 ) ) ;
#11366 =( NAMED_UNIT ( * ) PLANE_ANGLE_UNIT ( ) SI_UNIT ( $, .RADIAN. ) );
#11367 = FACE_OUTER_BOUND ( 'NONE', #166, .T. ) ;
#11368 = DIRECTION ( 'NONE',  ( -0.000000000000000000, -0.000000000000000000, -1.000000000000000000 ) ) ;
#11369 = VECTOR ( 'NONE', #3506, 1000.000000000000000 ) ;
#11370 = CARTESIAN_POINT ( 'NONE',  ( -0.1269054878048807011, -7.586842302435594654, 0.01000000000000000021 ) ) ;
#11371 = ORIENTED_EDGE ( 'NONE', *, *, #3770, .F. ) ;
#11372 = LINE ( 'NONE', #5598, #7103 ) ;
#11373 = ORIENTED_EDGE ( 'NONE', *, *, #1450, .T. ) ;
#11374 = ADVANCED_FACE ( 'NONE', ( #10851 ), #5116, .T. ) ;
#11375 = UNCERTAINTY_MEASURE_WITH_UNIT (LENGTH_MEASURE( 1.000000000000000082E-05 ), #2724, 'distance_accuracy_value', 'NONE');
#11376 = DIRECTION ( 'NONE',  ( -7.675767592817732391E-16, 0.000000000000000000, -1.000000000000000000 ) ) ;
#11377 = CARTESIAN_POINT ( 'NONE',  ( 0.7098576811665019415, -8.430681899491345277, 0.01000000000000000021 ) ) ;
#11378 = SURFACE_STYLE_FILL_AREA ( #5605 ) ;
#11379 = CARTESIAN_POINT ( 'NONE',  ( 2.198931997024693885, -7.467715504584228725, 0.01000000000000000021 ) ) ;
#11380 = DIRECTION ( 'NONE',  ( 2.742645811821040800E-16, 1.000000000000000000, -2.195852501236467750E-16 ) ) ;
#11381 = ORIENTED_EDGE ( 'NONE', *, *, #4399, .F. ) ;
#11382 = EDGE_CURVE ( 'NONE', #12013, #2125, #9985, .T. ) ;
#11383 = DIRECTION ( 'NONE',  ( 0.000000000000000000, -0.000000000000000000, -1.000000000000000000 ) ) ;
#11384 = ORIENTED_EDGE ( 'NONE', *, *, #8469, .F. ) ;
#11385 = EDGE_LOOP ( 'NONE', ( #4444, #8086, #323, #291 ) ) ;
#11386 =( NAMED_UNIT ( * ) PLANE_ANGLE_UNIT ( ) SI_UNIT ( $, .RADIAN. ) );
#11387 = CARTESIAN_POINT ( 'NONE',  ( 2.130831605139952067, -7.621316275785579464, 0.01000000000000000021 ) ) ;
#11388 =( LENGTH_UNIT ( ) NAMED_UNIT ( * ) SI_UNIT ( .MILLI., .METRE. ) );
#11389 = AXIS2_PLACEMENT_3D ( 'NONE', #4686, #8516, #5690 ) ;
#11390 = MECHANICAL_DESIGN_GEOMETRIC_PRESENTATION_REPRESENTATION (  '', ( #4372 ), #10840 ) ;
#11391 = ORIENTED_EDGE ( 'NONE', *, *, #8701, .T. ) ;
#11392 = STYLED_ITEM ( 'NONE', ( #8228 ), #5580 ) ;
#11393 = ORIENTED_EDGE ( 'NONE', *, *, #1333, .F. ) ;
#11394 = EDGE_CURVE ( 'NONE', #10309, #6049, #110, .T. ) ;
#11395 = PLANE ( 'NONE',  #4269 ) ;
#11396 = UNCERTAINTY_MEASURE_WITH_UNIT (LENGTH_MEASURE( 1.000000000000000082E-05 ), #10123, 'distance_accuracy_value', 'NONE');
#11397 = ORIENTED_EDGE ( 'NONE', *, *, #6334, .T. ) ;
#11398 = ADVANCED_FACE ( 'NONE', ( #5988 ), #9796, .F. ) ;
#11399 =( NAMED_UNIT ( * ) SI_UNIT ( $, .STERADIAN. ) SOLID_ANGLE_UNIT ( ) );
#11400 = DIRECTION ( 'NONE',  ( 0.9848077530122080203, -0.1736481776669307475, 0.000000000000000000 ) ) ;
#11401 = CARTESIAN_POINT ( 'NONE',  ( 0.07526676829268028057, -8.184403278045349950, 0.01000000000000000021 ) ) ;
#11402 = ORIENTED_EDGE ( 'NONE', *, *, #4109, .F. ) ;
#11403 = CARTESIAN_POINT ( 'NONE',  ( 0.5247180244848475006, -7.939852209980988285, 6.776263578034402713E-18 ) ) ;
#11404 = EDGE_CURVE ( 'NONE', #11152, #10106, #10792, .T. ) ;
#11405 = PRESENTATION_LAYER_ASSIGNMENT (  '', '', ( #7602 ) ) ;
#11406 = CARTESIAN_POINT ( 'NONE',  ( -8.577962312940892176, -3.470000000000001528, 2.929999999999998384 ) ) ;
#11407 = AXIS2_PLACEMENT_3D ( 'NONE', #6812, #4935, #10804 ) ;
#11408 = ORIENTED_EDGE ( 'NONE', *, *, #10558, .T. ) ;
#11409 = PRESENTATION_STYLE_ASSIGNMENT (( #12471 ) ) ;
#11410 =( NAMED_UNIT ( * ) SI_UNIT ( $, .STERADIAN. ) SOLID_ANGLE_UNIT ( ) );
#11411 = ORIENTED_EDGE ( 'NONE', *, *, #387, .F. ) ;
#11412 = DIRECTION ( 'NONE',  ( -0.000000000000000000, 0.000000000000000000, -1.000000000000000000 ) ) ;
#11413 = AXIS2_PLACEMENT_3D ( 'NONE', #6113, #5986, #108 ) ;
#11414 = DIRECTION ( 'NONE',  ( 0.000000000000000000, 0.000000000000000000, -1.000000000000000000 ) ) ;
#11415 = ORIENTED_EDGE ( 'NONE', *, *, #8707, .T. ) ;
#11416 = CARTESIAN_POINT ( 'NONE',  ( -2.575000000000002842, -0.9700000000000019718, 1.329999999999998739 ) ) ;
#11417 = PRESENTATION_STYLE_ASSIGNMENT (( #1744 ) ) ;
#11418 = ADVANCED_FACE ( 'NONE', ( #5055 ), #7121, .T. ) ;
#11419 = CARTESIAN_POINT ( 'NONE',  ( -0.1423399390243929585, -7.656964253655107910, 0.000000000000000000 ) ) ;
#11420 = UNCERTAINTY_MEASURE_WITH_UNIT (LENGTH_MEASURE( 1.000000000000000082E-05 ), #11992, 'distance_accuracy_value', 'NONE');
#11421 = EDGE_LOOP ( 'NONE', ( #835, #3898, #4849, #4677 ) ) ;
#11422 = AXIS2_PLACEMENT_3D ( 'NONE', #635, #4513, #10328 ) ;
#11423 = CARTESIAN_POINT ( 'NONE',  ( -0.1076600609756123983, -7.656964253655107022, 6.776263578034402713E-18 ) ) ;
#11424 = CARTESIAN_POINT ( 'NONE',  ( 2.779999999999999805, 2.429999999999997939, 0.04000000000000010492 ) ) ;
#11425 = CARTESIAN_POINT ( 'NONE',  ( 3.850000000000000089, 1.029999999999998694, 3.859999999999999876 ) ) ;
#11426 = LINE ( 'NONE', #6829, #5642 ) ;
#11427 = VECTOR ( 'NONE', #3263, 1000.000000000000000 ) ;
#11428 =( NAMED_UNIT ( * ) SI_UNIT ( $, .STERADIAN. ) SOLID_ANGLE_UNIT ( ) );
#11429 = COLOUR_RGB ( '',0.2235294117647058654, 0.2235294117647058654, 0.2235294117647058654 ) ;
#11430 = ADVANCED_FACE ( 'NONE', ( #3503 ), #4356, .T. ) ;
#11431 = CARTESIAN_POINT ( 'NONE',  ( 5.626372070731853192, -3.614999999999999769, -0.5000000000000004441 ) ) ;
#11432 = STYLED_ITEM ( 'NONE', ( #2357 ), #11430 ) ;
#11433 = CARTESIAN_POINT ( 'NONE',  ( 2.178921819330834175, -8.331645993231779457, 0.000000000000000000 ) ) ;
#11434 = COLOUR_RGB ( '',0.2235294117647058654, 0.2235294117647058654, 0.2235294117647058654 ) ;
#11435 = ORIENTED_EDGE ( 'NONE', *, *, #6715, .T. ) ;
#11436 = ORIENTED_EDGE ( 'NONE', *, *, #8617, .F. ) ;
#11437 = AXIS2_PLACEMENT_3D ( 'NONE', #5816, #9675, #5944 ) ;
#11438 = COLOUR_RGB ( '',0.6470588235294117974, 0.6196078431372549211, 0.5882352941176470784 ) ;
#11439 = FILL_AREA_STYLE ('',( #9636 ) ) ;
#11440 = CARTESIAN_POINT ( 'NONE',  ( 1.899999999999995914, -0.4700000000000013611, 1.299682133541857576 ) ) ;
#11441 = CARTESIAN_POINT ( 'NONE',  ( 0.2200000000000001399, 2.429999999999997939, -0.4000000000000001887 ) ) ;
#11442 = AXIS2_PLACEMENT_3D ( 'NONE', #10586, #8684, #6538 ) ;
#11443 = VERTEX_POINT ( 'NONE', #12202 ) ;
#11444 =( GEOMETRIC_REPRESENTATION_CONTEXT ( 3 ) GLOBAL_UNCERTAINTY_ASSIGNED_CONTEXT ( ( #5357 ) ) GLOBAL_UNIT_ASSIGNED_CONTEXT ( ( #11879, #5208, #1470 ) ) REPRESENTATION_CONTEXT ( 'NONE', 'WORKASPACE' ) );
#11445 = STYLED_ITEM ( 'NONE', ( #10906 ), #62 ) ;
#11446 = VECTOR ( 'NONE', #2521, 1000.000000000000000 ) ;
#11447 = VERTEX_POINT ( 'NONE', #4417 ) ;
#11448 = FILL_AREA_STYLE_COLOUR ( '', #5253 ) ;
#11449 = PRESENTATION_STYLE_ASSIGNMENT (( #9717 ) ) ;
#11450 = EDGE_LOOP ( 'NONE', ( #9029, #8004, #11121 ) ) ;
#11451 = VECTOR ( 'NONE', #5310, 1000.000000000000000 ) ;
#11452 = VERTEX_POINT ( 'NONE', #1543 ) ;
#11453 = COLOUR_RGB ( '',0.6470588235294117974, 0.6196078431372549211, 0.5882352941176470784 ) ;
#11454 =( NAMED_UNIT ( * ) PLANE_ANGLE_UNIT ( ) SI_UNIT ( $, .RADIAN. ) );
#11455 = EDGE_LOOP ( 'NONE', ( #8506, #8579, #12291, #539 ) ) ;
#11456 = SURFACE_STYLE_USAGE ( .BOTH. , #6861 ) ;
#11457 = CARTESIAN_POINT ( 'NONE',  ( -0.2200000000000001399, 2.429999999999997939, -2.109999999999999432 ) ) ;
#11458 = CARTESIAN_POINT ( 'NONE',  ( 1.249999999999996225, -0.9700000000000014166, 2.560317866458142966 ) ) ;
#11459 = ORIENTED_EDGE ( 'NONE', *, *, #5868, .F. ) ;
#11460 = SURFACE_SIDE_STYLE ('',( #8633 ) ) ;
#11461 = CARTESIAN_POINT ( 'NONE',  ( 0.9134908536585339967, -7.574647180484375575, 0.01000000000000000021 ) ) ;
#11462 = SURFACE_STYLE_USAGE ( .BOTH. , #9593 ) ;
#11463 = COLOUR_RGB ( '',0.2235294117647058654, 0.2235294117647058654, 0.2235294117647058654 ) ;
#11464 = ADVANCED_FACE ( 'NONE', ( #7184 ), #5367, .T. ) ;
#11465 = EDGE_CURVE ( 'NONE', #597, #495, #1716, .T. ) ;
#11466 = ORIENTED_EDGE ( 'NONE', *, *, #8103, .F. ) ;
#11467 = DIRECTION ( 'NONE',  ( -0.1710878697460358477, 0.9702875252478136980, -0.1710878697460358755 ) ) ;
#11468 = FACE_OUTER_BOUND ( 'NONE', #9992, .T. ) ;
#11469 = ORIENTED_EDGE ( 'NONE', *, *, #9185, .T. ) ;
#11470 = SURFACE_SIDE_STYLE ('',( #12357 ) ) ;
#11471 = EDGE_CURVE ( 'NONE', #2786, #12337, #5610, .T. ) ;
#11472 = SURFACE_STYLE_FILL_AREA ( #9542 ) ;
#11473 = ORIENTED_EDGE ( 'NONE', *, *, #4128, .F. ) ;
#11474 = DIRECTION ( 'NONE',  ( -1.720087959076601316E-16, 0.000000000000000000, -1.000000000000000000 ) ) ;
#11475 = CARTESIAN_POINT ( 'NONE',  ( 1.439024390243899720, -8.013671570728277516, 0.01000000000000000021 ) ) ;
#11476 = CARTESIAN_POINT ( 'NONE',  ( 5.524999999999996803, 1.029999999999998028, -0.5000000000000000000 ) ) ;
#11477 =( LENGTH_UNIT ( ) NAMED_UNIT ( * ) SI_UNIT ( .MILLI., .METRE. ) );
#11478 = MECHANICAL_DESIGN_GEOMETRIC_PRESENTATION_REPRESENTATION (  '', ( #1607 ), #8671 ) ;
#11479 = ORIENTED_EDGE ( 'NONE', *, *, #11016, .F. ) ;
#11480 = MECHANICAL_DESIGN_GEOMETRIC_PRESENTATION_REPRESENTATION (  '', ( #10903 ), #1801 ) ;
#11481 = CARTESIAN_POINT ( 'NONE',  ( 2.378620426829265444, -8.367330107313643239, 0.01000000000000000021 ) ) ;
#11482 = EDGE_CURVE ( 'NONE', #1421, #11710, #2665, .T. ) ;
#11483 = FILL_AREA_STYLE ('',( #5829 ) ) ;
#11484 = UNCERTAINTY_MEASURE_WITH_UNIT (LENGTH_MEASURE( 1.000000000000000082E-05 ), #118, 'distance_accuracy_value', 'NONE');
#11485 = STYLED_ITEM ( 'NONE', ( #4344 ), #3781 ) ;
#11486 = CARTESIAN_POINT ( 'NONE',  ( 1.749999999999996003, -0.4700000000000014722, 2.560317866458142966 ) ) ;
#11487 = DIRECTION ( 'NONE',  ( 0.000000000000000000, -1.000000000000000000, 0.000000000000000000 ) ) ;
#11488 = FILL_AREA_STYLE ('',( #642 ) ) ;
#11489 = LINE ( 'NONE', #8595, #3613 ) ;
#11490 = CARTESIAN_POINT ( 'NONE',  ( -0.3199999999999999512, 2.429999999999997939, 0.1399999999999999301 ) ) ;
#11491 = FACE_OUTER_BOUND ( 'NONE', #5617, .T. ) ;
#11492 =( GEOMETRIC_REPRESENTATION_CONTEXT ( 3 ) GLOBAL_UNCERTAINTY_ASSIGNED_CONTEXT ( ( #8019 ) ) GLOBAL_UNIT_ASSIGNED_CONTEXT ( ( #12079, #8251, #5167 ) ) REPRESENTATION_CONTEXT ( 'NONE', 'WORKASPACE' ) );
#11493 = MECHANICAL_DESIGN_GEOMETRIC_PRESENTATION_REPRESENTATION (  '', ( #3235 ), #222 ) ;
#11494 =( LENGTH_UNIT ( ) NAMED_UNIT ( * ) SI_UNIT ( .MILLI., .METRE. ) );
#11495 = FILL_AREA_STYLE ('',( #9628 ) ) ;
#11496 = EDGE_CURVE ( 'NONE', #617, #8494, #7505, .T. ) ;
#11497 = ORIENTED_EDGE ( 'NONE', *, *, #7945, .T. ) ;
#11498 = CARTESIAN_POINT ( 'NONE',  ( 0.3902439024390217948, -7.952314863411204193, 0.01000000000000000021 ) ) ;
#11499 = VECTOR ( 'NONE', #3861, 1000.000000000000000 ) ;
#11500 = VERTEX_POINT ( 'NONE', #8495 ) ;
#11501 = DIRECTION ( 'NONE',  ( -1.162683294890621319E-16, 1.000000000000000000, -0.000000000000000000 ) ) ;
#11502 = UNCERTAINTY_MEASURE_WITH_UNIT (LENGTH_MEASURE( 1.000000000000000082E-05 ), #2882, 'distance_accuracy_value', 'NONE');
#11503 =( GEOMETRIC_REPRESENTATION_CONTEXT ( 3 ) GLOBAL_UNCERTAINTY_ASSIGNED_CONTEXT ( ( #1070 ) ) GLOBAL_UNIT_ASSIGNED_CONTEXT ( ( #5475, #11255, #11309 ) ) REPRESENTATION_CONTEXT ( 'NONE', 'WORKASPACE' ) );
#11504 = CARTESIAN_POINT ( 'NONE',  ( 0.4102173554804668942, -7.798188103550158345, 0.000000000000000000 ) ) ;
#11505 = CARTESIAN_POINT ( 'NONE',  ( 5.524999999999986144, -6.170000000000001705, 3.000000000000000000 ) ) ;
#11506 = FILL_AREA_STYLE ('',( #5725 ) ) ;
#11507 = ORIENTED_EDGE ( 'NONE', *, *, #5184, .T. ) ;
#11508 = SURFACE_SIDE_STYLE ('',( #2857 ) ) ;
#11509 = ORIENTED_EDGE ( 'NONE', *, *, #7565, .T. ) ;
#11510 = PRESENTATION_LAYER_ASSIGNMENT (  '', '', ( #32 ) ) ;
#11511 = EDGE_LOOP ( 'NONE', ( #6969, #11047, #11509, #5420 ) ) ;
#11512 = SURFACE_STYLE_FILL_AREA ( #909 ) ;
#11513 = LINE ( 'NONE', #4787, #11673 ) ;
#11514 = DIRECTION ( 'NONE',  ( 2.168404344971010594E-16, 2.923509266293775251E-32, 1.000000000000000000 ) ) ;
#11515 = ORIENTED_EDGE ( 'NONE', *, *, #453, .T. ) ;
#11516 = VERTEX_POINT ( 'NONE', #6593 ) ;
#11517 = PLANE ( 'NONE',  #4020 ) ;
#11518 = ORIENTED_EDGE ( 'NONE', *, *, #8588, .F. ) ;
#11519 = PLANE ( 'NONE',  #6520 ) ;
#11520 = VECTOR ( 'NONE', #1091, 1000.000000000000000 ) ;
#11521 = SURFACE_STYLE_USAGE ( .BOTH. , #9591 ) ;
#11522 = ORIENTED_EDGE ( 'NONE', *, *, #4744, .T. ) ;
#11523 = VECTOR ( 'NONE', #1323, 1000.000000000000000 ) ;
#11524 = CARTESIAN_POINT ( 'NONE',  ( 2.779999999999999805, 2.429999999999997939, -2.109999999999999432 ) ) ;
#11525 = ORIENTED_EDGE ( 'NONE', *, *, #8588, .T. ) ;
#11526 = ORIENTED_EDGE ( 'NONE', *, *, #5794, .T. ) ;
#11527 = LINE ( 'NONE', #3731, #11294 ) ;
#11528 = DIRECTION ( 'NONE',  ( -1.000000000000000000, -0.000000000000000000, -0.000000000000000000 ) ) ;
#11529 = ORIENTED_EDGE ( 'NONE', *, *, #2458, .F. ) ;
#11530 = CARTESIAN_POINT ( 'NONE',  ( 0.1707317073170705191, -8.464891082923399424, 0.000000000000000000 ) ) ;
#11531 = EDGE_CURVE ( 'NONE', #5294, #5283, #10521, .T. ) ;
#11532 =( GEOMETRIC_REPRESENTATION_CONTEXT ( 3 ) GLOBAL_UNCERTAINTY_ASSIGNED_CONTEXT ( ( #11144 ) ) GLOBAL_UNIT_ASSIGNED_CONTEXT ( ( #5565, #8449, #4792 ) ) REPRESENTATION_CONTEXT ( 'NONE', 'WORKASPACE' ) );
#11533 = PRESENTATION_STYLE_ASSIGNMENT (( #9424 ) ) ;
#11534 = CARTESIAN_POINT ( 'NONE',  ( -2.224999999999990763, -6.170000000000001705, 2.929999999999998384 ) ) ;
#11535 = DIRECTION ( 'NONE',  ( 2.168404344971008868E-16, -1.000000000000000000, 0.000000000000000000 ) ) ;
#11536 = STYLED_ITEM ( 'NONE', ( #5248 ), #9304 ) ;
#11537 = DIRECTION ( 'NONE',  ( 1.000000000000000000, 0.000000000000000000, 0.000000000000000000 ) ) ;
#11538 = UNCERTAINTY_MEASURE_WITH_UNIT (LENGTH_MEASURE( 1.000000000000000082E-05 ), #7630, 'distance_accuracy_value', 'NONE');
#11539 = EDGE_CURVE ( 'NONE', #10234, #11452, #8436, .T. ) ;
#11540 = ADVANCED_FACE ( 'NONE', ( #1664 ), #1837, .T. ) ;
#11541 = EDGE_LOOP ( 'NONE', ( #10466, #6604, #8366, #11080 ) ) ;
#11542 = VECTOR ( 'NONE', #2280, 1000.000000000000000 ) ;
#11543 = DIRECTION ( 'NONE',  ( -1.000000000000000000, -1.348230680810990322E-16, 0.000000000000000000 ) ) ;
#11544 =( GEOMETRIC_REPRESENTATION_CONTEXT ( 3 ) GLOBAL_UNCERTAINTY_ASSIGNED_CONTEXT ( ( #655 ) ) GLOBAL_UNIT_ASSIGNED_CONTEXT ( ( #9639, #8681, #153 ) ) REPRESENTATION_CONTEXT ( 'NONE', 'WORKASPACE' ) );
#11545 = LINE ( 'NONE', #2703, #3349 ) ;
#11546 = AXIS2_PLACEMENT_3D ( 'NONE', #2695, #6787, #1910 ) ;
#11547 = CARTESIAN_POINT ( 'NONE',  ( 2.722789633655546382, -7.598141589716255417, 0.01000000000000000021 ) ) ;
#11548 = ORIENTED_EDGE ( 'NONE', *, *, #10195, .F. ) ;
#11549 = DIRECTION ( 'NONE',  ( 0.000000000000000000, 0.000000000000000000, -1.000000000000000000 ) ) ;
#11550 = LINE ( 'NONE', #7609, #862 ) ;
#11551 =( NAMED_UNIT ( * ) PLANE_ANGLE_UNIT ( ) SI_UNIT ( $, .RADIAN. ) );
#11552 = EDGE_CURVE ( 'NONE', #10051, #8274, #2794, .T. ) ;
#11553 = LINE ( 'NONE', #4002, #7248 ) ;
#11554 = ADVANCED_FACE ( 'NONE', ( #5672 ), #9518, .T. ) ;
#11555 = VECTOR ( 'NONE', #7854, 1000.000000000000000 ) ;
#11556 = FILL_AREA_STYLE_COLOUR ( '', #10615 ) ;
#11557 = FILL_AREA_STYLE_COLOUR ( '', #708 ) ;
#11558 = LINE ( 'NONE', #8598, #2871 ) ;
#11559 = CARTESIAN_POINT ( 'NONE',  ( 2.324688136734540223, -7.562927522583111184, 0.000000000000000000 ) ) ;
#11560 = EDGE_CURVE ( 'NONE', #1378, #2670, #6852, .T. ) ;
#11561 = EDGE_CURVE ( 'NONE', #1839, #12277, #1166, .T. ) ;
#11562 = PRESENTATION_STYLE_ASSIGNMENT (( #11622 ) ) ;
#11563 = VERTEX_POINT ( 'NONE', #9779 ) ;
#11564 = DIRECTION ( 'NONE',  ( -0.000000000000000000, -1.000000000000000000, -0.000000000000000000 ) ) ;
#11565 = CARTESIAN_POINT ( 'NONE',  ( 0.9190167682926804193, -8.355134985362424160, 0.000000000000000000 ) ) ;
#11566 = VERTEX_POINT ( 'NONE', #6909 ) ;
#11567 = DIRECTION ( 'NONE',  ( 0.000000000000000000, -0.000000000000000000, -1.000000000000000000 ) ) ;
#11568 = FILL_AREA_STYLE ('',( #897 ) ) ;
#11569 = CARTESIAN_POINT ( 'NONE',  ( 0.5388190250271683857, -7.596623970522067282, 0.000000000000000000 ) ) ;
#11570 = DIRECTION ( 'NONE',  ( 0.000000000000000000, -1.000000000000000000, 0.000000000000000000 ) ) ;
#11571 = CARTESIAN_POINT ( 'NONE',  ( -8.577962312940892176, -3.470000000000001528, 0.9299999999999991607 ) ) ;
#11572 = ORIENTED_EDGE ( 'NONE', *, *, #10870, .F. ) ;
#11573 = EDGE_CURVE ( 'NONE', #1383, #7428, #2162, .T. ) ;
#11574 = ORIENTED_EDGE ( 'NONE', *, *, #331, .F. ) ;
#11575 = SURFACE_STYLE_USAGE ( .BOTH. , #6721 ) ;
#11576 = DIRECTION ( 'NONE',  ( 0.000000000000000000, -1.000000000000000000, 0.000000000000000000 ) ) ;
#11577 = ORIENTED_EDGE ( 'NONE', *, *, #5934, .F. ) ;
#11578 = ORIENTED_EDGE ( 'NONE', *, *, #8045, .T. ) ;
#11579 = CARTESIAN_POINT ( 'NONE',  ( 1.899999999999995914, -0.9700000000000014166, 1.299682133541857576 ) ) ;
#11580 = CIRCLE ( 'NONE', #9587, 0.5000000000000000000 ) ;
#11581 = ORIENTED_EDGE ( 'NONE', *, *, #2439, .F. ) ;
#11582 =( NAMED_UNIT ( * ) SI_UNIT ( $, .STERADIAN. ) SOLID_ANGLE_UNIT ( ) );
#11583 = CARTESIAN_POINT ( 'NONE',  ( 4.127219230472783328E-17, -0.4700000000000016387, -1.495982857385225102E-31 ) ) ;
#11584 =( NAMED_UNIT ( * ) PLANE_ANGLE_UNIT ( ) SI_UNIT ( $, .RADIAN. ) );
#11585 = FACE_OUTER_BOUND ( 'NONE', #10902, .T. ) ;
#11586 = EDGE_CURVE ( 'NONE', #493, #1679, #1099, .T. ) ;
#11587 = ORIENTED_EDGE ( 'NONE', *, *, #1965, .F. ) ;
#11588 = VECTOR ( 'NONE', #3423, 1000.000000000000000 ) ;
#11589 = ORIENTED_EDGE ( 'NONE', *, *, #11123, .T. ) ;
#11590 = LINE ( 'NONE', #5689, #6154 ) ;
#11591 = DIRECTION ( 'NONE',  ( 0.000000000000000000, 0.000000000000000000, -1.000000000000000000 ) ) ;
#11592 = AXIS2_PLACEMENT_3D ( 'NONE', #10505, #2644, #10568 ) ;
#11593 = CARTESIAN_POINT ( 'NONE',  ( 2.951219512195118799, -8.355134985362424160, 0.01000000000000000021 ) ) ;
#11594 = LINE ( 'NONE', #10670, #10523 ) ;
#11595 = ORIENTED_EDGE ( 'NONE', *, *, #244, .T. ) ;
#11596 = CARTESIAN_POINT ( 'NONE',  ( -0.8499999999999992006, 1.029999999999998472, 3.860000000000001652 ) ) ;
#11597 =( LENGTH_UNIT ( ) NAMED_UNIT ( * ) SI_UNIT ( .MILLI., .METRE. ) );
#11598 = ORIENTED_EDGE ( 'NONE', *, *, #3642, .F. ) ;
#11599 =( NAMED_UNIT ( * ) SI_UNIT ( $, .STERADIAN. ) SOLID_ANGLE_UNIT ( ) );
#11600 = CARTESIAN_POINT ( 'NONE',  ( -2.224999999999990319, -3.615000000000001101, -0.01000000000000000021 ) ) ;
#11601 = PRESENTATION_LAYER_ASSIGNMENT (  '', '', ( #8801 ) ) ;
#11602 = AXIS2_PLACEMENT_3D ( 'NONE', #5080, #399, #7079 ) ;
#11603 = LINE ( 'NONE', #10490, #12204 ) ;
#11604 = DIRECTION ( 'NONE',  ( 0.000000000000000000, 0.000000000000000000, 1.000000000000000000 ) ) ;
#11605 = VECTOR ( 'NONE', #7853, 1000.000000000000000 ) ;
#11606 = DIRECTION ( 'NONE',  ( 0.000000000000000000, 0.000000000000000000, -1.000000000000000000 ) ) ;
#11607 =( NAMED_UNIT ( * ) PLANE_ANGLE_UNIT ( ) SI_UNIT ( $, .RADIAN. ) );
#11608 = MECHANICAL_DESIGN_GEOMETRIC_PRESENTATION_REPRESENTATION (  '', ( #6176 ), #5586 ) ;
#11609 = DIRECTION ( 'NONE',  ( 0.000000000000000000, -0.000000000000000000, 1.000000000000000000 ) ) ;
#11610 = DIRECTION ( 'NONE',  ( 0.000000000000000000, 0.000000000000000000, 1.000000000000000000 ) ) ;
#11611 = ORIENTED_EDGE ( 'NONE', *, *, #9183, .F. ) ;
#11612 = UNCERTAINTY_MEASURE_WITH_UNIT (LENGTH_MEASURE( 1.000000000000000082E-05 ), #1049, 'distance_accuracy_value', 'NONE');
#11613 = PRESENTATION_STYLE_ASSIGNMENT (( #4068 ) ) ;
#11614 = CARTESIAN_POINT ( 'NONE',  ( 4.269999999999999574, -1.420000000000001039, 3.199999999999999734 ) ) ;
#11615 =( NAMED_UNIT ( * ) SI_UNIT ( $, .STERADIAN. ) SOLID_ANGLE_UNIT ( ) );
#11616 = FILL_AREA_STYLE_COLOUR ( '', #7394 ) ;
#11617 = SURFACE_STYLE_FILL_AREA ( #8728 ) ;
#11618 = SURFACE_STYLE_USAGE ( .BOTH. , #3034 ) ;
#11619 =( NAMED_UNIT ( * ) PLANE_ANGLE_UNIT ( ) SI_UNIT ( $, .RADIAN. ) );
#11620 = LINE ( 'NONE', #9696, #11233 ) ;
#11621 = VECTOR ( 'NONE', #6637, 1000.000000000000000 ) ;
#11622 = SURFACE_STYLE_USAGE ( .BOTH. , #7616 ) ;
#11623 = EDGE_CURVE ( 'NONE', #2670, #617, #1033, .T. ) ;
#11624 = EDGE_CURVE ( 'NONE', #5630, #10594, #10708, .T. ) ;
#11625 = DIRECTION ( 'NONE',  ( 0.000000000000000000, -0.000000000000000000, -1.000000000000000000 ) ) ;
#11626 = AXIS2_PLACEMENT_3D ( 'NONE', #3278, #10887, #10079 ) ;
#11627 = ORIENTED_EDGE ( 'NONE', *, *, #5459, .T. ) ;
#11628 = DIRECTION ( 'NONE',  ( 0.000000000000000000, -1.000000000000000000, 0.000000000000000000 ) ) ;
#11629 = DIRECTION ( 'NONE',  ( -0.9406672605435406620, 0.3393303772748774705, 0.000000000000000000 ) ) ;
#11630 = MECHANICAL_DESIGN_GEOMETRIC_PRESENTATION_REPRESENTATION (  '', ( #1352 ), #1158 ) ;
#11631 = EDGE_CURVE ( 'NONE', #11895, #8811, #7932, .T. ) ;
#11632 =( NAMED_UNIT ( * ) SI_UNIT ( $, .STERADIAN. ) SOLID_ANGLE_UNIT ( ) );
#11633 = LINE ( 'NONE', #11571, #11132 ) ;
#11634 = FILL_AREA_STYLE_COLOUR ( '', #2465 ) ;
#11635 = ORIENTED_EDGE ( 'NONE', *, *, #5516, .T. ) ;
#11636 =( NAMED_UNIT ( * ) SI_UNIT ( $, .STERADIAN. ) SOLID_ANGLE_UNIT ( ) );
#11637 =( GEOMETRIC_REPRESENTATION_CONTEXT ( 3 ) GLOBAL_UNCERTAINTY_ASSIGNED_CONTEXT ( ( #1416 ) ) GLOBAL_UNIT_ASSIGNED_CONTEXT ( ( #8846, #4371, #11050 ) ) REPRESENTATION_CONTEXT ( 'NONE', 'WORKASPACE' ) );
#11638 = VERTEX_POINT ( 'NONE', #157 ) ;
#11639 =( GEOMETRIC_REPRESENTATION_CONTEXT ( 3 ) GLOBAL_UNCERTAINTY_ASSIGNED_CONTEXT ( ( #5074 ) ) GLOBAL_UNIT_ASSIGNED_CONTEXT ( ( #6843, #3098, #3887 ) ) REPRESENTATION_CONTEXT ( 'NONE', 'WORKASPACE' ) );
#11640 = ORIENTED_EDGE ( 'NONE', *, *, #1002, .T. ) ;
#11641 =( NAMED_UNIT ( * ) SI_UNIT ( $, .STERADIAN. ) SOLID_ANGLE_UNIT ( ) );
#11642 = CARTESIAN_POINT ( 'NONE',  ( 5.626372070731854080, -4.884999999999999787, -0.1999999999999987899 ) ) ;
#11643 = ORIENTED_EDGE ( 'NONE', *, *, #4564, .F. ) ;
#11644 = EDGE_LOOP ( 'NONE', ( #629, #4832, #1042, #3181 ) ) ;
#11645 =( NAMED_UNIT ( * ) SI_UNIT ( $, .STERADIAN. ) SOLID_ANGLE_UNIT ( ) );
#11646 = EDGE_CURVE ( 'NONE', #4415, #5131, #8881, .T. ) ;
#11647 = ORIENTED_EDGE ( 'NONE', *, *, #5825, .F. ) ;
#11648 = PRESENTATION_LAYER_ASSIGNMENT (  '', '', ( #10659 ) ) ;
#11649 = FILL_AREA_STYLE ('',( #980 ) ) ;
#11650 = PRESENTATION_STYLE_ASSIGNMENT (( #11456 ) ) ;
#11651 = AXIS2_PLACEMENT_3D ( 'NONE', #8930, #6150, #280 ) ;
#11652 = VECTOR ( 'NONE', #5842, 1000.000000000000000 ) ;
#11653 = DIRECTION ( 'NONE',  ( 0.000000000000000000, -0.000000000000000000, -1.000000000000000000 ) ) ;
#11654 = DIRECTION ( 'NONE',  ( 0.000000000000000000, 0.000000000000000000, -1.000000000000000000 ) ) ;
#11655 = STYLED_ITEM ( 'NONE', ( #5923 ), #4279 ) ;
#11656 = CARTESIAN_POINT ( 'NONE',  ( 2.999999999999987121, -7.419999999999994600, -7.918185427698267217E-30 ) ) ;
#11657 = EDGE_LOOP ( 'NONE', ( #10542, #7067, #10528, #7576 ) ) ;
#11658 = ORIENTED_EDGE ( 'NONE', *, *, #4651, .F. ) ;
#11659 = CARTESIAN_POINT ( 'NONE',  ( 0.5253549962678186747, -7.910079331273648151, 0.000000000000000000 ) ) ;
#11660 = VECTOR ( 'NONE', #137, 1000.000000000000000 ) ;
#11661 = VECTOR ( 'NONE', #10356, 1000.000000000000000 ) ;
#11662 =( LENGTH_UNIT ( ) NAMED_UNIT ( * ) SI_UNIT ( .MILLI., .METRE. ) );
#11663 = LINE ( 'NONE', #10920, #638 ) ;
#11664 = ORIENTED_EDGE ( 'NONE', *, *, #7244, .T. ) ;
#11665 = DIRECTION ( 'NONE',  ( 1.000000000000000000, 0.000000000000000000, 0.000000000000000000 ) ) ;
#11666 = VECTOR ( 'NONE', #1523, 1000.000000000000000 ) ;
#11667 = ADVANCED_FACE ( 'NONE', ( #11765 ), #11792, .F. ) ;
#11668 = LINE ( 'NONE', #2752, #6704 ) ;
#11669 = DIRECTION ( 'NONE',  ( 0.000000000000000000, 0.000000000000000000, 1.000000000000000000 ) ) ;
#11670 = LINE ( 'NONE', #8841, #3317 ) ;
#11671 = FACE_OUTER_BOUND ( 'NONE', #29, .T. ) ;
#11672 = CARTESIAN_POINT ( 'NONE',  ( -2.626372070731854524, 0.000000000000000000, -0.09862792926813601646 ) ) ;
#11673 = VECTOR ( 'NONE', #4970, 1000.000000000000000 ) ;
#11674 = CARTESIAN_POINT ( 'NONE',  ( 5.224999999999986322, -2.170000000000001705, -0.01000000000000000021 ) ) ;
#11675 = UNCERTAINTY_MEASURE_WITH_UNIT (LENGTH_MEASURE( 1.000000000000000082E-05 ), #10725, 'distance_accuracy_value', 'NONE');
#11676 = ORIENTED_EDGE ( 'NONE', *, *, #2596, .F. ) ;
#11677 = LINE ( 'NONE', #10811, #10024 ) ;
#11678 = FILL_AREA_STYLE_COLOUR ( '', #9235 ) ;
#11679 =( GEOMETRIC_REPRESENTATION_CONTEXT ( 3 ) GLOBAL_UNCERTAINTY_ASSIGNED_CONTEXT ( ( #674 ) ) GLOBAL_UNIT_ASSIGNED_CONTEXT ( ( #4268, #10828, #11002 ) ) REPRESENTATION_CONTEXT ( 'NONE', 'WORKASPACE' ) );
#11680 = ORIENTED_EDGE ( 'NONE', *, *, #9209, .T. ) ;
#11681 = CARTESIAN_POINT ( 'NONE',  ( -2.524999999999991029, -6.170000000000001705, -0.01000000000000000021 ) ) ;
#11682 =( LENGTH_UNIT ( ) NAMED_UNIT ( * ) SI_UNIT ( .MILLI., .METRE. ) );
#11683 = CARTESIAN_POINT ( 'NONE',  ( 2.680000000000000160, 0.5354264934286706579, -0.5000000000000000000 ) ) ;
#11684 = CARTESIAN_POINT ( 'NONE',  ( 0.9129192073170706578, -7.464891082923399424, 0.01000000000000000021 ) ) ;
#11685 = PLANE ( 'NONE',  #6135 ) ;
#11687 = VECTOR ( 'NONE', #10469, 1000.000000000000000 ) ;
#11686 = DIRECTION ( 'NONE',  ( 0.000000000000000000, 0.000000000000000000, -1.000000000000000000 ) ) ;
#11688 =( NAMED_UNIT ( * ) PLANE_ANGLE_UNIT ( ) SI_UNIT ( $, .RADIAN. ) );
#11689 =( NAMED_UNIT ( * ) SI_UNIT ( $, .STERADIAN. ) SOLID_ANGLE_UNIT ( ) );
#11690 = PRESENTATION_LAYER_ASSIGNMENT (  '', '', ( #11100 ) ) ;
#11691 = VERTEX_POINT ( 'NONE', #11851 ) ;
#11692 = FACE_OUTER_BOUND ( 'NONE', #2320, .T. ) ;
#11693 = STYLED_ITEM ( 'NONE', ( #6998 ), #11700 ) ;
#11694 = CARTESIAN_POINT ( 'NONE',  ( 5.626372070731852304, 1.625202586161003463E-15, -0.09862792926813601646 ) ) ;
#11695 = FACE_OUTER_BOUND ( 'NONE', #7058, .T. ) ;
#11696 = DIRECTION ( 'NONE',  ( 1.000000000000000000, 3.938574995911015039E-16, 1.084946484143765172E-16 ) ) ;
#11697 = SURFACE_SIDE_STYLE ('',( #10706 ) ) ;
#11698 = EDGE_CURVE ( 'NONE', #9847, #285, #1130, .T. ) ;
#11699 = EDGE_LOOP ( 'NONE', ( #3832, #12476, #5982, #2597 ) ) ;
#11700 = ADVANCED_FACE ( 'NONE', ( #4934 ), #194, .T. ) ;
#11701 = VECTOR ( 'NONE', #8839, 1000.000000000000000 ) ;
#11702 = DIRECTION ( 'NONE',  ( 1.084202172485504434E-16, 1.000000000000000000, -1.097926250618233875E-16 ) ) ;
#11703 = ORIENTED_EDGE ( 'NONE', *, *, #7498, .T. ) ;
#11704 = EDGE_LOOP ( 'NONE', ( #10117, #4783, #2273, #6806 ) ) ;
#11705 = EDGE_CURVE ( 'NONE', #12080, #8755, #1313, .T. ) ;
#11706 = AXIS2_PLACEMENT_3D ( 'NONE', #80, #4201, #9825 ) ;
#11707 = EDGE_LOOP ( 'NONE', ( #6064, #2245, #742, #12023 ) ) ;
#11708 = CARTESIAN_POINT ( 'NONE',  ( 2.369685032596215102, -7.562743394619133142, -0.000000000000000000 ) ) ;
#11709 = EDGE_LOOP ( 'NONE', ( #10795, #7147, #3053, #11346 ) ) ;
#11710 = VERTEX_POINT ( 'NONE', #11732 ) ;
#11711 = DIRECTION ( 'NONE',  ( -1.000000000000000000, 0.000000000000000000, 1.084946484143765172E-16 ) ) ;
#11712 = SURFACE_SIDE_STYLE ('',( #7882 ) ) ;
#11713 = SURFACE_SIDE_STYLE ('',( #8760 ) ) ;
#11714 = EDGE_CURVE ( 'NONE', #1427, #9818, #5180, .T. ) ;
#11715 = DIRECTION ( 'NONE',  ( 1.000000000000000000, 0.000000000000000000, 0.000000000000000000 ) ) ;
#11716 = VECTOR ( 'NONE', #9941, 1000.000000000000000 ) ;
#11717 =( NAMED_UNIT ( * ) SI_UNIT ( $, .STERADIAN. ) SOLID_ANGLE_UNIT ( ) );
#11718 = LINE ( 'NONE', #6864, #6794 ) ;
#11719 = VERTEX_POINT ( 'NONE', #3203 ) ;
#11720 = EDGE_CURVE ( 'NONE', #11060, #469, #2009, .T. ) ;
#11721 = EDGE_LOOP ( 'NONE', ( #4882, #256, #661, #9786, #842, #6858, #869, #3376 ) ) ;
#11722 = DIRECTION ( 'NONE',  ( 0.000000000000000000, 0.000000000000000000, -1.000000000000000000 ) ) ;
#11723 = DIRECTION ( 'NONE',  ( -0.000000000000000000, -1.000000000000000000, 2.861335727341666912E-17 ) ) ;
#11724 = DIRECTION ( 'NONE',  ( -0.000000000000000000, -0.000000000000000000, -1.000000000000000000 ) ) ;
#11725 = PLANE ( 'NONE',  #3249 ) ;
#11726 = EDGE_LOOP ( 'NONE', ( #7650, #11703, #2007, #11155, #10952 ) ) ;
#11727 = CARTESIAN_POINT ( 'NONE',  ( -0.1124386205412706979, -7.642553940890580044, 0.01000000000000000021 ) ) ;
#11728 = VECTOR ( 'NONE', #5275, 1000.000000000000000 ) ;
#11729 = DIRECTION ( 'NONE',  ( -1.000000000000000000, -0.000000000000000000, -0.000000000000000000 ) ) ;
#11730 = LINE ( 'NONE', #1999, #3266 ) ;
#11731 = CARTESIAN_POINT ( 'NONE',  ( -0.1345106590289901760, -7.628147848041240131, 0.01000000000000000021 ) ) ;
#11732 = CARTESIAN_POINT ( 'NONE',  ( 2.680000000000000160, 0.3199999999999994515, 1.370310825858947812 ) ) ;
#11733 = CARTESIAN_POINT ( 'NONE',  ( 6.324999999999997513, 1.029999999999999138, 3.859999999999999876 ) ) ;
#11734 = CARTESIAN_POINT ( 'NONE',  ( 4.825000000000001954, -0.4700000000000008060, 2.529999999999998916 ) ) ;
#11735 = CARTESIAN_POINT ( 'NONE',  ( -2.626372070731854524, -4.885000000000001563, -0.1999999999999996503 ) ) ;
#11736 = AXIS2_PLACEMENT_3D ( 'NONE', #3026, #4881, #8721 ) ;
#11737 = EDGE_CURVE ( 'NONE', #9571, #9202, #4996, .T. ) ;
#11738 = ORIENTED_EDGE ( 'NONE', *, *, #5531, .F. ) ;
#11739 = PLANE ( 'NONE',  #1515 ) ;
#11740 = SURFACE_SIDE_STYLE ('',( #10933 ) ) ;
#11741 = CARTESIAN_POINT ( 'NONE',  ( 1.729999999999999538, -1.420000000000001039, 0.6599999999999995870 ) ) ;
#11742 = ORIENTED_EDGE ( 'NONE', *, *, #7354, .T. ) ;
#11743 = UNCERTAINTY_MEASURE_WITH_UNIT (LENGTH_MEASURE( 1.000000000000000082E-05 ), #12296, 'distance_accuracy_value', 'NONE');
#11744 =( NAMED_UNIT ( * ) PLANE_ANGLE_UNIT ( ) SI_UNIT ( $, .RADIAN. ) );
#11745 = CARTESIAN_POINT ( 'NONE',  ( -2.626372070731854524, -3.615000000000001101, -0.5000000000000000000 ) ) ;
#11746 = LINE ( 'NONE', #1264, #1951 ) ;
#11747 = CARTESIAN_POINT ( 'NONE',  ( 3.319999999999999840, 0.3200000000000001732, 0.3554264934286703870 ) ) ;
#11748 = SURFACE_SIDE_STYLE ('',( #2144 ) ) ;
#11749 = FACE_OUTER_BOUND ( 'NONE', #11511, .T. ) ;
#11750 = DIRECTION ( 'NONE',  ( -0.9407669869669987861, 0.3390537954853694025, 0.000000000000000000 ) ) ;
#11751 = DIRECTION ( 'NONE',  ( 1.371322905910519414E-16, -1.000000000000000000, 0.000000000000000000 ) ) ;
#11752 = AXIS2_PLACEMENT_3D ( 'NONE', #2190, #9997, #6307 ) ;
#11753 = FILL_AREA_STYLE_COLOUR ( '', #1349 ) ;
#11754 = EDGE_CURVE ( 'NONE', #2735, #11691, #9035, .T. ) ;
#11755 = LINE ( 'NONE', #3157, #5632 ) ;
#11756 = EDGE_LOOP ( 'NONE', ( #9344, #11297, #9524, #11929, #5777, #9228, #12273, #7524, #9630, #5980, #11577, #4283, #9085, #7799, #1898, #5775, #805, #1209, #1503, #2986 ) ) ;
#11757 = LINE ( 'NONE', #10767, #39 ) ;
#11758 = SURFACE_SIDE_STYLE ('',( #4144 ) ) ;
#11759 = AXIS2_PLACEMENT_3D ( 'NONE', #10569, #2958, #4764 ) ;
#11760 = LINE ( 'NONE', #24, #11260 ) ;
#11761 = FILL_AREA_STYLE_COLOUR ( '', #9937 ) ;
#11762 =( NAMED_UNIT ( * ) PLANE_ANGLE_UNIT ( ) SI_UNIT ( $, .RADIAN. ) );
#11763 = FILL_AREA_STYLE ('',( #1657 ) ) ;
#11764 = ORIENTED_EDGE ( 'NONE', *, *, #11482, .F. ) ;
#11765 = FACE_OUTER_BOUND ( 'NONE', #10589, .T. ) ;
#11766 = B_SPLINE_SURFACE_WITH_KNOTS ( 'NONE', 3, 1, ( 
 ( #8032, #10936 ),
 ( #2387, #9309 ),
 ( #633, #4511 ),
 ( #8211, #2567 ),
 ( #1507, #7149 ),
 ( #2447, #10072 ),
 ( #9239, #12108 ),
 ( #8335, #7344 ),
 ( #7403, #12168 ),
 ( #11987, #3531 ),
 ( #5265, #11239 ),
 ( #12047, #6448 ),
 ( #1456, #7211 ),
 ( #10193, #2322 ),
 ( #10326, #6202 ),
 ( #6260, #1633 ),
 ( #8155, #451 ),
 ( #10248, #5324 ),
 ( #3468, #4446 ) ),
 .UNSPECIFIED., .F., .F., .F.,
 ( 4, 1, 1, 1, 1, 1, 1, 1, 1, 1, 1, 1, 1, 1, 1, 1, 4 ),
 ( 2, 2 ),
 ( 0.000000000000000000, 0.06460397028839222344, 0.1267024139629474022, 0.1867568140356185014, 0.2455056873654377358, 0.3036520244499758547, 0.3615030739706259211, 0.4202402229284681878, 0.4800333407766971816, 0.5406781347755165168, 0.6011918063807822898, 0.6623335024774430480, 0.7247395102972324921, 0.7894677361728874576, 0.8565048600438303072, 0.9263120958391913851, 0.9999999999999998890 ),
 ( 0.000000000000000000, 1.000000000000000000 ),
 .UNSPECIFIED. ) ;
#11767 = LINE ( 'NONE', #2167, #7383 ) ;
#11768 = CARTESIAN_POINT ( 'NONE',  ( 2.498002776618577503, -8.469573366365217737, 0.01000000000000000021 ) ) ;
#11769 = CARTESIAN_POINT ( 'NONE',  ( 2.318364589294818590, -8.473444748315616337, 0.01000000000000000021 ) ) ;
#11770 = EDGE_LOOP ( 'NONE', ( #9729, #10858, #9963, #8091 ) ) ;
#11771 = ORIENTED_EDGE ( 'NONE', *, *, #628, .T. ) ;
#11772 = CARTESIAN_POINT ( 'NONE',  ( 1.270000000000000240, -8.920000000000001705, 3.199999999999999734 ) ) ;
#11773 = CARTESIAN_POINT ( 'NONE',  ( 2.725936129110462236, -7.886100544730569872, 0.01000000000000000021 ) ) ;
#11774 = EDGE_CURVE ( 'NONE', #5515, #1717, #1214, .T. ) ;
#11775 = DIRECTION ( 'NONE',  ( 1.000000000000000000, 0.000000000000000000, 0.000000000000000000 ) ) ;
#11776 = DIRECTION ( 'NONE',  ( 1.000000000000000000, 1.596371296911168195E-16, 0.000000000000000000 ) ) ;
#11777 = CARTESIAN_POINT ( 'NONE',  ( 2.378620426829265444, -8.367330107313643239, 6.776263578034402713E-18 ) ) ;
#11778 = CARTESIAN_POINT ( 'NONE',  ( -2.524999999999990585, -0.9700000000000011946, 2.529999999999998472 ) ) ;
#11779 = ORIENTED_EDGE ( 'NONE', *, *, #10494, .T. ) ;
#11780 = SURFACE_SIDE_STYLE ('',( #491 ) ) ;
#11781 =( LENGTH_UNIT ( ) NAMED_UNIT ( * ) SI_UNIT ( .MILLI., .METRE. ) );
#11782 = EDGE_CURVE ( 'NONE', #7783, #8118, #4436, .T. ) ;
#11783 = DIRECTION ( 'NONE',  ( 0.000000000000000000, 0.000000000000000000, -1.000000000000000000 ) ) ;
#11784 = EDGE_CURVE ( 'NONE', #11889, #167, #5380, .T. ) ;
#11785 =( NAMED_UNIT ( * ) SI_UNIT ( $, .STERADIAN. ) SOLID_ANGLE_UNIT ( ) );
#11786 = MECHANICAL_DESIGN_GEOMETRIC_PRESENTATION_REPRESENTATION (  '', ( #2706 ), #5155 ) ;
#11787 = ORIENTED_EDGE ( 'NONE', *, *, #4336, .F. ) ;
#11788 = CARTESIAN_POINT ( 'NONE',  ( -3.325000000000000178, -3.470000000000001528, 2.529999999999998916 ) ) ;
#11789 =( NAMED_UNIT ( * ) PLANE_ANGLE_UNIT ( ) SI_UNIT ( $, .RADIAN. ) );
#11790 = SURFACE_STYLE_FILL_AREA ( #10984 ) ;
#11791 = EDGE_CURVE ( 'NONE', #1170, #4806, #9296, .T. ) ;
#11792 = PLANE ( 'NONE',  #10498 ) ;
#11793 = CARTESIAN_POINT ( 'NONE',  ( -0.3199999999999999512, -1.420000000000001039, 2.249999999999999556 ) ) ;
#11794 = CARTESIAN_POINT ( 'NONE',  ( 1.249999999999996225, -0.9700000000000014166, 1.299682133541857576 ) ) ;
#11795 = PRESENTATION_LAYER_ASSIGNMENT (  '', '', ( #11989 ) ) ;
#11796 = LINE ( 'NONE', #4250, #4999 ) ;
#11797 = UNCERTAINTY_MEASURE_WITH_UNIT (LENGTH_MEASURE( 1.000000000000000082E-05 ), #7281, 'distance_accuracy_value', 'NONE');
#11798 = COLOUR_RGB ( '',0.2235294117647058654, 0.2235294117647058654, 0.2235294117647058654 ) ;
#11799 = ORIENTED_EDGE ( 'NONE', *, *, #7635, .F. ) ;
#11800 = LINE ( 'NONE', #3267, #2919 ) ;
#11801 = B_SPLINE_CURVE_WITH_KNOTS ( 'NONE', 3,
 ( #9013, #236, #9141, #11027, #6982, #3183, #11899, #423, #4287, #4106, #5109, #6231, #1293, #5295, #11961, #11773, #10966, #7996, #2349 ),
 .UNSPECIFIED., .F., .F.,
 ( 4, 1, 1, 1, 1, 1, 1, 1, 1, 1, 1, 1, 1, 1, 1, 1, 4 ),
 ( 0.000000000000000000, 0.06460397028839222344, 0.1267024139629474022, 0.1867568140356185014, 0.2455056873654377358, 0.3036520244499758547, 0.3615030739706259211, 0.4202402229284681878, 0.4800333407766971816, 0.5406781347755165168, 0.6011918063807822898, 0.6623335024774430480, 0.7247395102972324921, 0.7894677361728874576, 0.8565048600438303072, 0.9263120958391913851, 0.9999999999999998890 ),
 .UNSPECIFIED. ) ;
#11802 = AXIS2_PLACEMENT_3D ( 'NONE', #1451, #11116, #6319 ) ;
#11803 = AXIS2_PLACEMENT_3D ( 'NONE', #11490, #7550, #3941 ) ;
#11804 =( NAMED_UNIT ( * ) PLANE_ANGLE_UNIT ( ) SI_UNIT ( $, .RADIAN. ) );
#11805 = ORIENTED_EDGE ( 'NONE', *, *, #1627, .F. ) ;
#11806 = CARTESIAN_POINT ( 'NONE',  ( 0.7553052904335133544, -7.482786098639266470, 0.01000000000000000021 ) ) ;
#11807 = EDGE_CURVE ( 'NONE', #10623, #11023, #561, .T. ) ;
#11808 = CARTESIAN_POINT ( 'NONE',  ( 0.4999999999999970024, -6.337221664167199009, 4.329459271066772530 ) ) ;
#11809 = FILL_AREA_STYLE ('',( #6020 ) ) ;
#11810 = CARTESIAN_POINT ( 'NONE',  ( 0.4734986285595548794, -7.668516798672921908, 0.01000000000000000021 ) ) ;
#11811 = SURFACE_STYLE_USAGE ( .BOTH. , #6023 ) ;
#11812 = COLOUR_RGB ( '',0.6470588235294117974, 0.6196078431372549211, 0.5882352941176470784 ) ;
#11813 = VECTOR ( 'NONE', #7715, 1000.000000000000000 ) ;
#11814 = FILL_AREA_STYLE_COLOUR ( '', #7812 ) ;
#11815 = ORIENTED_EDGE ( 'NONE', *, *, #11949, .F. ) ;
#11816 = SURFACE_STYLE_USAGE ( .BOTH. , #2217 ) ;
#11817 = FACE_OUTER_BOUND ( 'NONE', #9138, .T. ) ;
#11818 = PLANE ( 'NONE',  #5234 ) ;
#11819 = EDGE_CURVE ( 'NONE', #1284, #12019, #11109, .T. ) ;
#11820 = MECHANICAL_DESIGN_GEOMETRIC_PRESENTATION_REPRESENTATION (  '', ( #1343 ), #6196 ) ;
#11821 = DIRECTION ( 'NONE',  ( 1.000000000000000000, 3.938574995911017504E-16, 0.000000000000000000 ) ) ;
#11822 = FACE_OUTER_BOUND ( 'NONE', #1901, .T. ) ;
#11823 = LINE ( 'NONE', #2221, #10089 ) ;
#11824 = CARTESIAN_POINT ( 'NONE',  ( 0.4999999999999970024, -5.943298562962316289, 3.859999999999999876 ) ) ;
#11825 = ORIENTED_EDGE ( 'NONE', *, *, #454, .T. ) ;
#11826 = CARTESIAN_POINT ( 'NONE',  ( 0.000000000000000000, 2.429999999999997939, 0.04000000000000010492 ) ) ;
#11827 = CARTESIAN_POINT ( 'NONE',  ( 2.646120521756362365, -7.534147660407422897, 0.01000000000000000021 ) ) ;
#11828 = VECTOR ( 'NONE', #9759, 1000.000000000000000 ) ;
#11829 = CARTESIAN_POINT ( 'NONE',  ( 2.630828880894822586, -8.425124699456995714, 0.01000000000000000021 ) ) ;
#11830 = PRESENTATION_LAYER_ASSIGNMENT (  '', '', ( #3156 ) ) ;
#11831 = VERTEX_POINT ( 'NONE', #7196 ) ;
#11832 = ORIENTED_EDGE ( 'NONE', *, *, #11318, .T. ) ;
#11833 = DIRECTION ( 'NONE',  ( -0.000000000000000000, 0.000000000000000000, 1.000000000000000000 ) ) ;
#11834 = LINE ( 'NONE', #1180, #10572 ) ;
#11835 = CARTESIAN_POINT ( 'NONE',  ( 0.7184749468784868975, -8.314629369271816728, 0.01000000000000000021 ) ) ;
#11836 = PRESENTATION_LAYER_ASSIGNMENT (  '', '', ( #6594 ) ) ;
#11837 = DIRECTION ( 'NONE',  ( 1.000000000000000000, 0.000000000000000000, 0.000000000000000000 ) ) ;
#11838 = PLANE ( 'NONE',  #7218 ) ;
#11839 = PRESENTATION_STYLE_ASSIGNMENT (( #3001 ) ) ;
#11840 = VECTOR ( 'NONE', #8336, 1000.000000000000000 ) ;
#11841 = VERTEX_POINT ( 'NONE', #8323 ) ;
#11842 = CARTESIAN_POINT ( 'NONE',  ( 0.000000000000000000, 0.000000000000000000, -0.5000000000000000000 ) ) ;
#11843 = CARTESIAN_POINT ( 'NONE',  ( -1.825000000000000178, -8.920000000000001705, 3.859999999999999876 ) ) ;
#11844 = CARTESIAN_POINT ( 'NONE',  ( 2.498002776618577503, -8.469573366365217737, 6.776263578034402713E-18 ) ) ;
#11845 = PLANE ( 'NONE',  #2433 ) ;
#11846 = ORIENTED_EDGE ( 'NONE', *, *, #4405, .F. ) ;
#11847 = VECTOR ( 'NONE', #12125, 1000.000000000000000 ) ;
#11848 = CARTESIAN_POINT ( 'NONE',  ( 0.9129192073170706578, -7.464891082923399424, 0.000000000000000000 ) ) ;
#11849 = CARTESIAN_POINT ( 'NONE',  ( 1.749999999999996225, -0.9700000000000014166, 3.360000000000000320 ) ) ;
#11850 = VECTOR ( 'NONE', #3824, 1000.000000000000000 ) ;
#11851 = CARTESIAN_POINT ( 'NONE',  ( 6.324999999999997513, 1.029999999999998472, 2.860000000000000320 ) ) ;
#11852 = EDGE_CURVE ( 'NONE', #3631, #167, #4367, .T. ) ;
#11853 = DIRECTION ( 'NONE',  ( -0.000000000000000000, -1.000000000000000000, 2.861335727341666912E-17 ) ) ;
#11854 = EDGE_CURVE ( 'NONE', #2483, #10179, #9096, .T. ) ;
#11855 = PRESENTATION_LAYER_ASSIGNMENT (  '', '', ( #6222 ) ) ;
#11856 =( GEOMETRIC_REPRESENTATION_CONTEXT ( 3 ) GLOBAL_UNCERTAINTY_ASSIGNED_CONTEXT ( ( #5506 ) ) GLOBAL_UNIT_ASSIGNED_CONTEXT ( ( #5201, #1151, #5085 ) ) REPRESENTATION_CONTEXT ( 'NONE', 'WORKASPACE' ) );
#11857 = ORIENTED_EDGE ( 'NONE', *, *, #1447, .F. ) ;
#11858 = VECTOR ( 'NONE', #10216, 1000.000000000000000 ) ;
#11859 = EDGE_CURVE ( 'NONE', #12457, #12205, #11226, .T. ) ;
#11860 = LINE ( 'NONE', #391, #1904 ) ;
#11861 = CARTESIAN_POINT ( 'NONE',  ( -0.3378429878048807566, -8.184403278045349950, 0.01000000000000000021 ) ) ;
#11862 = CARTESIAN_POINT ( 'NONE',  ( 2.375340140384345489, -7.453116185985632747, 5.082197683525802034E-18 ) ) ;
#11863 = EDGE_LOOP ( 'NONE', ( #1998, #2475, #4966, #5158 ) ) ;
#11864 = UNCERTAINTY_MEASURE_WITH_UNIT (LENGTH_MEASURE( 1.000000000000000082E-05 ), #4489, 'distance_accuracy_value', 'NONE');
#11865 = SURFACE_SIDE_STYLE ('',( #3467 ) ) ;
#11866 = CARTESIAN_POINT ( 'NONE',  ( 0.4102173554804668942, -7.798188103550158345, 6.776263578034402713E-18 ) ) ;
#11867 = CARTESIAN_POINT ( 'NONE',  ( 1.249999999999996003, -0.9700000000000014166, 0.5000000000000004441 ) ) ;
#11868 = VECTOR ( 'NONE', #9866, 1000.000000000000000 ) ;
#11869 =( NAMED_UNIT ( * ) SI_UNIT ( $, .STERADIAN. ) SOLID_ANGLE_UNIT ( ) );
#11870 = LINE ( 'NONE', #3220, #76 ) ;
#11871 = CARTESIAN_POINT ( 'NONE',  ( 0.7071991634030363461, -7.497224597368884247, 0.01000000000000000021 ) ) ;
#11872 = FILL_AREA_STYLE_COLOUR ( '', #4392 ) ;
#11873 = CARTESIAN_POINT ( 'NONE',  ( 6.324999999999997513, 1.029999999999998028, -0.5000000000000000000 ) ) ;
#11874 = MECHANICAL_DESIGN_GEOMETRIC_PRESENTATION_REPRESENTATION (  '', ( #5643 ), #12469 ) ;
#11875 = EDGE_CURVE ( 'NONE', #9540, #3300, #9161, .T. ) ;
#11876 = ORIENTED_EDGE ( 'NONE', *, *, #6715, .F. ) ;
#11877 = CARTESIAN_POINT ( 'NONE',  ( -0.8499999999999999778, 0.5299999999999983613, 0.4999999999999970024 ) ) ;
#11878 = PRESENTATION_STYLE_ASSIGNMENT (( #463 ) ) ;
#11879 =( LENGTH_UNIT ( ) NAMED_UNIT ( * ) SI_UNIT ( .MILLI., .METRE. ) );
#11880 = CARTESIAN_POINT ( 'NONE',  ( 2.609376231865948359, -8.286635530988940346, 0.000000000000000000 ) ) ;
#11881 = PLANE ( 'NONE',  #8375 ) ;
#11882 = CARTESIAN_POINT ( 'NONE',  ( 5.626372070731854080, -4.884999999999998899, -0.4999999999999987232 ) ) ;
#11883 = DIRECTION ( 'NONE',  ( 0.000000000000000000, 1.000000000000000000, 7.478108553735038078E-16 ) ) ;
#11884 = ORIENTED_EDGE ( 'NONE', *, *, #11586, .F. ) ;
#11885 = UNCERTAINTY_MEASURE_WITH_UNIT (LENGTH_MEASURE( 1.000000000000000082E-05 ), #7703, 'distance_accuracy_value', 'NONE');
#11886 =( GEOMETRIC_REPRESENTATION_CONTEXT ( 3 ) GLOBAL_UNCERTAINTY_ASSIGNED_CONTEXT ( ( #6337 ) ) GLOBAL_UNIT_ASSIGNED_CONTEXT ( ( #6048, #2342, #289 ) ) REPRESENTATION_CONTEXT ( 'NONE', 'WORKASPACE' ) );
#11887 = CARTESIAN_POINT ( 'NONE',  ( 5.575000000000008171, -0.4700000000000008060, 0.5000000000000004441 ) ) ;
#11888 = ADVANCED_FACE ( 'NONE', ( #11166 ), #7136, .F. ) ;
#11889 = VERTEX_POINT ( 'NONE', #10985 ) ;
#11890 = DIRECTION ( 'NONE',  ( 8.537024980200821325E-17, 0.000000000000000000, -1.000000000000000000 ) ) ;
#11891 = LINE ( 'NONE', #9069, #8657 ) ;
#11892 = CARTESIAN_POINT ( 'NONE',  ( 2.357159858225966964, -8.476617731327026561, 0.01000000000000000021 ) ) ;
#11893 = ORIENTED_EDGE ( 'NONE', *, *, #1519, .T. ) ;
#11894 = VECTOR ( 'NONE', #2434, 1000.000000000000000 ) ;
#11895 = VERTEX_POINT ( 'NONE', #2309 ) ;
#11896 = FILL_AREA_STYLE_COLOUR ( '', #2170 ) ;
#11897 = UNCERTAINTY_MEASURE_WITH_UNIT (LENGTH_MEASURE( 1.000000000000000082E-05 ), #9430, 'distance_accuracy_value', 'NONE');
#11898 =( NAMED_UNIT ( * ) PLANE_ANGLE_UNIT ( ) SI_UNIT ( $, .RADIAN. ) );
#11899 = CARTESIAN_POINT ( 'NONE',  ( 2.540294406025092044, -7.605455284486803080, 0.01000000000000000021 ) ) ;
#11900 = CARTESIAN_POINT ( 'NONE',  ( 3.000000000000004885, -7.419999999999999929, 0.000000000000000000 ) ) ;
#11901 = DIRECTION ( 'NONE',  ( -0.000000000000000000, -0.000000000000000000, 1.000000000000000000 ) ) ;
#11902 = DIRECTION ( 'NONE',  ( 0.000000000000000000, 0.000000000000000000, -1.000000000000000000 ) ) ;
#11903 = CARTESIAN_POINT ( 'NONE',  ( -0.3199999999999999512, 2.429999999999997939, -0.5000000000000000000 ) ) ;
#11904 =( NAMED_UNIT ( * ) PLANE_ANGLE_UNIT ( ) SI_UNIT ( $, .RADIAN. ) );
#11905 = AXIS2_PLACEMENT_3D ( 'NONE', #5363, #10970, #3436 ) ;
#11906 = VERTEX_POINT ( 'NONE', #5250 ) ;
#11907 = ORIENTED_EDGE ( 'NONE', *, *, #10497, .F. ) ;
#11908 = DIRECTION ( 'NONE',  ( -0.000000000000000000, -1.445602896647339311E-15, 1.000000000000000000 ) ) ;
#11909 = DIRECTION ( 'NONE',  ( -0.000000000000000000, 0.000000000000000000, -1.000000000000000000 ) ) ;
#11910 =( GEOMETRIC_REPRESENTATION_CONTEXT ( 3 ) GLOBAL_UNCERTAINTY_ASSIGNED_CONTEXT ( ( #2894 ) ) GLOBAL_UNIT_ASSIGNED_CONTEXT ( ( #10982, #11915, #4992 ) ) REPRESENTATION_CONTEXT ( 'NONE', 'WORKASPACE' ) );
#11911 = CARTESIAN_POINT ( 'NONE',  ( 3.350000000000000977, -0.4700000000000016387, 3.360000000000000320 ) ) ;
#11912 = ORIENTED_EDGE ( 'NONE', *, *, #131, .F. ) ;
#11913 = DIRECTION ( 'NONE',  ( 0.000000000000000000, -1.000000000000000000, 0.000000000000000000 ) ) ;
#11914 = ORIENTED_EDGE ( 'NONE', *, *, #11965, .T. ) ;
#11915 =( NAMED_UNIT ( * ) PLANE_ANGLE_UNIT ( ) SI_UNIT ( $, .RADIAN. ) );
#11916 = AXIS2_PLACEMENT_3D ( 'NONE', #7836, #6880, #10743 ) ;
#11917 =( LENGTH_UNIT ( ) NAMED_UNIT ( * ) SI_UNIT ( .MILLI., .METRE. ) );
#11918 = ORIENTED_EDGE ( 'NONE', *, *, #10200, .T. ) ;
#11919 = CARTESIAN_POINT ( 'NONE',  ( 2.680000000000000160, -0.5596891741410529031, 1.609999999999999432 ) ) ;
#11920 = APPLICATION_PROTOCOL_DEFINITION ( 'draft international standard', 'automotive_design', 1998, #5718 ) ;
#11921 = CARTESIAN_POINT ( 'NONE',  ( 0.3199999999999999512, 2.429999999999997939, -0.5000000000000000000 ) ) ;
#11922 = UNCERTAINTY_MEASURE_WITH_UNIT (LENGTH_MEASURE( 1.000000000000000082E-05 ), #5867, 'distance_accuracy_value', 'NONE');
#11923 = ORIENTED_EDGE ( 'NONE', *, *, #2824, .F. ) ;
#11924 = COLOUR_RGB ( '',0.6470588235294117974, 0.6196078431372549211, 0.5882352941176470784 ) ;
#11925 = PRESENTATION_STYLE_ASSIGNMENT (( #10004 ) ) ;
#11926 = CARTESIAN_POINT ( 'NONE',  ( 2.680000000000000160, 1.862871818038229543, 0.1399999999999999578 ) ) ;
#11927 = EDGE_CURVE ( 'NONE', #2134, #10228, #11978, .T. ) ;
#11928 = DIRECTION ( 'NONE',  ( 0.3390537954853694025, 0.9407669869669987861, 0.000000000000000000 ) ) ;
#11929 = ORIENTED_EDGE ( 'NONE', *, *, #570, .T. ) ;
#11930 = CARTESIAN_POINT ( 'NONE',  ( 2.121951219512192566, -7.492330107313643239, 0.01000000000000000021 ) ) ;
#11931 = DIRECTION ( 'NONE',  ( 0.000000000000000000, 1.000000000000000000, -3.414809992080327544E-16 ) ) ;
#11932 = FACE_OUTER_BOUND ( 'NONE', #2829, .T. ) ;
#11933 = DIRECTION ( 'NONE',  ( -0.000000000000000000, -0.7071067811865437980, 0.7071067811865512365 ) ) ;
#11934 = ADVANCED_FACE ( 'NONE', ( #804 ), #7582, .T. ) ;
#11935 = CARTESIAN_POINT ( 'NONE',  ( 1.195121951219509704, -8.464891082923399424, 0.01000000000000000021 ) ) ;
#11936 = CARTESIAN_POINT ( 'NONE',  ( 0.7553052904335133544, -7.482786098639266470, 0.01000000000000000021 ) ) ;
#11937 = ADVANCED_FACE ( 'NONE', ( #6496 ), #2683, .T. ) ;
#11938 = DIRECTION ( 'NONE',  ( -1.371322905910519414E-16, 1.000000000000000000, -0.000000000000000000 ) ) ;
#11939 = DIRECTION ( 'NONE',  ( 0.000000000000000000, 1.000000000000000000, 0.000000000000000000 ) ) ;
#11940 = EDGE_CURVE ( 'NONE', #9818, #10183, #9097, .T. ) ;
#11941 = PRESENTATION_LAYER_ASSIGNMENT (  '', '', ( #2648 ) ) ;
#11942 = ORIENTED_EDGE ( 'NONE', *, *, #1738, .F. ) ;
#11943 = ADVANCED_FACE ( 'NONE', ( #6551 ), #1724, .T. ) ;
#11944 = CARTESIAN_POINT ( 'NONE',  ( -0.4390243902439051049, -8.464891082923399424, 0.000000000000000000 ) ) ;
#11945 = DIRECTION ( 'NONE',  ( 0.000000000000000000, -0.000000000000000000, -1.000000000000000000 ) ) ;
#11946 = LINE ( 'NONE', #6400, #317 ) ;
#11947 = ADVANCED_FACE ( 'NONE', ( #6608 ), #2620, .F. ) ;
#11948 = LINE ( 'NONE', #4395, #1665 ) ;
#11949 = EDGE_CURVE ( 'NONE', #2197, #6429, #10363, .T. ) ;
#11950 = ORIENTED_EDGE ( 'NONE', *, *, #11012, .F. ) ;
#11951 = VECTOR ( 'NONE', #3246, 1000.000000000000000 ) ;
#11952 = DIRECTION ( 'NONE',  ( 1.000000000000000000, 0.000000000000000000, 0.000000000000000000 ) ) ;
#11953 =( GEOMETRIC_REPRESENTATION_CONTEXT ( 3 ) GLOBAL_UNCERTAINTY_ASSIGNED_CONTEXT ( ( #9513 ) ) GLOBAL_UNIT_ASSIGNED_CONTEXT ( ( #6728, #10661, #1911 ) ) REPRESENTATION_CONTEXT ( 'NONE', 'WORKASPACE' ) );
#11954 = CARTESIAN_POINT ( 'NONE',  ( 2.375340140384345489, -7.453116185985632747, 0.01000000000000000021 ) ) ;
#11955 = MECHANICAL_DESIGN_GEOMETRIC_PRESENTATION_REPRESENTATION (  '', ( #5132 ), #1073 ) ;
#11956 = LINE ( 'NONE', #6286, #3831 ) ;
#11957 = CYLINDRICAL_SURFACE ( 'NONE', #8683, 0.2396891741410517862 ) ;
#11958 = ORIENTED_EDGE ( 'NONE', *, *, #5099, .F. ) ;
#11959 = ORIENTED_EDGE ( 'NONE', *, *, #3928, .F. ) ;
#11960 = VECTOR ( 'NONE', #6752, 1000.000000000000000 ) ;
#11961 = CARTESIAN_POINT ( 'NONE',  ( 2.717736965080959965, -7.844601930064511564, 0.01000000000000000021 ) ) ;
#11962 = LINE ( 'NONE', #7178, #1917 ) ;
#11963 = CARTESIAN_POINT ( 'NONE',  ( 0.7184749468784868975, -8.314629369271816728, 0.000000000000000000 ) ) ;
#11964 = DIRECTION ( 'NONE',  ( 0.000000000000000000, -1.000000000000000000, 0.000000000000000000 ) ) ;
#11965 = EDGE_CURVE ( 'NONE', #5702, #7342, #3721, .T. ) ;
#11966 = CARTESIAN_POINT ( 'NONE',  ( 0.3986752038707312429, -8.062257857288091856, 0.01000000000000000021 ) ) ;
#11967 = ORIENTED_EDGE ( 'NONE', *, *, #6762, .T. ) ;
#11968 = DIRECTION ( 'NONE',  ( 0.000000000000000000, -1.000000000000000000, 0.000000000000000000 ) ) ;
#11969 = ORIENTED_EDGE ( 'NONE', *, *, #9026, .F. ) ;
#11970 = ORIENTED_EDGE ( 'NONE', *, *, #388, .T. ) ;
#11971 = CARTESIAN_POINT ( 'NONE',  ( -0.3499999999999998668, -0.4700000000000016387, 0.4999999999999970024 ) ) ;
#11972 = FACE_OUTER_BOUND ( 'NONE', #3670, .T. ) ;
#11973 = CARTESIAN_POINT ( 'NONE',  ( 2.768855527674394246, -8.307098625588269059, 6.776263578034402713E-18 ) ) ;
#11974 = EDGE_LOOP ( 'NONE', ( #6069, #6, #11435, #2676, #2815, #1862, #3823, #8550, #6420, #3717, #12201, #11595, #896, #5073, #8299, #1389, #8422, #11103, #12066, #2527 ) ) ;
#11975 = ORIENTED_EDGE ( 'NONE', *, *, #4710, .F. ) ;
#11976 = LINE ( 'NONE', #10057, #6271 ) ;
#11977 = EDGE_CURVE ( 'NONE', #9384, #3631, #1792, .T. ) ;
#11978 = LINE ( 'NONE', #7457, #9920 ) ;
#11979 = ORIENTED_EDGE ( 'NONE', *, *, #3961, .T. ) ;
#11980 = CARTESIAN_POINT ( 'NONE',  ( 2.552699993788689170, -8.326491318142229758, 0.01000000000000000021 ) ) ;
#11981 = SURFACE_SIDE_STYLE ('',( #502 ) ) ;
#11982 = ORIENTED_EDGE ( 'NONE', *, *, #6762, .F. ) ;
#11983 = SURFACE_STYLE_USAGE ( .BOTH. , #8152 ) ;
#11984 = CARTESIAN_POINT ( 'NONE',  ( 2.512163064414587588, -7.472362392242970053, 5.082197683525802034E-18 ) ) ;
#11985 = ORIENTED_EDGE ( 'NONE', *, *, #10200, .F. ) ;
#11986 = UNCERTAINTY_MEASURE_WITH_UNIT (LENGTH_MEASURE( 1.000000000000000082E-05 ), #5837, 'distance_accuracy_value', 'NONE');
#11987 = CARTESIAN_POINT ( 'NONE',  ( 2.627661367580466312, -7.673825981427565779, 0.01000000000000000021 ) ) ;
#11988 = CARTESIAN_POINT ( 'NONE',  ( 2.198931997024693885, -7.467715504584228725, 6.776263578034402713E-18 ) ) ;
#11989 = STYLED_ITEM ( 'NONE', ( #12454 ), #2789 ) ;
#11990 = CIRCLE ( 'NONE', #2501, 0.8796891741410518550 ) ;
#11991 = LINE ( 'NONE', #10075, #819 ) ;
#11992 =( LENGTH_UNIT ( ) NAMED_UNIT ( * ) SI_UNIT ( .MILLI., .METRE. ) );
#11993 = CARTESIAN_POINT ( 'NONE',  ( 5.575000000000007283, -0.4700000000000008060, 1.329999999999998739 ) ) ;
#11994 = SURFACE_SIDE_STYLE ('',( #10891 ) ) ;
#11995 = VECTOR ( 'NONE', #884, 1000.000000000000000 ) ;
#11996 = ORIENTED_EDGE ( 'NONE', *, *, #11251, .F. ) ;
#11997 = CARTESIAN_POINT ( 'NONE',  ( -2.524999999999990585, -2.170000000000001705, -0.01000000000000000021 ) ) ;
#11998 = UNCERTAINTY_MEASURE_WITH_UNIT (LENGTH_MEASURE( 1.000000000000000082E-05 ), #7387, 'distance_accuracy_value', 'NONE');
#11999 = LINE ( 'NONE', #9125, #11666 ) ;
#12000 = CARTESIAN_POINT ( 'NONE',  ( -2.524999999999990585, -3.470000000000001528, 2.529999999999998916 ) ) ;
#12001 =( GEOMETRIC_REPRESENTATION_CONTEXT ( 3 ) GLOBAL_UNCERTAINTY_ASSIGNED_CONTEXT ( ( #9252 ) ) GLOBAL_UNIT_ASSIGNED_CONTEXT ( ( #3728, #3463, #11410 ) ) REPRESENTATION_CONTEXT ( 'NONE', 'WORKASPACE' ) );
#12002 = ORIENTED_EDGE ( 'NONE', *, *, #5631, .F. ) ;
#12003 = PRESENTATION_LAYER_ASSIGNMENT (  '', '', ( #8802 ) ) ;
#12004 = UNCERTAINTY_MEASURE_WITH_UNIT (LENGTH_MEASURE( 1.000000000000000082E-05 ), #10237, 'distance_accuracy_value', 'NONE');
#12005 = ADVANCED_FACE ( 'NONE', ( #4734 ), #3845, .F. ) ;
#12006 = EDGE_CURVE ( 'NONE', #6049, #8604, #5929, .T. ) ;
#12007 = ORIENTED_EDGE ( 'NONE', *, *, #12316, .T. ) ;
#12008 = CARTESIAN_POINT ( 'NONE',  ( 0.3199999999999999512, -0.3199999999999999512, 0.3554264934286701649 ) ) ;
#12009 = ADVANCED_FACE ( 'NONE', ( #10723 ), #1595, .T. ) ;
#12010 = DIRECTION ( 'NONE',  ( -1.000000000000000000, 0.000000000000000000, 8.103719104136175646E-16 ) ) ;
#12011 = AXIS2_PLACEMENT_3D ( 'NONE', #9726, #8697, #1048 ) ;
#12012 = ORIENTED_EDGE ( 'NONE', *, *, #7638, .F. ) ;
#12013 = VERTEX_POINT ( 'NONE', #3120 ) ;
#12014 = CARTESIAN_POINT ( 'NONE',  ( -2.224999999999990763, -3.470000000000001528, 2.929999999999998384 ) ) ;
#12015 = SURFACE_STYLE_FILL_AREA ( #5764 ) ;
#12016 = CARTESIAN_POINT ( 'NONE',  ( 0.4734588075882187885, -8.249589927441881798, 0.01000000000000000021 ) ) ;
#12017 = CARTESIAN_POINT ( 'NONE',  ( 0.5301435008633078594, -8.044005908634030533, 0.01000000000000000021 ) ) ;
#12018 = LINE ( 'NONE', #8124, #11344 ) ;
#12019 = VERTEX_POINT ( 'NONE', #8953 ) ;
#12020 = PLANE ( 'NONE',  #12235 ) ;
#12021 = PRESENTATION_LAYER_ASSIGNMENT (  '', '', ( #3784 ) ) ;
#12022 = VECTOR ( 'NONE', #6888, 1000.000000000000000 ) ;
#12023 = ORIENTED_EDGE ( 'NONE', *, *, #10406, .T. ) ;
#12024 = ORIENTED_EDGE ( 'NONE', *, *, #12041, .T. ) ;
#12025 = ADVANCED_FACE ( 'NONE', ( #298 ), #9981, .T. ) ;
#12026 = ORIENTED_EDGE ( 'NONE', *, *, #10157, .T. ) ;
#12027 = ORIENTED_EDGE ( 'NONE', *, *, #9225, .T. ) ;
#12028 =( NAMED_UNIT ( * ) SI_UNIT ( $, .STERADIAN. ) SOLID_ANGLE_UNIT ( ) );
#12029 = VECTOR ( 'NONE', #10808, 1000.000000000000114 ) ;
#12030 = FILL_AREA_STYLE ('',( #3587 ) ) ;
#12031 =( NAMED_UNIT ( * ) SI_UNIT ( $, .STERADIAN. ) SOLID_ANGLE_UNIT ( ) );
#12032 = FILL_AREA_STYLE ('',( #9295 ) ) ;
#12033 = SURFACE_SIDE_STYLE ('',( #6309 ) ) ;
#12034 = EDGE_LOOP ( 'NONE', ( #5855, #4803, #974, #4035 ) ) ;
#12035 = LINE ( 'NONE', #7270, #8417 ) ;
#12036 = PRESENTATION_LAYER_ASSIGNMENT (  '', '', ( #8028 ) ) ;
#12037 = SURFACE_STYLE_USAGE ( .BOTH. , #11981 ) ;
#12038 = PRESENTATION_LAYER_ASSIGNMENT (  '', '', ( #6016 ) ) ;
#12039 = ORIENTED_EDGE ( 'NONE', *, *, #4954, .T. ) ;
#12040 = STYLED_ITEM ( 'NONE', ( #3162 ), #6469 ) ;
#12041 = EDGE_CURVE ( 'NONE', #1857, #10151, #7999, .T. ) ;
#12042 = DIRECTION ( 'NONE',  ( 1.000000000000000000, -1.734723475976807094E-15, 0.000000000000000000 ) ) ;
#12043 =( NAMED_UNIT ( * ) PLANE_ANGLE_UNIT ( ) SI_UNIT ( $, .RADIAN. ) );
#12044 = PRESENTATION_LAYER_ASSIGNMENT (  '', '', ( #177 ) ) ;
#12045 = ORIENTED_EDGE ( 'NONE', *, *, #6174, .T. ) ;
#12046 = FACE_OUTER_BOUND ( 'NONE', #3057, .T. ) ;
#12047 = CARTESIAN_POINT ( 'NONE',  ( 2.673392787691767580, -7.734715795874356203, 0.01000000000000000021 ) ) ;
#12048 = SURFACE_SIDE_STYLE ('',( #3216 ) ) ;
#12049 = COLOUR_RGB ( '',0.2235294117647058654, 0.2235294117647058654, 0.2235294117647058654 ) ;
#12050 = SURFACE_STYLE_FILL_AREA ( #2570 ) ;
#12051 = CARTESIAN_POINT ( 'NONE',  ( 2.816988156574528279, -8.228127203143369428, 0.000000000000000000 ) ) ;
#12052 =( GEOMETRIC_REPRESENTATION_CONTEXT ( 3 ) GLOBAL_UNCERTAINTY_ASSIGNED_CONTEXT ( ( #10161 ) ) GLOBAL_UNIT_ASSIGNED_CONTEXT ( ( #88, #4774, #4021 ) ) REPRESENTATION_CONTEXT ( 'NONE', 'WORKASPACE' ) );
#12053 = VECTOR ( 'NONE', #10509, 1000.000000000000000 ) ;
#12054 = SURFACE_STYLE_FILL_AREA ( #4452 ) ;
#12055 = AXIS2_PLACEMENT_3D ( 'NONE', #8244, #7675, #10562 ) ;
#12056 = VECTOR ( 'NONE', #279, 1000.000000000000000 ) ;
#12057 = DIRECTION ( 'NONE',  ( -0.000000000000000000, 0.000000000000000000, -1.000000000000000000 ) ) ;
#12058 = CARTESIAN_POINT ( 'NONE',  ( 1.060975609756094951, -8.355134985362424160, 0.01000000000000000021 ) ) ;
#12059 = VECTOR ( 'NONE', #6078, 1000.000000000000000 ) ;
#12060 = VERTEX_POINT ( 'NONE', #10911 ) ;
#12061 = DIRECTION ( 'NONE',  ( 0.000000000000000000, -1.000000000000000000, 0.000000000000000000 ) ) ;
#12062 = VECTOR ( 'NONE', #881, 1000.000000000000000 ) ;
#12063 = CYLINDRICAL_SURFACE ( 'NONE', #3185, 0.2154264934286704847 ) ;
#12064 = DIRECTION ( 'NONE',  ( -0.000000000000000000, 0.000000000000000000, 1.000000000000000000 ) ) ;
#12065 = LINE ( 'NONE', #8111, #2470 ) ;
#12066 = ORIENTED_EDGE ( 'NONE', *, *, #5098, .T. ) ;
#12067 = VECTOR ( 'NONE', #5907, 1000.000000000000000 ) ;
#12068 = CARTESIAN_POINT ( 'NONE',  ( 1.439024390243899720, -8.013671570728277516, 0.01000000000000000021 ) ) ;
#12069 = CARTESIAN_POINT ( 'NONE',  ( -7.806255641895631925E-15, -7.419999999999999929, -0.5000000000000000000 ) ) ;
#12070 = ORIENTED_EDGE ( 'NONE', *, *, #7407, .F. ) ;
#12071 = ORIENTED_EDGE ( 'NONE', *, *, #11169, .F. ) ;
#12072 = ADVANCED_FACE ( 'NONE', ( #6057 ), #2238, .F. ) ;
#12073 = SURFACE_STYLE_FILL_AREA ( #8242 ) ;
#12074 = LINE ( 'NONE', #2477, #10080 ) ;
#12075 = EDGE_CURVE ( 'NONE', #9027, #4770, #3501, .T. ) ;
#12076 = CARTESIAN_POINT ( 'NONE',  ( 0.6185953954440538416, -8.387010386216143587, 0.01000000000000000021 ) ) ;
#12077 = CARTESIAN_POINT ( 'NONE',  ( 0.5243902439024364925, -7.955173095118522220, 0.000000000000000000 ) ) ;
#12078 = DIRECTION ( 'NONE',  ( 0.000000000000000000, 0.000000000000000000, -1.000000000000000000 ) ) ;
#12079 =( LENGTH_UNIT ( ) NAMED_UNIT ( * ) SI_UNIT ( .MILLI., .METRE. ) );
#12080 = VERTEX_POINT ( 'NONE', #5428 ) ;
#12081 = PRESENTATION_LAYER_ASSIGNMENT (  '', '', ( #10312 ) ) ;
#12082 = EDGE_CURVE ( 'NONE', #10056, #1032, #9080, .T. ) ;
#12083 = ORIENTED_EDGE ( 'NONE', *, *, #6701, .T. ) ;
#12084 = B_SPLINE_CURVE_WITH_KNOTS ( 'NONE', 3,
 ( #466, #217, #6094, #9839, #6216, #10091, #4334, #9908, #8997, #1225, #11880, #1344, #9063, #5280, #9127, #8931, #3045, #4086, #6903 ),
 .UNSPECIFIED., .F., .F.,
 ( 4, 1, 1, 1, 1, 1, 1, 1, 1, 1, 1, 1, 1, 1, 1, 1, 4 ),
 ( 0.000000000000000000, 0.07377411937406352926, 0.1440791147260412630, 0.2113485183089114372, 0.2760768857398836484, 0.3385209158196778589, 0.3998851166931347567, 0.4602540674652130792, 0.5205889643912490206, 0.5802076845630447233, 0.6386329085525453975, 0.6963645494905242872, 0.7540017746600130577, 0.8128056813744977127, 0.8727544255255604844, 0.9351819969782672048, 1.000000000000000000 ),
 .UNSPECIFIED. ) ;
#12085 = AXIS2_PLACEMENT_3D ( 'NONE', #1255, #2066, #3075 ) ;
#12086 = VERTEX_POINT ( 'NONE', #8126 ) ;
#12087 = LINE ( 'NONE', #5120, #12268 ) ;
#12088 = DIRECTION ( 'NONE',  ( 0.000000000000000000, -1.000000000000000000, 0.000000000000000000 ) ) ;
#12089 = ORIENTED_EDGE ( 'NONE', *, *, #2591, .F. ) ;
#12090 = PRESENTATION_LAYER_ASSIGNMENT (  '', '', ( #9498 ) ) ;
#12091 = ORIENTED_EDGE ( 'NONE', *, *, #6276, .F. ) ;
#12092 = EDGE_CURVE ( 'NONE', #8682, #808, #1598, .T. ) ;
#12093 = ORIENTED_EDGE ( 'NONE', *, *, #2206, .T. ) ;
#12094 = DIRECTION ( 'NONE',  ( 0.000000000000000000, -0.000000000000000000, -1.000000000000000000 ) ) ;
#12095 = DIRECTION ( 'NONE',  ( 0.000000000000000000, 0.000000000000000000, 1.000000000000000000 ) ) ;
#12096 =( GEOMETRIC_REPRESENTATION_CONTEXT ( 3 ) GLOBAL_UNCERTAINTY_ASSIGNED_CONTEXT ( ( #11051 ) ) GLOBAL_UNIT_ASSIGNED_CONTEXT ( ( #4138, #7971, #10999 ) ) REPRESENTATION_CONTEXT ( 'NONE', 'WORKASPACE' ) );
#12097 =( NAMED_UNIT ( * ) SI_UNIT ( $, .STERADIAN. ) SOLID_ANGLE_UNIT ( ) );
#12098 = FILL_AREA_STYLE ('',( #7139 ) ) ;
#12099 = ADVANCED_FACE ( 'NONE', ( #1361 ), #9146, .T. ) ;
#12100 = LINE ( 'NONE', #6500, #9860 ) ;
#12101 = AXIS2_PLACEMENT_3D ( 'NONE', #8447, #1436, #3448 ) ;
#12102 = ORIENTED_EDGE ( 'NONE', *, *, #10883, .F. ) ;
#12103 = PLANE ( 'NONE',  #9827 ) ;
#12104 = CARTESIAN_POINT ( 'NONE',  ( 2.121951219512192566, -8.303305717069740410, 0.01000000000000000021 ) ) ;
#12105 = LINE ( 'NONE', #9172, #9549 ) ;
#12106 = EDGE_LOOP ( 'NONE', ( #3310, #8445, #11222, #214, #6663, #732, #10143 ) ) ;
#12107 = SURFACE_STYLE_FILL_AREA ( #6075 ) ;
#12108 = CARTESIAN_POINT ( 'NONE',  ( 2.540294406025092044, -7.605455284486803080, 6.776263578034402713E-18 ) ) ;
#12109 =( NAMED_UNIT ( * ) PLANE_ANGLE_UNIT ( ) SI_UNIT ( $, .RADIAN. ) );
#12110 =( LENGTH_UNIT ( ) NAMED_UNIT ( * ) SI_UNIT ( .MILLI., .METRE. ) );
#12111 = CARTESIAN_POINT ( 'NONE',  ( 2.180467148344216621, -8.441548771008095642, 6.776263578034402713E-18 ) ) ;
#12112 = CARTESIAN_POINT ( 'NONE',  ( 2.834887178074135150, -8.184481978456060958, 0.000000000000000000 ) ) ;
#12113 = EDGE_CURVE ( 'NONE', #6584, #12449, #7312, .T. ) ;
#12114 = COLOUR_RGB ( '',0.6470588235294117974, 0.6196078431372549211, 0.5882352941176470784 ) ;
#12115 = STYLED_ITEM ( 'NONE', ( #7894 ), #8407 ) ;
#12116 = CARTESIAN_POINT ( 'NONE',  ( 0.3199999999999999512, 2.429999999999997939, 0.1399999999999999301 ) ) ;
#12117 = UNCERTAINTY_MEASURE_WITH_UNIT (LENGTH_MEASURE( 1.000000000000000082E-05 ), #5092, 'distance_accuracy_value', 'NONE');
#12118 = DIRECTION ( 'NONE',  ( 1.000000000000000000, -0.000000000000000000, -0.000000000000000000 ) ) ;
#12119 = FILL_AREA_STYLE_COLOUR ( '', #10276 ) ;
#12120 = LINE ( 'NONE', #9256, #3117 ) ;
#12121 = PLANE ( 'NONE',  #8740 ) ;
#12122 = EDGE_CURVE ( 'NONE', #10319, #1982, #9016, .T. ) ;
#12123 = FILL_AREA_STYLE_COLOUR ( '', #737 ) ;
#12124 = UNCERTAINTY_MEASURE_WITH_UNIT (LENGTH_MEASURE( 1.000000000000000082E-05 ), #7424, 'distance_accuracy_value', 'NONE');
#12125 = DIRECTION ( 'NONE',  ( -0.000000000000000000, -0.000000000000000000, -1.000000000000000000 ) ) ;
#12126 = MECHANICAL_DESIGN_GEOMETRIC_PRESENTATION_REPRESENTATION (  '', ( #8926 ), #9145 ) ;
#12127 = CARTESIAN_POINT ( 'NONE',  ( 3.000000000000000000, -7.420000000000000817, -6.505213034913026604E-16 ) ) ;
#12128 = ORIENTED_EDGE ( 'NONE', *, *, #5560, .F. ) ;
#12129 = ORIENTED_EDGE ( 'NONE', *, *, #8273, .T. ) ;
#12130 = SURFACE_STYLE_USAGE ( .BOTH. , #3495 ) ;
#12131 = UNCERTAINTY_MEASURE_WITH_UNIT (LENGTH_MEASURE( 1.000000000000000082E-05 ), #1295, 'distance_accuracy_value', 'NONE');
#12132 = SURFACE_STYLE_FILL_AREA ( #8427 ) ;
#12133 = CARTESIAN_POINT ( 'NONE',  ( 0.6857453339508735590, -8.296573770795514946, 6.776263578034402713E-18 ) ) ;
#12134 = SURFACE_SIDE_STYLE ('',( #10219 ) ) ;
#12135 = CARTESIAN_POINT ( 'NONE',  ( 0.5254059328075832980, -8.000444470004596909, 0.000000000000000000 ) ) ;
#12136 = LINE ( 'NONE', #2417, #3272 ) ;
#12137 = VECTOR ( 'NONE', #6383, 1000.000000000000000 ) ;
#12138 = CARTESIAN_POINT ( 'NONE',  ( 0.9040681244844042119, -8.464544777547246213, 0.01000000000000000021 ) ) ;
#12139 = ORIENTED_EDGE ( 'NONE', *, *, #1730, .F. ) ;
#12140 = SURFACE_SIDE_STYLE ('',( #8309 ) ) ;
#12141 = B_SPLINE_CURVE_WITH_KNOTS ( 'NONE', 3,
 ( #7991, #475, #6104, #4220, #8057, #4100, #3298, #11769, #11892, #3056, #8887 ),
 .UNSPECIFIED., .F., .F.,
 ( 4, 1, 1, 1, 1, 1, 1, 1, 4 ),
 ( 0.000000000000000000, 0.1124483899088023903, 0.2265276752126795801, 0.3444019493260283560, 0.4658649724874584508, 0.5916594493521161180, 0.7221684870248873400, 0.8586063875549264646, 1.000000000000000000 ),
 .UNSPECIFIED. ) ;
#12142 = ORIENTED_EDGE ( 'NONE', *, *, #4251, .F. ) ;
#12143 =( NAMED_UNIT ( * ) PLANE_ANGLE_UNIT ( ) SI_UNIT ( $, .RADIAN. ) );
#12144 = STYLED_ITEM ( 'NONE', ( #5783 ), #1968 ) ;
#12145 = CARTESIAN_POINT ( 'NONE',  ( 7.624999999999999112, -3.614999999999998881, -0.2000000000000005107 ) ) ;
#12146 = VECTOR ( 'NONE', #9558, 1000.000000000000000 ) ;
#12147 = CARTESIAN_POINT ( 'NONE',  ( 0.3500000000000010325, -0.4700000000000016387, 3.360000000000000320 ) ) ;
#12148 = EDGE_LOOP ( 'NONE', ( #11581, #7202, #1957, #6609 ) ) ;
#12149 = ORIENTED_EDGE ( 'NONE', *, *, #8556, .T. ) ;
#12150 = SURFACE_STYLE_USAGE ( .BOTH. , #2491 ) ;
#12151 = ORIENTED_EDGE ( 'NONE', *, *, #11965, .F. ) ;
#12152 = DIRECTION ( 'NONE',  ( 1.000000000000000000, 0.000000000000000000, 1.737982185398085140E-15 ) ) ;
#12153 = STYLED_ITEM ( 'NONE', ( #468 ), #2063 ) ;
#12154 = FILL_AREA_STYLE_COLOUR ( '', #9768 ) ;
#12155 = CARTESIAN_POINT ( 'NONE',  ( 0.3500000000000010325, -0.4700000000000016387, 3.360000000000000320 ) ) ;
#12156 = CARTESIAN_POINT ( 'NONE',  ( 5.524999999999989697, -4.884999999999999787, -0.01000000000000000021 ) ) ;
#12157 = ORIENTED_EDGE ( 'NONE', *, *, #5098, .F. ) ;
#12158 = CARTESIAN_POINT ( 'NONE',  ( 5.224999999999986322, -2.170000000000001705, -0.01000000000000000021 ) ) ;
#12159 = CARTESIAN_POINT ( 'NONE',  ( 0.5253549962678186747, -7.910079331273648151, 6.776263578034402713E-18 ) ) ;
#12160 = CARTESIAN_POINT ( 'NONE',  ( 0.3199999999999999512, -0.5596891741410529031, 2.249999999999999556 ) ) ;
#12161 = ADVANCED_FACE ( 'NONE', ( #8066 ), #8797, .F. ) ;
#12162 = EDGE_CURVE ( 'NONE', #5190, #1259, #6534, .T. ) ;
#12163 = ORIENTED_EDGE ( 'NONE', *, *, #6171, .T. ) ;
#12164 = CARTESIAN_POINT ( 'NONE',  ( 0.9134908536585339967, -7.574647180484375575, 0.01000000000000000021 ) ) ;
#12165 = EDGE_CURVE ( 'NONE', #6011, #7451, #2605, .T. ) ;
#12166 = DIRECTION ( 'NONE',  ( 0.000000000000000000, -1.000000000000000000, -0.000000000000000000 ) ) ;
#12167 = CARTESIAN_POINT ( 'NONE',  ( 0.1707317073170705191, -8.464891082923399424, 0.01000000000000000021 ) ) ;
#12168 = CARTESIAN_POINT ( 'NONE',  ( 2.600656891080871169, -7.647634944173463012, 6.776263578034402713E-18 ) ) ;
#12169 = SURFACE_SIDE_STYLE ('',( #4512 ) ) ;
#12170 = CARTESIAN_POINT ( 'NONE',  ( 2.357278963414631612, -7.452695960972180345, 0.000000000000000000 ) ) ;
#12171 = CARTESIAN_POINT ( 'NONE',  ( 2.245942693746495689, -8.461508129179758697, 6.776263578034402713E-18 ) ) ;
#12172 =( NAMED_UNIT ( * ) SI_UNIT ( $, .STERADIAN. ) SOLID_ANGLE_UNIT ( ) );
#12173 =( LENGTH_UNIT ( ) NAMED_UNIT ( * ) SI_UNIT ( .MILLI., .METRE. ) );
#12174 = ORIENTED_EDGE ( 'NONE', *, *, #3538, .F. ) ;
#12175 = DIRECTION ( 'NONE',  ( -4.358601698434189525E-17, 1.000000000000000000, 0.000000000000000000 ) ) ;
#12176 = CARTESIAN_POINT ( 'NONE',  ( 0.9232088414634121998, -8.464891082923401200, 5.082197683525802034E-18 ) ) ;
#12177 = EDGE_CURVE ( 'NONE', #5236, #4114, #8730, .T. ) ;
#12178 = VECTOR ( 'NONE', #7054, 1000.000000000000000 ) ;
#12179 = PRESENTATION_STYLE_ASSIGNMENT (( #6395 ) ) ;
#12180 = AXIS2_PLACEMENT_3D ( 'NONE', #9064, #7927, #10835 ) ;
#12181 = DIRECTION ( 'NONE',  ( 0.000000000000000000, -1.000000000000000000, 0.000000000000000000 ) ) ;
#12182 = LINE ( 'NONE', #6399, #3476 ) ;
#12183 = FILL_AREA_STYLE ('',( #8170 ) ) ;
#12184 = FILL_AREA_STYLE ('',( #12123 ) ) ;
#12185 = PRESENTATION_LAYER_ASSIGNMENT (  '', '', ( #7789 ) ) ;
#12186 =( NAMED_UNIT ( * ) PLANE_ANGLE_UNIT ( ) SI_UNIT ( $, .RADIAN. ) );
#12187 = DIRECTION ( 'NONE',  ( 0.000000000000000000, 2.534880976481962484E-16, -1.000000000000000000 ) ) ;
#12188 = PRESENTATION_STYLE_ASSIGNMENT (( #10342 ) ) ;
#12189 = DIRECTION ( 'NONE',  ( 1.000000000000000000, 0.000000000000000000, 0.000000000000000000 ) ) ;
#12190 = EDGE_CURVE ( 'NONE', #5173, #8918, #5544, .T. ) ;
#12191 = ORIENTED_EDGE ( 'NONE', *, *, #3144, .F. ) ;
#12192 = SURFACE_SIDE_STYLE ('',( #9328 ) ) ;
#12193 = ORIENTED_EDGE ( 'NONE', *, *, #10631, .F. ) ;
#12194 = DIRECTION ( 'NONE',  ( 0.000000000000000000, 0.000000000000000000, -1.000000000000000000 ) ) ;
#12195 =( LENGTH_UNIT ( ) NAMED_UNIT ( * ) SI_UNIT ( .MILLI., .METRE. ) );
#12196 = COLOUR_RGB ( '',0.2235294117647058654, 0.2235294117647058654, 0.2235294117647058654 ) ;
#12197 = CARTESIAN_POINT ( 'NONE',  ( 0.8945473432507211609, -7.465300574875980644, -0.000000000000000000 ) ) ;
#12198 = AXIS2_PLACEMENT_3D ( 'NONE', #752, #9489, #875 ) ;
#12199 = CARTESIAN_POINT ( 'NONE',  ( 0.5383457782213657561, -8.084934271855471977, 0.000000000000000000 ) ) ;
#12200 = PRESENTATION_STYLE_ASSIGNMENT (( #3641 ) ) ;
#12201 = ORIENTED_EDGE ( 'NONE', *, *, #12177, .T. ) ;
#12202 = CARTESIAN_POINT ( 'NONE',  ( 2.121951219512192566, -8.413061814630715674, 0.01000000000000000021 ) ) ;
#12203 = PRESENTATION_LAYER_ASSIGNMENT (  '', '', ( #5776 ) ) ;
#12204 = VECTOR ( 'NONE', #8712, 1000.000000000000000 ) ;
#12205 = VERTEX_POINT ( 'NONE', #1714 ) ;
#12206 = PLANE ( 'NONE',  #8365 ) ;
#12207 = VECTOR ( 'NONE', #1029, 1000.000000000000000 ) ;
#12208 = DIRECTION ( 'NONE',  ( 1.084946484143765172E-16, 3.414809992080328037E-16, 1.000000000000000000 ) ) ;
#12209 = ORIENTED_EDGE ( 'NONE', *, *, #11190, .F. ) ;
#12210 = ORIENTED_EDGE ( 'NONE', *, *, #11774, .F. ) ;
#12211 =( NAMED_UNIT ( * ) SI_UNIT ( $, .STERADIAN. ) SOLID_ANGLE_UNIT ( ) );
#12212 = ORIENTED_EDGE ( 'NONE', *, *, #10038, .T. ) ;
#12213 = DIRECTION ( 'NONE',  ( 0.000000000000000000, -1.097926250618233875E-16, -1.000000000000000000 ) ) ;
#12214 = CARTESIAN_POINT ( 'NONE',  ( 5.626372070731854080, -4.884999999999999787, -0.09862792926813601646 ) ) ;
#12215 = EDGE_LOOP ( 'NONE', ( #10496, #9641, #12270, #9038 ) ) ;
#12216 = CARTESIAN_POINT ( 'NONE',  ( 6.324999999999997513, 1.029999999999999138, 3.859999999999999876 ) ) ;
#12217 = CARTESIAN_POINT ( 'NONE',  ( 0.7214563823503847839, -7.611337266629626619, 0.01000000000000000021 ) ) ;
#12218 = AXIS2_PLACEMENT_3D ( 'NONE', #12164, #11178, #6320 ) ;
#12219 = LINE ( 'NONE', #1502, #4003 ) ;
#12220 = ORIENTED_EDGE ( 'NONE', *, *, #10570, .F. ) ;
#12221 = CARTESIAN_POINT ( 'NONE',  ( -0.8499999999999990896, 0.5299999999999983613, 3.360000000000000320 ) ) ;
#12222 = DIRECTION ( 'NONE',  ( -0.000000000000000000, 1.452410541150706185E-31, 1.000000000000000000 ) ) ;
#12223 = COLOUR_RGB ( '',0.6470588235294117974, 0.6196078431372549211, 0.5882352941176470784 ) ;
#12224 = ORIENTED_EDGE ( 'NONE', *, *, #10351, .F. ) ;
#12225 = CARTESIAN_POINT ( 'NONE',  ( 2.149999999999999911, 1.029999999999998472, 3.859999999999999876 ) ) ;
#12226 = SURFACE_STYLE_USAGE ( .BOTH. , #11712 ) ;
#12227 = FILL_AREA_STYLE ('',( #5639 ) ) ;
#12228 = ADVANCED_FACE ( 'NONE', ( #9454 ), #3572, .F. ) ;
#12229 = EDGE_CURVE ( 'NONE', #10845, #9291, #11991, .T. ) ;
#12230 = FACE_OUTER_BOUND ( 'NONE', #5909, .T. ) ;
#12231 =( NAMED_UNIT ( * ) PLANE_ANGLE_UNIT ( ) SI_UNIT ( $, .RADIAN. ) );
#12232 = FACE_OUTER_BOUND ( 'NONE', #8331, .T. ) ;
#12233 = CARTESIAN_POINT ( 'NONE',  ( 2.273613317146587764, -8.358822771911096794, 0.01000000000000000021 ) ) ;
#12234 = PRESENTATION_LAYER_ASSIGNMENT (  '', '', ( #7827 ) ) ;
#12235 = AXIS2_PLACEMENT_3D ( 'NONE', #3248, #7120, #2354 ) ;
#12236 = EDGE_CURVE ( 'NONE', #5744, #8682, #11245, .T. ) ;
#12237 = DIRECTION ( 'NONE',  ( 0.000000000000000000, 0.000000000000000000, -1.000000000000000000 ) ) ;
#12238 = STYLED_ITEM ( 'NONE', ( #4694 ), #4942 ) ;
#12239 = LINE ( 'NONE', #11361, #1149 ) ;
#12240 = STYLED_ITEM ( 'NONE', ( #4294 ), #11418 ) ;
#12241 = LINE ( 'NONE', #4583, #1258 ) ;
#12242 = UNCERTAINTY_MEASURE_WITH_UNIT (LENGTH_MEASURE( 1.000000000000000082E-05 ), #4488, 'distance_accuracy_value', 'NONE');
#12243 = COLOUR_RGB ( '',0.6470588235294117974, 0.6196078431372549211, 0.5882352941176470784 ) ;
#12244 = AXIS2_PLACEMENT_3D ( 'NONE', #3954, #9775, #9837 ) ;
#12245 = FACE_OUTER_BOUND ( 'NONE', #6620, .T. ) ;
#12246 = AXIS2_PLACEMENT_3D ( 'NONE', #1156, #5026, #8872 ) ;
#12247 = SURFACE_STYLE_USAGE ( .BOTH. , #5536 ) ;
#12248 =( NAMED_UNIT ( * ) PLANE_ANGLE_UNIT ( ) SI_UNIT ( $, .RADIAN. ) );
#12249 = CARTESIAN_POINT ( 'NONE',  ( -2.224999999999990763, -4.885000000000001563, -0.01000000000000000021 ) ) ;
#12250 = DIRECTION ( 'NONE',  ( 0.000000000000000000, 1.000000000000000000, -3.414809992080328037E-16 ) ) ;
#12251 = VECTOR ( 'NONE', #1079, 1000.000000000000000 ) ;
#12252 = SURFACE_SIDE_STYLE ('',( #4528 ) ) ;
#12253 = EDGE_CURVE ( 'NONE', #7107, #5630, #3091, .T. ) ;
#12254 = VERTEX_POINT ( 'NONE', #6021 ) ;
#12255 = CARTESIAN_POINT ( 'NONE',  ( 1.195121951219509704, -7.464891082923399424, 0.01000000000000000021 ) ) ;
#12256 = PRESENTATION_LAYER_ASSIGNMENT (  '', '', ( #1970 ) ) ;
#12257 = CARTESIAN_POINT ( 'NONE',  ( -0.1202972493382168800, -7.607415152209985543, 0.000000000000000000 ) ) ;
#12258 = AXIS2_PLACEMENT_3D ( 'NONE', #1468, #8166, #10090 ) ;
#12259 = VERTEX_POINT ( 'NONE', #8036 ) ;
#12260 = SURFACE_STYLE_FILL_AREA ( #9445 ) ;
#12261 = ORIENTED_EDGE ( 'NONE', *, *, #6883, .T. ) ;
#12262 = CARTESIAN_POINT ( 'NONE',  ( 2.397103658536582582, -8.477086204874618502, 0.01000000000000000021 ) ) ;
#12263 = UNCERTAINTY_MEASURE_WITH_UNIT (LENGTH_MEASURE( 1.000000000000000082E-05 ), #7098, 'distance_accuracy_value', 'NONE');
#12264 = LINE ( 'NONE', #9450, #8982 ) ;
#12265 = CARTESIAN_POINT ( 'NONE',  ( 0.5383457782213657561, -8.084934271855471977, 6.776263578034402713E-18 ) ) ;
#12266 = DIRECTION ( 'NONE',  ( 1.000000000000000000, 0.000000000000000000, 0.000000000000000000 ) ) ;
#12267 = SURFACE_STYLE_FILL_AREA ( #4544 ) ;
#12268 = VECTOR ( 'NONE', #7318, 1000.000000000000000 ) ;
#12269 = CARTESIAN_POINT ( 'NONE',  ( 2.293703735666710486, -7.566168156172169645, 0.000000000000000000 ) ) ;
#12270 = ORIENTED_EDGE ( 'NONE', *, *, #4011, .F. ) ;
#12271 = ADVANCED_FACE ( 'NONE', ( #6956 ), #5142, .F. ) ;
#12272 = PRESENTATION_STYLE_ASSIGNMENT (( #4607 ) ) ;
#12273 = ORIENTED_EDGE ( 'NONE', *, *, #3884, .T. ) ;
#12274 = ORIENTED_EDGE ( 'NONE', *, *, #11134, .F. ) ;
#12275 = CARTESIAN_POINT ( 'NONE',  ( 2.176319040626428336, -7.598199072309999913, 6.776263578034402713E-18 ) ) ;
#12276 = VECTOR ( 'NONE', #4032, 1000.000000000000000 ) ;
#12277 = VERTEX_POINT ( 'NONE', #10016 ) ;
#12278 = ORIENTED_EDGE ( 'NONE', *, *, #9061, .F. ) ;
#12279 =( NAMED_UNIT ( * ) PLANE_ANGLE_UNIT ( ) SI_UNIT ( $, .RADIAN. ) );
#12280 = UNCERTAINTY_MEASURE_WITH_UNIT (LENGTH_MEASURE( 1.000000000000000082E-05 ), #6845, 'distance_accuracy_value', 'NONE');
#12281 = EDGE_LOOP ( 'NONE', ( #10122, #3332, #6178, #11764 ) ) ;
#12282 = DIRECTION ( 'NONE',  ( 0.000000000000000000, -1.000000000000000000, 0.000000000000000000 ) ) ;
#12283 = CARTESIAN_POINT ( 'NONE',  ( 3.463414634146338322, -7.464891082923399424, 0.000000000000000000 ) ) ;
#12284 = DIRECTION ( 'NONE',  ( -0.3222024856061131426, 0.9466707760722532505, 0.000000000000000000 ) ) ;
#12285 = VERTEX_POINT ( 'NONE', #8158 ) ;
#12286 =( LENGTH_UNIT ( ) NAMED_UNIT ( * ) SI_UNIT ( .MILLI., .METRE. ) );
#12287 = CARTESIAN_POINT ( 'NONE',  ( 0.6059616351035693738, -7.694921016319830720, 0.01000000000000000021 ) ) ;
#12288 = ORIENTED_EDGE ( 'NONE', *, *, #5409, .F. ) ;
#12289 = COLOUR_RGB ( '',0.6470588235294117974, 0.6196078431372549211, 0.5882352941176470784 ) ;
#12290 = FILL_AREA_STYLE_COLOUR ( '', #5093 ) ;
#12291 = ORIENTED_EDGE ( 'NONE', *, *, #223, .T. ) ;
#12292 = ORIENTED_EDGE ( 'NONE', *, *, #513, .F. ) ;
#12293 = VECTOR ( 'NONE', #499, 1000.000000000000000 ) ;
#12294 = LINE ( 'NONE', #7594, #9041 ) ;
#12295 = FACE_OUTER_BOUND ( 'NONE', #432, .T. ) ;
#12296 =( LENGTH_UNIT ( ) NAMED_UNIT ( * ) SI_UNIT ( .MILLI., .METRE. ) );
#12297 = CARTESIAN_POINT ( 'NONE',  ( 1.099999999999995870, -0.9700000000000014166, 1.299682133541857576 ) ) ;
#12298 = CARTESIAN_POINT ( 'NONE',  ( 0.6059616351035693738, -7.694921016319830720, 0.01000000000000000021 ) ) ;
#12299 = MECHANICAL_DESIGN_GEOMETRIC_PRESENTATION_REPRESENTATION (  '', ( #2225 ), #3651 ) ;
#12300 = CARTESIAN_POINT ( 'NONE',  ( 2.680000000000000160, 0.5354264934286706579, -0.5000000000000000000 ) ) ;
#12301 = PRESENTATION_LAYER_ASSIGNMENT (  '', '', ( #2621 ) ) ;
#12302 = EDGE_CURVE ( 'NONE', #5212, #9612, #10823, .T. ) ;
#12303 = AXIS2_PLACEMENT_3D ( 'NONE', #4348, #3116, #1238 ) ;
#12304 = SURFACE_STYLE_FILL_AREA ( #7288 ) ;
#12305 = EDGE_CURVE ( 'NONE', #6544, #4066, #2146, .T. ) ;
#12306 = CARTESIAN_POINT ( 'NONE',  ( -2.224999999999990763, -2.170000000000001705, -0.01000000000000000021 ) ) ;
#12307 = CARTESIAN_POINT ( 'NONE',  ( 1.792682926829265666, -7.903915473167301364, 0.01000000000000000021 ) ) ;
#12308 = PLANE ( 'NONE',  #1199 ) ;
#12309 = EDGE_CURVE ( 'NONE', #5680, #8754, #3153, .T. ) ;
#12310 =( LENGTH_UNIT ( ) NAMED_UNIT ( * ) SI_UNIT ( .MILLI., .METRE. ) );
#12311 = VECTOR ( 'NONE', #1001, 1000.000000000000000 ) ;
#12312 =( LENGTH_UNIT ( ) NAMED_UNIT ( * ) SI_UNIT ( .MILLI., .METRE. ) );
#12313 = DIRECTION ( 'NONE',  ( 0.000000000000000000, 1.000000000000000000, 0.000000000000000000 ) ) ;
#12314 = DIRECTION ( 'NONE',  ( 1.371322905910519660E-16, -1.000000000000000000, 0.000000000000000000 ) ) ;
#12315 = DIRECTION ( 'NONE',  ( -0.000000000000000000, -0.000000000000000000, -1.000000000000000000 ) ) ;
#12316 = EDGE_CURVE ( 'NONE', #7593, #9584, #2207, .T. ) ;
#12317 = ADVANCED_FACE ( 'NONE', ( #12232 ), #7215, .T. ) ;
#12318 = COLOUR_RGB ( '',0.6470588235294117974, 0.6196078431372549211, 0.5882352941176470784 ) ;
#12319 = CARTESIAN_POINT ( 'NONE',  ( -0.1410920339010018898, -7.652974419201997058, 0.01000000000000000021 ) ) ;
#12320 = VECTOR ( 'NONE', #8805, 1000.000000000000000 ) ;
#12321 = VERTEX_POINT ( 'NONE', #9179 ) ;
#12322 =( NAMED_UNIT ( * ) SI_UNIT ( $, .STERADIAN. ) SOLID_ANGLE_UNIT ( ) );
#12323 = PRODUCT_RELATED_PRODUCT_CATEGORY ( 'part', '', ( #1195 ) ) ;
#12324 = ORIENTED_EDGE ( 'NONE', *, *, #4781, .F. ) ;
#12325 = DIRECTION ( 'NONE',  ( 1.000000000000000000, 1.371322905910519414E-16, 0.000000000000000000 ) ) ;
#12326 = EDGE_CURVE ( 'NONE', #5044, #8190, #753, .T. ) ;
#12327 = SURFACE_STYLE_FILL_AREA ( #6530 ) ;
#12328 = CARTESIAN_POINT ( 'NONE',  ( 0.6556353020324801051, -8.275087951582948520, 0.01000000000000000021 ) ) ;
#12329 = CARTESIAN_POINT ( 'NONE',  ( -0.3199999999999999512, 0.3200000000000001732, 0.3554264934286703870 ) ) ;
#12330 =( NAMED_UNIT ( * ) SI_UNIT ( $, .STERADIAN. ) SOLID_ANGLE_UNIT ( ) );
#12331 = ORIENTED_EDGE ( 'NONE', *, *, #7570, .T. ) ;
#12332 = CARTESIAN_POINT ( 'NONE',  ( -0.1399229991640932591, 0.4299999999999984390, 0.4999999999999995559 ) ) ;
#12333 = ORIENTED_EDGE ( 'NONE', *, *, #1885, .F. ) ;
#12334 = CARTESIAN_POINT ( 'NONE',  ( -1.431772232424413329E-17, -0.4700000000000016387, 1.592587122936066857 ) ) ;
#12335 = CARTESIAN_POINT ( 'NONE',  ( 2.356135670731704490, -7.562452058533155608, 6.776263578034402713E-18 ) ) ;
#12336 = DIRECTION ( 'NONE',  ( 0.000000000000000000, 0.000000000000000000, -1.000000000000000000 ) ) ;
#12337 = VERTEX_POINT ( 'NONE', #2451 ) ;
#12338 = MECHANICAL_DESIGN_GEOMETRIC_PRESENTATION_REPRESENTATION (  '', ( #3688 ), #1856 ) ;
#12339 = ORIENTED_EDGE ( 'NONE', *, *, #6394, .T. ) ;
#12340 = FACE_OUTER_BOUND ( 'NONE', #10776, .T. ) ;
#12341 = EDGE_CURVE ( 'NONE', #6044, #9987, #5971, .T. ) ;
#12342 = ORIENTED_EDGE ( 'NONE', *, *, #4324, .F. ) ;
#12343 = DIRECTION ( 'NONE',  ( 0.000000000000000000, -0.000000000000000000, -1.000000000000000000 ) ) ;
#12344 = LINE ( 'NONE', #3589, #6118 ) ;
#12345 = STYLED_ITEM ( 'NONE', ( #497 ), #680 ) ;
#12346 = PRESENTATION_STYLE_ASSIGNMENT (( #982 ) ) ;
#12347 = ORIENTED_EDGE ( 'NONE', *, *, #3179, .T. ) ;
#12348 = DIRECTION ( 'NONE',  ( -1.000000000000000000, 0.000000000000000000, 0.000000000000000000 ) ) ;
#12349 = FACE_BOUND ( 'NONE', #1197, .T. ) ;
#12350 = CARTESIAN_POINT ( 'NONE',  ( 3.329268292682923569, -8.355134985362424160, 0.000000000000000000 ) ) ;
#12351 = PRESENTATION_LAYER_ASSIGNMENT (  '', '', ( #3480 ) ) ;
#12352 = B_SPLINE_CURVE_WITH_KNOTS ( 'NONE', 3,
 ( #6346, #12319, #4593, #2593, #6524, #1706, #11370 ),
 .UNSPECIFIED., .F., .F.,
 ( 4, 1, 1, 1, 4 ),
 ( 0.000000000000000000, 0.1744817153170497570, 0.3982857591281127596, 0.6738978473986663165, 1.000000000000000000 ),
 .UNSPECIFIED. ) ;
#12353 = ORIENTED_EDGE ( 'NONE', *, *, #2083, .T. ) ;
#12354 = STYLED_ITEM ( 'NONE', ( #5446 ), #743 ) ;
#12355 = MECHANICAL_DESIGN_GEOMETRIC_PRESENTATION_REPRESENTATION (  '', ( #10371 ), #4130 ) ;
#12356 = VERTEX_POINT ( 'NONE', #8465 ) ;
#12357 = SURFACE_STYLE_FILL_AREA ( #8519 ) ;
#12358 = ADVANCED_FACE ( 'NONE', ( #8214 ), #3408, .F. ) ;
#12359 = ORIENTED_EDGE ( 'NONE', *, *, #9061, .T. ) ;
#12360 =( NAMED_UNIT ( * ) SI_UNIT ( $, .STERADIAN. ) SOLID_ANGLE_UNIT ( ) );
#12361 =( NAMED_UNIT ( * ) PLANE_ANGLE_UNIT ( ) SI_UNIT ( $, .RADIAN. ) );
#12362 = VECTOR ( 'NONE', #10180, 1000.000000000000000 ) ;
#12363 =( NAMED_UNIT ( * ) SI_UNIT ( $, .STERADIAN. ) SOLID_ANGLE_UNIT ( ) );
#12364 = CARTESIAN_POINT ( 'NONE',  ( -0.1236661585365880223, -7.586842302435594654, 0.01000000000000000021 ) ) ;
#12365 = CARTESIAN_POINT ( 'NONE',  ( 2.810504424134380841, -7.720986563417787885, 5.082197683525802034E-18 ) ) ;
#12366 = UNCERTAINTY_MEASURE_WITH_UNIT (LENGTH_MEASURE( 1.000000000000000082E-05 ), #5893, 'distance_accuracy_value', 'NONE');
#12367 = CARTESIAN_POINT ( 'NONE',  ( -4.625000000000000888, -4.885000000000001563, -0.1999999999999995393 ) ) ;
#12368 = CARTESIAN_POINT ( 'NONE',  ( 0.8499999999999998668, 1.029999999999998472, 0.5000000000000004441 ) ) ;
#12369 = DIRECTION ( 'NONE',  ( 1.000000000000000000, 0.000000000000000000, -0.000000000000000000 ) ) ;
#12370 = CARTESIAN_POINT ( 'NONE',  ( 1.060975609756094951, -8.355134985362424160, 0.01000000000000000021 ) ) ;
#12371 = FILL_AREA_STYLE_COLOUR ( '', #8533 ) ;
#12372 =( LENGTH_UNIT ( ) NAMED_UNIT ( * ) SI_UNIT ( .MILLI., .METRE. ) );
#12373 = FACE_OUTER_BOUND ( 'NONE', #2056, .T. ) ;
#12374 = STYLED_ITEM ( 'NONE', ( #11409 ), #2616 ) ;
#12375 = SURFACE_STYLE_FILL_AREA ( #11495 ) ;
#12376 = ORIENTED_EDGE ( 'NONE', *, *, #3352, .T. ) ;
#12377 = ORIENTED_EDGE ( 'NONE', *, *, #4163, .F. ) ;
#12378 =( NAMED_UNIT ( * ) SI_UNIT ( $, .STERADIAN. ) SOLID_ANGLE_UNIT ( ) );
#12379 = UNCERTAINTY_MEASURE_WITH_UNIT (LENGTH_MEASURE( 1.000000000000000082E-05 ), #619, 'distance_accuracy_value', 'NONE');
#12380 =( NAMED_UNIT ( * ) PLANE_ANGLE_UNIT ( ) SI_UNIT ( $, .RADIAN. ) );
#12381 = CARTESIAN_POINT ( 'NONE',  ( -0.3199999999999999512, -0.3199999999999999512, 0.3554264934286701649 ) ) ;
#12382 = CARTESIAN_POINT ( 'NONE',  ( 5.524999999999986144, -0.9700000000000019718, 2.529999999999998472 ) ) ;
#12383 = FACE_OUTER_BOUND ( 'NONE', #11099, .T. ) ;
#12384 = LINE ( 'NONE', #3571, #6710 ) ;
#12385 = EDGE_CURVE ( 'NONE', #6944, #5609, #4811, .T. ) ;
#12386 = COLOUR_RGB ( '',0.2235294117647058654, 0.2235294117647058654, 0.2235294117647058654 ) ;
#12387 = ORIENTED_EDGE ( 'NONE', *, *, #6570, .T. ) ;
#12388 = EDGE_CURVE ( 'NONE', #10151, #5630, #1807, .T. ) ;
#12389 = MECHANICAL_DESIGN_GEOMETRIC_PRESENTATION_REPRESENTATION (  '', ( #9819 ), #4577 ) ;
#12390 = SURFACE_SIDE_STYLE ('',( #2726 ) ) ;
#12391 = EDGE_CURVE ( 'NONE', #11162, #1542, #10617, .T. ) ;
#12392 = ORIENTED_EDGE ( 'NONE', *, *, #2473, .F. ) ;
#12393 = SURFACE_STYLE_FILL_AREA ( #8688 ) ;
#12394 = CARTESIAN_POINT ( 'NONE',  ( 2.233739755332301513, -7.578165933306226343, 6.776263578034402713E-18 ) ) ;
#12395 = PRESENTATION_STYLE_ASSIGNMENT (( #9522 ) ) ;
#12396 =( GEOMETRIC_REPRESENTATION_CONTEXT ( 3 ) GLOBAL_UNCERTAINTY_ASSIGNED_CONTEXT ( ( #10624 ) ) GLOBAL_UNIT_ASSIGNED_CONTEXT ( ( #8850, #3931, #8655 ) ) REPRESENTATION_CONTEXT ( 'NONE', 'WORKASPACE' ) );
#12397 = VECTOR ( 'NONE', #8212, 1000.000000000000000 ) ;
#12398 = ORIENTED_EDGE ( 'NONE', *, *, #11927, .T. ) ;
#12399 =( GEOMETRIC_REPRESENTATION_CONTEXT ( 3 ) GLOBAL_UNCERTAINTY_ASSIGNED_CONTEXT ( ( #9755 ) ) GLOBAL_UNIT_ASSIGNED_CONTEXT ( ( #6080, #4887, #11869 ) ) REPRESENTATION_CONTEXT ( 'NONE', 'WORKASPACE' ) );
#12400 = VERTEX_POINT ( 'NONE', #10681 ) ;
#12401 = ORIENTED_EDGE ( 'NONE', *, *, #11586, .T. ) ;
#12402 = LINE ( 'NONE', #1044, #8140 ) ;
#12403 = CARTESIAN_POINT ( 'NONE',  ( -2.524999999999990585, -4.885000000000001563, -0.01000000000000000021 ) ) ;
#12404 = DIRECTION ( 'NONE',  ( 0.000000000000000000, -0.000000000000000000, 1.000000000000000000 ) ) ;
#12405 = ORIENTED_EDGE ( 'NONE', *, *, #11646, .F. ) ;
#12406 = CARTESIAN_POINT ( 'NONE',  ( 1.792682926829265666, -8.355134985362424160, 0.01000000000000000021 ) ) ;
#12407 = STYLED_ITEM ( 'NONE', ( #9867 ), #3368 ) ;
#12408 = FACE_OUTER_BOUND ( 'NONE', #8904, .T. ) ;
#12409 = CIRCLE ( 'NONE', #4777, 0.8796891741410518550 ) ;
#12410 = EDGE_CURVE ( 'NONE', #6944, #6200, #8650, .T. ) ;
#12411 = ORIENTED_EDGE ( 'NONE', *, *, #1702, .F. ) ;
#12412 = CARTESIAN_POINT ( 'NONE',  ( 0.7922736870132787157, -7.587283787027386595, 0.000000000000000000 ) ) ;
#12413 = CARTESIAN_POINT ( 'NONE',  ( 1.390243902439021628, -8.464891082923399424, 0.01000000000000000021 ) ) ;
#12414 =( NAMED_UNIT ( * ) PLANE_ANGLE_UNIT ( ) SI_UNIT ( $, .RADIAN. ) );
#12415 = VERTEX_POINT ( 'NONE', #1870 ) ;
#12416 = CARTESIAN_POINT ( 'NONE',  ( 1.099999999999995870, -0.9700000000000014166, 2.560317866458142966 ) ) ;
#12417 = PRESENTATION_STYLE_ASSIGNMENT (( #3013 ) ) ;
#12418 = ORIENTED_EDGE ( 'NONE', *, *, #10456, .F. ) ;
#12419 = PLANE ( 'NONE',  #11437 ) ;
#12420 = CARTESIAN_POINT ( 'NONE',  ( -3.325000000000000178, 1.029999999999998472, 2.860000000000000320 ) ) ;
#12421 = LINE ( 'NONE', #3800, #2130 ) ;
#12422 = SURFACE_SIDE_STYLE ('',( #9679 ) ) ;
#12423 = UNCERTAINTY_MEASURE_WITH_UNIT (LENGTH_MEASURE( 1.000000000000000082E-05 ), #525, 'distance_accuracy_value', 'NONE');
#12424 = EDGE_CURVE ( 'NONE', #2421, #3761, #5753, .T. ) ;
#12425 =( GEOMETRIC_REPRESENTATION_CONTEXT ( 3 ) GLOBAL_UNCERTAINTY_ASSIGNED_CONTEXT ( ( #8527 ) ) GLOBAL_UNIT_ASSIGNED_CONTEXT ( ( #12173, #511, #6454 ) ) REPRESENTATION_CONTEXT ( 'NONE', 'WORKASPACE' ) );
#12426 = ORIENTED_EDGE ( 'NONE', *, *, #4113, .F. ) ;
#12427 = VECTOR ( 'NONE', #7843, 999.9999999999998863 ) ;
#12428 = DIRECTION ( 'NONE',  ( 0.000000000000000000, 0.000000000000000000, -1.000000000000000000 ) ) ;
#12429 = CARTESIAN_POINT ( 'NONE',  ( 2.685911678932952906, -7.563968083215018900, 5.082197683525802034E-18 ) ) ;
#12430 =( NAMED_UNIT ( * ) PLANE_ANGLE_UNIT ( ) SI_UNIT ( $, .RADIAN. ) );
#12431 = SURFACE_SIDE_STYLE ('',( #9619 ) ) ;
#12432 =( NAMED_UNIT ( * ) SI_UNIT ( $, .STERADIAN. ) SOLID_ANGLE_UNIT ( ) );
#12433 = AXIS2_PLACEMENT_3D ( 'NONE', #6744, #1003, #11606 ) ;
#12434 = CARTESIAN_POINT ( 'NONE',  ( -0.2928734756097587377, -8.074647180484374687, 0.01000000000000000021 ) ) ;
#12435 = AXIS2_PLACEMENT_3D ( 'NONE', #4186, #5182, #11049 ) ;
#12436 = STYLED_ITEM ( 'NONE', ( #1942 ), #4848 ) ;
#12437 = DIRECTION ( 'NONE',  ( -1.000000000000000000, -0.000000000000000000, -0.000000000000000000 ) ) ;
#12438 = CARTESIAN_POINT ( 'NONE',  ( 2.121951219512192566, -8.303305717069740410, 1.694065894508600678E-18 ) ) ;
#12439 = ORIENTED_EDGE ( 'NONE', *, *, #6194, .F. ) ;
#12440 = CARTESIAN_POINT ( 'NONE',  ( 2.148511609012629275, -7.611042861736097009, 0.01000000000000000021 ) ) ;
#12441 = ORIENTED_EDGE ( 'NONE', *, *, #9642, .T. ) ;
#12442 =( GEOMETRIC_REPRESENTATION_CONTEXT ( 3 ) GLOBAL_UNCERTAINTY_ASSIGNED_CONTEXT ( ( #11502 ) ) GLOBAL_UNIT_ASSIGNED_CONTEXT ( ( #2882, #1927, #1201 ) ) REPRESENTATION_CONTEXT ( 'NONE', 'WORKASPACE' ) );
#12443 = CARTESIAN_POINT ( 'NONE',  ( 0.6613270293543624945, -7.515669621914044640, 0.000000000000000000 ) ) ;
#12444 = SURFACE_SIDE_STYLE ('',( #11378 ) ) ;
#12445 =( NAMED_UNIT ( * ) PLANE_ANGLE_UNIT ( ) SI_UNIT ( $, .RADIAN. ) );
#12446 = VECTOR ( 'NONE', #4722, 1000.000000000000000 ) ;
#12447 = ORIENTED_EDGE ( 'NONE', *, *, #9133, .F. ) ;
#12448 = MECHANICAL_DESIGN_GEOMETRIC_PRESENTATION_REPRESENTATION (  '', ( #1970 ), #1580 ) ;
#12449 = VERTEX_POINT ( 'NONE', #10435 ) ;
#12450 = PRESENTATION_LAYER_ASSIGNMENT (  '', '', ( #5217 ) ) ;
#12451 = VECTOR ( 'NONE', #9702, 1000.000000000000000 ) ;
#12452 = ORIENTED_EDGE ( 'NONE', *, *, #3217, .T. ) ;
#12453 = EDGE_LOOP ( 'NONE', ( #12142, #12002, #4364, #10596 ) ) ;
#12454 = PRESENTATION_STYLE_ASSIGNMENT (( #10590 ) ) ;
#12455 = ADVANCED_FACE ( 'NONE', ( #6814 ), #9610, .T. ) ;
#12456 = ORIENTED_EDGE ( 'NONE', *, *, #1298, .T. ) ;
#12457 = VERTEX_POINT ( 'NONE', #5641 ) ;
#12458 = STYLED_ITEM ( 'NONE', ( #5991 ), #7021 ) ;
#12459 = PLANE ( 'NONE',  #9719 ) ;
#12460 = ORIENTED_EDGE ( 'NONE', *, *, #4010, .T. ) ;
#12461 = EDGE_CURVE ( 'NONE', #1982, #10299, #7536, .T. ) ;
#12462 = SURFACE_STYLE_USAGE ( .BOTH. , #8759 ) ;
#12463 = DIRECTION ( 'NONE',  ( 1.516366674804901567E-16, 0.000000000000000000, 1.000000000000000000 ) ) ;
#12464 = ADVANCED_FACE ( 'NONE', ( #11356 ), #6569, .T. ) ;
#12465 =( LENGTH_UNIT ( ) NAMED_UNIT ( * ) SI_UNIT ( .MILLI., .METRE. ) );
#12466 = LINE ( 'NONE', #12216, #4973 ) ;
#12467 = PRESENTATION_LAYER_ASSIGNMENT (  '', '', ( #6047 ) ) ;
#12468 = PRESENTATION_STYLE_ASSIGNMENT (( #11462 ) ) ;
#12469 =( GEOMETRIC_REPRESENTATION_CONTEXT ( 3 ) GLOBAL_UNCERTAINTY_ASSIGNED_CONTEXT ( ( #11864 ) ) GLOBAL_UNIT_ASSIGNED_CONTEXT ( ( #4489, #6426, #3579 ) ) REPRESENTATION_CONTEXT ( 'NONE', 'WORKASPACE' ) );
#12470 = ORIENTED_EDGE ( 'NONE', *, *, #3319, .F. ) ;
#12471 = SURFACE_STYLE_USAGE ( .BOTH. , #2811 ) ;
#12472 = EDGE_CURVE ( 'NONE', #2797, #3113, #2070, .T. ) ;
#12473 = DIRECTION ( 'NONE',  ( 0.000000000000000000, -0.000000000000000000, 1.000000000000000000 ) ) ;
#12474 = EDGE_CURVE ( 'NONE', #5917, #1115, #3205, .T. ) ;
#12475 = FILL_AREA_STYLE_COLOUR ( '', #6676 ) ;
#12476 = ORIENTED_EDGE ( 'NONE', *, *, #887, .F. ) ;
#12477 = CARTESIAN_POINT ( 'NONE',  ( -0.3199999999999999512, -0.5596891741410527921, 1.370310825858947590 ) ) ;
#12478 = DIRECTION ( 'NONE',  ( -4.270922821185615808E-16, 0.9848077530122080203, -0.1736481776669307198 ) ) ;
#12479 = ORIENTED_EDGE ( 'NONE', *, *, #11465, .F. ) ;
#12480 = SURFACE_SIDE_STYLE ('',( #5749 ) ) ;
#12481 = LINE ( 'NONE', #5817, #4154 ) ;
#12482 = EDGE_CURVE ( 'NONE', #791, #11516, #7140, .T. ) ;
#12483 = CARTESIAN_POINT ( 'NONE',  ( 0.5386171955153211677, -7.826611348270642310, 0.01000000000000000021 ) ) ;
#12484 = CARTESIAN_POINT ( 'NONE',  ( -0.5853658536585393257, -8.464891082923399424, 0.01000000000000000021 ) ) ;
#12485 = COLOUR_RGB ( '',0.6470588235294117974, 0.6196078431372549211, 0.5882352941176470784 ) ;
ENDSEC;
END-ISO-10303-21;
