#VRML V2.0 utf8
# 3D model generated by easyeda2kicad.py (https://github.com/uPesy/easyeda2kicad.py)

Shape{
    appearance Appearance {
        material  Material 	{
            diffuseColor 0.8274509803921568 0.6666666666666666 0.12941176470588237
            specularColor 0.7294117647058823 0.5882352941176471 0.11372549019607843
            ambientIntensity 0.2
            transparency 0
            shininess 0.5
        }
    }
    geometry IndexedFaceSet {
        ccw TRUE
        solid FALSE
        coord DEF co Coordinate {
            point [
                -1.08 0.4214 0.6486, -1.028 0.4734 0.7386, -1.08 0.5814 0.6486, -1.028 0.5294 0.7386, -1.472 0.4734 0.7386, -1.42 0.4214 0.6486, -1.472 0.5294 0.7386, -1.42 0.5814 0.6486, -1.08 0.4214 0.0486, -1.08 0.5814 0.0486, -1.42 0.4214 0.0486, -1.42 0.5814 0.0486, -0.972 0.4734 0.7386, -0.92 0.4214 0.6486, -0.972 0.5294 0.7386, -0.92 0.5814 0.6486, -0.58 0.4214 0.6486, -0.528 0.4734 0.7386, -0.58 0.5814 0.6486, -0.528 0.5294 0.7386, -0.92 0.4214 0.0486, -0.92 0.5814 0.0486, -0.58 0.4214 0.0486, -0.58 0.5814 0.0486, -0.472 0.4734 0.7386, -0.42 0.4214 0.6486, -0.472 0.5294 0.7386, -0.42 0.5814 0.6486, -0.08 0.4214 0.6486, -0.028 0.4734 0.7386, -0.08 0.5814 0.6486, -0.028 0.5294 0.7386, -0.42 0.4214 0.0486, -0.42 0.5814 0.0486, -0.08 0.4214 0.0486, -0.08 0.5814 0.0486, 0.028 0.4734 0.7386, 0.08 0.4214 0.6486, 0.028 0.5294 0.7386, 0.08 0.5814 0.6486, 0.42 0.4214 0.6486, 0.472 0.4734 0.7386, 0.42 0.5814 0.6486, 0.472 0.5294 0.7386, 0.08 0.4214 0.0486, 0.08 0.5814 0.0486, 0.42 0.4214 0.0486, 0.42 0.5814 0.0486, 0.528 0.4734 0.7386, 0.58 0.4214 0.6486, 0.528 0.5294 0.7386, 0.58 0.5814 0.6486, 0.92 0.4214 0.6486, 0.972 0.4734 0.7386, 0.92 0.5814 0.6486, 0.972 0.5294 0.7386, 0.58 0.4214 0.0486, 0.58 0.5814 0.0486, 0.92 0.4214 0.0486, 0.92 0.5814 0.0486, 1.028 0.4734 0.7386, 1.08 0.4214 0.6486, 1.028 0.5294 0.7386, 1.08 0.5814 0.6486, 1.42 0.4214 0.6486, 1.472 0.4734 0.7386, 1.42 0.5814 0.6486, 1.472 0.5294 0.7386, 1.08 0.4214 0.0486, 1.08 0.5814 0.0486, 1.42 0.4214 0.0486, 1.42 0.5814 0.0486, -1.42 0.0814 0.0486, -1.42 0.0814 0.6486, -1.42 -0.0786 0.0486, -1.42 -0.0786 0.6486, -1.472 0.0294 0.7386, -1.472 -0.0266 0.7386, -1.08 0.0814 0.0486, -1.08 -0.0786 0.0486, -1.08 0.0814 0.6486, -1.08 -0.0786 0.6486, -1.028 0.0294 0.7386, -1.028 -0.0266 0.7386, -0.92 0.0814 0.0486, -0.92 0.0814 0.6486, -0.92 -0.0786 0.0486, -0.92 -0.0786 0.6486, -0.972 0.0294 0.7386, -0.972 -0.0266 0.7386, -0.58 0.0814 0.0486, -0.58 -0.0786 0.0486, -0.58 0.0814 0.6486, -0.58 -0.0786 0.6486, -0.528 0.0294 0.7386, -0.528 -0.0266 0.7386, -0.42 0.0814 0.0486, -0.42 0.0814 0.6486, -0.42 -0.0786 0.0486, -0.42 -0.0786 0.6486, -0.472 0.0294 0.7386, -0.472 -0.0266 0.7386, -0.08 0.0814 0.0486, -0.08 -0.0786 0.0486, -0.08 0.0814 0.6486, -0.08 -0.0786 0.6486, -0.028 0.0294 0.7386, -0.028 -0.0266 0.7386, 0.08 0.0814 0.0486, 0.08 0.0814 0.6486, 0.08 -0.0786 0.0486, 0.08 -0.0786 0.6486, 0.028 0.0294 0.7386, 0.028 -0.0266 0.7386, 0.42 0.0814 0.0486, 0.42 -0.0786 0.0486, 0.42 0.0814 0.6486, 0.42 -0.0786 0.6486, 0.472 0.0294 0.7386, 0.472 -0.0266 0.7386, 0.58 0.0814 0.0486, 0.58 0.0814 0.6486, 0.58 -0.0786 0.0486, 0.58 -0.0786 0.6486, 0.528 0.0294 0.7386, 0.528 -0.0266 0.7386, 0.92 0.0814 0.0486, 0.92 -0.0786 0.0486, 0.92 0.0814 0.6486, 0.92 -0.0786 0.6486, 0.972 0.0294 0.7386, 0.972 -0.0266 0.7386, 1.08 0.0814 0.0486, 1.08 0.0814 0.6486, 1.08 -0.0786 0.0486, 1.08 -0.0786 0.6486, 1.028 0.0294 0.7386, 1.028 -0.0266 0.7386, 1.42 0.0814 0.0486, 1.42 -0.0786 0.0486, 1.42 0.0814 0.6486, 1.42 -0.0786 0.6486, 1.472 0.0294 0.7386, 1.472 -0.0266 0.7386, -1.528 0.0294 0.7386, -1.58 0.0814 0.6486, -1.528 -0.0266 0.7386, -1.58 -0.0786 0.6486, -1.58 0.4214 0.6486, -1.528 0.4734 0.7386, -1.58 0.5814 0.6486, -1.528 0.5294 0.7386, 1.58 0.0814 0.6486, 1.528 0.0294 0.7386, 1.58 -0.0786 0.6486, 1.528 -0.0266 0.7386, 1.528 0.4734 0.7386, 1.58 0.4214 0.6486, 1.528 0.5294 0.7386, 1.58 0.5814 0.6486, 1.58 0.0814 -0.033, 1.58 -0.0786 -0.133, 1.58 0.4214 -0.033, 1.58 0.5814 -0.133, -1.58 0.4214 -0.033, -1.58 0.5814 -0.133, -1.58 0.0814 -0.033, -1.58 -0.0786 -0.133, -1.58 -0.0786 -0.133
            ]
        }
        coordIndex [
            0,1,2,-1,2,1,3,-1,4,5,6,-1,6,5,7,-1,8,0,9,-1,9,0,2,-1,10,8,11,-1,11,8,9,-1,5,10,7,-1,7,10,11,-1,12,13,14,-1,14,13,15,-1,16,17,18,-1,18,17,19,-1,13,20,15,-1,15,20,21,-1,20,22,21,-1,21,22,23,-1,22,16,23,-1,23,16,18,-1,24,25,26,-1,26,25,27,-1,28,29,30,-1,30,29,31,-1,25,32,27,-1,27,32,33,-1,32,34,33,-1,33,34,35,-1,34,28,35,-1,35,28,30,-1,36,37,38,-1,38,37,39,-1,40,41,42,-1,42,41,43,-1,37,44,39,-1,39,44,45,-1,44,46,45,-1,45,46,47,-1,46,40,47,-1,47,40,42,-1,48,49,50,-1,50,49,51,-1,52,53,54,-1,54,53,55,-1,49,56,51,-1,51,56,57,-1,56,58,57,-1,57,58,59,-1,58,52,59,-1,59,52,54,-1,60,61,62,-1,62,61,63,-1,64,65,66,-1,66,65,67,-1,61,68,63,-1,63,68,69,-1,68,70,69,-1,69,70,71,-1,70,64,71,-1,71,64,66,-1,72,73,74,-1,74,73,75,-1,73,76,75,-1,75,76,77,-1,78,72,79,-1,79,72,74,-1,80,78,81,-1,81,78,79,-1,82,80,83,-1,83,80,81,-1,84,85,86,-1,86,85,87,-1,85,88,87,-1,87,88,89,-1,90,84,91,-1,91,84,86,-1,92,90,93,-1,93,90,91,-1,94,92,95,-1,95,92,93,-1,96,97,98,-1,98,97,99,-1,97,100,99,-1,99,100,101,-1,102,96,103,-1,103,96,98,-1,104,102,105,-1,105,102,103,-1,106,104,107,-1,107,104,105,-1,108,109,110,-1,110,109,111,-1,109,112,111,-1,111,112,113,-1,114,108,115,-1,115,108,110,-1,116,114,117,-1,117,114,115,-1,118,116,119,-1,119,116,117,-1,120,121,122,-1,122,121,123,-1,121,124,123,-1,123,124,125,-1,126,120,127,-1,127,120,122,-1,128,126,129,-1,129,126,127,-1,130,128,131,-1,131,128,129,-1,132,133,134,-1,134,133,135,-1,133,136,135,-1,135,136,137,-1,138,132,139,-1,139,132,134,-1,140,138,141,-1,141,138,139,-1,142,140,143,-1,143,140,141,-1,144,145,146,-1,146,145,147,-1,148,149,150,-1,150,149,151,-1,152,153,154,-1,154,153,155,-1,156,157,158,-1,158,157,159,-1,152,154,160,-1,160,154,161,-1,160,161,162,-1,162,161,163,-1,162,163,157,-1,157,163,159,-1,148,150,164,-1,164,150,165,-1,164,165,166,-1,166,165,167,-1,166,167,145,-1,145,167,147,-1,155,153,143,-1,143,153,142,-1,153,152,142,-1,142,152,140,-1,102,104,109,-1,126,128,133,-1,140,152,138,-1,138,152,160,-1,138,160,132,-1,145,73,166,-1,166,73,72,-1,166,72,78,-1,116,121,114,-1,114,121,120,-1,80,85,78,-1,78,85,84,-1,78,84,166,-1,166,84,90,-1,109,108,102,-1,102,108,166,-1,102,166,96,-1,96,166,90,-1,96,90,97,-1,97,90,92,-1,133,132,126,-1,126,132,160,-1,126,160,120,-1,120,160,166,-1,120,166,114,-1,114,166,108,-1,164,166,162,-1,162,166,160,-1,162,157,64,-1,64,70,162,-1,162,70,68,-1,162,68,164,-1,56,49,40,-1,46,44,164,-1,40,46,56,-1,56,46,164,-1,56,164,58,-1,58,164,68,-1,58,68,52,-1,52,68,61,-1,32,25,16,-1,22,20,164,-1,16,22,32,-1,32,22,164,-1,32,164,34,-1,34,164,44,-1,34,44,28,-1,28,44,37,-1,5,148,10,-1,10,148,164,-1,10,164,8,-1,8,164,20,-1,8,20,0,-1,0,20,13,-1,157,156,64,-1,64,156,65,-1,156,158,65,-1,65,158,67,-1,158,159,67,-1,67,159,66,-1,150,7,165,-1,165,7,11,-1,165,11,9,-1,18,27,23,-1,23,27,33,-1,2,15,9,-1,9,15,21,-1,9,21,165,-1,165,21,23,-1,165,23,163,-1,163,23,33,-1,163,33,35,-1,47,42,51,-1,57,59,163,-1,51,57,47,-1,47,57,163,-1,47,163,45,-1,45,163,35,-1,45,35,39,-1,39,35,30,-1,66,159,71,-1,71,159,163,-1,71,163,69,-1,69,163,59,-1,69,59,63,-1,63,59,54,-1,167,165,161,-1,161,165,163,-1,161,154,141,-1,141,139,161,-1,161,139,134,-1,161,134,167,-1,122,123,117,-1,115,110,167,-1,117,115,122,-1,122,115,167,-1,122,167,127,-1,127,167,134,-1,127,134,129,-1,129,134,135,-1,98,99,93,-1,91,86,167,-1,93,91,98,-1,98,91,167,-1,98,167,103,-1,103,167,110,-1,103,110,105,-1,105,110,111,-1,75,147,74,-1,74,147,167,-1,74,167,79,-1,79,167,86,-1,79,86,81,-1,81,86,87,-1,154,155,141,-1,141,155,143,-1,137,136,131,-1,131,136,130,-1,125,124,119,-1,119,124,118,-1,113,112,107,-1,107,112,106,-1,101,100,95,-1,95,100,94,-1,89,88,83,-1,83,88,82,-1,77,76,146,-1,146,76,144,-1,136,133,130,-1,130,133,128,-1,124,121,118,-1,118,121,116,-1,112,109,106,-1,106,109,104,-1,100,97,94,-1,94,97,92,-1,88,85,82,-1,82,85,80,-1,76,73,144,-1,144,73,145,-1,61,60,52,-1,52,60,53,-1,49,48,40,-1,40,48,41,-1,37,36,28,-1,28,36,29,-1,25,24,16,-1,16,24,17,-1,13,12,0,-1,0,12,1,-1,5,4,148,-1,148,4,149,-1,60,62,53,-1,53,62,55,-1,48,50,41,-1,41,50,43,-1,36,38,29,-1,29,38,31,-1,24,26,17,-1,17,26,19,-1,12,14,1,-1,1,14,3,-1,4,6,149,-1,149,6,151,-1,62,63,55,-1,55,63,54,-1,50,51,43,-1,43,51,42,-1,38,39,31,-1,31,39,30,-1,26,27,19,-1,19,27,18,-1,14,15,3,-1,3,15,2,-1,6,7,151,-1,151,7,150,-1,135,137,129,-1,129,137,131,-1,123,125,117,-1,117,125,119,-1,111,113,105,-1,105,113,107,-1,99,101,93,-1,93,101,95,-1,87,89,81,-1,81,89,83,-1,75,77,147,-1,147,77,146,-1,
        ]
    }
}
Shape{
    appearance Appearance {
        material  Material 	{
            diffuseColor 0.25098039215686274 0.25098039215686274 0.25098039215686274
            specularColor 0.2196078431372549 0.2196078431372549 0.2196078431372549
            ambientIntensity 0.2
            transparency 0
            shininess 0.5
        }
    }
    geometry IndexedFaceSet {
        ccw TRUE
        solid FALSE
        coord DEF co Coordinate {
            point [
                0.2378 -0.4236 -0.1253, 0.2378 -0.4236 -0.0768, -1.3089 -0.4236 -0.0768, 1.75 -0.4236 0.0107, 1.75 -0.4236 0.0886, 0.2378 -0.4236 0.0886, -1.4067 -0.4236 -0.1732, -1.4076 -0.4236 -0.1733, -1.3987 -0.4236 -0.1733, -1.4144 -0.4236 -0.1732, -1.4156 -0.4236 -0.1728, -1.4156 -0.4236 -0.1733, -1.5521 -0.4236 -0.0729, -1.5464 -0.4236 -0.0768, -1.4849 -0.4236 -0.0768, -1.5404 -0.4236 -0.0808, -1.5317 -0.4236 -0.0909, -1.5021 -0.4236 -0.1253, -1.4849 -0.4236 -0.1253, -1.5045 -0.4236 -0.1195, -1.5099 -0.4236 -0.112, -1.517 -0.4236 -0.1059, -1.5261 -0.4236 -0.1017, -1.5249 -0.4236 -0.1021, -1.5653 -0.4236 -0.0683, -1.4849 -0.4236 0.0107, -1.6014 -0.4236 -0.0734, -1.5893 -0.4236 -0.0687, -1.75 -0.4236 0.0107, -1.5762 -0.4236 -0.0671, -1.6068 -0.4236 -0.0768, -1.75 -0.4236 -0.0768, -1.6078 -0.4236 -0.0774, -1.6622 -0.4236 -0.1093, -1.6558 -0.4236 -0.1011, -1.6359 -0.4236 -0.0898, -1.6255 -0.4236 -0.0885, -1.614 -0.4236 -0.0827, -1.6225 -0.4236 -0.0886, -1.6194 -0.4236 -0.089, -1.654 -0.4236 -0.0995, -1.6457 -0.4236 -0.0936, -1.6489 -0.4236 -0.1669, -1.6571 -0.4236 -0.1599, -1.75 -0.4236 -0.1733, -1.6394 -0.4236 -0.1715, -1.6631 -0.4236 -0.1513, -1.6669 -0.4236 -0.1415, -1.75 -0.4236 -0.1253, -1.6682 -0.4236 -0.1312, -1.6681 -0.4236 -0.1287, -1.6675 -0.4236 -0.1253, -1.6664 -0.4236 -0.1188, -1.75 -0.4236 -0.1879, -1.6219 -0.4236 -0.1879, -1.625 -0.4236 -0.1865, -1.636 -0.4236 -0.1725, -1.6357 -0.4236 -0.1733, -1.6338 -0.4236 -0.1776, -1.63 -0.4236 -0.1825, -1.619 -0.4236 -0.1893, -1.75 -0.4236 -0.2514, -1.6128 -0.4236 -0.1904, -1.58 -0.4236 -0.2514, -1.611 -0.4236 -0.1905, -1.5863 -0.4236 -0.1733, -1.5865 -0.4236 -0.1737, -1.4849 -0.4236 -0.1879, -1.5896 -0.4236 -0.1795, -1.5941 -0.4236 -0.1843, -1.5995 -0.4236 -0.1878, -1.5999 -0.4236 -0.1879, -1.5527 -0.4236 -0.1577, -1.5508 -0.4236 -0.157, -1.5477 -0.4236 -0.142, -1.5912 -0.4236 -0.1465, -1.5559 -0.4236 -0.128, -1.5953 -0.4236 -0.1427, -1.6008 -0.4236 -0.1395, -1.5543 -0.4236 -0.1589, -1.5165 -0.4236 -0.1346, -1.5176 -0.4236 -0.1295, -1.5197 -0.4236 -0.1253, -1.651 -0.4236 -0.1253, -1.5045 -0.4236 -0.1539, -1.5098 -0.4236 -0.1612, -1.4849 -0.4236 -0.1733, -1.5488 -0.4236 -0.1567, -1.5485 -0.4236 -0.1568, -1.5478 -0.4236 -0.1569, -1.5013 -0.4236 -0.1275, -1.5 -0.4236 -0.1362, -1.5012 -0.4236 -0.1455, -1.6512 -0.4236 -0.1352, -1.6324 -0.4236 -0.1486, -1.6516 -0.4236 -0.1306, -1.6279 -0.4236 -0.1437, -1.6224 -0.4236 -0.1401, -1.5169 -0.4236 -0.1673, -1.525 -0.4236 -0.1712, -1.5338 -0.4236 -0.1731, -1.557 -0.4236 -0.1649, -1.5569 -0.4236 -0.1639, -1.5846 -0.4236 -0.1615, -1.5564 -0.4236 -0.1619, -1.5554 -0.4236 -0.1601, -1.6492 -0.4236 -0.1417, -1.6456 -0.4236 -0.1473, -1.6354 -0.4236 -0.154, -1.6408 -0.4236 -0.1519, -1.6358 -0.4236 -0.1549, -1.5493 -0.4236 -0.1731, -1.5508 -0.4236 -0.1728, -1.5526 -0.4236 -0.1722, -1.5543 -0.4236 -0.1709, -1.5549 -0.4236 -0.1703, -1.556 -0.4236 -0.1687, -1.5567 -0.4236 -0.1669, -1.5848 -0.4236 -0.1672, -1.5846 -0.4236 -0.1641, -1.6165 -0.4236 -0.1381, -1.611 -0.4236 -0.1375, -1.6071 -0.4236 -0.1378, -1.5216 -0.4236 -0.1502, -1.5188 -0.4236 -0.1461, -1.517 -0.4236 -0.1414, -1.5164 -0.4236 -0.1364, -1.5472 -0.4236 -0.157, -1.5354 -0.4236 -0.157, -1.5312 -0.4236 -0.1563, -1.5265 -0.4236 -0.1542, -1.5225 -0.4236 -0.1511, -1.5448 -0.4236 -0.0999, -1.5508 -0.4236 -0.0929, -1.6113 -0.4236 -0.1082, -1.5513 -0.4236 -0.0924, -1.5587 -0.4236 -0.0872, -1.6072 -0.4236 -0.0999, -1.6139 -0.4236 -0.1068, -1.6199 -0.4236 -0.1049, -1.5321 -0.4236 -0.1165, -1.5369 -0.4236 -0.1159, -1.5391 -0.4236 -0.1159, -1.5407 -0.4236 -0.1084, -1.6252 -0.4236 -0.1043, -1.6283 -0.4236 -0.1045, -1.651 -0.4236 -0.1251, -1.6489 -0.4236 -0.1191, -1.52 -0.4236 -0.1249, -1.5233 -0.4236 -0.121, -1.5274 -0.4236 -0.1182, -1.6013 -0.4236 -0.0928, -1.567 -0.4236 -0.084, -1.5943 -0.4236 -0.0877, -1.5759 -0.4236 -0.0829, -1.5857 -0.4236 -0.0842, -1.6348 -0.4236 -0.1061, -1.6406 -0.4236 -0.1093, -1.6455 -0.4236 -0.1138, -1.3479 -0.4236 -0.1359, -1.3436 -0.4236 -0.1253, -1.3553 -0.4236 -0.1359, -1.3553 -0.4236 -0.1253, -1.367 -0.4236 -0.1359, -1.3553 -0.4236 -0.152, -1.349 -0.4236 -0.152, -1.3479 -0.4236 -0.1401, -1.3471 -0.4236 -0.1687, -1.349 -0.4236 -0.1563, -1.3553 -0.4236 -0.1687, -1.3553 -0.4236 -0.1563, -1.3622 -0.4236 -0.1563, -1.3622 -0.4236 -0.1687, -1.3553 -0.4236 -0.1401, -1.3622 -0.4236 -0.1401, -1.3622 -0.4236 -0.152, -1.3436 -0.4236 -0.1733, -1.3471 -0.4236 -0.1729, -1.3553 -0.4236 -0.1733, -1.3553 -0.4236 -0.1729, -1.367 -0.4236 -0.1729, -1.3853 -0.4236 -0.1664, -1.3848 -0.4236 -0.1686, -1.3846 -0.4236 -0.1686, -1.372 -0.4236 -0.1465, -1.39 -0.4236 -0.1253, -1.3768 -0.4236 -0.1465, -1.39 -0.4236 -0.1529, -1.3841 -0.4236 -0.1664, -1.3844 -0.4236 -0.1676, -1.4177 -0.4236 -0.1672, -1.4224 -0.4236 -0.1253, -1.4224 -0.4236 -0.1733, -1.4177 -0.4236 -0.172, -1.417 -0.4236 -0.1505, -1.4161 -0.4236 -0.1492, -1.4159 -0.4236 -0.1683, -1.4156 -0.4236 -0.1685, -1.4156 -0.4236 -0.1586, -1.4164 -0.4236 -0.1578, -1.417 -0.4236 -0.1568, -1.4175 -0.4236 -0.1554, -1.4177 -0.4236 -0.1536, -1.4175 -0.4236 -0.152, -1.4156 -0.4236 -0.1586, -1.4156 -0.4236 -0.1879, -1.4106 -0.4236 -0.1736, -1.4136 -0.4236 -0.1733, -1.3987 -0.4236 -0.1879, -1.4011 -0.4236 -0.147, -1.4011 -0.4236 -0.1516, -1.4001 -0.4236 -0.1676, -1.4007 -0.4236 -0.1691, -1.4015 -0.4236 -0.1703, -1.4156 -0.4236 -0.1487, -1.4156 -0.4236 -0.1253, -1.4147 -0.4236 -0.148, -1.4134 -0.4236 -0.1471, -1.4108 -0.4236 -0.1462, -1.4074 -0.4236 -0.1459, -1.3987 -0.4236 -0.1253, -1.4048 -0.4236 -0.146, -1.4014 -0.4236 -0.1614, -1.4005 -0.4236 -0.1626, -1.4001 -0.4236 -0.164, -1.3999 -0.4236 -0.1657, -1.4028 -0.4236 -0.1715, -1.4042 -0.4236 -0.1723, -1.4079 -0.4236 -0.1496, -1.4092 -0.4236 -0.1497, -1.4129 -0.4236 -0.1532, -1.4105 -0.4236 -0.1501, -1.4115 -0.4236 -0.1506, -1.4129 -0.4236 -0.1538, -1.4127 -0.4236 -0.1545, -1.4124 -0.4236 -0.1552, -1.4119 -0.4236 -0.1557, -1.4103 -0.4236 -0.1567, -1.4048 -0.4236 -0.15, -1.4074 -0.4236 -0.1579, -1.4022 -0.4236 -0.1509, -1.4056 -0.4236 -0.1587, -1.4025 -0.4236 -0.1604, -1.4122 -0.4236 -0.1512, -1.4126 -0.4236 -0.1518, -1.4128 -0.4236 -0.1525, -1.413 -0.4236 -0.1694, -1.4107 -0.4236 -0.1613, -1.4134 -0.4236 -0.16, -1.4101 -0.4236 -0.1698, -1.4099 -0.4236 -0.1698, -1.4076 -0.4236 -0.1626, -1.4075 -0.4236 -0.1695, -1.4046 -0.4236 -0.1662, -1.4047 -0.4236 -0.1656, -1.4063 -0.4236 -0.1691, -1.4059 -0.4236 -0.1688, -1.4054 -0.4236 -0.1683, -1.405 -0.4236 -0.1677, -1.4047 -0.4236 -0.1671, -1.4049 -0.4236 -0.1649, -1.4052 -0.4236 -0.1643, -1.4058 -0.4236 -0.1637, -1.335 -0.4236 -0.0771, -1.3209 -0.4236 -0.1141, -1.3089 -0.4236 -0.1253, -1.33 -0.4236 -0.104, -1.3436 -0.4236 -0.104, -1.3262 -0.4236 -0.1141, -1.3543 -0.4236 -0.1141, -1.349 -0.4236 -0.1141, -1.3454 -0.4236 -0.104, -1.3944 -0.4236 -0.0771, -1.39 -0.4236 -0.0768, -1.3987 -0.4236 -0.0768, -1.3987 -0.4236 -0.0932, -1.3954 -0.4236 -0.0932, -1.3944 -0.4236 -0.0813, -1.3935 -0.4236 -0.1099, -1.3954 -0.4236 -0.0974, -1.3987 -0.4236 -0.1099, -1.3987 -0.4236 -0.0974, -1.4087 -0.4236 -0.0974, -1.4087 -0.4236 -0.1099, -1.3987 -0.4236 -0.0813, -1.4087 -0.4236 -0.0813, -1.4087 -0.4236 -0.0932, -1.3935 -0.4236 -0.1141, -1.3987 -0.4236 -0.1141, -1.4134 -0.4236 -0.1141, -1.4156 -0.4236 -0.0768, -1.4134 -0.4236 -0.0771, -1.3987 -0.4236 -0.0771, -1.4224 -0.4236 -0.0768, -1.4224 -0.4236 -0.0775, -1.4209 -0.4236 -0.078, -1.4209 -0.4236 -0.083, -1.4209 -0.4236 -0.108, -1.4209 -0.4236 -0.1126, -1.4224 -0.4236 -0.1132, -1.4304 -0.4236 -0.1105, -1.4289 -0.4236 -0.1105, -1.4224 -0.4236 -0.0823, -1.4247 -0.4236 -0.1097, -1.4224 -0.4236 -0.1087, -1.4215 -0.4236 -0.0827, -1.4252 -0.4236 -0.0813, -1.4296 -0.4236 -0.0808, -1.4436 -0.4236 -0.096, -1.4312 -0.4236 -0.0808, -1.4344 -0.4236 -0.0815, -1.4373 -0.4236 -0.0829, -1.4436 -0.4236 -0.0964, -1.443 -0.4236 -0.1009, -1.4391 -0.4236 -0.1075, -1.4366 -0.4236 -0.1092, -1.4339 -0.4236 -0.1101, -1.4397 -0.4236 -0.0849, -1.4417 -0.4236 -0.0877, -1.443 -0.4236 -0.0909, -1.4418 -0.4236 -0.1039, -1.44 -0.4236 -0.1066, -1.4293 -0.4236 -0.0764, -1.4258 -0.4236 -0.0768, -1.4245 -0.4236 -0.0769, -1.4323 -0.4236 -0.0768, -1.447 -0.4236 -0.0768, -1.4349 -0.4236 -0.0771, -1.4388 -0.4236 -0.0785, -1.4458 -0.4236 -0.0852, -1.4433 -0.4236 -0.0819, -1.4424 -0.4236 -0.081, -1.4466 -0.4236 -0.1059, -1.447 -0.4236 -0.1048, -1.447 -0.4236 -0.1253, -1.4492 -0.4236 -0.1253, -1.447 -0.4236 -0.1733, -1.4492 -0.4236 -0.0768, -1.4476 -0.4236 -0.0893, -1.447 -0.4236 -0.0878, -1.448 -0.4236 -0.1019, -1.4486 -0.4236 -0.0963, -1.4485 -0.4236 -0.0941, -1.4376 -0.4236 -0.1138, -1.4411 -0.4236 -0.1121, -1.4439 -0.4236 -0.1097, -1.4444 -0.4236 -0.1091, -1.4251 -0.4236 -0.1141, -1.4311 -0.4236 -0.1148, -1.4336 -0.4236 -0.1146, -1.4434 -0.4236 -0.1603, -1.4427 -0.4236 -0.1528, -1.4443 -0.4236 -0.1616, -1.445 -0.4236 -0.1632, -1.431 -0.4236 -0.1715, -1.4326 -0.4236 -0.1726, -1.4287 -0.4236 -0.1729, -1.4344 -0.4236 -0.1733, -1.4445 -0.4236 -0.1695, -1.4451 -0.4236 -0.168, -1.4415 -0.4236 -0.1726, -1.4397 -0.4236 -0.1732, -1.4396 -0.4236 -0.1733, -1.4308 -0.4236 -0.1461, -1.4288 -0.4236 -0.1467, -1.4273 -0.4236 -0.1476, -1.4261 -0.4236 -0.1488, -1.4251 -0.4236 -0.1503, -1.442 -0.4236 -0.1591, -1.44 -0.4236 -0.1581, -1.4397 -0.4236 -0.1509, -1.4365 -0.4236 -0.1572, -1.4325 -0.4236 -0.1498, -1.434 -0.4236 -0.1496, -1.4368 -0.4236 -0.1499, -1.443 -0.4236 -0.1715, -1.4436 -0.4236 -0.171, -1.4287 -0.4236 -0.1689, -1.4288 -0.4236 -0.1689, -1.4295 -0.4236 -0.17, -1.4453 -0.4236 -0.1659, -1.4453 -0.4236 -0.1652, -1.4427 -0.4236 -0.1483, -1.4415 -0.4236 -0.1476, -1.438 -0.4236 -0.1464, -1.4336 -0.4236 -0.1459, -1.4244 -0.4236 -0.1524, -1.424 -0.4236 -0.1559, -1.424 -0.4236 -0.1729, -1.4287 -0.4236 -0.1561, -1.4288 -0.4236 -0.1541, -1.4293 -0.4236 -0.1524, -1.4299 -0.4236 -0.1515, -1.4306 -0.4236 -0.1507, -1.4314 -0.4236 -0.1502, -1.4369 -0.4236 -0.1736, -1.447 -0.4236 -0.1879, -1.4345 -0.4236 -0.1733, -1.4224 -0.4236 -0.1879, -1.39 -0.4236 -0.1654, -1.3974 -0.4236 -0.1465, -1.3923 -0.4236 -0.1465, -1.3872 -0.4236 -0.1733, -1.3871 -0.4236 -0.1729, -1.39 -0.4236 -0.1794, -1.39 -0.4236 -0.1794, -1.39 -0.4236 -0.1733, -1.3891 -0.4236 -0.1777, -1.3965 -0.4236 -0.1809, -1.3965 -0.4236 -0.185, -1.3955 -0.4236 -0.1812, -1.3939 -0.4236 -0.1814, -1.3927 -0.4236 -0.1813, -1.39 -0.4236 -0.1846, -1.3916 -0.4236 -0.1852, -1.39 -0.4236 -0.1879, -1.3935 -0.4236 -0.1854, -1.3945 -0.4236 -0.1854, -1.3917 -0.4236 -0.1809, -1.3909 -0.4236 -0.1803, -1.384 -0.4236 -0.1769, -1.3861 -0.4236 -0.181, -1.3553 -0.4236 -0.1879, -1.3826 -0.4236 -0.1733, -1.3878 -0.4236 -0.1831, -1.3882 -0.4236 -0.1834, -1.3898 -0.4236 -0.1845, 1.08 -0.4236 -0.2514, 1.75 -0.4236 -0.1879, 0.92 -0.4236 -0.2514, 0.2378 -0.4236 -0.1879, 0.58 -0.4236 -0.2514, 0.42 -0.4236 -0.2514, 1.42 -0.4236 -0.2514, 1.58 -0.4236 -0.2514, 1.75 -0.4236 -0.2514, 1.75 -0.4236 -0.0768, 1.75 -0.4236 -0.1253, 1.75 -0.4236 -0.1733, 0.2378 -0.4236 -0.1733, -1.08 -0.4236 -0.2514, -0.92 -0.4236 -0.2514, -1.3089 -0.4236 -0.1879, -0.58 -0.4236 -0.2514, -0.42 -0.4236 -0.2514, -0.08 -0.4236 -0.2514, 0.08 -0.4236 -0.2514, 0.2378 -0.4236 -0.2514, -1.3026 -0.4236 -0.1729, -1.3079 -0.4236 -0.1729, -1.3089 -0.4236 -0.1733, -1.2937 -0.4236 -0.1359, -1.2886 -0.4236 -0.1359, -1.3436 -0.4236 -0.0861, -1.3402 -0.4236 -0.0771, -1.3436 -0.4236 -0.0768, -1.2745 -0.4236 -0.1729, -1.2798 -0.4236 -0.1729, -1.2836 -0.4236 -0.1628, -1.299 -0.4236 -0.1628, -1.3436 -0.4236 -0.1879, -1.324 -0.4236 -0.1365, -1.3195 -0.4236 -0.1381, -1.311 -0.4236 -0.1609, -1.3129 -0.4236 -0.1647, -1.3295 -0.4236 -0.1359, -1.3155 -0.4236 -0.1408, -1.3142 -0.4236 -0.1421, -1.3119 -0.4236 -0.1453, -1.3198 -0.4236 -0.1708, -1.3242 -0.4236 -0.1723, -1.3299 -0.4236 -0.1729, -1.3401 -0.4236 -0.1729, -1.3401 -0.4236 -0.1359, -1.3155 -0.4236 -0.1678, -1.3162 -0.4236 -0.1684, -1.3105 -0.4236 -0.1488, -1.3099 -0.4236 -0.1539, -1.31 -0.4236 -0.1566, -1.3704 -0.4236 -0.0777, -1.3553 -0.4236 -0.0768, -1.3759 -0.4236 -0.0771, -1.3574 -0.4236 -0.1021, -1.3593 -0.4236 -0.1059, -1.3706 -0.4236 -0.1135, -1.3763 -0.4236 -0.1141, -1.3865 -0.4236 -0.1141, -1.3865 -0.4236 -0.0771, -1.3565 -0.4236 -0.0978, -1.3659 -0.4236 -0.0793, -1.3619 -0.4236 -0.082, -1.3606 -0.4236 -0.0833, -1.3583 -0.4236 -0.0865, -1.3569 -0.4236 -0.09, -1.3563 -0.4236 -0.0951, -1.3619 -0.4236 -0.1089, -1.3626 -0.4236 -0.1096, -1.3663 -0.4236 -0.112, -1.3089 -0.4236 -0.2514, -1.3436 -0.4236 -0.2514, -1.3553 -0.4236 -0.2514, -1.39 -0.4236 -0.2514, -1.3987 -0.4236 -0.2514, -1.4156 -0.4236 -0.2514, -1.4224 -0.4236 0.0107, -1.4156 -0.4236 0.0107, -1.3987 -0.4236 0.0107, -1.39 -0.4236 0.0107, -1.3553 -0.4236 0.0107, -1.3436 -0.4236 0.0107, -1.3089 -0.4236 0.0107, 0.2378 -0.4236 0.0107, -1.42 -0.4236 -0.2514, -1.4224 -0.4236 -0.2514, -1.447 -0.4236 -0.2514, -1.4492 -0.4236 -0.1879, -1.4492 -0.4236 -0.2514, -1.4849 -0.4236 -0.2514, -1.6054 -0.4236 -0.1899, -1.4497 -0.4236 -0.1687, -1.4497 -0.4236 -0.1729, -1.4492 -0.4236 -0.1733, -1.4697 -0.4236 -0.1729, -1.4506 -0.4236 -0.1401, -1.4697 -0.4236 -0.1359, -1.4506 -0.4236 -0.1359, -1.4649 -0.4236 -0.1563, -1.4649 -0.4236 -0.1687, -1.4516 -0.4236 -0.1563, -1.4516 -0.4236 -0.152, -1.4649 -0.4236 -0.152, -1.4649 -0.4236 -0.1401, -1.4649 -0.4236 -0.0771, -1.4649 -0.4236 -0.1099, -1.4501 -0.4236 -0.1099, -1.4697 -0.4236 -0.1141, -1.4697 -0.4236 -0.0771, -1.4501 -0.4236 -0.1141, -1.4492 -0.4236 0.0107, -1.447 -0.4236 0.0107, -1.4297 -0.4236 -0.0764, -1.3089 -0.4236 0.0886, -1.3436 -0.4236 0.0886, -1.3553 -0.4236 0.0886, -1.39 -0.4236 0.0886, -1.3987 -0.4236 0.0886, -1.4156 -0.4236 0.0886, -1.4224 -0.4236 0.0886, -1.447 -0.4236 0.0886, -1.4492 -0.4236 0.0886, -1.4849 -0.4236 0.0886, -1.75 -0.4236 0.0886, -1.75 -0.4236 0.0886
            ]
        }
        coordIndex [
            0,1,2,-1,3,4,5,-1,6,7,8,-1,9,10,11,-1,12,13,14,-1,14,13,15,-1,14,15,16,-1,17,18,19,-1,19,18,14,-1,19,14,20,-1,20,14,21,-1,16,22,14,-1,14,22,23,-1,14,23,21,-1,24,12,25,-1,26,27,28,-1,28,27,25,-1,25,27,29,-1,25,29,24,-1,26,28,30,-1,30,28,31,-1,30,31,32,-1,31,33,34,-1,31,35,32,-1,32,35,36,-1,32,36,37,-1,37,36,38,-1,37,38,39,-1,34,40,31,-1,31,40,41,-1,31,41,35,-1,42,43,44,-1,42,44,45,-1,43,46,44,-1,44,46,47,-1,44,47,48,-1,48,47,49,-1,49,50,48,-1,48,50,51,-1,48,51,31,-1,31,51,52,-1,31,52,33,-1,53,54,55,-1,56,45,57,-1,57,45,44,-1,57,44,58,-1,58,44,53,-1,58,53,59,-1,59,53,55,-1,54,53,60,-1,60,53,61,-1,60,61,62,-1,62,61,63,-1,62,63,64,-1,65,66,67,-1,67,66,68,-1,68,69,67,-1,67,69,70,-1,67,70,71,-1,72,73,74,-1,75,76,77,-1,77,76,78,-1,72,74,79,-1,80,81,76,-1,76,81,82,-1,76,82,83,-1,84,85,86,-1,73,87,74,-1,74,87,88,-1,74,88,89,-1,17,90,18,-1,18,90,91,-1,18,91,86,-1,86,91,92,-1,86,92,84,-1,93,94,95,-1,95,94,96,-1,95,96,83,-1,83,96,97,-1,85,98,86,-1,86,98,99,-1,86,99,100,-1,101,102,103,-1,103,102,104,-1,103,104,74,-1,74,104,105,-1,74,105,79,-1,93,106,94,-1,94,106,107,-1,94,107,108,-1,108,107,109,-1,108,109,110,-1,111,112,65,-1,112,113,65,-1,65,113,114,-1,65,114,115,-1,115,116,65,-1,65,116,117,-1,65,117,118,-1,118,117,101,-1,118,101,119,-1,119,101,103,-1,97,120,83,-1,83,120,121,-1,83,121,76,-1,76,121,122,-1,76,122,78,-1,123,124,74,-1,74,124,125,-1,74,125,76,-1,76,125,126,-1,76,126,80,-1,89,127,74,-1,74,127,128,-1,74,128,129,-1,129,130,74,-1,74,130,131,-1,74,131,123,-1,132,133,134,-1,133,135,134,-1,134,135,136,-1,134,136,137,-1,82,134,83,-1,83,134,138,-1,83,138,139,-1,140,141,82,-1,82,141,142,-1,82,142,134,-1,134,142,143,-1,134,143,132,-1,139,144,83,-1,83,144,145,-1,83,145,146,-1,146,145,147,-1,148,149,82,-1,82,149,150,-1,82,150,140,-1,137,136,151,-1,151,136,152,-1,151,152,153,-1,153,152,154,-1,153,154,155,-1,156,157,145,-1,145,157,158,-1,145,158,147,-1,159,160,161,-1,161,160,162,-1,161,162,163,-1,164,165,166,-1,166,165,167,-1,167,165,168,-1,167,168,169,-1,168,170,169,-1,169,170,171,-1,169,171,172,-1,166,173,164,-1,164,173,174,-1,164,174,175,-1,159,166,160,-1,160,166,167,-1,160,167,176,-1,176,167,177,-1,176,177,178,-1,178,177,179,-1,178,179,180,-1,181,182,183,-1,184,185,186,-1,186,185,187,-1,186,187,188,-1,188,187,181,-1,188,181,189,-1,189,181,183,-1,190,191,192,-1,11,10,192,-1,192,10,193,-1,192,193,190,-1,191,194,195,-1,196,197,198,-1,199,200,190,-1,200,201,190,-1,190,201,202,-1,190,202,191,-1,191,202,203,-1,191,203,194,-1,196,198,190,-1,190,198,204,-1,190,204,199,-1,205,206,207,-1,206,205,7,-1,7,205,208,-1,7,208,8,-1,209,210,8,-1,211,212,8,-1,8,212,213,-1,195,214,215,-1,215,214,216,-1,215,216,217,-1,217,218,215,-1,215,218,219,-1,215,219,220,-1,220,219,221,-1,220,221,209,-1,222,223,210,-1,210,223,224,-1,210,224,8,-1,8,224,225,-1,8,225,211,-1,213,226,8,-1,8,226,227,-1,8,227,6,-1,228,229,230,-1,230,229,231,-1,230,231,232,-1,230,233,228,-1,228,233,234,-1,228,234,235,-1,235,236,228,-1,228,236,237,-1,228,237,238,-1,238,237,239,-1,238,239,240,-1,240,239,241,-1,240,241,210,-1,210,241,242,-1,210,242,222,-1,243,244,232,-1,232,244,245,-1,232,245,230,-1,246,247,197,-1,197,247,248,-1,197,248,198,-1,246,249,247,-1,247,249,250,-1,247,250,251,-1,251,250,252,-1,251,253,254,-1,252,255,251,-1,251,255,256,-1,251,256,257,-1,257,258,251,-1,251,258,259,-1,251,259,253,-1,254,260,251,-1,251,260,261,-1,251,261,262,-1,263,264,265,-1,266,267,268,-1,268,267,160,-1,268,160,264,-1,269,162,270,-1,270,162,160,-1,270,160,271,-1,271,160,267,-1,272,273,274,-1,275,276,277,-1,277,276,278,-1,278,276,279,-1,278,279,280,-1,279,281,280,-1,280,281,282,-1,280,282,283,-1,277,284,275,-1,275,284,285,-1,275,285,286,-1,272,277,273,-1,273,277,278,-1,273,278,185,-1,185,278,287,-1,185,287,220,-1,220,287,288,-1,220,288,215,-1,215,288,289,-1,290,291,274,-1,274,291,292,-1,274,292,272,-1,293,294,290,-1,290,294,295,-1,290,295,296,-1,297,298,215,-1,195,215,191,-1,191,215,298,-1,191,298,299,-1,300,301,302,-1,301,303,302,-1,302,303,304,-1,302,304,305,-1,305,304,297,-1,305,297,296,-1,296,297,215,-1,296,215,290,-1,290,215,289,-1,290,289,291,-1,306,307,308,-1,307,309,308,-1,308,309,310,-1,308,310,311,-1,306,308,302,-1,302,308,312,-1,302,312,313,-1,314,315,302,-1,302,315,316,-1,302,316,300,-1,311,317,308,-1,308,317,318,-1,308,318,319,-1,313,320,302,-1,302,320,321,-1,302,321,314,-1,322,323,293,-1,293,323,324,-1,293,324,294,-1,325,326,327,-1,327,326,328,-1,329,330,326,-1,326,330,331,-1,326,331,328,-1,332,333,334,-1,334,333,335,-1,334,335,336,-1,337,338,326,-1,326,338,339,-1,326,339,329,-1,333,340,335,-1,335,340,341,-1,335,341,337,-1,337,341,342,-1,337,342,338,-1,343,344,334,-1,344,345,334,-1,334,345,346,-1,334,346,332,-1,299,347,191,-1,191,347,348,-1,191,348,334,-1,334,348,349,-1,334,349,343,-1,350,351,352,-1,352,351,353,-1,354,355,356,-1,356,355,357,-1,356,357,192,-1,336,358,359,-1,360,336,361,-1,361,336,362,-1,363,364,191,-1,364,365,191,-1,191,365,366,-1,191,366,367,-1,350,368,351,-1,351,368,369,-1,351,369,370,-1,370,369,371,-1,372,373,371,-1,371,373,374,-1,371,374,370,-1,360,375,336,-1,336,375,376,-1,336,376,358,-1,377,378,356,-1,356,378,379,-1,356,379,354,-1,359,380,336,-1,336,380,381,-1,336,381,334,-1,334,381,353,-1,334,353,382,-1,382,353,351,-1,382,383,334,-1,334,383,384,-1,334,384,191,-1,191,384,385,-1,191,385,363,-1,367,386,191,-1,191,386,387,-1,191,387,192,-1,192,387,388,-1,192,388,356,-1,389,390,371,-1,371,390,391,-1,371,391,392,-1,392,393,371,-1,371,393,394,-1,371,394,372,-1,395,396,397,-1,397,396,398,-1,397,398,357,-1,399,400,8,-1,209,8,220,-1,220,8,400,-1,220,400,185,-1,185,400,401,-1,185,401,187,-1,402,403,399,-1,404,405,406,-1,406,405,407,-1,406,407,402,-1,402,399,406,-1,406,399,8,-1,406,8,408,-1,408,8,208,-1,408,208,409,-1,408,410,406,-1,406,410,411,-1,406,411,412,-1,413,414,415,-1,415,414,416,-1,415,416,208,-1,208,416,417,-1,208,417,409,-1,412,418,406,-1,406,418,419,-1,406,419,404,-1,420,421,422,-1,420,422,423,-1,421,424,422,-1,422,424,425,-1,422,425,415,-1,415,425,426,-1,415,426,413,-1,427,428,429,-1,429,428,430,-1,429,430,431,-1,431,430,432,-1,427,433,428,-1,428,433,434,-1,428,434,435,-1,436,1,437,-1,437,1,0,-1,437,0,438,-1,438,0,439,-1,440,441,442,-1,442,441,443,-1,442,443,430,-1,430,443,444,-1,430,444,445,-1,445,446,430,-1,430,446,447,-1,430,447,432,-1,448,449,450,-1,450,449,265,-1,265,449,451,-1,265,451,452,-1,453,454,455,-1,455,454,263,-1,455,263,2,-1,2,263,265,-1,2,265,0,-1,0,265,452,-1,0,452,439,-1,439,452,456,-1,439,456,450,-1,450,456,457,-1,450,457,448,-1,448,457,458,-1,448,458,459,-1,178,460,176,-1,176,460,442,-1,176,442,450,-1,450,442,430,-1,450,430,439,-1,439,430,428,-1,439,428,438,-1,461,462,265,-1,463,464,450,-1,264,160,265,-1,265,160,465,-1,265,465,461,-1,462,466,265,-1,265,466,467,-1,265,467,468,-1,469,470,450,-1,450,470,471,-1,450,471,176,-1,176,471,472,-1,176,472,160,-1,160,472,473,-1,160,473,465,-1,464,474,450,-1,450,474,475,-1,450,475,469,-1,468,476,265,-1,265,476,477,-1,265,477,450,-1,450,477,478,-1,450,478,463,-1,479,480,481,-1,481,480,273,-1,482,483,162,-1,484,485,185,-1,185,485,486,-1,185,486,273,-1,273,486,487,-1,273,487,481,-1,482,162,488,-1,479,489,480,-1,480,489,490,-1,480,490,491,-1,491,492,480,-1,480,492,493,-1,480,493,494,-1,483,495,162,-1,162,495,496,-1,162,496,497,-1,497,484,162,-1,162,484,185,-1,162,185,163,-1,163,185,184,-1,163,184,180,-1,180,184,423,-1,180,423,178,-1,178,423,422,-1,178,422,460,-1,453,455,269,-1,269,455,480,-1,269,480,162,-1,162,480,494,-1,162,494,488,-1,440,442,498,-1,498,442,460,-1,498,460,499,-1,499,460,422,-1,499,422,500,-1,500,422,415,-1,500,415,501,-1,501,415,208,-1,501,208,502,-1,502,208,205,-1,502,205,503,-1,357,398,192,-1,192,398,205,-1,192,205,11,-1,11,205,207,-1,11,207,9,-1,322,293,504,-1,504,293,290,-1,504,290,505,-1,505,290,274,-1,505,274,506,-1,506,274,273,-1,506,273,507,-1,507,273,480,-1,507,480,508,-1,508,480,455,-1,508,455,509,-1,509,455,2,-1,509,2,510,-1,510,2,1,-1,510,1,511,-1,511,1,436,-1,511,436,3,-1,503,205,512,-1,512,205,398,-1,512,398,513,-1,513,398,396,-1,513,396,514,-1,515,516,514,-1,516,67,517,-1,517,67,71,-1,517,71,63,-1,63,71,518,-1,63,518,64,-1,516,515,67,-1,67,515,86,-1,67,86,65,-1,65,86,100,-1,65,100,111,-1,519,520,521,-1,521,520,522,-1,395,362,396,-1,396,362,336,-1,396,336,521,-1,521,336,335,-1,521,335,519,-1,519,335,523,-1,514,396,515,-1,515,396,521,-1,515,521,86,-1,86,521,522,-1,86,522,18,-1,18,522,524,-1,18,524,335,-1,335,524,525,-1,335,525,523,-1,526,527,528,-1,528,527,519,-1,528,519,529,-1,529,519,523,-1,529,523,530,-1,530,523,531,-1,532,533,534,-1,535,536,14,-1,14,536,532,-1,14,532,337,-1,337,532,534,-1,337,534,335,-1,335,534,537,-1,335,537,18,-1,18,537,535,-1,18,535,14,-1,12,14,25,-1,25,14,337,-1,25,337,538,-1,538,337,326,-1,538,326,539,-1,539,326,325,-1,539,325,504,-1,504,325,540,-1,504,540,322,-1,3,5,511,-1,511,5,541,-1,511,541,510,-1,510,541,542,-1,510,542,509,-1,509,542,543,-1,509,543,508,-1,508,543,544,-1,508,544,507,-1,507,544,545,-1,507,545,506,-1,506,545,546,-1,506,546,505,-1,505,546,547,-1,505,547,504,-1,504,547,548,-1,504,548,539,-1,539,548,549,-1,539,549,538,-1,538,549,550,-1,538,550,25,-1,25,550,551,-1,25,551,28,-1,
        ]
    }
}
Shape{
    appearance Appearance {
        material  Material 	{
            diffuseColor 0.7529411764705882 0.7529411764705882 0.7529411764705882
            specularColor 0.6627450980392157 0.6627450980392157 0.6627450980392157
            ambientIntensity 0.2
            transparency 0
            shininess 0.5
        }
    }
    geometry IndexedFaceSet {
        ccw TRUE
        solid FALSE
        coord DEF co Coordinate {
            point [
                -1.42 0.0103 -0.3053, -1.42 0.0467 -0.2514, -1.42 -0.4236 -0.2514, -1.42 -0.7805 -0.2514, -1.42 -0.7805 -0.4114, -1.42 -0.2186 -0.4114, -1.42 -0.154 -0.4044, -1.42 -0.0924 -0.3836, -1.42 -0.0368 -0.35, -1.58 -0.7805 -0.4114, -1.58 -0.7805 -0.2514, -1.58 -0.2186 -0.4114, -1.58 -0.4236 -0.2514, -1.58 -0.154 -0.4044, -1.58 0.0467 -0.2514, -1.58 0.0103 -0.3053, -1.58 -0.0368 -0.35, -1.58 -0.0924 -0.3836, -1.4224 -0.4236 -0.2514, -1.447 -0.4236 -0.2514, -1.4849 -0.4236 -0.2514, -1.4492 -0.4236 -0.2514, -1.463 -0.8986 -0.3684, -1.463 -0.8986 -0.2944, -1.537 -0.8986 -0.3684, -1.537 -0.8986 -0.2944, -1.537 -0.8986 -0.2944
            ]
        }
        coordIndex [
            0,1,2,-1,3,4,2,-1,2,4,5,-1,2,5,6,-1,6,7,2,-1,2,7,8,-1,2,8,0,-1,9,10,11,-1,11,10,12,-1,11,12,13,-1,12,14,15,-1,15,16,12,-1,12,16,17,-1,12,17,13,-1,2,18,3,-1,3,18,19,-1,12,10,20,-1,20,10,3,-1,20,3,21,-1,21,3,19,-1,14,1,0,-1,14,0,15,-1,15,0,8,-1,15,8,16,-1,16,8,7,-1,16,7,17,-1,17,7,6,-1,17,6,13,-1,13,6,5,-1,13,5,11,-1,9,11,4,-1,4,11,5,-1,22,23,24,-1,24,23,25,-1,
        ]
    }
}
Shape{
    appearance Appearance {
        material  Material 	{
            diffuseColor 0.7529411764705882 0.7529411764705882 0.7529411764705882
            specularColor 0.3764705882352941 0.3764705882352941 0.3764705882352941
            ambientIntensity 0.2
            transparency 0
            shininess 0.5
        }
    }
    geometry IndexedFaceSet {
        ccw TRUE
        solid FALSE
        coord DEF co Coordinate {
            point [
                -1.58 -0.7805 -0.2514, -1.537 -0.8986 -0.2944, -1.42 -0.7805 -0.2514, -1.463 -0.8986 -0.2944, -1.58 -0.7805 -0.4114, -1.537 -0.8986 -0.3684, -1.463 -0.8986 -0.3684, -1.42 -0.7805 -0.4114, -1.42 -0.7805 -0.4114
            ]
        }
        coordIndex [
            0,1,2,-1,2,1,3,-1,4,5,0,-1,0,5,1,-1,6,7,3,-1,3,7,2,-1,7,6,4,-1,4,6,5,-1,
        ]
    }
}
Shape{
    appearance Appearance {
        material  Material 	{
            diffuseColor 0.25098039215686274 0.25098039215686274 0.25098039215686274
            specularColor 0.2196078431372549 0.2196078431372549 0.2196078431372549
            ambientIntensity 0.2
            transparency 0
            shininess 0.5
        }
    }
    geometry IndexedFaceSet {
        ccw TRUE
        solid FALSE
        coord DEF co Coordinate {
            point [
                1.75 0.9264 -0.2514, 1.75 -0.4236 -0.2514, 1.58 0.0467 -0.2514, 1.58 -0.4236 -0.2514, -1.75 -0.4236 -0.2514, -1.75 0.9264 -0.2514, -1.58 0.4561 -0.2514, -1.58 0.9264 -0.2514, -1.08 0.0467 -0.2514, -1.08 -0.4236 -0.2514, -1.42 0.0467 -0.2514, -1.3089 -0.4236 -0.2514, -0.08 0.0467 -0.2514, -0.08 -0.4236 -0.2514, -0.42 -0.4236 -0.2514, -0.08 0.4561 -0.2514, 0.08 0.4561 -0.2514, -0.42 0.0467 -0.2514, 0.58 0.4561 -0.2514, 0.58 0.9264 -0.2514, 0.92 0.9264 -0.2514, -1.3436 -0.4236 -0.2514, -1.3553 -0.4236 -0.2514, -1.39 -0.4236 -0.2514, -1.58 -0.4236 -0.2514, -1.58 0.0467 -0.2514, -1.42 0.4561 -0.2514, -0.92 0.0467 -0.2514, 0.92 0.0467 -0.2514, 0.92 -0.4236 -0.2514, 0.58 -0.4236 -0.2514, -0.58 0.9264 -0.2514, -0.58 0.4561 -0.2514, -0.92 0.9264 -0.2514, -0.92 0.4561 -0.2514, -0.42 0.4561 -0.2514, -0.42 0.9264 -0.2514, -0.08 0.9264 -0.2514, -1.42 0.9264 -0.2514, -1.08 0.9264 -0.2514, -1.08 0.4561 -0.2514, -0.58 0.0467 -0.2514, -0.92 -0.4236 -0.2514, -0.58 -0.4236 -0.2514, -1.3987 -0.4236 -0.2514, -1.4156 -0.4236 -0.2514, -1.42 -0.4236 -0.2514, 0.2378 -0.4236 -0.2514, 0.08 -0.4236 -0.2514, 0.08 0.0467 -0.2514, 1.42 -0.4236 -0.2514, 1.08 -0.4236 -0.2514, 1.42 0.0467 -0.2514, 1.08 0.0467 -0.2514, 1.58 0.9264 -0.2514, 1.58 0.4561 -0.2514, 1.42 0.4561 -0.2514, 0.58 0.0467 -0.2514, 0.42 0.0467 -0.2514, 0.42 0.4561 -0.2514, 0.92 0.4561 -0.2514, 1.08 0.4561 -0.2514, 1.08 0.9264 -0.2514, 1.42 0.9264 -0.2514, 0.08 0.9264 -0.2514, 0.42 0.9264 -0.2514, 0.42 -0.4236 -0.2514, -1.75 -0.4236 0.0886, -1.4849 -0.4236 0.0886, -1.75 0.9264 0.0886, -1.4492 -0.4236 0.0886, 1.75 0.9264 0.0886, -1.447 -0.4236 0.0886, -1.4224 -0.4236 0.0886, -1.4156 -0.4236 0.0886, -1.3987 -0.4236 0.0886, -1.39 -0.4236 0.0886, -1.3553 -0.4236 0.0886, -1.3436 -0.4236 0.0886, -1.3089 -0.4236 0.0886, 0.2378 -0.4236 0.0886, 1.75 -0.4236 0.0886, 1.75 -0.4236 -0.1879, 1.75 -0.4236 0.0107, 1.75 -0.4236 -0.0768, 1.75 -0.4236 -0.1253, 1.75 -0.4236 -0.1733, -1.75 -0.4236 -0.1733, -1.75 -0.4236 -0.1879, -1.75 -0.4236 -0.1253, -1.75 -0.4236 -0.0768, -1.75 -0.4236 0.0107, -1.75 -0.4236 0.0107
            ]
        }
        coordIndex [
            0,1,2,-1,2,1,3,-1,4,5,6,-1,6,5,7,-1,8,9,10,-1,10,9,11,-1,12,13,14,-1,15,16,17,-1,18,19,20,-1,11,21,10,-1,10,21,22,-1,10,22,23,-1,24,4,25,-1,25,4,6,-1,25,6,10,-1,10,6,26,-1,10,26,8,-1,8,26,27,-1,28,29,30,-1,31,32,33,-1,33,32,34,-1,35,36,37,-1,38,39,26,-1,26,39,40,-1,26,40,27,-1,27,40,41,-1,27,41,42,-1,42,41,43,-1,23,44,10,-1,10,44,45,-1,10,45,46,-1,47,48,49,-1,50,51,52,-1,52,51,53,-1,54,0,55,-1,55,0,2,-1,55,2,56,-1,56,2,52,-1,57,58,59,-1,53,60,52,-1,52,60,61,-1,52,61,56,-1,56,61,62,-1,56,62,63,-1,40,34,41,-1,41,34,32,-1,41,32,17,-1,17,32,35,-1,17,35,15,-1,15,35,37,-1,30,57,28,-1,28,57,59,-1,28,59,53,-1,53,59,18,-1,53,18,60,-1,60,18,20,-1,64,65,16,-1,16,65,59,-1,14,17,12,-1,12,17,16,-1,12,16,49,-1,49,16,59,-1,49,59,47,-1,47,59,58,-1,47,58,66,-1,67,68,69,-1,69,68,70,-1,69,70,71,-1,71,70,72,-1,72,73,71,-1,71,73,74,-1,71,74,75,-1,75,76,71,-1,71,76,77,-1,71,77,78,-1,78,79,71,-1,71,79,80,-1,71,80,81,-1,0,54,71,-1,71,54,63,-1,71,63,62,-1,62,20,71,-1,71,20,19,-1,71,19,65,-1,65,64,71,-1,71,64,37,-1,71,37,69,-1,69,37,36,-1,36,31,69,-1,69,31,33,-1,69,33,39,-1,39,38,69,-1,69,38,7,-1,69,7,5,-1,82,1,0,-1,71,81,83,-1,83,84,71,-1,71,84,85,-1,71,85,0,-1,0,85,86,-1,0,86,82,-1,87,5,88,-1,88,5,4,-1,87,89,5,-1,5,89,90,-1,5,90,69,-1,69,90,91,-1,69,91,67,-1,
        ]
    }
}
Shape{
    appearance Appearance {
        material  Material 	{
            diffuseColor 0.7529411764705882 0.7529411764705882 0.7529411764705882
            specularColor 0.3764705882352941 0.3764705882352941 0.3764705882352941
            ambientIntensity 0.2
            transparency 0
            shininess 0.5
        }
    }
    geometry IndexedFaceSet {
        ccw TRUE
        solid FALSE
        coord DEF co Coordinate {
            point [
                0.92 1.2833 -0.4114, 0.963 1.4014 -0.3684, 1.08 1.2833 -0.4114, 1.037 1.4014 -0.3684, 1.037 1.4014 -0.3684
            ]
        }
        coordIndex [
            0,1,2,-1,2,1,3,-1,
        ]
    }
}
Shape{
    appearance Appearance {
        material  Material 	{
            diffuseColor 0.7529411764705882 0.7529411764705882 0.7529411764705882
            specularColor 0.6627450980392157 0.6627450980392157 0.6627450980392157
            ambientIntensity 0.2
            transparency 0
            shininess 0.5
        }
    }
    geometry IndexedFaceSet {
        ccw TRUE
        solid FALSE
        coord DEF co Coordinate {
            point [
                1.037 1.4014 -0.2944, 1.037 1.4014 -0.3684, 0.963 1.4014 -0.2944, 0.963 1.4014 -0.3684, 0.963 1.4014 -0.3684
            ]
        }
        coordIndex [
            0,1,2,-1,2,1,3,-1,
        ]
    }
}
Shape{
    appearance Appearance {
        material  Material 	{
            diffuseColor 0.7529411764705882 0.7529411764705882 0.7529411764705882
            specularColor 0.3764705882352941 0.3764705882352941 0.3764705882352941
            ambientIntensity 0.2
            transparency 0
            shininess 0.5
        }
    }
    geometry IndexedFaceSet {
        ccw TRUE
        solid FALSE
        coord DEF co Coordinate {
            point [
                1.037 1.4014 -0.2944, 1.08 1.2833 -0.2514, 1.037 1.4014 -0.3684, 1.08 1.2833 -0.4114, 0.92 1.2833 -0.2514, 0.963 1.4014 -0.2944, 0.92 1.2833 -0.4114, 0.963 1.4014 -0.3684, 0.963 1.4014 -0.3684
            ]
        }
        coordIndex [
            0,1,2,-1,2,1,3,-1,4,5,6,-1,6,5,7,-1,
        ]
    }
}
Shape{
    appearance Appearance {
        material  Material 	{
            diffuseColor 0.7529411764705882 0.7529411764705882 0.7529411764705882
            specularColor 0.6627450980392157 0.6627450980392157 0.6627450980392157
            ambientIntensity 0.2
            transparency 0
            shininess 0.5
        }
    }
    geometry IndexedFaceSet {
        ccw TRUE
        solid FALSE
        coord DEF co Coordinate {
            point [
                1.08 1.2833 -0.4114, 1.08 0.7214 -0.4114, 0.92 1.2833 -0.4114, 0.92 0.7214 -0.4114, 0.92 0.7214 -0.4114
            ]
        }
        coordIndex [
            0,1,2,-1,2,1,3,-1,
        ]
    }
}
Shape{
    appearance Appearance {
        material  Material 	{
            diffuseColor 0.7529411764705882 0.7529411764705882 0.7529411764705882
            specularColor 0.3764705882352941 0.3764705882352941 0.3764705882352941
            ambientIntensity 0.2
            transparency 0
            shininess 0.5
        }
    }
    geometry IndexedFaceSet {
        ccw TRUE
        solid FALSE
        coord DEF co Coordinate {
            point [
                1.08 1.2833 -0.2514, 1.037 1.4014 -0.2944, 0.92 1.2833 -0.2514, 0.963 1.4014 -0.2944, 0.963 1.4014 -0.2944
            ]
        }
        coordIndex [
            0,1,2,-1,2,1,3,-1,
        ]
    }
}
Shape{
    appearance Appearance {
        material  Material 	{
            diffuseColor 0.7529411764705882 0.7529411764705882 0.7529411764705882
            specularColor 0.6627450980392157 0.6627450980392157 0.6627450980392157
            ambientIntensity 0.2
            transparency 0
            shininess 0.5
        }
    }
    geometry IndexedFaceSet {
        ccw TRUE
        solid FALSE
        coord DEF co Coordinate {
            point [
                0.92 0.7214 -0.4114, 1.08 0.7214 -0.4114, 1.08 0.6568 -0.4044, 0.92 0.6568 -0.4044, 1.08 0.5952 -0.3836, 0.92 0.5952 -0.3836, 1.08 0.5396 -0.35, 0.92 0.5396 -0.35, 1.08 0.4924 -0.3053, 0.92 0.4924 -0.3053, 1.08 0.4561 -0.2514, 0.92 0.4561 -0.2514, 1.08 0.9264 -0.2514, 1.08 1.2833 -0.2514, 0.92 0.9264 -0.2514, 0.92 1.2833 -0.2514, 0.92 1.2833 -0.4114, 1.08 1.2833 -0.4114, 1.08 1.2833 -0.4114
            ]
        }
        coordIndex [
            0,1,2,-1,0,2,3,-1,3,2,4,-1,3,4,5,-1,5,4,6,-1,5,6,7,-1,7,6,8,-1,7,8,9,-1,9,8,10,-1,9,10,11,-1,12,13,14,-1,14,13,15,-1,14,15,16,-1,16,0,14,-1,14,0,3,-1,14,3,5,-1,5,7,14,-1,14,7,9,-1,14,9,11,-1,17,13,1,-1,1,13,12,-1,1,12,2,-1,12,10,8,-1,8,6,12,-1,12,6,4,-1,12,4,2,-1,
        ]
    }
}
Shape{
    appearance Appearance {
        material  Material 	{
            diffuseColor 0.7529411764705882 0.7529411764705882 0.7529411764705882
            specularColor 0.3764705882352941 0.3764705882352941 0.3764705882352941
            ambientIntensity 0.2
            transparency 0
            shininess 0.5
        }
    }
    geometry IndexedFaceSet {
        ccw TRUE
        solid FALSE
        coord DEF co Coordinate {
            point [
                0.42 1.2833 -0.4114, 0.463 1.4014 -0.3684, 0.58 1.2833 -0.4114, 0.537 1.4014 -0.3684, 0.537 1.4014 -0.3684
            ]
        }
        coordIndex [
            0,1,2,-1,2,1,3,-1,
        ]
    }
}
Shape{
    appearance Appearance {
        material  Material 	{
            diffuseColor 0.7529411764705882 0.7529411764705882 0.7529411764705882
            specularColor 0.6627450980392157 0.6627450980392157 0.6627450980392157
            ambientIntensity 0.2
            transparency 0
            shininess 0.5
        }
    }
    geometry IndexedFaceSet {
        ccw TRUE
        solid FALSE
        coord DEF co Coordinate {
            point [
                0.537 1.4014 -0.2944, 0.537 1.4014 -0.3684, 0.463 1.4014 -0.2944, 0.463 1.4014 -0.3684, 0.463 1.4014 -0.3684
            ]
        }
        coordIndex [
            0,1,2,-1,2,1,3,-1,
        ]
    }
}
Shape{
    appearance Appearance {
        material  Material 	{
            diffuseColor 0.7529411764705882 0.7529411764705882 0.7529411764705882
            specularColor 0.3764705882352941 0.3764705882352941 0.3764705882352941
            ambientIntensity 0.2
            transparency 0
            shininess 0.5
        }
    }
    geometry IndexedFaceSet {
        ccw TRUE
        solid FALSE
        coord DEF co Coordinate {
            point [
                0.537 1.4014 -0.2944, 0.58 1.2833 -0.2514, 0.537 1.4014 -0.3684, 0.58 1.2833 -0.4114, 0.42 1.2833 -0.2514, 0.463 1.4014 -0.2944, 0.42 1.2833 -0.4114, 0.463 1.4014 -0.3684, 0.463 1.4014 -0.3684
            ]
        }
        coordIndex [
            0,1,2,-1,2,1,3,-1,4,5,6,-1,6,5,7,-1,
        ]
    }
}
Shape{
    appearance Appearance {
        material  Material 	{
            diffuseColor 0.7529411764705882 0.7529411764705882 0.7529411764705882
            specularColor 0.6627450980392157 0.6627450980392157 0.6627450980392157
            ambientIntensity 0.2
            transparency 0
            shininess 0.5
        }
    }
    geometry IndexedFaceSet {
        ccw TRUE
        solid FALSE
        coord DEF co Coordinate {
            point [
                0.58 1.2833 -0.4114, 0.58 0.7214 -0.4114, 0.42 1.2833 -0.4114, 0.42 0.7214 -0.4114, 0.42 0.7214 -0.4114
            ]
        }
        coordIndex [
            0,1,2,-1,2,1,3,-1,
        ]
    }
}
Shape{
    appearance Appearance {
        material  Material 	{
            diffuseColor 0.7529411764705882 0.7529411764705882 0.7529411764705882
            specularColor 0.3764705882352941 0.3764705882352941 0.3764705882352941
            ambientIntensity 0.2
            transparency 0
            shininess 0.5
        }
    }
    geometry IndexedFaceSet {
        ccw TRUE
        solid FALSE
        coord DEF co Coordinate {
            point [
                0.58 1.2833 -0.2514, 0.537 1.4014 -0.2944, 0.42 1.2833 -0.2514, 0.463 1.4014 -0.2944, 0.463 1.4014 -0.2944
            ]
        }
        coordIndex [
            0,1,2,-1,2,1,3,-1,
        ]
    }
}
Shape{
    appearance Appearance {
        material  Material 	{
            diffuseColor 0.7529411764705882 0.7529411764705882 0.7529411764705882
            specularColor 0.6627450980392157 0.6627450980392157 0.6627450980392157
            ambientIntensity 0.2
            transparency 0
            shininess 0.5
        }
    }
    geometry IndexedFaceSet {
        ccw TRUE
        solid FALSE
        coord DEF co Coordinate {
            point [
                0.42 0.7214 -0.4114, 0.58 0.7214 -0.4114, 0.58 0.6568 -0.4044, 0.42 0.6568 -0.4044, 0.58 0.5952 -0.3836, 0.42 0.5952 -0.3836, 0.58 0.5396 -0.35, 0.42 0.5396 -0.35, 0.58 0.4924 -0.3053, 0.42 0.4924 -0.3053, 0.58 0.4561 -0.2514, 0.42 0.4561 -0.2514, 0.58 0.9264 -0.2514, 0.58 1.2833 -0.2514, 0.42 0.9264 -0.2514, 0.42 1.2833 -0.2514, 0.42 1.2833 -0.4114, 0.58 1.2833 -0.4114, 0.58 1.2833 -0.4114
            ]
        }
        coordIndex [
            0,1,2,-1,0,2,3,-1,3,2,4,-1,3,4,5,-1,5,4,6,-1,5,6,7,-1,7,6,8,-1,7,8,9,-1,9,8,10,-1,9,10,11,-1,12,13,14,-1,14,13,15,-1,14,15,16,-1,16,0,14,-1,14,0,3,-1,14,3,5,-1,5,7,14,-1,14,7,9,-1,14,9,11,-1,17,13,1,-1,1,13,12,-1,1,12,2,-1,12,10,8,-1,8,6,12,-1,12,6,4,-1,12,4,2,-1,
        ]
    }
}
Shape{
    appearance Appearance {
        material  Material 	{
            diffuseColor 0.7529411764705882 0.7529411764705882 0.7529411764705882
            specularColor 0.3764705882352941 0.3764705882352941 0.3764705882352941
            ambientIntensity 0.2
            transparency 0
            shininess 0.5
        }
    }
    geometry IndexedFaceSet {
        ccw TRUE
        solid FALSE
        coord DEF co Coordinate {
            point [
                -0.08 1.2833 -0.4114, -0.037 1.4014 -0.3684, 0.08 1.2833 -0.4114, 0.037 1.4014 -0.3684, 0.037 1.4014 -0.3684
            ]
        }
        coordIndex [
            0,1,2,-1,2,1,3,-1,
        ]
    }
}
Shape{
    appearance Appearance {
        material  Material 	{
            diffuseColor 0.7529411764705882 0.7529411764705882 0.7529411764705882
            specularColor 0.6627450980392157 0.6627450980392157 0.6627450980392157
            ambientIntensity 0.2
            transparency 0
            shininess 0.5
        }
    }
    geometry IndexedFaceSet {
        ccw TRUE
        solid FALSE
        coord DEF co Coordinate {
            point [
                0.037 1.4014 -0.2944, 0.037 1.4014 -0.3684, -0.037 1.4014 -0.2944, -0.037 1.4014 -0.3684, -0.037 1.4014 -0.3684
            ]
        }
        coordIndex [
            0,1,2,-1,2,1,3,-1,
        ]
    }
}
Shape{
    appearance Appearance {
        material  Material 	{
            diffuseColor 0.7529411764705882 0.7529411764705882 0.7529411764705882
            specularColor 0.3764705882352941 0.3764705882352941 0.3764705882352941
            ambientIntensity 0.2
            transparency 0
            shininess 0.5
        }
    }
    geometry IndexedFaceSet {
        ccw TRUE
        solid FALSE
        coord DEF co Coordinate {
            point [
                0.037 1.4014 -0.2944, 0.08 1.2833 -0.2514, 0.037 1.4014 -0.3684, 0.08 1.2833 -0.4114, -0.08 1.2833 -0.2514, -0.037 1.4014 -0.2944, -0.08 1.2833 -0.4114, -0.037 1.4014 -0.3684, -0.037 1.4014 -0.3684
            ]
        }
        coordIndex [
            0,1,2,-1,2,1,3,-1,4,5,6,-1,6,5,7,-1,
        ]
    }
}
Shape{
    appearance Appearance {
        material  Material 	{
            diffuseColor 0.7529411764705882 0.7529411764705882 0.7529411764705882
            specularColor 0.6627450980392157 0.6627450980392157 0.6627450980392157
            ambientIntensity 0.2
            transparency 0
            shininess 0.5
        }
    }
    geometry IndexedFaceSet {
        ccw TRUE
        solid FALSE
        coord DEF co Coordinate {
            point [
                0.08 1.2833 -0.4114, 0.08 0.7214 -0.4114, -0.08 1.2833 -0.4114, -0.08 0.7214 -0.4114, -0.08 0.7214 -0.4114
            ]
        }
        coordIndex [
            0,1,2,-1,2,1,3,-1,
        ]
    }
}
Shape{
    appearance Appearance {
        material  Material 	{
            diffuseColor 0.7529411764705882 0.7529411764705882 0.7529411764705882
            specularColor 0.3764705882352941 0.3764705882352941 0.3764705882352941
            ambientIntensity 0.2
            transparency 0
            shininess 0.5
        }
    }
    geometry IndexedFaceSet {
        ccw TRUE
        solid FALSE
        coord DEF co Coordinate {
            point [
                0.08 1.2833 -0.2514, 0.037 1.4014 -0.2944, -0.08 1.2833 -0.2514, -0.037 1.4014 -0.2944, -0.037 1.4014 -0.2944
            ]
        }
        coordIndex [
            0,1,2,-1,2,1,3,-1,
        ]
    }
}
Shape{
    appearance Appearance {
        material  Material 	{
            diffuseColor 0.7529411764705882 0.7529411764705882 0.7529411764705882
            specularColor 0.6627450980392157 0.6627450980392157 0.6627450980392157
            ambientIntensity 0.2
            transparency 0
            shininess 0.5
        }
    }
    geometry IndexedFaceSet {
        ccw TRUE
        solid FALSE
        coord DEF co Coordinate {
            point [
                -0.08 0.7214 -0.4114, 0.08 0.7214 -0.4114, 0.08 0.6568 -0.4044, -0.08 0.6568 -0.4044, 0.08 0.5952 -0.3836, -0.08 0.5952 -0.3836, 0.08 0.5396 -0.35, -0.08 0.5396 -0.35, 0.08 0.4924 -0.3053, -0.08 0.4924 -0.3053, 0.08 0.4561 -0.2514, -0.08 0.4561 -0.2514, 0.08 0.9264 -0.2514, 0.08 1.2833 -0.2514, -0.08 0.9264 -0.2514, -0.08 1.2833 -0.2514, -0.08 1.2833 -0.4114, 0.08 1.2833 -0.4114, 0.08 1.2833 -0.4114
            ]
        }
        coordIndex [
            0,1,2,-1,0,2,3,-1,3,2,4,-1,3,4,5,-1,5,4,6,-1,5,6,7,-1,7,6,8,-1,7,8,9,-1,9,8,10,-1,9,10,11,-1,12,13,14,-1,14,13,15,-1,14,15,16,-1,16,0,14,-1,14,0,3,-1,14,3,5,-1,5,7,14,-1,14,7,9,-1,14,9,11,-1,17,13,1,-1,1,13,12,-1,1,12,2,-1,12,10,8,-1,8,6,12,-1,12,6,4,-1,12,4,2,-1,
        ]
    }
}
Shape{
    appearance Appearance {
        material  Material 	{
            diffuseColor 0.7529411764705882 0.7529411764705882 0.7529411764705882
            specularColor 0.3764705882352941 0.3764705882352941 0.3764705882352941
            ambientIntensity 0.2
            transparency 0
            shininess 0.5
        }
    }
    geometry IndexedFaceSet {
        ccw TRUE
        solid FALSE
        coord DEF co Coordinate {
            point [
                -0.58 1.2833 -0.4114, -0.537 1.4014 -0.3684, -0.42 1.2833 -0.4114, -0.463 1.4014 -0.3684, -0.463 1.4014 -0.3684
            ]
        }
        coordIndex [
            0,1,2,-1,2,1,3,-1,
        ]
    }
}
Shape{
    appearance Appearance {
        material  Material 	{
            diffuseColor 0.7529411764705882 0.7529411764705882 0.7529411764705882
            specularColor 0.6627450980392157 0.6627450980392157 0.6627450980392157
            ambientIntensity 0.2
            transparency 0
            shininess 0.5
        }
    }
    geometry IndexedFaceSet {
        ccw TRUE
        solid FALSE
        coord DEF co Coordinate {
            point [
                -0.463 1.4014 -0.2944, -0.463 1.4014 -0.3684, -0.537 1.4014 -0.2944, -0.537 1.4014 -0.3684, -0.537 1.4014 -0.3684
            ]
        }
        coordIndex [
            0,1,2,-1,2,1,3,-1,
        ]
    }
}
Shape{
    appearance Appearance {
        material  Material 	{
            diffuseColor 0.7529411764705882 0.7529411764705882 0.7529411764705882
            specularColor 0.3764705882352941 0.3764705882352941 0.3764705882352941
            ambientIntensity 0.2
            transparency 0
            shininess 0.5
        }
    }
    geometry IndexedFaceSet {
        ccw TRUE
        solid FALSE
        coord DEF co Coordinate {
            point [
                -0.463 1.4014 -0.2944, -0.42 1.2833 -0.2514, -0.463 1.4014 -0.3684, -0.42 1.2833 -0.4114, -0.58 1.2833 -0.2514, -0.537 1.4014 -0.2944, -0.58 1.2833 -0.4114, -0.537 1.4014 -0.3684, -0.537 1.4014 -0.3684
            ]
        }
        coordIndex [
            0,1,2,-1,2,1,3,-1,4,5,6,-1,6,5,7,-1,
        ]
    }
}
Shape{
    appearance Appearance {
        material  Material 	{
            diffuseColor 0.7529411764705882 0.7529411764705882 0.7529411764705882
            specularColor 0.6627450980392157 0.6627450980392157 0.6627450980392157
            ambientIntensity 0.2
            transparency 0
            shininess 0.5
        }
    }
    geometry IndexedFaceSet {
        ccw TRUE
        solid FALSE
        coord DEF co Coordinate {
            point [
                -0.42 1.2833 -0.4114, -0.42 0.7214 -0.4114, -0.58 1.2833 -0.4114, -0.58 0.7214 -0.4114, -0.58 0.7214 -0.4114
            ]
        }
        coordIndex [
            0,1,2,-1,2,1,3,-1,
        ]
    }
}
Shape{
    appearance Appearance {
        material  Material 	{
            diffuseColor 0.7529411764705882 0.7529411764705882 0.7529411764705882
            specularColor 0.3764705882352941 0.3764705882352941 0.3764705882352941
            ambientIntensity 0.2
            transparency 0
            shininess 0.5
        }
    }
    geometry IndexedFaceSet {
        ccw TRUE
        solid FALSE
        coord DEF co Coordinate {
            point [
                -0.42 1.2833 -0.2514, -0.463 1.4014 -0.2944, -0.58 1.2833 -0.2514, -0.537 1.4014 -0.2944, -0.537 1.4014 -0.2944
            ]
        }
        coordIndex [
            0,1,2,-1,2,1,3,-1,
        ]
    }
}
Shape{
    appearance Appearance {
        material  Material 	{
            diffuseColor 0.7529411764705882 0.7529411764705882 0.7529411764705882
            specularColor 0.6627450980392157 0.6627450980392157 0.6627450980392157
            ambientIntensity 0.2
            transparency 0
            shininess 0.5
        }
    }
    geometry IndexedFaceSet {
        ccw TRUE
        solid FALSE
        coord DEF co Coordinate {
            point [
                -0.58 0.7214 -0.4114, -0.42 0.7214 -0.4114, -0.42 0.6568 -0.4044, -0.58 0.6568 -0.4044, -0.42 0.5952 -0.3836, -0.58 0.5952 -0.3836, -0.42 0.5396 -0.35, -0.58 0.5396 -0.35, -0.42 0.4924 -0.3053, -0.58 0.4924 -0.3053, -0.42 0.4561 -0.2514, -0.58 0.4561 -0.2514, -0.42 0.9264 -0.2514, -0.42 1.2833 -0.2514, -0.58 0.9264 -0.2514, -0.58 1.2833 -0.2514, -0.58 1.2833 -0.4114, -0.42 1.2833 -0.4114, -0.42 1.2833 -0.4114
            ]
        }
        coordIndex [
            0,1,2,-1,0,2,3,-1,3,2,4,-1,3,4,5,-1,5,4,6,-1,5,6,7,-1,7,6,8,-1,7,8,9,-1,9,8,10,-1,9,10,11,-1,12,13,14,-1,14,13,15,-1,14,15,16,-1,16,0,14,-1,14,0,3,-1,14,3,5,-1,5,7,14,-1,14,7,9,-1,14,9,11,-1,17,13,1,-1,1,13,12,-1,1,12,2,-1,12,10,8,-1,8,6,12,-1,12,6,4,-1,12,4,2,-1,
        ]
    }
}
Shape{
    appearance Appearance {
        material  Material 	{
            diffuseColor 0.7529411764705882 0.7529411764705882 0.7529411764705882
            specularColor 0.3764705882352941 0.3764705882352941 0.3764705882352941
            ambientIntensity 0.2
            transparency 0
            shininess 0.5
        }
    }
    geometry IndexedFaceSet {
        ccw TRUE
        solid FALSE
        coord DEF co Coordinate {
            point [
                -1.08 1.2833 -0.4114, -1.037 1.4014 -0.3684, -0.92 1.2833 -0.4114, -0.963 1.4014 -0.3684, -0.963 1.4014 -0.3684
            ]
        }
        coordIndex [
            0,1,2,-1,2,1,3,-1,
        ]
    }
}
Shape{
    appearance Appearance {
        material  Material 	{
            diffuseColor 0.7529411764705882 0.7529411764705882 0.7529411764705882
            specularColor 0.6627450980392157 0.6627450980392157 0.6627450980392157
            ambientIntensity 0.2
            transparency 0
            shininess 0.5
        }
    }
    geometry IndexedFaceSet {
        ccw TRUE
        solid FALSE
        coord DEF co Coordinate {
            point [
                -0.963 1.4014 -0.2944, -0.963 1.4014 -0.3684, -1.037 1.4014 -0.2944, -1.037 1.4014 -0.3684, -1.037 1.4014 -0.3684
            ]
        }
        coordIndex [
            0,1,2,-1,2,1,3,-1,
        ]
    }
}
Shape{
    appearance Appearance {
        material  Material 	{
            diffuseColor 0.7529411764705882 0.7529411764705882 0.7529411764705882
            specularColor 0.3764705882352941 0.3764705882352941 0.3764705882352941
            ambientIntensity 0.2
            transparency 0
            shininess 0.5
        }
    }
    geometry IndexedFaceSet {
        ccw TRUE
        solid FALSE
        coord DEF co Coordinate {
            point [
                -0.963 1.4014 -0.2944, -0.92 1.2833 -0.2514, -0.963 1.4014 -0.3684, -0.92 1.2833 -0.4114, -1.08 1.2833 -0.2514, -1.037 1.4014 -0.2944, -1.08 1.2833 -0.4114, -1.037 1.4014 -0.3684, -1.037 1.4014 -0.3684
            ]
        }
        coordIndex [
            0,1,2,-1,2,1,3,-1,4,5,6,-1,6,5,7,-1,
        ]
    }
}
Shape{
    appearance Appearance {
        material  Material 	{
            diffuseColor 0.7529411764705882 0.7529411764705882 0.7529411764705882
            specularColor 0.6627450980392157 0.6627450980392157 0.6627450980392157
            ambientIntensity 0.2
            transparency 0
            shininess 0.5
        }
    }
    geometry IndexedFaceSet {
        ccw TRUE
        solid FALSE
        coord DEF co Coordinate {
            point [
                -0.92 1.2833 -0.4114, -0.92 0.7214 -0.4114, -1.08 1.2833 -0.4114, -1.08 0.7214 -0.4114, -1.08 0.7214 -0.4114
            ]
        }
        coordIndex [
            0,1,2,-1,2,1,3,-1,
        ]
    }
}
Shape{
    appearance Appearance {
        material  Material 	{
            diffuseColor 0.7529411764705882 0.7529411764705882 0.7529411764705882
            specularColor 0.3764705882352941 0.3764705882352941 0.3764705882352941
            ambientIntensity 0.2
            transparency 0
            shininess 0.5
        }
    }
    geometry IndexedFaceSet {
        ccw TRUE
        solid FALSE
        coord DEF co Coordinate {
            point [
                -0.92 1.2833 -0.2514, -0.963 1.4014 -0.2944, -1.08 1.2833 -0.2514, -1.037 1.4014 -0.2944, -1.037 1.4014 -0.2944
            ]
        }
        coordIndex [
            0,1,2,-1,2,1,3,-1,
        ]
    }
}
Shape{
    appearance Appearance {
        material  Material 	{
            diffuseColor 0.7529411764705882 0.7529411764705882 0.7529411764705882
            specularColor 0.6627450980392157 0.6627450980392157 0.6627450980392157
            ambientIntensity 0.2
            transparency 0
            shininess 0.5
        }
    }
    geometry IndexedFaceSet {
        ccw TRUE
        solid FALSE
        coord DEF co Coordinate {
            point [
                -1.08 0.7214 -0.4114, -0.92 0.7214 -0.4114, -0.92 0.6568 -0.4044, -1.08 0.6568 -0.4044, -0.92 0.5952 -0.3836, -1.08 0.5952 -0.3836, -0.92 0.5396 -0.35, -1.08 0.5396 -0.35, -0.92 0.4924 -0.3053, -1.08 0.4924 -0.3053, -0.92 0.4561 -0.2514, -1.08 0.4561 -0.2514, -0.92 0.9264 -0.2514, -0.92 1.2833 -0.2514, -1.08 0.9264 -0.2514, -1.08 1.2833 -0.2514, -1.08 1.2833 -0.4114, -0.92 1.2833 -0.4114, -0.92 1.2833 -0.4114
            ]
        }
        coordIndex [
            0,1,2,-1,0,2,3,-1,3,2,4,-1,3,4,5,-1,5,4,6,-1,5,6,7,-1,7,6,8,-1,7,8,9,-1,9,8,10,-1,9,10,11,-1,12,13,14,-1,14,13,15,-1,14,15,16,-1,16,0,14,-1,14,0,3,-1,14,3,5,-1,5,7,14,-1,14,7,9,-1,14,9,11,-1,17,13,1,-1,1,13,12,-1,1,12,2,-1,12,10,8,-1,8,6,12,-1,12,6,4,-1,12,4,2,-1,
        ]
    }
}
Shape{
    appearance Appearance {
        material  Material 	{
            diffuseColor 0.7529411764705882 0.7529411764705882 0.7529411764705882
            specularColor 0.3764705882352941 0.3764705882352941 0.3764705882352941
            ambientIntensity 0.2
            transparency 0
            shininess 0.5
        }
    }
    geometry IndexedFaceSet {
        ccw TRUE
        solid FALSE
        coord DEF co Coordinate {
            point [
                1.463 -0.8986 -0.3684, 1.42 -0.7805 -0.4114, 1.537 -0.8986 -0.3684, 1.58 -0.7805 -0.4114, 1.58 -0.7805 -0.4114
            ]
        }
        coordIndex [
            0,1,2,-1,2,1,3,-1,
        ]
    }
}
Shape{
    appearance Appearance {
        material  Material 	{
            diffuseColor 0.7529411764705882 0.7529411764705882 0.7529411764705882
            specularColor 0.6627450980392157 0.6627450980392157 0.6627450980392157
            ambientIntensity 0.2
            transparency 0
            shininess 0.5
        }
    }
    geometry IndexedFaceSet {
        ccw TRUE
        solid FALSE
        coord DEF co Coordinate {
            point [
                1.463 -0.8986 -0.2944, 1.463 -0.8986 -0.3684, 1.537 -0.8986 -0.2944, 1.537 -0.8986 -0.3684, 1.537 -0.8986 -0.3684
            ]
        }
        coordIndex [
            0,1,2,-1,2,1,3,-1,
        ]
    }
}
Shape{
    appearance Appearance {
        material  Material 	{
            diffuseColor 0.7529411764705882 0.7529411764705882 0.7529411764705882
            specularColor 0.3764705882352941 0.3764705882352941 0.3764705882352941
            ambientIntensity 0.2
            transparency 0
            shininess 0.5
        }
    }
    geometry IndexedFaceSet {
        ccw TRUE
        solid FALSE
        coord DEF co Coordinate {
            point [
                1.463 -0.8986 -0.2944, 1.42 -0.7805 -0.2514, 1.463 -0.8986 -0.3684, 1.42 -0.7805 -0.4114, 1.58 -0.7805 -0.2514, 1.537 -0.8986 -0.2944, 1.58 -0.7805 -0.4114, 1.537 -0.8986 -0.3684, 1.537 -0.8986 -0.3684
            ]
        }
        coordIndex [
            0,1,2,-1,2,1,3,-1,4,5,6,-1,6,5,7,-1,
        ]
    }
}
Shape{
    appearance Appearance {
        material  Material 	{
            diffuseColor 0.7529411764705882 0.7529411764705882 0.7529411764705882
            specularColor 0.6627450980392157 0.6627450980392157 0.6627450980392157
            ambientIntensity 0.2
            transparency 0
            shininess 0.5
        }
    }
    geometry IndexedFaceSet {
        ccw TRUE
        solid FALSE
        coord DEF co Coordinate {
            point [
                1.42 -0.7805 -0.4114, 1.42 -0.2186 -0.4114, 1.58 -0.7805 -0.4114, 1.58 -0.2186 -0.4114, 1.58 -0.2186 -0.4114
            ]
        }
        coordIndex [
            0,1,2,-1,2,1,3,-1,
        ]
    }
}
Shape{
    appearance Appearance {
        material  Material 	{
            diffuseColor 0.7529411764705882 0.7529411764705882 0.7529411764705882
            specularColor 0.3764705882352941 0.3764705882352941 0.3764705882352941
            ambientIntensity 0.2
            transparency 0
            shininess 0.5
        }
    }
    geometry IndexedFaceSet {
        ccw TRUE
        solid FALSE
        coord DEF co Coordinate {
            point [
                1.537 -0.8986 -0.2944, 1.58 -0.7805 -0.2514, 1.463 -0.8986 -0.2944, 1.42 -0.7805 -0.2514, 1.42 -0.7805 -0.2514
            ]
        }
        coordIndex [
            0,1,2,-1,2,1,3,-1,
        ]
    }
}
Shape{
    appearance Appearance {
        material  Material 	{
            diffuseColor 0.7529411764705882 0.7529411764705882 0.7529411764705882
            specularColor 0.6627450980392157 0.6627450980392157 0.6627450980392157
            ambientIntensity 0.2
            transparency 0
            shininess 0.5
        }
    }
    geometry IndexedFaceSet {
        ccw TRUE
        solid FALSE
        coord DEF co Coordinate {
            point [
                1.42 -0.4236 -0.2514, 1.42 -0.7805 -0.2514, 1.58 -0.4236 -0.2514, 1.58 -0.7805 -0.2514, 1.42 0.0467 -0.2514, 1.58 0.0467 -0.2514, 1.58 0.0103 -0.3053, 1.42 0.0103 -0.3053, 1.58 -0.0368 -0.35, 1.42 -0.0368 -0.35, 1.58 -0.0924 -0.3836, 1.42 -0.0924 -0.3836, 1.58 -0.154 -0.4044, 1.42 -0.154 -0.4044, 1.58 -0.2186 -0.4114, 1.42 -0.2186 -0.4114, 1.58 -0.7805 -0.4114, 1.42 -0.7805 -0.4114, 1.42 -0.7805 -0.4114
            ]
        }
        coordIndex [
            0,1,2,-1,2,1,3,-1,4,5,6,-1,4,6,7,-1,7,6,8,-1,7,8,9,-1,9,8,10,-1,9,10,11,-1,11,10,12,-1,11,12,13,-1,13,12,14,-1,13,14,15,-1,2,3,16,-1,16,14,2,-1,2,14,12,-1,2,12,10,-1,10,8,2,-1,2,8,6,-1,2,6,5,-1,17,1,15,-1,15,1,0,-1,9,0,7,-1,7,0,4,-1,9,11,0,-1,0,11,13,-1,0,13,15,-1,
        ]
    }
}
Shape{
    appearance Appearance {
        material  Material 	{
            diffuseColor 0.7529411764705882 0.7529411764705882 0.7529411764705882
            specularColor 0.3764705882352941 0.3764705882352941 0.3764705882352941
            ambientIntensity 0.2
            transparency 0
            shininess 0.5
        }
    }
    geometry IndexedFaceSet {
        ccw TRUE
        solid FALSE
        coord DEF co Coordinate {
            point [
                1.08 -0.7805 -0.4114, 1.037 -0.8986 -0.3684, 0.92 -0.7805 -0.4114, 0.963 -0.8986 -0.3684, 0.963 -0.8986 -0.3684
            ]
        }
        coordIndex [
            0,1,2,-1,2,1,3,-1,
        ]
    }
}
Shape{
    appearance Appearance {
        material  Material 	{
            diffuseColor 0.7529411764705882 0.7529411764705882 0.7529411764705882
            specularColor 0.6627450980392157 0.6627450980392157 0.6627450980392157
            ambientIntensity 0.2
            transparency 0
            shininess 0.5
        }
    }
    geometry IndexedFaceSet {
        ccw TRUE
        solid FALSE
        coord DEF co Coordinate {
            point [
                1.037 -0.8986 -0.3684, 1.037 -0.8986 -0.2944, 0.963 -0.8986 -0.3684, 0.963 -0.8986 -0.2944, 0.963 -0.8986 -0.2944
            ]
        }
        coordIndex [
            0,1,2,-1,2,1,3,-1,
        ]
    }
}
Shape{
    appearance Appearance {
        material  Material 	{
            diffuseColor 0.7529411764705882 0.7529411764705882 0.7529411764705882
            specularColor 0.3764705882352941 0.3764705882352941 0.3764705882352941
            ambientIntensity 0.2
            transparency 0
            shininess 0.5
        }
    }
    geometry IndexedFaceSet {
        ccw TRUE
        solid FALSE
        coord DEF co Coordinate {
            point [
                1.037 -0.8986 -0.3684, 1.08 -0.7805 -0.4114, 1.037 -0.8986 -0.2944, 1.08 -0.7805 -0.2514, 0.92 -0.7805 -0.4114, 0.963 -0.8986 -0.3684, 0.92 -0.7805 -0.2514, 0.963 -0.8986 -0.2944, 0.963 -0.8986 -0.2944
            ]
        }
        coordIndex [
            0,1,2,-1,2,1,3,-1,4,5,6,-1,6,5,7,-1,
        ]
    }
}
Shape{
    appearance Appearance {
        material  Material 	{
            diffuseColor 0.7529411764705882 0.7529411764705882 0.7529411764705882
            specularColor 0.6627450980392157 0.6627450980392157 0.6627450980392157
            ambientIntensity 0.2
            transparency 0
            shininess 0.5
        }
    }
    geometry IndexedFaceSet {
        ccw TRUE
        solid FALSE
        coord DEF co Coordinate {
            point [
                0.92 -0.7805 -0.4114, 0.92 -0.2186 -0.4114, 1.08 -0.7805 -0.4114, 1.08 -0.2186 -0.4114, 1.08 -0.2186 -0.4114
            ]
        }
        coordIndex [
            0,1,2,-1,2,1,3,-1,
        ]
    }
}
Shape{
    appearance Appearance {
        material  Material 	{
            diffuseColor 0.7529411764705882 0.7529411764705882 0.7529411764705882
            specularColor 0.3764705882352941 0.3764705882352941 0.3764705882352941
            ambientIntensity 0.2
            transparency 0
            shininess 0.5
        }
    }
    geometry IndexedFaceSet {
        ccw TRUE
        solid FALSE
        coord DEF co Coordinate {
            point [
                0.92 -0.7805 -0.2514, 0.963 -0.8986 -0.2944, 1.08 -0.7805 -0.2514, 1.037 -0.8986 -0.2944, 1.037 -0.8986 -0.2944
            ]
        }
        coordIndex [
            0,1,2,-1,2,1,3,-1,
        ]
    }
}
Shape{
    appearance Appearance {
        material  Material 	{
            diffuseColor 0.7529411764705882 0.7529411764705882 0.7529411764705882
            specularColor 0.6627450980392157 0.6627450980392157 0.6627450980392157
            ambientIntensity 0.2
            transparency 0
            shininess 0.5
        }
    }
    geometry IndexedFaceSet {
        ccw TRUE
        solid FALSE
        coord DEF co Coordinate {
            point [
                0.92 -0.4236 -0.2514, 0.92 -0.7805 -0.2514, 1.08 -0.4236 -0.2514, 1.08 -0.7805 -0.2514, 0.92 0.0467 -0.2514, 1.08 0.0467 -0.2514, 1.08 0.0103 -0.3053, 0.92 0.0103 -0.3053, 1.08 -0.0368 -0.35, 0.92 -0.0368 -0.35, 1.08 -0.0924 -0.3836, 0.92 -0.0924 -0.3836, 1.08 -0.154 -0.4044, 0.92 -0.154 -0.4044, 1.08 -0.2186 -0.4114, 0.92 -0.2186 -0.4114, 0.92 -0.7805 -0.4114, 1.08 -0.7805 -0.4114, 1.08 -0.7805 -0.4114
            ]
        }
        coordIndex [
            0,1,2,-1,2,1,3,-1,4,5,6,-1,4,6,7,-1,7,6,8,-1,7,8,9,-1,9,8,10,-1,9,10,11,-1,11,10,12,-1,11,12,13,-1,13,12,14,-1,13,14,15,-1,16,1,15,-1,15,1,0,-1,9,0,7,-1,7,0,4,-1,9,11,0,-1,0,11,13,-1,0,13,15,-1,6,5,2,-1,3,17,2,-1,2,17,14,-1,2,14,12,-1,12,10,2,-1,2,10,8,-1,2,8,6,-1,
        ]
    }
}
Shape{
    appearance Appearance {
        material  Material 	{
            diffuseColor 0.7529411764705882 0.7529411764705882 0.7529411764705882
            specularColor 0.3764705882352941 0.3764705882352941 0.3764705882352941
            ambientIntensity 0.2
            transparency 0
            shininess 0.5
        }
    }
    geometry IndexedFaceSet {
        ccw TRUE
        solid FALSE
        coord DEF co Coordinate {
            point [
                0.58 -0.7805 -0.4114, 0.537 -0.8986 -0.3684, 0.42 -0.7805 -0.4114, 0.463 -0.8986 -0.3684, 0.463 -0.8986 -0.3684
            ]
        }
        coordIndex [
            0,1,2,-1,2,1,3,-1,
        ]
    }
}
Shape{
    appearance Appearance {
        material  Material 	{
            diffuseColor 0.7529411764705882 0.7529411764705882 0.7529411764705882
            specularColor 0.6627450980392157 0.6627450980392157 0.6627450980392157
            ambientIntensity 0.2
            transparency 0
            shininess 0.5
        }
    }
    geometry IndexedFaceSet {
        ccw TRUE
        solid FALSE
        coord DEF co Coordinate {
            point [
                0.537 -0.8986 -0.3684, 0.537 -0.8986 -0.2944, 0.463 -0.8986 -0.3684, 0.463 -0.8986 -0.2944, 0.463 -0.8986 -0.2944
            ]
        }
        coordIndex [
            0,1,2,-1,2,1,3,-1,
        ]
    }
}
Shape{
    appearance Appearance {
        material  Material 	{
            diffuseColor 0.7529411764705882 0.7529411764705882 0.7529411764705882
            specularColor 0.3764705882352941 0.3764705882352941 0.3764705882352941
            ambientIntensity 0.2
            transparency 0
            shininess 0.5
        }
    }
    geometry IndexedFaceSet {
        ccw TRUE
        solid FALSE
        coord DEF co Coordinate {
            point [
                0.537 -0.8986 -0.3684, 0.58 -0.7805 -0.4114, 0.537 -0.8986 -0.2944, 0.58 -0.7805 -0.2514, 0.42 -0.7805 -0.4114, 0.463 -0.8986 -0.3684, 0.42 -0.7805 -0.2514, 0.463 -0.8986 -0.2944, 0.463 -0.8986 -0.2944
            ]
        }
        coordIndex [
            0,1,2,-1,2,1,3,-1,4,5,6,-1,6,5,7,-1,
        ]
    }
}
Shape{
    appearance Appearance {
        material  Material 	{
            diffuseColor 0.7529411764705882 0.7529411764705882 0.7529411764705882
            specularColor 0.6627450980392157 0.6627450980392157 0.6627450980392157
            ambientIntensity 0.2
            transparency 0
            shininess 0.5
        }
    }
    geometry IndexedFaceSet {
        ccw TRUE
        solid FALSE
        coord DEF co Coordinate {
            point [
                0.42 -0.7805 -0.4114, 0.42 -0.2186 -0.4114, 0.58 -0.7805 -0.4114, 0.58 -0.2186 -0.4114, 0.58 -0.2186 -0.4114
            ]
        }
        coordIndex [
            0,1,2,-1,2,1,3,-1,
        ]
    }
}
Shape{
    appearance Appearance {
        material  Material 	{
            diffuseColor 0.7529411764705882 0.7529411764705882 0.7529411764705882
            specularColor 0.3764705882352941 0.3764705882352941 0.3764705882352941
            ambientIntensity 0.2
            transparency 0
            shininess 0.5
        }
    }
    geometry IndexedFaceSet {
        ccw TRUE
        solid FALSE
        coord DEF co Coordinate {
            point [
                0.42 -0.7805 -0.2514, 0.463 -0.8986 -0.2944, 0.58 -0.7805 -0.2514, 0.537 -0.8986 -0.2944, 0.537 -0.8986 -0.2944
            ]
        }
        coordIndex [
            0,1,2,-1,2,1,3,-1,
        ]
    }
}
Shape{
    appearance Appearance {
        material  Material 	{
            diffuseColor 0.7529411764705882 0.7529411764705882 0.7529411764705882
            specularColor 0.6627450980392157 0.6627450980392157 0.6627450980392157
            ambientIntensity 0.2
            transparency 0
            shininess 0.5
        }
    }
    geometry IndexedFaceSet {
        ccw TRUE
        solid FALSE
        coord DEF co Coordinate {
            point [
                0.42 -0.4236 -0.2514, 0.42 -0.7805 -0.2514, 0.58 -0.4236 -0.2514, 0.58 -0.7805 -0.2514, 0.42 0.0467 -0.2514, 0.58 0.0467 -0.2514, 0.58 0.0103 -0.3053, 0.42 0.0103 -0.3053, 0.58 -0.0368 -0.35, 0.42 -0.0368 -0.35, 0.58 -0.0924 -0.3836, 0.42 -0.0924 -0.3836, 0.58 -0.154 -0.4044, 0.42 -0.154 -0.4044, 0.58 -0.2186 -0.4114, 0.42 -0.2186 -0.4114, 0.42 -0.7805 -0.4114, 0.58 -0.7805 -0.4114, 0.58 -0.7805 -0.4114
            ]
        }
        coordIndex [
            0,1,2,-1,2,1,3,-1,4,5,6,-1,4,6,7,-1,7,6,8,-1,7,8,9,-1,9,8,10,-1,9,10,11,-1,11,10,12,-1,11,12,13,-1,13,12,14,-1,13,14,15,-1,16,1,15,-1,15,1,0,-1,9,0,7,-1,7,0,4,-1,9,11,0,-1,0,11,13,-1,0,13,15,-1,6,5,2,-1,3,17,2,-1,2,17,14,-1,2,14,12,-1,12,10,2,-1,2,10,8,-1,2,8,6,-1,
        ]
    }
}
Shape{
    appearance Appearance {
        material  Material 	{
            diffuseColor 0.7529411764705882 0.7529411764705882 0.7529411764705882
            specularColor 0.3764705882352941 0.3764705882352941 0.3764705882352941
            ambientIntensity 0.2
            transparency 0
            shininess 0.5
        }
    }
    geometry IndexedFaceSet {
        ccw TRUE
        solid FALSE
        coord DEF co Coordinate {
            point [
                0.08 -0.7805 -0.4114, 0.037 -0.8986 -0.3684, -0.08 -0.7805 -0.4114, -0.037 -0.8986 -0.3684, -0.037 -0.8986 -0.3684
            ]
        }
        coordIndex [
            0,1,2,-1,2,1,3,-1,
        ]
    }
}
Shape{
    appearance Appearance {
        material  Material 	{
            diffuseColor 0.7529411764705882 0.7529411764705882 0.7529411764705882
            specularColor 0.6627450980392157 0.6627450980392157 0.6627450980392157
            ambientIntensity 0.2
            transparency 0
            shininess 0.5
        }
    }
    geometry IndexedFaceSet {
        ccw TRUE
        solid FALSE
        coord DEF co Coordinate {
            point [
                0.037 -0.8986 -0.3684, 0.037 -0.8986 -0.2944, -0.037 -0.8986 -0.3684, -0.037 -0.8986 -0.2944, -0.037 -0.8986 -0.2944
            ]
        }
        coordIndex [
            0,1,2,-1,2,1,3,-1,
        ]
    }
}
Shape{
    appearance Appearance {
        material  Material 	{
            diffuseColor 0.7529411764705882 0.7529411764705882 0.7529411764705882
            specularColor 0.3764705882352941 0.3764705882352941 0.3764705882352941
            ambientIntensity 0.2
            transparency 0
            shininess 0.5
        }
    }
    geometry IndexedFaceSet {
        ccw TRUE
        solid FALSE
        coord DEF co Coordinate {
            point [
                0.037 -0.8986 -0.3684, 0.08 -0.7805 -0.4114, 0.037 -0.8986 -0.2944, 0.08 -0.7805 -0.2514, -0.08 -0.7805 -0.4114, -0.037 -0.8986 -0.3684, -0.08 -0.7805 -0.2514, -0.037 -0.8986 -0.2944, -0.037 -0.8986 -0.2944
            ]
        }
        coordIndex [
            0,1,2,-1,2,1,3,-1,4,5,6,-1,6,5,7,-1,
        ]
    }
}
Shape{
    appearance Appearance {
        material  Material 	{
            diffuseColor 0.7529411764705882 0.7529411764705882 0.7529411764705882
            specularColor 0.6627450980392157 0.6627450980392157 0.6627450980392157
            ambientIntensity 0.2
            transparency 0
            shininess 0.5
        }
    }
    geometry IndexedFaceSet {
        ccw TRUE
        solid FALSE
        coord DEF co Coordinate {
            point [
                -0.08 -0.7805 -0.4114, -0.08 -0.2186 -0.4114, 0.08 -0.7805 -0.4114, 0.08 -0.2186 -0.4114, 0.08 -0.2186 -0.4114
            ]
        }
        coordIndex [
            0,1,2,-1,2,1,3,-1,
        ]
    }
}
Shape{
    appearance Appearance {
        material  Material 	{
            diffuseColor 0.7529411764705882 0.7529411764705882 0.7529411764705882
            specularColor 0.3764705882352941 0.3764705882352941 0.3764705882352941
            ambientIntensity 0.2
            transparency 0
            shininess 0.5
        }
    }
    geometry IndexedFaceSet {
        ccw TRUE
        solid FALSE
        coord DEF co Coordinate {
            point [
                -0.08 -0.7805 -0.2514, -0.037 -0.8986 -0.2944, 0.08 -0.7805 -0.2514, 0.037 -0.8986 -0.2944, 0.037 -0.8986 -0.2944
            ]
        }
        coordIndex [
            0,1,2,-1,2,1,3,-1,
        ]
    }
}
Shape{
    appearance Appearance {
        material  Material 	{
            diffuseColor 0.7529411764705882 0.7529411764705882 0.7529411764705882
            specularColor 0.6627450980392157 0.6627450980392157 0.6627450980392157
            ambientIntensity 0.2
            transparency 0
            shininess 0.5
        }
    }
    geometry IndexedFaceSet {
        ccw TRUE
        solid FALSE
        coord DEF co Coordinate {
            point [
                -0.08 -0.4236 -0.2514, -0.08 -0.7805 -0.2514, 0.08 -0.4236 -0.2514, 0.08 -0.7805 -0.2514, -0.08 0.0467 -0.2514, 0.08 0.0467 -0.2514, 0.08 0.0103 -0.3053, -0.08 0.0103 -0.3053, 0.08 -0.0368 -0.35, -0.08 -0.0368 -0.35, 0.08 -0.0924 -0.3836, -0.08 -0.0924 -0.3836, 0.08 -0.154 -0.4044, -0.08 -0.154 -0.4044, 0.08 -0.2186 -0.4114, -0.08 -0.2186 -0.4114, -0.08 -0.7805 -0.4114, 0.08 -0.7805 -0.4114, 0.08 -0.7805 -0.4114
            ]
        }
        coordIndex [
            0,1,2,-1,2,1,3,-1,4,5,6,-1,4,6,7,-1,7,6,8,-1,7,8,9,-1,9,8,10,-1,9,10,11,-1,11,10,12,-1,11,12,13,-1,13,12,14,-1,13,14,15,-1,16,1,15,-1,15,1,0,-1,9,0,7,-1,7,0,4,-1,9,11,0,-1,0,11,13,-1,0,13,15,-1,6,5,2,-1,3,17,2,-1,2,17,14,-1,2,14,12,-1,12,10,2,-1,2,10,8,-1,2,8,6,-1,
        ]
    }
}
Shape{
    appearance Appearance {
        material  Material 	{
            diffuseColor 0.7529411764705882 0.7529411764705882 0.7529411764705882
            specularColor 0.3764705882352941 0.3764705882352941 0.3764705882352941
            ambientIntensity 0.2
            transparency 0
            shininess 0.5
        }
    }
    geometry IndexedFaceSet {
        ccw TRUE
        solid FALSE
        coord DEF co Coordinate {
            point [
                -0.42 -0.7805 -0.4114, -0.463 -0.8986 -0.3684, -0.58 -0.7805 -0.4114, -0.537 -0.8986 -0.3684, -0.537 -0.8986 -0.3684
            ]
        }
        coordIndex [
            0,1,2,-1,2,1,3,-1,
        ]
    }
}
Shape{
    appearance Appearance {
        material  Material 	{
            diffuseColor 0.7529411764705882 0.7529411764705882 0.7529411764705882
            specularColor 0.6627450980392157 0.6627450980392157 0.6627450980392157
            ambientIntensity 0.2
            transparency 0
            shininess 0.5
        }
    }
    geometry IndexedFaceSet {
        ccw TRUE
        solid FALSE
        coord DEF co Coordinate {
            point [
                -0.463 -0.8986 -0.3684, -0.463 -0.8986 -0.2944, -0.537 -0.8986 -0.3684, -0.537 -0.8986 -0.2944, -0.537 -0.8986 -0.2944
            ]
        }
        coordIndex [
            0,1,2,-1,2,1,3,-1,
        ]
    }
}
Shape{
    appearance Appearance {
        material  Material 	{
            diffuseColor 0.7529411764705882 0.7529411764705882 0.7529411764705882
            specularColor 0.3764705882352941 0.3764705882352941 0.3764705882352941
            ambientIntensity 0.2
            transparency 0
            shininess 0.5
        }
    }
    geometry IndexedFaceSet {
        ccw TRUE
        solid FALSE
        coord DEF co Coordinate {
            point [
                -0.463 -0.8986 -0.3684, -0.42 -0.7805 -0.4114, -0.463 -0.8986 -0.2944, -0.42 -0.7805 -0.2514, -0.58 -0.7805 -0.4114, -0.537 -0.8986 -0.3684, -0.58 -0.7805 -0.2514, -0.537 -0.8986 -0.2944, -0.537 -0.8986 -0.2944
            ]
        }
        coordIndex [
            0,1,2,-1,2,1,3,-1,4,5,6,-1,6,5,7,-1,
        ]
    }
}
Shape{
    appearance Appearance {
        material  Material 	{
            diffuseColor 0.7529411764705882 0.7529411764705882 0.7529411764705882
            specularColor 0.6627450980392157 0.6627450980392157 0.6627450980392157
            ambientIntensity 0.2
            transparency 0
            shininess 0.5
        }
    }
    geometry IndexedFaceSet {
        ccw TRUE
        solid FALSE
        coord DEF co Coordinate {
            point [
                -0.58 -0.7805 -0.4114, -0.58 -0.2186 -0.4114, -0.42 -0.7805 -0.4114, -0.42 -0.2186 -0.4114, -0.42 -0.2186 -0.4114
            ]
        }
        coordIndex [
            0,1,2,-1,2,1,3,-1,
        ]
    }
}
Shape{
    appearance Appearance {
        material  Material 	{
            diffuseColor 0.7529411764705882 0.7529411764705882 0.7529411764705882
            specularColor 0.3764705882352941 0.3764705882352941 0.3764705882352941
            ambientIntensity 0.2
            transparency 0
            shininess 0.5
        }
    }
    geometry IndexedFaceSet {
        ccw TRUE
        solid FALSE
        coord DEF co Coordinate {
            point [
                -0.58 -0.7805 -0.2514, -0.537 -0.8986 -0.2944, -0.42 -0.7805 -0.2514, -0.463 -0.8986 -0.2944, -0.463 -0.8986 -0.2944
            ]
        }
        coordIndex [
            0,1,2,-1,2,1,3,-1,
        ]
    }
}
Shape{
    appearance Appearance {
        material  Material 	{
            diffuseColor 0.7529411764705882 0.7529411764705882 0.7529411764705882
            specularColor 0.6627450980392157 0.6627450980392157 0.6627450980392157
            ambientIntensity 0.2
            transparency 0
            shininess 0.5
        }
    }
    geometry IndexedFaceSet {
        ccw TRUE
        solid FALSE
        coord DEF co Coordinate {
            point [
                -0.58 -0.4236 -0.2514, -0.58 -0.7805 -0.2514, -0.42 -0.4236 -0.2514, -0.42 -0.7805 -0.2514, -0.58 0.0467 -0.2514, -0.42 0.0467 -0.2514, -0.42 0.0103 -0.3053, -0.58 0.0103 -0.3053, -0.42 -0.0368 -0.35, -0.58 -0.0368 -0.35, -0.42 -0.0924 -0.3836, -0.58 -0.0924 -0.3836, -0.42 -0.154 -0.4044, -0.58 -0.154 -0.4044, -0.42 -0.2186 -0.4114, -0.58 -0.2186 -0.4114, -0.58 -0.7805 -0.4114, -0.42 -0.7805 -0.4114, -0.42 -0.7805 -0.4114
            ]
        }
        coordIndex [
            0,1,2,-1,2,1,3,-1,4,5,6,-1,4,6,7,-1,7,6,8,-1,7,8,9,-1,9,8,10,-1,9,10,11,-1,11,10,12,-1,11,12,13,-1,13,12,14,-1,13,14,15,-1,16,1,15,-1,15,1,0,-1,9,0,7,-1,7,0,4,-1,9,11,0,-1,0,11,13,-1,0,13,15,-1,6,5,2,-1,3,17,2,-1,2,17,14,-1,2,14,12,-1,12,10,2,-1,2,10,8,-1,2,8,6,-1,
        ]
    }
}
Shape{
    appearance Appearance {
        material  Material 	{
            diffuseColor 0.7529411764705882 0.7529411764705882 0.7529411764705882
            specularColor 0.3764705882352941 0.3764705882352941 0.3764705882352941
            ambientIntensity 0.2
            transparency 0
            shininess 0.5
        }
    }
    geometry IndexedFaceSet {
        ccw TRUE
        solid FALSE
        coord DEF co Coordinate {
            point [
                -0.92 -0.7805 -0.4114, -0.963 -0.8986 -0.3684, -1.08 -0.7805 -0.4114, -1.037 -0.8986 -0.3684, -1.037 -0.8986 -0.3684
            ]
        }
        coordIndex [
            0,1,2,-1,2,1,3,-1,
        ]
    }
}
Shape{
    appearance Appearance {
        material  Material 	{
            diffuseColor 0.7529411764705882 0.7529411764705882 0.7529411764705882
            specularColor 0.6627450980392157 0.6627450980392157 0.6627450980392157
            ambientIntensity 0.2
            transparency 0
            shininess 0.5
        }
    }
    geometry IndexedFaceSet {
        ccw TRUE
        solid FALSE
        coord DEF co Coordinate {
            point [
                -0.963 -0.8986 -0.3684, -0.963 -0.8986 -0.2944, -1.037 -0.8986 -0.3684, -1.037 -0.8986 -0.2944, -1.037 -0.8986 -0.2944
            ]
        }
        coordIndex [
            0,1,2,-1,2,1,3,-1,
        ]
    }
}
Shape{
    appearance Appearance {
        material  Material 	{
            diffuseColor 0.7529411764705882 0.7529411764705882 0.7529411764705882
            specularColor 0.3764705882352941 0.3764705882352941 0.3764705882352941
            ambientIntensity 0.2
            transparency 0
            shininess 0.5
        }
    }
    geometry IndexedFaceSet {
        ccw TRUE
        solid FALSE
        coord DEF co Coordinate {
            point [
                -0.963 -0.8986 -0.3684, -0.92 -0.7805 -0.4114, -0.963 -0.8986 -0.2944, -0.92 -0.7805 -0.2514, -1.08 -0.7805 -0.4114, -1.037 -0.8986 -0.3684, -1.08 -0.7805 -0.2514, -1.037 -0.8986 -0.2944, -1.037 -0.8986 -0.2944
            ]
        }
        coordIndex [
            0,1,2,-1,2,1,3,-1,4,5,6,-1,6,5,7,-1,
        ]
    }
}
Shape{
    appearance Appearance {
        material  Material 	{
            diffuseColor 0.7529411764705882 0.7529411764705882 0.7529411764705882
            specularColor 0.6627450980392157 0.6627450980392157 0.6627450980392157
            ambientIntensity 0.2
            transparency 0
            shininess 0.5
        }
    }
    geometry IndexedFaceSet {
        ccw TRUE
        solid FALSE
        coord DEF co Coordinate {
            point [
                -1.08 -0.7805 -0.4114, -1.08 -0.2186 -0.4114, -0.92 -0.7805 -0.4114, -0.92 -0.2186 -0.4114, -0.92 -0.2186 -0.4114
            ]
        }
        coordIndex [
            0,1,2,-1,2,1,3,-1,
        ]
    }
}
Shape{
    appearance Appearance {
        material  Material 	{
            diffuseColor 0.7529411764705882 0.7529411764705882 0.7529411764705882
            specularColor 0.3764705882352941 0.3764705882352941 0.3764705882352941
            ambientIntensity 0.2
            transparency 0
            shininess 0.5
        }
    }
    geometry IndexedFaceSet {
        ccw TRUE
        solid FALSE
        coord DEF co Coordinate {
            point [
                -1.08 -0.7805 -0.2514, -1.037 -0.8986 -0.2944, -0.92 -0.7805 -0.2514, -0.963 -0.8986 -0.2944, -0.963 -0.8986 -0.2944
            ]
        }
        coordIndex [
            0,1,2,-1,2,1,3,-1,
        ]
    }
}
Shape{
    appearance Appearance {
        material  Material 	{
            diffuseColor 0.7529411764705882 0.7529411764705882 0.7529411764705882
            specularColor 0.6627450980392157 0.6627450980392157 0.6627450980392157
            ambientIntensity 0.2
            transparency 0
            shininess 0.5
        }
    }
    geometry IndexedFaceSet {
        ccw TRUE
        solid FALSE
        coord DEF co Coordinate {
            point [
                -1.08 -0.4236 -0.2514, -1.08 -0.7805 -0.2514, -0.92 -0.4236 -0.2514, -0.92 -0.7805 -0.2514, -1.08 0.0467 -0.2514, -0.92 0.0467 -0.2514, -0.92 0.0103 -0.3053, -1.08 0.0103 -0.3053, -0.92 -0.0368 -0.35, -1.08 -0.0368 -0.35, -0.92 -0.0924 -0.3836, -1.08 -0.0924 -0.3836, -0.92 -0.154 -0.4044, -1.08 -0.154 -0.4044, -0.92 -0.2186 -0.4114, -1.08 -0.2186 -0.4114, -1.08 -0.7805 -0.4114, -0.92 -0.7805 -0.4114, -1.463 1.4014 -0.2944, -1.463 1.4014 -0.3684, -1.537 1.4014 -0.2944, -1.537 1.4014 -0.3684, -1.537 1.4014 -0.3684
            ]
        }
        coordIndex [
            0,1,2,-1,2,1,3,-1,4,5,6,-1,4,6,7,-1,7,6,8,-1,7,8,9,-1,9,8,10,-1,9,10,11,-1,11,10,12,-1,11,12,13,-1,13,12,14,-1,13,14,15,-1,16,1,15,-1,15,1,0,-1,9,0,7,-1,7,0,4,-1,9,11,0,-1,0,11,13,-1,0,13,15,-1,6,5,2,-1,3,17,2,-1,2,17,14,-1,2,14,12,-1,12,10,2,-1,2,10,8,-1,2,8,6,-1,18,19,20,-1,20,19,21,-1,
        ]
    }
}
Shape{
    appearance Appearance {
        material  Material 	{
            diffuseColor 0.7529411764705882 0.7529411764705882 0.7529411764705882
            specularColor 0.3764705882352941 0.3764705882352941 0.3764705882352941
            ambientIntensity 0.2
            transparency 0
            shininess 0.5
        }
    }
    geometry IndexedFaceSet {
        ccw TRUE
        solid FALSE
        coord DEF co Coordinate {
            point [
                -1.58 1.2833 -0.4114, -1.537 1.4014 -0.3684, -1.42 1.2833 -0.4114, -1.463 1.4014 -0.3684, -1.463 1.4014 -0.2944, -1.42 1.2833 -0.2514, -1.58 1.2833 -0.2514, -1.537 1.4014 -0.2944, -1.537 1.4014 -0.2944
            ]
        }
        coordIndex [
            0,1,2,-1,2,1,3,-1,4,5,3,-1,3,5,2,-1,6,7,0,-1,0,7,1,-1,5,4,6,-1,6,4,7,-1,
        ]
    }
}
Shape{
    appearance Appearance {
        material  Material 	{
            diffuseColor 0.7529411764705882 0.7529411764705882 0.7529411764705882
            specularColor 0.6627450980392157 0.6627450980392157 0.6627450980392157
            ambientIntensity 0.2
            transparency 0
            shininess 0.5
        }
    }
    geometry IndexedFaceSet {
        ccw TRUE
        solid FALSE
        coord DEF co Coordinate {
            point [
                -1.42 1.2833 -0.4114, -1.42 0.7214 -0.4114, -1.58 1.2833 -0.4114, -1.58 0.7214 -0.4114, -1.42 0.6568 -0.4044, -1.58 0.6568 -0.4044, -1.42 0.5952 -0.3836, -1.58 0.5952 -0.3836, -1.42 0.5396 -0.35, -1.58 0.5396 -0.35, -1.42 0.4924 -0.3053, -1.58 0.4924 -0.3053, -1.42 0.4561 -0.2514, -1.58 0.4561 -0.2514, -1.42 0.9264 -0.2514, -1.42 1.2833 -0.2514, -1.58 0.9264 -0.2514, -1.58 1.2833 -0.2514, -1.58 1.2833 -0.2514
            ]
        }
        coordIndex [
            0,1,2,-1,2,1,3,-1,3,1,4,-1,3,4,5,-1,5,4,6,-1,5,6,7,-1,7,6,8,-1,7,8,9,-1,9,8,10,-1,9,10,11,-1,11,10,12,-1,11,12,13,-1,14,15,16,-1,16,15,17,-1,16,17,2,-1,2,3,16,-1,16,3,5,-1,16,5,7,-1,7,9,16,-1,16,9,11,-1,16,11,13,-1,0,15,1,-1,1,15,14,-1,1,14,4,-1,14,12,10,-1,10,8,14,-1,14,8,6,-1,14,6,4,-1,
        ]
    }
}
Shape{
    appearance Appearance {
        material  Material 	{
            diffuseColor 0.7529411764705882 0.7529411764705882 0.7529411764705882
            specularColor 0.3764705882352941 0.3764705882352941 0.3764705882352941
            ambientIntensity 0.2
            transparency 0
            shininess 0.5
        }
    }
    geometry IndexedFaceSet {
        ccw TRUE
        solid FALSE
        coord DEF co Coordinate {
            point [
                1.537 1.4014 -0.3684, 1.58 1.2833 -0.4114, 1.463 1.4014 -0.3684, 1.42 1.2833 -0.4114, 1.42 1.2833 -0.4114
            ]
        }
        coordIndex [
            0,1,2,-1,2,1,3,-1,
        ]
    }
}
Shape{
    appearance Appearance {
        material  Material 	{
            diffuseColor 0.7529411764705882 0.7529411764705882 0.7529411764705882
            specularColor 0.6627450980392157 0.6627450980392157 0.6627450980392157
            ambientIntensity 0.2
            transparency 0
            shininess 0.5
        }
    }
    geometry IndexedFaceSet {
        ccw TRUE
        solid FALSE
        coord DEF co Coordinate {
            point [
                1.463 1.4014 -0.3684, 1.463 1.4014 -0.2944, 1.537 1.4014 -0.3684, 1.537 1.4014 -0.2944, 1.537 1.4014 -0.2944
            ]
        }
        coordIndex [
            0,1,2,-1,2,1,3,-1,
        ]
    }
}
Shape{
    appearance Appearance {
        material  Material 	{
            diffuseColor 0.7529411764705882 0.7529411764705882 0.7529411764705882
            specularColor 0.3764705882352941 0.3764705882352941 0.3764705882352941
            ambientIntensity 0.2
            transparency 0
            shininess 0.5
        }
    }
    geometry IndexedFaceSet {
        ccw TRUE
        solid FALSE
        coord DEF co Coordinate {
            point [
                1.463 1.4014 -0.3684, 1.42 1.2833 -0.4114, 1.463 1.4014 -0.2944, 1.42 1.2833 -0.2514, 1.58 1.2833 -0.4114, 1.537 1.4014 -0.3684, 1.58 1.2833 -0.2514, 1.537 1.4014 -0.2944, 1.537 1.4014 -0.2944
            ]
        }
        coordIndex [
            0,1,2,-1,2,1,3,-1,4,5,6,-1,6,5,7,-1,
        ]
    }
}
Shape{
    appearance Appearance {
        material  Material 	{
            diffuseColor 0.7529411764705882 0.7529411764705882 0.7529411764705882
            specularColor 0.6627450980392157 0.6627450980392157 0.6627450980392157
            ambientIntensity 0.2
            transparency 0
            shininess 0.5
        }
    }
    geometry IndexedFaceSet {
        ccw TRUE
        solid FALSE
        coord DEF co Coordinate {
            point [
                1.58 1.2833 -0.4114, 1.58 0.7214 -0.4114, 1.42 1.2833 -0.4114, 1.42 0.7214 -0.4114, 1.42 0.7214 -0.4114
            ]
        }
        coordIndex [
            0,1,2,-1,2,1,3,-1,
        ]
    }
}
Shape{
    appearance Appearance {
        material  Material 	{
            diffuseColor 0.7529411764705882 0.7529411764705882 0.7529411764705882
            specularColor 0.3764705882352941 0.3764705882352941 0.3764705882352941
            ambientIntensity 0.2
            transparency 0
            shininess 0.5
        }
    }
    geometry IndexedFaceSet {
        ccw TRUE
        solid FALSE
        coord DEF co Coordinate {
            point [
                1.463 1.4014 -0.2944, 1.42 1.2833 -0.2514, 1.537 1.4014 -0.2944, 1.58 1.2833 -0.2514, 1.58 1.2833 -0.2514
            ]
        }
        coordIndex [
            0,1,2,-1,2,1,3,-1,
        ]
    }
}
Shape{
    appearance Appearance {
        material  Material 	{
            diffuseColor 0.7529411764705882 0.7529411764705882 0.7529411764705882
            specularColor 0.6627450980392157 0.6627450980392157 0.6627450980392157
            ambientIntensity 0.2
            transparency 0
            shininess 0.5
        }
    }
    geometry IndexedFaceSet {
        ccw TRUE
        solid FALSE
        coord DEF co Coordinate {
            point [
                1.58 0.9264 -0.2514, 1.58 1.2833 -0.2514, 1.42 0.9264 -0.2514, 1.42 1.2833 -0.2514, 1.42 0.7214 -0.4114, 1.58 0.7214 -0.4114, 1.58 0.6568 -0.4044, 1.42 0.6568 -0.4044, 1.58 0.5952 -0.3836, 1.42 0.5952 -0.3836, 1.58 0.5396 -0.35, 1.42 0.5396 -0.35, 1.58 0.4924 -0.3053, 1.42 0.4924 -0.3053, 1.58 0.4561 -0.2514, 1.42 0.4561 -0.2514, 1.58 1.2833 -0.4114, 1.42 1.2833 -0.4114, 1.42 1.2833 -0.4114
            ]
        }
        coordIndex [
            0,1,2,-1,2,1,3,-1,4,5,6,-1,4,6,7,-1,7,6,8,-1,7,8,9,-1,9,8,10,-1,9,10,11,-1,11,10,12,-1,11,12,13,-1,13,12,14,-1,13,14,15,-1,16,1,5,-1,5,1,0,-1,5,0,6,-1,0,14,12,-1,12,10,0,-1,0,10,8,-1,0,8,6,-1,2,3,17,-1,17,4,2,-1,2,4,7,-1,2,7,9,-1,9,11,2,-1,2,11,13,-1,2,13,15,-1,
        ]
    }
}
Shape{
    appearance Appearance {
        material  Material 	{
            diffuseColor 1.0 1.0 1.0
            specularColor 0.5019607843137255 0.5019607843137255 0.5019607843137255
            ambientIntensity 0.2
            transparency 0
            shininess 0.5
        }
    }
    geometry IndexedFaceSet {
        ccw TRUE
        solid FALSE
        coord DEF co Coordinate {
            point [
                -1.4501 -0.4275 -0.1099, -1.4501 -0.4275 -0.1141, -1.4501 -0.4236 -0.1099, -1.4501 -0.4236 -0.1141, -1.4649 -0.4275 -0.1099, -1.4649 -0.4236 -0.1099, -1.4649 -0.4275 -0.0771, -1.4649 -0.4236 -0.0771, -1.4697 -0.4275 -0.0771, -1.4697 -0.4236 -0.0771, -1.4697 -0.4275 -0.1141, -1.4697 -0.4236 -0.1141, -1.4209 -0.4236 -0.1126, -1.4209 -0.4275 -0.1126, -1.4224 -0.4236 -0.1132, -1.4251 -0.4275 -0.1141, -1.4251 -0.4236 -0.1141, -1.4311 -0.4275 -0.1148, -1.4311 -0.4236 -0.1148, -1.4209 -0.4275 -0.108, -1.4209 -0.4236 -0.108, -1.4224 -0.4236 -0.1087, -1.4247 -0.4275 -0.1097, -1.4247 -0.4236 -0.1097, -1.4289 -0.4236 -0.1105, -1.4289 -0.4275 -0.1105, -1.4304 -0.4236 -0.1105, -1.4304 -0.4275 -0.1105, -1.4339 -0.4236 -0.1101, -1.4339 -0.4275 -0.1101, -1.4366 -0.4236 -0.1092, -1.4366 -0.4275 -0.1092, -1.4391 -0.4236 -0.1075, -1.4391 -0.4275 -0.1075, -1.44 -0.4236 -0.1066, -1.44 -0.4275 -0.1066, -1.4418 -0.4236 -0.1039, -1.4418 -0.4275 -0.1039, -1.443 -0.4236 -0.1009, -1.443 -0.4275 -0.1009, -1.4436 -0.4236 -0.0964, -1.4436 -0.4275 -0.0964, -1.4436 -0.4236 -0.096, -1.4436 -0.4275 -0.096, -1.443 -0.4236 -0.0909, -1.443 -0.4275 -0.0909, -1.4417 -0.4236 -0.0877, -1.4417 -0.4275 -0.0877, -1.4397 -0.4236 -0.0849, -1.4397 -0.4275 -0.0849, -1.4373 -0.4236 -0.0829, -1.4373 -0.4275 -0.0829, -1.4344 -0.4236 -0.0815, -1.4344 -0.4275 -0.0815, -1.4312 -0.4236 -0.0808, -1.4312 -0.4275 -0.0808, -1.4296 -0.4236 -0.0808, -1.4296 -0.4275 -0.0808, -1.4209 -0.4236 -0.083, -1.4209 -0.4275 -0.083, -1.4215 -0.4275 -0.0827, -1.4252 -0.4236 -0.0813, -1.4252 -0.4275 -0.0813, -1.4224 -0.4236 -0.0823, -1.4215 -0.4236 -0.0827, -1.4209 -0.4275 -0.078, -1.4209 -0.4236 -0.078, -1.4297 -0.4236 -0.0764, -1.4297 -0.4275 -0.0764, -1.4293 -0.4275 -0.0764, -1.4224 -0.4236 -0.0775, -1.4245 -0.4275 -0.0769, -1.4245 -0.4236 -0.0769, -1.4258 -0.4236 -0.0768, -1.4293 -0.4236 -0.0764, -1.4349 -0.4275 -0.0771, -1.4323 -0.4236 -0.0768, -1.4349 -0.4236 -0.0771, -1.4388 -0.4236 -0.0785, -1.4388 -0.4275 -0.0785, -1.4424 -0.4236 -0.081, -1.4424 -0.4275 -0.081, -1.4433 -0.4236 -0.0819, -1.4433 -0.4275 -0.0819, -1.4458 -0.4236 -0.0852, -1.4458 -0.4275 -0.0852, -1.447 -0.4236 -0.0878, -1.4476 -0.4275 -0.0893, -1.4476 -0.4236 -0.0893, -1.4485 -0.4236 -0.0941, -1.4485 -0.4275 -0.0941, -1.4486 -0.4236 -0.0963, -1.4486 -0.4275 -0.0963, -1.448 -0.4236 -0.1019, -1.448 -0.4275 -0.1019, -1.447 -0.4236 -0.1048, -1.4466 -0.4275 -0.1059, -1.4466 -0.4236 -0.1059, -1.4444 -0.4236 -0.1091, -1.4444 -0.4275 -0.1091, -1.4439 -0.4236 -0.1097, -1.4439 -0.4275 -0.1097, -1.4411 -0.4236 -0.1121, -1.4411 -0.4275 -0.1121, -1.4376 -0.4236 -0.1138, -1.4376 -0.4275 -0.1138, -1.4336 -0.4236 -0.1146, -1.4336 -0.4275 -0.1146, -1.3935 -0.4275 -0.1099, -1.3935 -0.4275 -0.1141, -1.3935 -0.4236 -0.1099, -1.3935 -0.4236 -0.1141, -1.4087 -0.4236 -0.1099, -1.4087 -0.4275 -0.1099, -1.3987 -0.4236 -0.1099, -1.4087 -0.4275 -0.0974, -1.4087 -0.4236 -0.0974, -1.3954 -0.4275 -0.0974, -1.3987 -0.4236 -0.0974, -1.3954 -0.4236 -0.0974, -1.3954 -0.4275 -0.0932, -1.3954 -0.4236 -0.0932, -1.4087 -0.4236 -0.0932, -1.4087 -0.4275 -0.0932, -1.3987 -0.4236 -0.0932, -1.4087 -0.4275 -0.0813, -1.4087 -0.4236 -0.0813, -1.3944 -0.4275 -0.0813, -1.3987 -0.4236 -0.0813, -1.3944 -0.4236 -0.0813, -1.3944 -0.4275 -0.0771, -1.3944 -0.4236 -0.0771, -1.4134 -0.4236 -0.0771, -1.4134 -0.4275 -0.0771, -1.3987 -0.4236 -0.0771, -1.4134 -0.4275 -0.1141, -1.4134 -0.4236 -0.1141, -1.3987 -0.4236 -0.1141, -1.3615 -0.4275 -0.0974, -1.3565 -0.4275 -0.0978, -1.3614 -0.4275 -0.0953, -1.3563 -0.4275 -0.0951, -1.3618 -0.4275 -0.091, -1.3569 -0.4275 -0.09, -1.3628 -0.4275 -0.0882, -1.3583 -0.4275 -0.0865, -1.3642 -0.4275 -0.0861, -1.3606 -0.4275 -0.0833, -1.3654 -0.4275 -0.0848, -1.3619 -0.4275 -0.082, -1.3683 -0.4275 -0.083, -1.3659 -0.4275 -0.0793, -1.3715 -0.4275 -0.0818, -1.3704 -0.4275 -0.0777, -1.3761 -0.4275 -0.0813, -1.3759 -0.4275 -0.0771, -1.3817 -0.4275 -0.0813, -1.3865 -0.4275 -0.0771, -1.3817 -0.4275 -0.1099, -1.3865 -0.4275 -0.1141, -1.3763 -0.4275 -0.1099, -1.3763 -0.4275 -0.1141, -1.3712 -0.4275 -0.1093, -1.3706 -0.4275 -0.1135, -1.3681 -0.4275 -0.1081, -1.3663 -0.4275 -0.112, -1.3657 -0.4275 -0.1064, -1.3626 -0.4275 -0.1096, -1.3653 -0.4275 -0.106, -1.3619 -0.4275 -0.1089, -1.3634 -0.4275 -0.1036, -1.3593 -0.4275 -0.1059, -1.3621 -0.4275 -0.1008, -1.3574 -0.4275 -0.1021, -1.3763 -0.4236 -0.1141, -1.3865 -0.4236 -0.1141, -1.3706 -0.4236 -0.1135, -1.3663 -0.4236 -0.112, -1.3626 -0.4236 -0.1096, -1.3619 -0.4236 -0.1089, -1.3593 -0.4236 -0.1059, -1.3574 -0.4236 -0.1021, -1.3565 -0.4236 -0.0978, -1.3563 -0.4236 -0.0951, -1.3569 -0.4236 -0.09, -1.3583 -0.4236 -0.0865, -1.3606 -0.4236 -0.0833, -1.3619 -0.4236 -0.082, -1.3659 -0.4236 -0.0793, -1.3704 -0.4236 -0.0777, -1.3759 -0.4236 -0.0771, -1.3865 -0.4236 -0.0771, -1.3761 -0.4236 -0.0813, -1.3817 -0.4236 -0.0813, -1.3817 -0.4236 -0.1099, -1.3763 -0.4236 -0.1099, -1.3653 -0.4236 -0.106, -1.3657 -0.4236 -0.1064, -1.3681 -0.4236 -0.1081, -1.3712 -0.4236 -0.1093, -1.3614 -0.4236 -0.0953, -1.3615 -0.4236 -0.0974, -1.3621 -0.4236 -0.1008, -1.3634 -0.4236 -0.1036, -1.3654 -0.4236 -0.0848, -1.3642 -0.4236 -0.0861, -1.3628 -0.4236 -0.0882, -1.3618 -0.4236 -0.091, -1.3715 -0.4236 -0.0818, -1.3683 -0.4236 -0.083, -1.3683 -0.4236 -0.083
            ]
        }
        coordIndex [
            0,1,2,-1,2,1,3,-1,4,0,5,-1,5,0,2,-1,6,4,7,-1,7,4,5,-1,8,6,9,-1,9,6,7,-1,10,8,11,-1,11,8,9,-1,1,10,3,-1,3,10,11,-1,6,8,4,-1,4,8,10,-1,4,10,0,-1,0,10,1,-1,12,13,14,-1,14,13,15,-1,14,15,16,-1,16,15,17,-1,16,17,18,-1,19,13,20,-1,20,13,12,-1,19,20,21,-1,19,21,22,-1,21,23,22,-1,22,23,24,-1,22,24,25,-1,25,24,26,-1,25,26,27,-1,27,26,28,-1,27,28,29,-1,29,28,30,-1,29,30,31,-1,31,30,32,-1,31,32,33,-1,33,32,34,-1,33,34,35,-1,35,34,36,-1,35,36,37,-1,37,36,38,-1,37,38,39,-1,39,38,40,-1,39,40,41,-1,41,40,42,-1,41,42,43,-1,43,42,44,-1,43,44,45,-1,45,44,46,-1,45,46,47,-1,47,46,48,-1,47,48,49,-1,49,48,50,-1,49,50,51,-1,51,50,52,-1,51,52,53,-1,53,52,54,-1,53,54,55,-1,55,54,56,-1,55,56,57,-1,58,59,60,-1,57,56,61,-1,57,61,62,-1,62,61,63,-1,62,63,60,-1,60,63,64,-1,60,64,58,-1,65,59,66,-1,66,59,58,-1,67,68,69,-1,65,66,70,-1,65,70,71,-1,70,72,71,-1,71,72,73,-1,71,73,69,-1,69,73,74,-1,69,74,67,-1,68,67,75,-1,75,67,76,-1,76,77,75,-1,75,77,78,-1,75,78,79,-1,79,78,80,-1,79,80,81,-1,81,80,82,-1,81,82,83,-1,83,82,84,-1,83,84,85,-1,85,84,86,-1,85,86,87,-1,86,88,87,-1,87,88,89,-1,87,89,90,-1,90,89,91,-1,90,91,92,-1,92,91,93,-1,92,93,94,-1,94,93,95,-1,94,95,96,-1,95,97,96,-1,96,97,98,-1,96,98,99,-1,99,98,100,-1,99,100,101,-1,101,100,102,-1,101,102,103,-1,103,102,104,-1,103,104,105,-1,105,104,106,-1,105,106,107,-1,107,106,18,-1,107,18,17,-1,60,59,65,-1,37,39,94,-1,94,39,92,-1,51,81,49,-1,49,81,83,-1,49,83,47,-1,47,83,85,-1,47,85,45,-1,85,87,45,-1,45,87,90,-1,45,90,43,-1,43,90,92,-1,43,92,41,-1,41,92,39,-1,13,19,15,-1,15,19,22,-1,15,22,17,-1,94,96,37,-1,37,96,99,-1,37,99,35,-1,35,99,101,-1,35,101,33,-1,33,101,103,-1,33,103,31,-1,31,103,105,-1,31,105,29,-1,29,105,107,-1,29,107,27,-1,27,107,17,-1,27,17,25,-1,25,17,22,-1,60,65,62,-1,62,65,71,-1,62,71,57,-1,57,71,69,-1,57,69,55,-1,55,69,68,-1,55,68,53,-1,53,68,75,-1,53,75,51,-1,51,75,79,-1,51,79,81,-1,108,109,110,-1,110,109,111,-1,112,113,114,-1,114,113,108,-1,114,108,110,-1,115,113,116,-1,116,113,112,-1,115,116,117,-1,117,116,118,-1,117,118,119,-1,120,117,121,-1,121,117,119,-1,122,123,124,-1,124,123,120,-1,124,120,121,-1,125,123,126,-1,126,123,122,-1,125,126,127,-1,127,126,128,-1,127,128,129,-1,130,127,131,-1,131,127,129,-1,132,133,134,-1,134,133,130,-1,134,130,131,-1,135,133,136,-1,136,133,132,-1,135,136,109,-1,109,136,137,-1,109,137,111,-1,135,109,108,-1,108,113,135,-1,135,113,115,-1,135,115,133,-1,127,130,125,-1,125,130,133,-1,125,133,123,-1,123,133,115,-1,123,115,120,-1,120,115,117,-1,138,139,140,-1,140,139,141,-1,140,141,142,-1,142,141,143,-1,142,143,144,-1,144,143,145,-1,144,145,146,-1,146,145,147,-1,146,147,148,-1,148,147,149,-1,148,149,150,-1,150,149,151,-1,150,151,152,-1,152,151,153,-1,152,153,154,-1,154,153,155,-1,154,155,156,-1,156,155,157,-1,156,157,158,-1,158,157,159,-1,158,159,160,-1,160,159,161,-1,160,161,162,-1,162,161,163,-1,162,163,164,-1,164,163,165,-1,164,165,166,-1,166,165,167,-1,166,167,168,-1,168,167,169,-1,168,169,170,-1,170,169,171,-1,170,171,172,-1,172,171,173,-1,172,173,138,-1,138,173,139,-1,161,159,174,-1,174,159,175,-1,161,174,176,-1,161,176,163,-1,163,176,177,-1,163,177,165,-1,165,177,178,-1,165,178,167,-1,167,178,179,-1,167,179,169,-1,169,179,180,-1,169,180,171,-1,171,180,181,-1,171,181,173,-1,173,181,182,-1,173,182,139,-1,139,182,183,-1,139,183,141,-1,141,183,184,-1,141,184,143,-1,143,184,185,-1,143,185,145,-1,145,185,186,-1,145,186,147,-1,147,186,187,-1,147,187,149,-1,149,187,188,-1,149,188,151,-1,151,188,189,-1,151,189,153,-1,153,189,190,-1,153,190,155,-1,157,155,191,-1,191,155,190,-1,159,157,175,-1,175,157,191,-1,154,156,192,-1,192,156,193,-1,156,158,193,-1,193,158,194,-1,158,160,194,-1,194,160,195,-1,168,196,197,-1,168,197,166,-1,166,197,198,-1,166,198,164,-1,164,198,199,-1,164,199,162,-1,162,199,195,-1,162,195,160,-1,140,200,201,-1,140,201,138,-1,138,201,202,-1,138,202,172,-1,172,202,203,-1,172,203,170,-1,170,203,196,-1,170,196,168,-1,148,204,205,-1,148,205,146,-1,146,205,206,-1,146,206,144,-1,144,206,207,-1,144,207,142,-1,142,207,200,-1,142,200,140,-1,154,192,208,-1,154,208,152,-1,152,208,209,-1,152,209,150,-1,150,209,204,-1,150,204,148,-1,
        ]
    }
}
Shape{
    appearance Appearance {
        material  Material 	{
            diffuseColor 0.25098039215686274 0.25098039215686274 0.25098039215686274
            specularColor 0.2196078431372549 0.2196078431372549 0.2196078431372549
            ambientIntensity 0.2
            transparency 0
            shininess 0.5
        }
    }
    geometry IndexedFaceSet {
        ccw TRUE
        solid FALSE
        coord DEF co Coordinate {
            point [
                -1.3817 -0.4236 -0.0813, -1.3817 -0.4236 -0.1099, -1.3761 -0.4236 -0.0813, -1.3763 -0.4236 -0.1099, -1.3657 -0.4236 -0.1064, -1.3653 -0.4236 -0.106, -1.3712 -0.4236 -0.1093, -1.3681 -0.4236 -0.1081, -1.3634 -0.4236 -0.1036, -1.3621 -0.4236 -0.1008, -1.3615 -0.4236 -0.0974, -1.3614 -0.4236 -0.0953, -1.3618 -0.4236 -0.091, -1.3628 -0.4236 -0.0882, -1.3642 -0.4236 -0.0861, -1.3654 -0.4236 -0.0848, -1.3715 -0.4236 -0.0818, -1.3683 -0.4236 -0.083, -1.3683 -0.4236 -0.083
            ]
        }
        coordIndex [
            0,1,2,-1,2,1,3,-1,2,4,5,-1,3,6,2,-1,2,6,7,-1,2,7,4,-1,5,8,2,-1,2,8,9,-1,2,9,10,-1,10,11,2,-1,2,11,12,-1,2,12,13,-1,13,14,2,-1,2,14,15,-1,2,15,16,-1,16,15,17,-1,
        ]
    }
}
Shape{
    appearance Appearance {
        material  Material 	{
            diffuseColor 1.0 1.0 1.0
            specularColor 0.5019607843137255 0.5019607843137255 0.5019607843137255
            ambientIntensity 0.2
            transparency 0
            shininess 0.5
        }
    }
    geometry IndexedFaceSet {
        ccw TRUE
        solid FALSE
        coord DEF co Coordinate {
            point [
                -1.3439 -0.4275 -0.0998, -1.3454 -0.4275 -0.104, -1.3315 -0.4275 -0.0998, -1.33 -0.4275 -0.104, -1.3384 -0.4275 -0.0844, -1.3402 -0.4275 -0.0771, -1.3543 -0.4275 -0.1141, -1.349 -0.4275 -0.1141, -1.338 -0.4275 -0.0833, -1.3378 -0.4275 -0.0818, -1.335 -0.4275 -0.0771, -1.3376 -0.4275 -0.0818, -1.3373 -0.4275 -0.0834, -1.3371 -0.4275 -0.0844, -1.3209 -0.4275 -0.1141, -1.3262 -0.4275 -0.1141, -1.335 -0.4236 -0.0771, -1.3209 -0.4236 -0.1141, -1.3402 -0.4236 -0.0771, -1.3543 -0.4236 -0.1141, -1.3436 -0.4236 -0.0861, -1.349 -0.4236 -0.1141, -1.3454 -0.4236 -0.104, -1.33 -0.4236 -0.104, -1.3436 -0.4236 -0.104, -1.3262 -0.4236 -0.1141, -1.3439 -0.4236 -0.0998, -1.3315 -0.4236 -0.0998, -1.3371 -0.4236 -0.0844, -1.3376 -0.4236 -0.0818, -1.3373 -0.4236 -0.0834, -1.3378 -0.4236 -0.0818, -1.3384 -0.4236 -0.0844, -1.338 -0.4236 -0.0833, -1.338 -0.4236 -0.0833
            ]
        }
        coordIndex [
            0,1,2,-1,2,1,3,-1,4,5,0,-1,0,5,6,-1,0,6,1,-1,1,6,7,-1,4,8,5,-1,5,8,9,-1,5,9,10,-1,10,9,11,-1,10,11,12,-1,12,13,10,-1,10,13,2,-1,10,2,14,-1,14,2,3,-1,14,3,15,-1,10,14,16,-1,16,14,17,-1,5,10,18,-1,18,10,16,-1,19,6,20,-1,20,6,5,-1,20,5,18,-1,7,6,21,-1,21,6,19,-1,1,7,22,-1,22,7,21,-1,23,3,24,-1,24,3,1,-1,24,1,22,-1,15,3,25,-1,25,3,23,-1,14,15,17,-1,17,15,25,-1,0,2,26,-1,26,2,27,-1,2,13,27,-1,27,13,28,-1,11,29,30,-1,11,30,12,-1,12,30,28,-1,12,28,13,-1,11,9,29,-1,29,9,31,-1,4,32,33,-1,4,33,8,-1,8,33,31,-1,8,31,9,-1,4,0,32,-1,32,0,26,-1,
        ]
    }
}
Shape{
    appearance Appearance {
        material  Material 	{
            diffuseColor 0.25098039215686274 0.25098039215686274 0.25098039215686274
            specularColor 0.2196078431372549 0.2196078431372549 0.2196078431372549
            ambientIntensity 0.2
            transparency 0
            shininess 0.5
        }
    }
    geometry IndexedFaceSet {
        ccw TRUE
        solid FALSE
        coord DEF co Coordinate {
            point [
                -1.3376 -0.4236 -0.0818, -1.3378 -0.4236 -0.0818, -1.3373 -0.4236 -0.0834, -1.338 -0.4236 -0.0833, -1.3371 -0.4236 -0.0844, -1.3384 -0.4236 -0.0844, -1.3315 -0.4236 -0.0998, -1.3439 -0.4236 -0.0998, -1.3439 -0.4236 -0.0998
            ]
        }
        coordIndex [
            0,1,2,-1,2,1,3,-1,2,3,4,-1,4,3,5,-1,4,5,6,-1,6,5,7,-1,
        ]
    }
}
Shape{
    appearance Appearance {
        material  Material 	{
            diffuseColor 1.0 1.0 1.0
            specularColor 0.5019607843137255 0.5019607843137255 0.5019607843137255
            ambientIntensity 0.2
            transparency 0
            shininess 0.5
        }
    }
    geometry IndexedFaceSet {
        ccw TRUE
        solid FALSE
        coord DEF co Coordinate {
            point [
                -1.4497 -0.4275 -0.1687, -1.4497 -0.4275 -0.1729, -1.4497 -0.4236 -0.1687, -1.4497 -0.4236 -0.1729, -1.4649 -0.4275 -0.1687, -1.4649 -0.4236 -0.1687, -1.4649 -0.4275 -0.1563, -1.4649 -0.4236 -0.1563, -1.4516 -0.4275 -0.1563, -1.4516 -0.4236 -0.1563, -1.4516 -0.4275 -0.152, -1.4516 -0.4236 -0.152, -1.4649 -0.4275 -0.152, -1.4649 -0.4236 -0.152, -1.4649 -0.4275 -0.1401, -1.4649 -0.4236 -0.1401, -1.4506 -0.4275 -0.1401, -1.4506 -0.4236 -0.1401, -1.4506 -0.4275 -0.1359, -1.4506 -0.4236 -0.1359, -1.4697 -0.4275 -0.1359, -1.4697 -0.4236 -0.1359, -1.4697 -0.4275 -0.1729, -1.4697 -0.4236 -0.1729, -1.4288 -0.4275 -0.1689, -1.4287 -0.4275 -0.1689, -1.429 -0.4275 -0.1646, -1.44 -0.4275 -0.1581, -1.442 -0.4275 -0.1591, -1.4394 -0.4275 -0.1621, -1.4287 -0.4275 -0.1625, -1.424 -0.4275 -0.1559, -1.4287 -0.4275 -0.1622, -1.4287 -0.4275 -0.1597, -1.4287 -0.4275 -0.1729, -1.424 -0.4275 -0.1729, -1.4297 -0.4275 -0.1662, -1.4307 -0.4275 -0.1676, -1.4295 -0.4275 -0.17, -1.4312 -0.4275 -0.1682, -1.431 -0.4275 -0.1715, -1.4326 -0.4275 -0.1691, -1.4326 -0.4275 -0.1726, -1.434 -0.4275 -0.1696, -1.4345 -0.4275 -0.1733, -1.4357 -0.4275 -0.1698, -1.4369 -0.4275 -0.1736, -1.4373 -0.4275 -0.1696, -1.4397 -0.4275 -0.1732, -1.4383 -0.4275 -0.1692, -1.4415 -0.4275 -0.1726, -1.4393 -0.4275 -0.1686, -1.443 -0.4275 -0.1715, -1.4396 -0.4275 -0.1682, -1.4399 -0.4275 -0.1628, -1.4434 -0.4275 -0.1603, -1.4403 -0.4275 -0.1637, -1.4443 -0.4275 -0.1616, -1.4406 -0.4275 -0.1647, -1.4387 -0.4275 -0.1616, -1.4376 -0.4275 -0.1611, -1.4365 -0.4275 -0.1572, -1.4349 -0.4275 -0.1605, -1.4287 -0.4275 -0.1561, -1.4427 -0.4275 -0.1483, -1.4427 -0.4275 -0.1528, -1.4415 -0.4275 -0.1476, -1.4397 -0.4275 -0.1509, -1.438 -0.4275 -0.1464, -1.4368 -0.4275 -0.1499, -1.4336 -0.4275 -0.1459, -1.434 -0.4275 -0.1496, -1.4308 -0.4275 -0.1461, -1.4325 -0.4275 -0.1498, -1.4288 -0.4275 -0.1467, -1.4314 -0.4275 -0.1502, -1.4273 -0.4275 -0.1476, -1.4306 -0.4275 -0.1507, -1.4261 -0.4275 -0.1488, -1.4299 -0.4275 -0.1515, -1.4251 -0.4275 -0.1503, -1.4293 -0.4275 -0.1524, -1.4244 -0.4275 -0.1524, -1.4288 -0.4275 -0.1541, -1.445 -0.4275 -0.1632, -1.4453 -0.4275 -0.1652, -1.4406 -0.4275 -0.1655, -1.4453 -0.4275 -0.1659, -1.4405 -0.4275 -0.1665, -1.4451 -0.4275 -0.168, -1.4402 -0.4275 -0.1674, -1.4445 -0.4275 -0.1695, -1.4436 -0.4275 -0.171, -1.4336 -0.4236 -0.1459, -1.438 -0.4236 -0.1464, -1.4415 -0.4236 -0.1476, -1.4427 -0.4236 -0.1483, -1.4427 -0.4236 -0.1528, -1.4397 -0.4236 -0.1509, -1.4368 -0.4236 -0.1499, -1.434 -0.4236 -0.1496, -1.4325 -0.4236 -0.1498, -1.4314 -0.4236 -0.1502, -1.4306 -0.4236 -0.1507, -1.4299 -0.4236 -0.1515, -1.4293 -0.4236 -0.1524, -1.4288 -0.4236 -0.1541, -1.4287 -0.4236 -0.1561, -1.4365 -0.4236 -0.1572, -1.44 -0.4236 -0.1581, -1.442 -0.4236 -0.1591, -1.4434 -0.4236 -0.1603, -1.4443 -0.4236 -0.1616, -1.445 -0.4236 -0.1632, -1.4453 -0.4236 -0.1652, -1.4453 -0.4236 -0.1659, -1.4451 -0.4236 -0.168, -1.4445 -0.4236 -0.1695, -1.4436 -0.4236 -0.171, -1.443 -0.4236 -0.1715, -1.4369 -0.4236 -0.1736, -1.4396 -0.4236 -0.1733, -1.4397 -0.4236 -0.1732, -1.4415 -0.4236 -0.1726, -1.4345 -0.4236 -0.1733, -1.4344 -0.4236 -0.1733, -1.4326 -0.4236 -0.1726, -1.431 -0.4236 -0.1715, -1.4295 -0.4236 -0.17, -1.4288 -0.4236 -0.1689, -1.4287 -0.4236 -0.1689, -1.4287 -0.4236 -0.1729, -1.424 -0.4236 -0.1729, -1.424 -0.4236 -0.1559, -1.4244 -0.4236 -0.1524, -1.4251 -0.4236 -0.1503, -1.4261 -0.4236 -0.1488, -1.4273 -0.4236 -0.1476, -1.4288 -0.4236 -0.1467, -1.4308 -0.4236 -0.1461, -1.4394 -0.4236 -0.1621, -1.4387 -0.4236 -0.1616, -1.4376 -0.4236 -0.1611, -1.4349 -0.4236 -0.1605, -1.4406 -0.4236 -0.1655, -1.4406 -0.4236 -0.1647, -1.4403 -0.4236 -0.1637, -1.4399 -0.4236 -0.1628, -1.4393 -0.4236 -0.1686, -1.4396 -0.4236 -0.1682, -1.4402 -0.4236 -0.1674, -1.4405 -0.4236 -0.1665, -1.4357 -0.4236 -0.1698, -1.4373 -0.4236 -0.1696, -1.4383 -0.4236 -0.1692, -1.4307 -0.4236 -0.1676, -1.4312 -0.4236 -0.1682, -1.4326 -0.4236 -0.1691, -1.434 -0.4236 -0.1696, -1.4287 -0.4236 -0.1622, -1.4287 -0.4236 -0.1625, -1.429 -0.4236 -0.1646, -1.4297 -0.4236 -0.1662, -1.4287 -0.4236 -0.1597, -1.4287 -0.4236 -0.1597
            ]
        }
        coordIndex [
            0,1,2,-1,2,1,3,-1,4,0,5,-1,5,0,2,-1,6,4,7,-1,7,4,5,-1,8,6,9,-1,9,6,7,-1,10,8,11,-1,11,8,9,-1,12,10,13,-1,13,10,11,-1,14,12,15,-1,15,12,13,-1,16,14,17,-1,17,14,15,-1,18,16,19,-1,19,16,17,-1,20,18,21,-1,21,18,19,-1,22,20,23,-1,23,20,21,-1,1,22,3,-1,3,22,23,-1,22,1,0,-1,0,4,22,-1,22,4,6,-1,22,6,20,-1,16,18,14,-1,14,18,20,-1,14,20,12,-1,12,20,6,-1,12,6,10,-1,10,6,8,-1,24,25,26,-1,27,28,29,-1,30,31,32,-1,32,31,33,-1,34,35,25,-1,25,35,31,-1,25,31,26,-1,26,31,30,-1,26,36,24,-1,24,36,37,-1,24,37,38,-1,38,37,39,-1,38,39,40,-1,40,39,41,-1,40,41,42,-1,42,41,43,-1,42,43,44,-1,44,43,45,-1,44,45,46,-1,46,45,47,-1,46,47,48,-1,48,47,49,-1,48,49,50,-1,50,49,51,-1,50,51,52,-1,52,51,53,-1,29,28,54,-1,54,28,55,-1,54,55,56,-1,56,55,57,-1,56,57,58,-1,29,59,27,-1,27,59,60,-1,27,60,61,-1,61,60,62,-1,61,62,63,-1,64,65,66,-1,66,65,67,-1,66,67,68,-1,68,67,69,-1,68,69,70,-1,70,69,71,-1,70,71,72,-1,72,71,73,-1,72,73,74,-1,74,73,75,-1,74,75,76,-1,76,75,77,-1,76,77,78,-1,78,77,79,-1,78,79,80,-1,80,79,81,-1,80,81,82,-1,82,81,83,-1,82,83,31,-1,31,83,63,-1,31,63,33,-1,33,63,62,-1,57,84,58,-1,58,84,85,-1,58,85,86,-1,86,85,87,-1,86,87,88,-1,88,87,89,-1,88,89,90,-1,90,89,91,-1,90,91,53,-1,53,91,92,-1,53,92,52,-1,70,93,94,-1,70,94,68,-1,68,94,95,-1,68,95,66,-1,66,95,96,-1,66,96,64,-1,65,64,97,-1,97,64,96,-1,65,97,98,-1,65,98,67,-1,67,98,99,-1,67,99,69,-1,69,99,100,-1,69,100,71,-1,71,100,101,-1,71,101,73,-1,73,101,102,-1,73,102,75,-1,75,102,103,-1,75,103,77,-1,77,103,104,-1,77,104,79,-1,79,104,105,-1,79,105,81,-1,81,105,106,-1,81,106,83,-1,83,106,107,-1,83,107,63,-1,61,63,108,-1,108,63,107,-1,61,108,109,-1,61,109,27,-1,27,109,110,-1,27,110,28,-1,28,110,111,-1,28,111,55,-1,55,111,112,-1,55,112,57,-1,57,112,113,-1,57,113,84,-1,84,113,114,-1,84,114,85,-1,85,114,115,-1,85,115,87,-1,87,115,116,-1,87,116,89,-1,89,116,117,-1,89,117,91,-1,91,117,118,-1,91,118,92,-1,92,118,119,-1,92,119,52,-1,120,46,121,-1,121,46,48,-1,121,48,122,-1,122,48,50,-1,122,50,123,-1,123,50,52,-1,123,52,119,-1,46,120,124,-1,46,124,44,-1,44,124,125,-1,44,125,42,-1,125,126,42,-1,42,126,127,-1,42,127,40,-1,40,127,128,-1,40,128,38,-1,38,128,129,-1,38,129,24,-1,25,24,130,-1,130,24,129,-1,34,25,131,-1,131,25,130,-1,35,34,132,-1,132,34,131,-1,31,35,133,-1,133,35,132,-1,31,133,134,-1,31,134,82,-1,82,134,135,-1,82,135,80,-1,80,135,136,-1,80,136,78,-1,78,136,137,-1,78,137,76,-1,76,137,138,-1,76,138,74,-1,74,138,139,-1,74,139,72,-1,72,139,93,-1,72,93,70,-1,29,140,141,-1,29,141,59,-1,59,141,142,-1,59,142,60,-1,60,142,143,-1,60,143,62,-1,86,144,145,-1,86,145,58,-1,58,145,146,-1,58,146,56,-1,56,146,147,-1,56,147,54,-1,54,147,140,-1,54,140,29,-1,51,148,149,-1,51,149,53,-1,53,149,150,-1,53,150,90,-1,90,150,151,-1,90,151,88,-1,88,151,144,-1,88,144,86,-1,45,152,153,-1,45,153,47,-1,47,153,154,-1,47,154,49,-1,49,154,148,-1,49,148,51,-1,37,155,156,-1,37,156,39,-1,39,156,157,-1,39,157,41,-1,41,157,158,-1,41,158,43,-1,43,158,152,-1,43,152,45,-1,32,159,160,-1,32,160,30,-1,30,160,161,-1,30,161,26,-1,26,161,162,-1,26,162,36,-1,36,162,155,-1,36,155,37,-1,32,33,159,-1,159,33,163,-1,33,62,163,-1,163,62,143,-1,
        ]
    }
}
Shape{
    appearance Appearance {
        material  Material 	{
            diffuseColor 0.25098039215686274 0.25098039215686274 0.25098039215686274
            specularColor 0.2196078431372549 0.2196078431372549 0.2196078431372549
            ambientIntensity 0.2
            transparency 0
            shininess 0.5
        }
    }
    geometry IndexedFaceSet {
        ccw TRUE
        solid FALSE
        coord DEF co Coordinate {
            point [
                -1.4287 -0.4236 -0.1597, -1.4349 -0.4236 -0.1605, -1.4287 -0.4236 -0.1622, -1.4376 -0.4236 -0.1611, -1.4387 -0.4236 -0.1616, -1.4394 -0.4236 -0.1621, -1.4287 -0.4236 -0.1625, -1.429 -0.4236 -0.1646, -1.4399 -0.4236 -0.1628, -1.4297 -0.4236 -0.1662, -1.4396 -0.4236 -0.1682, -1.4393 -0.4236 -0.1686, -1.4312 -0.4236 -0.1682, -1.4402 -0.4236 -0.1674, -1.4326 -0.4236 -0.1691, -1.434 -0.4236 -0.1696, -1.4357 -0.4236 -0.1698, -1.4403 -0.4236 -0.1637, -1.4406 -0.4236 -0.1647, -1.4307 -0.4236 -0.1676, -1.4406 -0.4236 -0.1655, -1.4405 -0.4236 -0.1665, -1.4383 -0.4236 -0.1692, -1.4373 -0.4236 -0.1696, -1.4373 -0.4236 -0.1696
            ]
        }
        coordIndex [
            0,1,2,-1,2,1,3,-1,3,4,2,-1,2,4,5,-1,2,5,6,-1,6,5,7,-1,7,5,8,-1,7,8,9,-1,10,11,12,-1,10,12,13,-1,14,12,15,-1,15,12,16,-1,8,17,9,-1,9,17,18,-1,9,18,19,-1,19,18,20,-1,19,20,12,-1,12,20,21,-1,12,21,13,-1,11,22,12,-1,12,22,23,-1,12,23,16,-1,
        ]
    }
}
Shape{
    appearance Appearance {
        material  Material 	{
            diffuseColor 1.0 1.0 1.0
            specularColor 0.5019607843137255 0.5019607843137255 0.5019607843137255
            ambientIntensity 0.2
            transparency 0
            shininess 0.5
        }
    }
    geometry IndexedFaceSet {
        ccw TRUE
        solid FALSE
        coord DEF co Coordinate {
            point [
                -1.4177 -0.4236 -0.1672, -1.4177 -0.4275 -0.1672, -1.4159 -0.4275 -0.1683, -1.4101 -0.4275 -0.1698, -1.4101 -0.4236 -0.1698, -1.413 -0.4236 -0.1694, -1.413 -0.4275 -0.1694, -1.4156 -0.4236 -0.1685, -1.4159 -0.4236 -0.1683, -1.4177 -0.4275 -0.172, -1.4177 -0.4236 -0.172, -1.4156 -0.4236 -0.1728, -1.4144 -0.4275 -0.1732, -1.4106 -0.4236 -0.1736, -1.4106 -0.4275 -0.1736, -1.4136 -0.4236 -0.1733, -1.4144 -0.4236 -0.1732, -1.4076 -0.4236 -0.1733, -1.4067 -0.4275 -0.1732, -1.4067 -0.4236 -0.1732, -1.4042 -0.4236 -0.1723, -1.4042 -0.4275 -0.1723, -1.4028 -0.4236 -0.1715, -1.4028 -0.4275 -0.1715, -1.4015 -0.4236 -0.1703, -1.4015 -0.4275 -0.1703, -1.4007 -0.4236 -0.1691, -1.4007 -0.4275 -0.1691, -1.4001 -0.4236 -0.1676, -1.4001 -0.4275 -0.1676, -1.3999 -0.4236 -0.1657, -1.3999 -0.4275 -0.1657, -1.4001 -0.4236 -0.164, -1.4001 -0.4275 -0.164, -1.4005 -0.4236 -0.1626, -1.4005 -0.4275 -0.1626, -1.4014 -0.4236 -0.1614, -1.4014 -0.4275 -0.1614, -1.4025 -0.4236 -0.1604, -1.4025 -0.4275 -0.1604, -1.4056 -0.4236 -0.1587, -1.4056 -0.4275 -0.1587, -1.4074 -0.4236 -0.1579, -1.4074 -0.4275 -0.1579, -1.4103 -0.4236 -0.1567, -1.4103 -0.4275 -0.1567, -1.4119 -0.4236 -0.1557, -1.4119 -0.4275 -0.1557, -1.4124 -0.4236 -0.1552, -1.4124 -0.4275 -0.1552, -1.4127 -0.4236 -0.1545, -1.4127 -0.4275 -0.1545, -1.4129 -0.4236 -0.1538, -1.4129 -0.4275 -0.1538, -1.4129 -0.4236 -0.1532, -1.4129 -0.4275 -0.1532, -1.4128 -0.4236 -0.1525, -1.4128 -0.4275 -0.1525, -1.4126 -0.4236 -0.1518, -1.4126 -0.4275 -0.1518, -1.4122 -0.4236 -0.1512, -1.4122 -0.4275 -0.1512, -1.4115 -0.4236 -0.1506, -1.4115 -0.4275 -0.1506, -1.4105 -0.4236 -0.1501, -1.4105 -0.4275 -0.1501, -1.4092 -0.4236 -0.1497, -1.4092 -0.4275 -0.1497, -1.4079 -0.4236 -0.1496, -1.4079 -0.4275 -0.1496, -1.4048 -0.4236 -0.15, -1.4048 -0.4275 -0.15, -1.4022 -0.4236 -0.1509, -1.4022 -0.4275 -0.1509, -1.4011 -0.4236 -0.1516, -1.4011 -0.4275 -0.1516, -1.4011 -0.4275 -0.147, -1.4011 -0.4236 -0.147, -1.4048 -0.4236 -0.146, -1.4048 -0.4275 -0.146, -1.4074 -0.4236 -0.1459, -1.4074 -0.4275 -0.1459, -1.4108 -0.4236 -0.1462, -1.4108 -0.4275 -0.1462, -1.4134 -0.4236 -0.1471, -1.4134 -0.4275 -0.1471, -1.4147 -0.4236 -0.148, -1.4147 -0.4275 -0.148, -1.4156 -0.4236 -0.1487, -1.4161 -0.4275 -0.1492, -1.4161 -0.4236 -0.1492, -1.417 -0.4236 -0.1505, -1.417 -0.4275 -0.1505, -1.4175 -0.4236 -0.152, -1.4175 -0.4275 -0.152, -1.4177 -0.4236 -0.1536, -1.4177 -0.4275 -0.1536, -1.4175 -0.4236 -0.1554, -1.4175 -0.4275 -0.1554, -1.417 -0.4236 -0.1568, -1.417 -0.4275 -0.1568, -1.4164 -0.4236 -0.1578, -1.4164 -0.4275 -0.1578, -1.4107 -0.4236 -0.1613, -1.4107 -0.4275 -0.1613, -1.4134 -0.4275 -0.16, -1.4156 -0.4236 -0.1586, -1.4156 -0.4275 -0.1586, -1.4156 -0.4236 -0.1586, -1.4134 -0.4236 -0.16, -1.4076 -0.4236 -0.1626, -1.4076 -0.4275 -0.1626, -1.4058 -0.4236 -0.1637, -1.4058 -0.4275 -0.1637, -1.4052 -0.4236 -0.1643, -1.4052 -0.4275 -0.1643, -1.4049 -0.4236 -0.1649, -1.4049 -0.4275 -0.1649, -1.4047 -0.4236 -0.1656, -1.4047 -0.4275 -0.1656, -1.4046 -0.4236 -0.1662, -1.4046 -0.4275 -0.1662, -1.4047 -0.4236 -0.1671, -1.4047 -0.4275 -0.1671, -1.405 -0.4236 -0.1677, -1.405 -0.4275 -0.1677, -1.4054 -0.4236 -0.1683, -1.4054 -0.4275 -0.1683, -1.4059 -0.4236 -0.1688, -1.4059 -0.4275 -0.1688, -1.4063 -0.4236 -0.1691, -1.4063 -0.4275 -0.1691, -1.4075 -0.4236 -0.1695, -1.4075 -0.4275 -0.1695, -1.4099 -0.4236 -0.1698, -1.4099 -0.4275 -0.1698, -1.3768 -0.4275 -0.1465, -1.372 -0.4275 -0.1465, -1.3768 -0.4236 -0.1465, -1.372 -0.4236 -0.1465, -1.3841 -0.4275 -0.1664, -1.3841 -0.4236 -0.1664, -1.3844 -0.4236 -0.1676, -1.3844 -0.4275 -0.1676, -1.3846 -0.4236 -0.1686, -1.3846 -0.4275 -0.1686, -1.3848 -0.4275 -0.1686, -1.3848 -0.4236 -0.1686, -1.3853 -0.4275 -0.1664, -1.3853 -0.4236 -0.1664, -1.3923 -0.4275 -0.1465, -1.39 -0.4236 -0.1529, -1.3923 -0.4236 -0.1465, -1.3974 -0.4275 -0.1465, -1.3974 -0.4236 -0.1465, -1.3871 -0.4275 -0.1729, -1.39 -0.4236 -0.1654, -1.3871 -0.4236 -0.1729, -1.3891 -0.4236 -0.1777, -1.3891 -0.4275 -0.1777, -1.3872 -0.4236 -0.1733, -1.39 -0.4236 -0.1794, -1.39 -0.4236 -0.1794, -1.3909 -0.4275 -0.1803, -1.39 -0.4275 -0.1794, -1.3909 -0.4236 -0.1803, -1.3917 -0.4236 -0.1809, -1.3917 -0.4275 -0.1809, -1.3927 -0.4236 -0.1813, -1.3927 -0.4275 -0.1813, -1.3939 -0.4236 -0.1814, -1.3939 -0.4275 -0.1814, -1.3955 -0.4236 -0.1812, -1.3955 -0.4275 -0.1812, -1.3965 -0.4236 -0.1809, -1.3965 -0.4275 -0.1809, -1.3965 -0.4275 -0.185, -1.3965 -0.4236 -0.185, -1.3945 -0.4236 -0.1854, -1.3945 -0.4275 -0.1854, -1.3935 -0.4236 -0.1854, -1.3935 -0.4275 -0.1854, -1.3916 -0.4236 -0.1852, -1.3916 -0.4275 -0.1852, -1.39 -0.4236 -0.1846, -1.3898 -0.4275 -0.1845, -1.3898 -0.4236 -0.1845, -1.3882 -0.4236 -0.1834, -1.3882 -0.4275 -0.1834, -1.3878 -0.4236 -0.1831, -1.3878 -0.4275 -0.1831, -1.3861 -0.4236 -0.181, -1.3861 -0.4275 -0.181, -1.384 -0.4236 -0.1769, -1.384 -0.4275 -0.1769, -1.3826 -0.4236 -0.1733, -1.3471 -0.4275 -0.1687, -1.3471 -0.4275 -0.1729, -1.3471 -0.4236 -0.1687, -1.3471 -0.4236 -0.1729, -1.3622 -0.4275 -0.1687, -1.3553 -0.4236 -0.1687, -1.3622 -0.4236 -0.1687, -1.3622 -0.4275 -0.1563, -1.3622 -0.4236 -0.1563, -1.349 -0.4275 -0.1563, -1.3553 -0.4236 -0.1563, -1.349 -0.4236 -0.1563, -1.349 -0.4275 -0.152, -1.349 -0.4236 -0.152, -1.3622 -0.4236 -0.152, -1.3622 -0.4275 -0.152, -1.3553 -0.4236 -0.152, -1.3622 -0.4275 -0.1401, -1.3622 -0.4236 -0.1401, -1.3479 -0.4236 -0.1401, -1.3479 -0.4275 -0.1401, -1.3553 -0.4236 -0.1401, -1.3479 -0.4275 -0.1359, -1.3479 -0.4236 -0.1359, -1.367 -0.4236 -0.1359, -1.367 -0.4275 -0.1359, -1.3553 -0.4236 -0.1359, -1.367 -0.4275 -0.1729, -1.367 -0.4236 -0.1729, -1.3553 -0.4236 -0.1729, -1.315 -0.4275 -0.1562, -1.31 -0.4275 -0.1566, -1.3149 -0.4275 -0.1541, -1.3099 -0.4275 -0.1539, -1.3154 -0.4275 -0.1498, -1.3105 -0.4275 -0.1488, -1.3164 -0.4275 -0.147, -1.3119 -0.4275 -0.1453, -1.3178 -0.4275 -0.1449, -1.3142 -0.4275 -0.1421, -1.319 -0.4275 -0.1436, -1.3155 -0.4275 -0.1408, -1.3219 -0.4275 -0.1418, -1.3195 -0.4275 -0.1381, -1.3251 -0.4275 -0.1406, -1.324 -0.4275 -0.1365, -1.3297 -0.4275 -0.1401, -1.3295 -0.4275 -0.1359, -1.3353 -0.4275 -0.1401, -1.3401 -0.4275 -0.1359, -1.3353 -0.4275 -0.1687, -1.3401 -0.4275 -0.1729, -1.3299 -0.4275 -0.1687, -1.3299 -0.4275 -0.1729, -1.3248 -0.4275 -0.1681, -1.3242 -0.4275 -0.1723, -1.3217 -0.4275 -0.1669, -1.3198 -0.4275 -0.1708, -1.3193 -0.4275 -0.1652, -1.3162 -0.4275 -0.1684, -1.3189 -0.4275 -0.1649, -1.3155 -0.4275 -0.1678, -1.317 -0.4275 -0.1624, -1.3129 -0.4275 -0.1647, -1.3157 -0.4275 -0.1596, -1.311 -0.4275 -0.1609, -1.3299 -0.4236 -0.1729, -1.3401 -0.4236 -0.1729, -1.3242 -0.4236 -0.1723, -1.3198 -0.4236 -0.1708, -1.3162 -0.4236 -0.1684, -1.3155 -0.4236 -0.1678, -1.3129 -0.4236 -0.1647, -1.311 -0.4236 -0.1609, -1.31 -0.4236 -0.1566, -1.3099 -0.4236 -0.1539, -1.3105 -0.4236 -0.1488, -1.3119 -0.4236 -0.1453, -1.3142 -0.4236 -0.1421, -1.3155 -0.4236 -0.1408, -1.3195 -0.4236 -0.1381, -1.324 -0.4236 -0.1365, -1.3295 -0.4236 -0.1359, -1.3401 -0.4236 -0.1359, -1.3297 -0.4236 -0.1401, -1.3353 -0.4236 -0.1401, -1.3353 -0.4236 -0.1687, -1.3299 -0.4236 -0.1687, -1.3189 -0.4236 -0.1649, -1.3193 -0.4236 -0.1652, -1.3217 -0.4236 -0.1669, -1.3248 -0.4236 -0.1681, -1.3149 -0.4236 -0.1541, -1.315 -0.4236 -0.1562, -1.3157 -0.4236 -0.1596, -1.317 -0.4236 -0.1624, -1.319 -0.4236 -0.1436, -1.3178 -0.4236 -0.1449, -1.3164 -0.4236 -0.147, -1.3154 -0.4236 -0.1498, -1.3251 -0.4236 -0.1406, -1.3219 -0.4236 -0.1418, -1.3219 -0.4236 -0.1418
            ]
        }
        coordIndex [
            0,1,2,-1,3,4,5,-1,3,5,6,-1,6,5,7,-1,6,7,2,-1,2,7,8,-1,2,8,0,-1,9,1,10,-1,10,1,0,-1,10,11,9,-1,9,11,12,-1,13,14,15,-1,15,14,12,-1,15,12,16,-1,16,12,11,-1,13,17,14,-1,14,17,18,-1,17,19,18,-1,18,19,20,-1,18,20,21,-1,21,20,22,-1,21,22,23,-1,23,22,24,-1,23,24,25,-1,25,24,26,-1,25,26,27,-1,27,26,28,-1,27,28,29,-1,29,28,30,-1,29,30,31,-1,31,30,32,-1,31,32,33,-1,33,32,34,-1,33,34,35,-1,35,34,36,-1,35,36,37,-1,37,36,38,-1,37,38,39,-1,39,38,40,-1,39,40,41,-1,41,40,42,-1,41,42,43,-1,43,42,44,-1,43,44,45,-1,45,44,46,-1,45,46,47,-1,47,46,48,-1,47,48,49,-1,49,48,50,-1,49,50,51,-1,51,50,52,-1,51,52,53,-1,53,52,54,-1,53,54,55,-1,55,54,56,-1,55,56,57,-1,57,56,58,-1,57,58,59,-1,59,58,60,-1,59,60,61,-1,61,60,62,-1,61,62,63,-1,63,62,64,-1,63,64,65,-1,65,64,66,-1,65,66,67,-1,67,66,68,-1,67,68,69,-1,69,68,70,-1,69,70,71,-1,71,70,72,-1,71,72,73,-1,73,72,74,-1,73,74,75,-1,76,75,77,-1,77,75,74,-1,76,77,78,-1,76,78,79,-1,79,78,80,-1,79,80,81,-1,81,80,82,-1,81,82,83,-1,83,82,84,-1,83,84,85,-1,85,84,86,-1,85,86,87,-1,86,88,87,-1,87,88,89,-1,88,90,89,-1,89,90,91,-1,89,91,92,-1,92,91,93,-1,92,93,94,-1,94,93,95,-1,94,95,96,-1,96,95,97,-1,96,97,98,-1,98,97,99,-1,98,99,100,-1,100,99,101,-1,100,101,102,-1,103,104,105,-1,102,101,106,-1,102,106,107,-1,107,106,108,-1,107,108,105,-1,105,108,109,-1,105,109,103,-1,104,103,110,-1,104,110,111,-1,111,110,112,-1,111,112,113,-1,113,112,114,-1,113,114,115,-1,115,114,116,-1,115,116,117,-1,117,116,118,-1,117,118,119,-1,119,118,120,-1,119,120,121,-1,121,120,122,-1,121,122,123,-1,123,122,124,-1,123,124,125,-1,125,124,126,-1,125,126,127,-1,127,126,128,-1,127,128,129,-1,129,128,130,-1,129,130,131,-1,131,130,132,-1,131,132,133,-1,133,132,134,-1,133,134,135,-1,135,134,4,-1,135,4,3,-1,61,63,85,-1,85,63,83,-1,111,43,104,-1,104,43,45,-1,21,23,127,-1,127,23,25,-1,127,25,125,-1,125,25,27,-1,125,27,123,-1,123,27,29,-1,123,29,121,-1,121,29,31,-1,121,31,119,-1,119,31,33,-1,119,33,117,-1,117,33,35,-1,117,35,115,-1,115,35,37,-1,115,37,113,-1,113,37,39,-1,113,39,111,-1,111,39,41,-1,111,41,43,-1,14,3,12,-1,12,3,6,-1,12,6,9,-1,9,6,2,-1,9,2,1,-1,63,65,83,-1,83,65,67,-1,83,67,81,-1,81,67,69,-1,81,69,79,-1,79,69,71,-1,79,71,76,-1,76,71,73,-1,76,73,75,-1,127,129,21,-1,21,129,131,-1,21,131,18,-1,18,131,133,-1,18,133,14,-1,14,133,135,-1,14,135,3,-1,85,87,61,-1,61,87,89,-1,61,89,59,-1,59,89,92,-1,59,92,57,-1,57,92,94,-1,57,94,55,-1,55,94,96,-1,55,96,53,-1,53,96,98,-1,53,98,51,-1,51,98,100,-1,51,100,49,-1,49,100,102,-1,49,102,47,-1,47,102,107,-1,47,107,45,-1,45,107,105,-1,45,105,104,-1,136,137,138,-1,138,137,139,-1,140,136,141,-1,141,136,138,-1,140,141,142,-1,140,142,143,-1,143,142,144,-1,143,144,145,-1,146,145,147,-1,147,145,144,-1,148,146,149,-1,149,146,147,-1,148,149,150,-1,150,149,151,-1,150,151,152,-1,153,150,154,-1,154,150,152,-1,153,154,155,-1,155,154,156,-1,155,156,157,-1,158,159,160,-1,160,159,155,-1,160,155,157,-1,159,158,161,-1,162,163,161,-1,161,163,164,-1,161,164,159,-1,162,165,163,-1,163,165,166,-1,163,166,167,-1,167,166,168,-1,167,168,169,-1,169,168,170,-1,169,170,171,-1,171,170,172,-1,171,172,173,-1,173,172,174,-1,173,174,175,-1,176,175,177,-1,177,175,174,-1,176,177,178,-1,176,178,179,-1,179,178,180,-1,179,180,181,-1,181,180,182,-1,181,182,183,-1,183,182,184,-1,183,184,185,-1,184,186,185,-1,185,186,187,-1,185,187,188,-1,188,187,189,-1,188,189,190,-1,190,189,191,-1,190,191,192,-1,192,191,193,-1,192,193,194,-1,139,137,195,-1,195,137,194,-1,195,194,193,-1,143,145,194,-1,137,136,194,-1,194,136,140,-1,194,140,143,-1,150,153,148,-1,148,153,155,-1,148,155,146,-1,192,164,190,-1,190,164,163,-1,175,176,173,-1,173,176,179,-1,173,179,171,-1,171,179,181,-1,171,181,169,-1,169,181,183,-1,169,183,167,-1,167,183,185,-1,167,185,163,-1,163,185,188,-1,163,188,190,-1,145,146,194,-1,194,146,155,-1,194,155,192,-1,192,155,159,-1,192,159,164,-1,196,197,198,-1,198,197,199,-1,196,198,200,-1,200,198,201,-1,200,201,202,-1,203,200,204,-1,204,200,202,-1,203,204,205,-1,205,204,206,-1,205,206,207,-1,208,205,209,-1,209,205,207,-1,210,211,212,-1,212,211,208,-1,212,208,209,-1,213,211,214,-1,214,211,210,-1,215,216,217,-1,217,216,213,-1,217,213,214,-1,218,216,219,-1,219,216,215,-1,220,221,222,-1,222,221,218,-1,222,218,219,-1,223,221,224,-1,224,221,220,-1,223,224,197,-1,197,224,225,-1,197,225,199,-1,223,197,196,-1,196,200,223,-1,223,200,203,-1,223,203,221,-1,216,218,213,-1,213,218,221,-1,213,221,211,-1,211,221,203,-1,211,203,208,-1,208,203,205,-1,226,227,228,-1,228,227,229,-1,228,229,230,-1,230,229,231,-1,230,231,232,-1,232,231,233,-1,232,233,234,-1,234,233,235,-1,234,235,236,-1,236,235,237,-1,236,237,238,-1,238,237,239,-1,238,239,240,-1,240,239,241,-1,240,241,242,-1,242,241,243,-1,242,243,244,-1,244,243,245,-1,244,245,246,-1,246,245,247,-1,246,247,248,-1,248,247,249,-1,248,249,250,-1,250,249,251,-1,250,251,252,-1,252,251,253,-1,252,253,254,-1,254,253,255,-1,254,255,256,-1,256,255,257,-1,256,257,258,-1,258,257,259,-1,258,259,260,-1,260,259,261,-1,260,261,226,-1,226,261,227,-1,249,247,262,-1,262,247,263,-1,249,262,264,-1,249,264,251,-1,251,264,265,-1,251,265,253,-1,253,265,266,-1,253,266,255,-1,255,266,267,-1,255,267,257,-1,257,267,268,-1,257,268,259,-1,259,268,269,-1,259,269,261,-1,261,269,270,-1,261,270,227,-1,227,270,271,-1,227,271,229,-1,229,271,272,-1,229,272,231,-1,231,272,273,-1,231,273,233,-1,233,273,274,-1,233,274,235,-1,235,274,275,-1,235,275,237,-1,237,275,276,-1,237,276,239,-1,239,276,277,-1,239,277,241,-1,241,277,278,-1,241,278,243,-1,245,243,279,-1,279,243,278,-1,247,245,263,-1,263,245,279,-1,242,244,280,-1,280,244,281,-1,244,246,281,-1,281,246,282,-1,246,248,282,-1,282,248,283,-1,256,284,285,-1,256,285,254,-1,254,285,286,-1,254,286,252,-1,252,286,287,-1,252,287,250,-1,250,287,283,-1,250,283,248,-1,228,288,289,-1,228,289,226,-1,226,289,290,-1,226,290,260,-1,260,290,291,-1,260,291,258,-1,258,291,284,-1,258,284,256,-1,236,292,293,-1,236,293,234,-1,234,293,294,-1,234,294,232,-1,232,294,295,-1,232,295,230,-1,230,295,288,-1,230,288,228,-1,242,280,296,-1,242,296,240,-1,240,296,297,-1,240,297,238,-1,238,297,292,-1,238,292,236,-1,
        ]
    }
}
Shape{
    appearance Appearance {
        material  Material 	{
            diffuseColor 0.25098039215686274 0.25098039215686274 0.25098039215686274
            specularColor 0.2196078431372549 0.2196078431372549 0.2196078431372549
            ambientIntensity 0.2
            transparency 0
            shininess 0.5
        }
    }
    geometry IndexedFaceSet {
        ccw TRUE
        solid FALSE
        coord DEF co Coordinate {
            point [
                -1.3353 -0.4236 -0.1401, -1.3353 -0.4236 -0.1687, -1.3297 -0.4236 -0.1401, -1.3299 -0.4236 -0.1687, -1.3193 -0.4236 -0.1652, -1.3189 -0.4236 -0.1649, -1.3248 -0.4236 -0.1681, -1.3217 -0.4236 -0.1669, -1.317 -0.4236 -0.1624, -1.3157 -0.4236 -0.1596, -1.315 -0.4236 -0.1562, -1.3149 -0.4236 -0.1541, -1.3154 -0.4236 -0.1498, -1.3164 -0.4236 -0.147, -1.3178 -0.4236 -0.1449, -1.319 -0.4236 -0.1436, -1.3251 -0.4236 -0.1406, -1.3219 -0.4236 -0.1418, -1.3219 -0.4236 -0.1418
            ]
        }
        coordIndex [
            0,1,2,-1,2,1,3,-1,2,4,5,-1,3,6,2,-1,2,6,7,-1,2,7,4,-1,5,8,2,-1,2,8,9,-1,2,9,10,-1,10,11,2,-1,2,11,12,-1,2,12,13,-1,13,14,2,-1,2,14,15,-1,2,15,16,-1,16,15,17,-1,
        ]
    }
}
Shape{
    appearance Appearance {
        material  Material 	{
            diffuseColor 1.0 1.0 1.0
            specularColor 0.5019607843137255 0.5019607843137255 0.5019607843137255
            ambientIntensity 0.2
            transparency 0
            shininess 0.5
        }
    }
    geometry IndexedFaceSet {
        ccw TRUE
        solid FALSE
        coord DEF co Coordinate {
            point [
                -1.2975 -0.4275 -0.1586, -1.299 -0.4275 -0.1628, -1.285 -0.4275 -0.1586, -1.2836 -0.4275 -0.1628, -1.2919 -0.4275 -0.1432, -1.2937 -0.4275 -0.1359, -1.3079 -0.4275 -0.1729, -1.3026 -0.4275 -0.1729, -1.2916 -0.4275 -0.1421, -1.2913 -0.4275 -0.1406, -1.2886 -0.4275 -0.1359, -1.2912 -0.4275 -0.1406, -1.2909 -0.4275 -0.1422, -1.2906 -0.4275 -0.1432, -1.2745 -0.4275 -0.1729, -1.2798 -0.4275 -0.1729, -1.2886 -0.4236 -0.1359, -1.2745 -0.4236 -0.1729, -1.2937 -0.4236 -0.1359, -1.3079 -0.4236 -0.1729, -1.3026 -0.4236 -0.1729, -1.299 -0.4236 -0.1628, -1.2836 -0.4236 -0.1628, -1.2798 -0.4236 -0.1729, -1.2975 -0.4236 -0.1586, -1.285 -0.4236 -0.1586, -1.2906 -0.4236 -0.1432, -1.2912 -0.4236 -0.1406, -1.2909 -0.4236 -0.1422, -1.2913 -0.4236 -0.1406, -1.2919 -0.4236 -0.1432, -1.2916 -0.4236 -0.1421, -1.2916 -0.4236 -0.1421
            ]
        }
        coordIndex [
            0,1,2,-1,2,1,3,-1,4,5,0,-1,0,5,6,-1,0,6,1,-1,1,6,7,-1,4,8,5,-1,5,8,9,-1,5,9,10,-1,10,9,11,-1,10,11,12,-1,12,13,10,-1,10,13,2,-1,10,2,14,-1,14,2,3,-1,14,3,15,-1,10,14,16,-1,16,14,17,-1,5,10,18,-1,18,10,16,-1,6,5,19,-1,19,5,18,-1,7,6,20,-1,20,6,19,-1,1,7,21,-1,21,7,20,-1,3,1,22,-1,22,1,21,-1,15,3,23,-1,23,3,22,-1,14,15,17,-1,17,15,23,-1,0,2,24,-1,24,2,25,-1,2,13,25,-1,25,13,26,-1,11,27,28,-1,11,28,12,-1,12,28,26,-1,12,26,13,-1,11,9,27,-1,27,9,29,-1,4,30,31,-1,4,31,8,-1,8,31,29,-1,8,29,9,-1,4,0,30,-1,30,0,24,-1,
        ]
    }
}
Shape{
    appearance Appearance {
        material  Material 	{
            diffuseColor 0.25098039215686274 0.25098039215686274 0.25098039215686274
            specularColor 0.2196078431372549 0.2196078431372549 0.2196078431372549
            ambientIntensity 0.2
            transparency 0
            shininess 0.5
        }
    }
    geometry IndexedFaceSet {
        ccw TRUE
        solid FALSE
        coord DEF co Coordinate {
            point [
                -1.2912 -0.4236 -0.1406, -1.2913 -0.4236 -0.1406, -1.2909 -0.4236 -0.1422, -1.2916 -0.4236 -0.1421, -1.2906 -0.4236 -0.1432, -1.2919 -0.4236 -0.1432, -1.285 -0.4236 -0.1586, -1.2975 -0.4236 -0.1586, -1.2975 -0.4236 -0.1586
            ]
        }
        coordIndex [
            0,1,2,-1,2,1,3,-1,2,3,4,-1,4,3,5,-1,4,5,6,-1,6,5,7,-1,
        ]
    }
}
Shape{
    appearance Appearance {
        material  Material 	{
            diffuseColor 1.0 1.0 1.0
            specularColor 0.5019607843137255 0.5019607843137255 0.5019607843137255
            ambientIntensity 0.2
            transparency 0
            shininess 0.5
        }
    }
    geometry IndexedFaceSet {
        ccw TRUE
        solid FALSE
        coord DEF co Coordinate {
            point [
                -1.625 -0.4275 -0.1865, -1.6358 -0.4275 -0.1549, -1.63 -0.4275 -0.1825, -1.6338 -0.4275 -0.1776, -1.5477 -0.4275 -0.142, -1.5559 -0.4275 -0.128, -1.5846 -0.4275 -0.1615, -1.5912 -0.4275 -0.1465, -1.5846 -0.4275 -0.1641, -1.5941 -0.4275 -0.1843, -1.5848 -0.4275 -0.1672, -1.5896 -0.4275 -0.1795, -1.5865 -0.4275 -0.1737, -1.5274 -0.4275 -0.1182, -1.5233 -0.4275 -0.121, -1.5099 -0.4275 -0.112, -1.5045 -0.4275 -0.1195, -1.52 -0.4275 -0.1249, -1.5013 -0.4275 -0.1275, -1.5176 -0.4275 -0.1295, -1.5 -0.4275 -0.1362, -1.6139 -0.4275 -0.1068, -1.6113 -0.4275 -0.1082, -1.6194 -0.4275 -0.089, -1.6072 -0.4275 -0.0999, -1.614 -0.4275 -0.0827, -1.6013 -0.4275 -0.0928, -1.6078 -0.4275 -0.0774, -1.5943 -0.4275 -0.0877, -1.6014 -0.4275 -0.0734, -1.6408 -0.4275 -0.1519, -1.6394 -0.4275 -0.1715, -1.636 -0.4275 -0.1725, -1.6165 -0.4275 -0.1732, -1.6141 -0.4275 -0.1743, -1.619 -0.4275 -0.1893, -1.6117 -0.4275 -0.1746, -1.6128 -0.4275 -0.1904, -1.6113 -0.4275 -0.1747, -1.611 -0.4275 -0.1905, -1.6086 -0.4275 -0.1743, -1.6054 -0.4275 -0.1899, -1.6063 -0.4275 -0.1734, -1.5995 -0.4275 -0.1878, -1.6043 -0.4275 -0.172, -1.6029 -0.4275 -0.1704, -1.6017 -0.4275 -0.1681, -1.5391 -0.4275 -0.1159, -1.5369 -0.4275 -0.1159, -1.5261 -0.4275 -0.1017, -1.5321 -0.4275 -0.1165, -1.5249 -0.4275 -0.1021, -1.517 -0.4275 -0.1059, -1.5098 -0.4275 -0.1612, -1.5225 -0.4275 -0.1511, -1.5169 -0.4275 -0.1673, -1.5265 -0.4275 -0.1542, -1.525 -0.4275 -0.1712, -1.5312 -0.4275 -0.1563, -1.5338 -0.4275 -0.1731, -1.5354 -0.4275 -0.157, -1.5493 -0.4275 -0.1731, -1.5472 -0.4275 -0.157, -1.5508 -0.4275 -0.1728, -1.6199 -0.4275 -0.1049, -1.6225 -0.4275 -0.0886, -1.6252 -0.4275 -0.1043, -1.6255 -0.4275 -0.0885, -1.6283 -0.4275 -0.1045, -1.6359 -0.4275 -0.0898, -1.6348 -0.4275 -0.1061, -1.6457 -0.4275 -0.0936, -1.6406 -0.4275 -0.1093, -1.654 -0.4275 -0.0995, -1.6455 -0.4275 -0.1138, -1.6558 -0.4275 -0.1011, -1.6489 -0.4275 -0.1191, -1.6622 -0.4275 -0.1093, -1.651 -0.4275 -0.1251, -1.621 -0.4275 -0.1676, -1.62 -0.4275 -0.1698, -1.6185 -0.4275 -0.1717, -1.6215 -0.4275 -0.1651, -1.6214 -0.4275 -0.1626, -1.6354 -0.4275 -0.154, -1.6206 -0.4275 -0.1601, -1.6324 -0.4275 -0.1486, -1.6192 -0.4275 -0.1579, -1.6279 -0.4275 -0.1437, -1.6182 -0.4275 -0.1568, -1.6224 -0.4275 -0.1401, -1.6161 -0.4275 -0.1553, -1.6165 -0.4275 -0.1381, -1.6138 -0.4275 -0.1544, -1.611 -0.4275 -0.1375, -1.6113 -0.4275 -0.1541, -1.6071 -0.4275 -0.1378, -1.6091 -0.4275 -0.1543, -1.6008 -0.4275 -0.1395, -1.6066 -0.4275 -0.1552, -1.5953 -0.4275 -0.1427, -1.6045 -0.4275 -0.1566, -1.6028 -0.4275 -0.1585, -1.6017 -0.4275 -0.1607, -1.6011 -0.4275 -0.1631, -1.6011 -0.4275 -0.1656, -1.5165 -0.4275 -0.1346, -1.5164 -0.4275 -0.1364, -1.5012 -0.4275 -0.1455, -1.517 -0.4275 -0.1414, -1.5045 -0.4275 -0.1539, -1.5188 -0.4275 -0.1461, -1.5216 -0.4275 -0.1502, -1.5404 -0.4275 -0.0808, -1.5508 -0.4275 -0.0929, -1.5317 -0.4275 -0.0909, -1.5448 -0.4275 -0.0999, -1.5407 -0.4275 -0.1084, -1.5893 -0.4275 -0.0687, -1.5857 -0.4275 -0.0842, -1.5762 -0.4275 -0.0671, -1.5759 -0.4275 -0.0829, -1.5653 -0.4275 -0.0683, -1.567 -0.4275 -0.084, -1.5521 -0.4275 -0.0729, -1.5587 -0.4275 -0.0872, -1.5513 -0.4275 -0.0924, -1.5485 -0.4275 -0.1568, -1.5549 -0.4275 -0.1703, -1.5543 -0.4275 -0.1709, -1.6664 -0.4275 -0.1188, -1.6681 -0.4275 -0.1287, -1.6516 -0.4275 -0.1306, -1.6682 -0.4275 -0.1312, -1.6512 -0.4275 -0.1352, -1.6669 -0.4275 -0.1415, -1.6492 -0.4275 -0.1417, -1.6631 -0.4275 -0.1513, -1.6456 -0.4275 -0.1473, -1.6571 -0.4275 -0.1599, -1.6489 -0.4275 -0.1669, -1.5478 -0.4275 -0.1569, -1.5526 -0.4275 -0.1722, -1.557 -0.4275 -0.1649, -1.5567 -0.4275 -0.1669, -1.556 -0.4275 -0.1687, -1.5508 -0.4275 -0.157, -1.5527 -0.4275 -0.1577, -1.5569 -0.4275 -0.1639, -1.5543 -0.4275 -0.1589, -1.5554 -0.4275 -0.1601, -1.5564 -0.4275 -0.1619, -1.5488 -0.4275 -0.1567, -1.5 -0.4236 -0.1362, -1.5013 -0.4236 -0.1275, -1.5021 -0.4236 -0.1253, -1.5045 -0.4236 -0.1195, -1.5099 -0.4236 -0.112, -1.517 -0.4236 -0.1059, -1.5249 -0.4236 -0.1021, -1.5261 -0.4236 -0.1017, -1.5317 -0.4236 -0.0909, -1.5404 -0.4236 -0.0808, -1.5464 -0.4236 -0.0768, -1.5521 -0.4236 -0.0729, -1.5653 -0.4236 -0.0683, -1.5762 -0.4236 -0.0671, -1.6078 -0.4236 -0.0774, -1.6068 -0.4236 -0.0768, -1.6014 -0.4236 -0.0734, -1.5893 -0.4236 -0.0687, -1.614 -0.4236 -0.0827, -1.6194 -0.4236 -0.089, -1.6225 -0.4236 -0.0886, -1.6255 -0.4236 -0.0885, -1.6359 -0.4236 -0.0898, -1.6457 -0.4236 -0.0936, -1.654 -0.4236 -0.0995, -1.6558 -0.4236 -0.1011, -1.6664 -0.4236 -0.1188, -1.6622 -0.4236 -0.1093, -1.6675 -0.4236 -0.1253, -1.6681 -0.4236 -0.1287, -1.6682 -0.4236 -0.1312, -1.6669 -0.4236 -0.1415, -1.6631 -0.4236 -0.1513, -1.6571 -0.4236 -0.1599, -1.6489 -0.4236 -0.1669, -1.6394 -0.4236 -0.1715, -1.636 -0.4236 -0.1725, -1.6357 -0.4236 -0.1733, -1.6338 -0.4236 -0.1776, -1.63 -0.4236 -0.1825, -1.625 -0.4236 -0.1865, -1.6219 -0.4236 -0.1879, -1.619 -0.4236 -0.1893, -1.6128 -0.4236 -0.1904, -1.611 -0.4236 -0.1905, -1.5846 -0.4236 -0.1641, -1.6054 -0.4236 -0.1899, -1.5999 -0.4236 -0.1879, -1.5995 -0.4236 -0.1878, -1.5941 -0.4236 -0.1843, -1.5896 -0.4236 -0.1795, -1.5865 -0.4236 -0.1737, -1.5863 -0.4236 -0.1733, -1.5848 -0.4236 -0.1672, -1.5846 -0.4236 -0.1615, -1.5477 -0.4236 -0.142, -1.5559 -0.4236 -0.128, -1.5912 -0.4236 -0.1465, -1.5953 -0.4236 -0.1427, -1.6008 -0.4236 -0.1395, -1.6071 -0.4236 -0.1378, -1.611 -0.4236 -0.1375, -1.6165 -0.4236 -0.1381, -1.6224 -0.4236 -0.1401, -1.6279 -0.4236 -0.1437, -1.6324 -0.4236 -0.1486, -1.6354 -0.4236 -0.154, -1.6358 -0.4236 -0.1549, -1.6408 -0.4236 -0.1519, -1.6456 -0.4236 -0.1473, -1.6492 -0.4236 -0.1417, -1.6512 -0.4236 -0.1352, -1.6516 -0.4236 -0.1306, -1.651 -0.4236 -0.1253, -1.651 -0.4236 -0.1251, -1.6489 -0.4236 -0.1191, -1.6455 -0.4236 -0.1138, -1.6406 -0.4236 -0.1093, -1.6348 -0.4236 -0.1061, -1.6283 -0.4236 -0.1045, -1.6252 -0.4236 -0.1043, -1.6199 -0.4236 -0.1049, -1.6139 -0.4236 -0.1068, -1.6113 -0.4236 -0.1082, -1.6072 -0.4236 -0.0999, -1.6013 -0.4236 -0.0928, -1.5943 -0.4236 -0.0877, -1.5857 -0.4236 -0.0842, -1.5759 -0.4236 -0.0829, -1.567 -0.4236 -0.084, -1.5587 -0.4236 -0.0872, -1.5513 -0.4236 -0.0924, -1.5508 -0.4236 -0.0929, -1.5448 -0.4236 -0.0999, -1.5407 -0.4236 -0.1084, -1.5391 -0.4236 -0.1159, -1.5369 -0.4236 -0.1159, -1.5321 -0.4236 -0.1165, -1.5274 -0.4236 -0.1182, -1.5233 -0.4236 -0.121, -1.52 -0.4236 -0.1249, -1.5197 -0.4236 -0.1253, -1.5176 -0.4236 -0.1295, -1.5165 -0.4236 -0.1346, -1.5164 -0.4236 -0.1364, -1.517 -0.4236 -0.1414, -1.5188 -0.4236 -0.1461, -1.5216 -0.4236 -0.1502, -1.5225 -0.4236 -0.1511, -1.5265 -0.4236 -0.1542, -1.5312 -0.4236 -0.1563, -1.5354 -0.4236 -0.157, -1.5472 -0.4236 -0.157, -1.5478 -0.4236 -0.1569, -1.5485 -0.4236 -0.1568, -1.5488 -0.4236 -0.1567, -1.5508 -0.4236 -0.157, -1.5527 -0.4236 -0.1577, -1.5543 -0.4236 -0.1589, -1.5554 -0.4236 -0.1601, -1.5564 -0.4236 -0.1619, -1.5569 -0.4236 -0.1639, -1.557 -0.4236 -0.1649, -1.5567 -0.4236 -0.1669, -1.556 -0.4236 -0.1687, -1.5549 -0.4236 -0.1703, -1.5543 -0.4236 -0.1709, -1.5526 -0.4236 -0.1722, -1.5508 -0.4236 -0.1728, -1.5493 -0.4236 -0.1731, -1.5338 -0.4236 -0.1731, -1.525 -0.4236 -0.1712, -1.5169 -0.4236 -0.1673, -1.5098 -0.4236 -0.1612, -1.5045 -0.4236 -0.1539, -1.5012 -0.4236 -0.1455, -1.6113 -0.4236 -0.1541, -1.6091 -0.4236 -0.1543, -1.6066 -0.4236 -0.1552, -1.6045 -0.4236 -0.1566, -1.6028 -0.4236 -0.1585, -1.6017 -0.4236 -0.1607, -1.6011 -0.4236 -0.1631, -1.6011 -0.4236 -0.1656, -1.6017 -0.4236 -0.1681, -1.6029 -0.4236 -0.1704, -1.6043 -0.4236 -0.172, -1.6063 -0.4236 -0.1734, -1.6086 -0.4236 -0.1743, -1.6113 -0.4236 -0.1747, -1.6117 -0.4236 -0.1746, -1.6141 -0.4236 -0.1743, -1.6165 -0.4236 -0.1732, -1.6185 -0.4236 -0.1717, -1.62 -0.4236 -0.1698, -1.621 -0.4236 -0.1676, -1.6215 -0.4236 -0.1651, -1.6214 -0.4236 -0.1626, -1.6206 -0.4236 -0.1601, -1.6192 -0.4236 -0.1579, -1.6182 -0.4236 -0.1568, -1.6161 -0.4236 -0.1553, -1.6138 -0.4236 -0.1544, -1.6138 -0.4236 -0.1544
            ]
        }
        coordIndex [
            0,1,2,-1,2,1,3,-1,4,5,6,-1,6,5,7,-1,6,7,8,-1,8,7,9,-1,8,9,10,-1,10,9,11,-1,10,11,12,-1,13,14,15,-1,15,14,16,-1,16,14,17,-1,16,17,18,-1,18,17,19,-1,18,19,20,-1,21,22,23,-1,23,22,24,-1,23,24,25,-1,25,24,26,-1,25,26,27,-1,27,26,28,-1,27,28,29,-1,30,31,1,-1,1,31,32,-1,1,32,3,-1,33,0,34,-1,34,0,35,-1,34,35,36,-1,36,35,37,-1,36,37,38,-1,38,37,39,-1,38,39,40,-1,40,39,41,-1,40,41,42,-1,42,41,43,-1,42,43,44,-1,44,43,9,-1,44,9,45,-1,45,9,46,-1,47,48,49,-1,49,48,50,-1,49,50,51,-1,51,50,13,-1,51,13,52,-1,52,13,15,-1,53,54,55,-1,55,54,56,-1,55,56,57,-1,57,56,58,-1,57,58,59,-1,59,58,60,-1,59,60,61,-1,61,60,62,-1,61,62,63,-1,21,23,64,-1,64,23,65,-1,64,65,66,-1,66,65,67,-1,66,67,68,-1,68,67,69,-1,68,69,70,-1,70,69,71,-1,70,71,72,-1,72,71,73,-1,72,73,74,-1,74,73,75,-1,74,75,76,-1,76,75,77,-1,76,77,78,-1,79,1,80,-1,80,1,0,-1,80,0,81,-1,81,0,33,-1,79,82,1,-1,1,82,83,-1,1,83,84,-1,84,83,85,-1,84,85,86,-1,86,85,87,-1,86,87,88,-1,88,87,89,-1,88,89,90,-1,90,89,91,-1,90,91,92,-1,92,91,93,-1,92,93,94,-1,94,93,95,-1,94,95,96,-1,96,95,97,-1,96,97,98,-1,98,97,99,-1,98,99,100,-1,100,99,101,-1,100,101,7,-1,7,101,102,-1,102,103,7,-1,7,103,104,-1,7,104,9,-1,9,104,105,-1,9,105,46,-1,19,106,20,-1,20,106,107,-1,20,107,108,-1,108,107,109,-1,108,109,110,-1,110,109,111,-1,110,111,53,-1,53,111,112,-1,53,112,54,-1,113,114,115,-1,115,114,116,-1,115,116,49,-1,49,116,117,-1,49,117,47,-1,29,28,118,-1,118,28,119,-1,118,119,120,-1,120,119,121,-1,120,121,122,-1,122,121,123,-1,122,123,124,-1,124,123,125,-1,124,125,113,-1,113,125,126,-1,113,126,114,-1,127,128,129,-1,77,130,78,-1,78,130,131,-1,78,131,132,-1,132,131,133,-1,132,133,134,-1,134,133,135,-1,134,135,136,-1,136,135,137,-1,136,137,138,-1,138,137,139,-1,138,139,30,-1,30,139,140,-1,30,140,31,-1,62,141,63,-1,63,141,127,-1,63,127,142,-1,142,127,129,-1,143,144,127,-1,127,144,145,-1,127,145,128,-1,146,147,148,-1,147,149,148,-1,148,149,150,-1,148,150,151,-1,143,127,148,-1,148,127,152,-1,148,152,146,-1,20,153,154,-1,20,154,18,-1,18,154,155,-1,18,155,16,-1,155,156,16,-1,16,156,157,-1,16,157,15,-1,15,157,158,-1,15,158,52,-1,52,158,159,-1,52,159,51,-1,51,159,160,-1,51,160,49,-1,49,160,161,-1,49,161,115,-1,115,161,162,-1,115,162,113,-1,113,162,124,-1,124,162,163,-1,163,164,124,-1,124,164,165,-1,124,165,122,-1,122,165,166,-1,122,166,120,-1,167,27,168,-1,168,27,29,-1,168,29,169,-1,169,29,118,-1,169,118,170,-1,170,118,120,-1,170,120,166,-1,27,167,171,-1,27,171,25,-1,25,171,172,-1,25,172,23,-1,23,172,173,-1,23,173,65,-1,65,173,174,-1,65,174,67,-1,67,174,175,-1,67,175,69,-1,69,175,176,-1,69,176,71,-1,71,176,177,-1,71,177,73,-1,73,177,178,-1,73,178,75,-1,179,77,180,-1,180,77,75,-1,180,75,178,-1,181,131,179,-1,179,131,130,-1,179,130,77,-1,181,182,131,-1,131,182,183,-1,131,183,133,-1,133,183,184,-1,133,184,135,-1,135,184,185,-1,135,185,137,-1,137,185,186,-1,137,186,139,-1,139,186,187,-1,139,187,140,-1,140,187,188,-1,140,188,31,-1,31,188,189,-1,31,189,32,-1,32,189,190,-1,32,190,3,-1,190,191,3,-1,3,191,192,-1,3,192,2,-1,2,192,193,-1,194,35,193,-1,193,35,0,-1,193,0,2,-1,194,195,35,-1,35,195,196,-1,35,196,37,-1,37,196,197,-1,37,197,39,-1,198,8,10,-1,39,197,199,-1,39,199,41,-1,41,199,200,-1,41,200,43,-1,200,201,43,-1,43,201,202,-1,43,202,9,-1,9,202,203,-1,9,203,11,-1,11,203,204,-1,11,204,12,-1,12,204,205,-1,12,205,10,-1,10,205,206,-1,10,206,198,-1,6,8,207,-1,207,8,198,-1,4,6,208,-1,208,6,207,-1,5,4,209,-1,209,4,208,-1,7,5,210,-1,210,5,209,-1,7,210,211,-1,7,211,100,-1,100,211,212,-1,100,212,98,-1,98,212,213,-1,98,213,96,-1,96,213,214,-1,96,214,94,-1,94,214,215,-1,94,215,92,-1,92,215,216,-1,92,216,90,-1,90,216,217,-1,90,217,88,-1,88,217,218,-1,88,218,86,-1,86,218,219,-1,86,219,84,-1,84,219,220,-1,84,220,1,-1,1,220,221,-1,1,221,30,-1,30,221,222,-1,30,222,138,-1,138,222,223,-1,138,223,136,-1,136,223,224,-1,136,224,134,-1,134,224,225,-1,134,225,132,-1,225,226,132,-1,132,226,78,-1,226,227,78,-1,78,227,228,-1,78,228,76,-1,76,228,229,-1,76,229,74,-1,74,229,230,-1,74,230,72,-1,72,230,231,-1,72,231,70,-1,70,231,232,-1,70,232,68,-1,68,232,233,-1,68,233,66,-1,66,233,234,-1,66,234,64,-1,64,234,235,-1,64,235,21,-1,21,235,236,-1,21,236,22,-1,22,236,237,-1,22,237,24,-1,24,237,238,-1,24,238,26,-1,26,238,239,-1,26,239,28,-1,28,239,240,-1,28,240,119,-1,119,240,241,-1,119,241,121,-1,121,241,242,-1,121,242,123,-1,123,242,243,-1,123,243,125,-1,125,243,244,-1,125,244,126,-1,126,244,245,-1,126,245,114,-1,114,245,246,-1,114,246,116,-1,116,246,247,-1,116,247,117,-1,117,247,248,-1,117,248,47,-1,48,47,249,-1,249,47,248,-1,48,249,250,-1,48,250,50,-1,50,250,251,-1,50,251,13,-1,13,251,252,-1,13,252,14,-1,14,252,253,-1,14,253,17,-1,17,253,254,-1,17,254,19,-1,254,255,19,-1,19,255,256,-1,19,256,106,-1,106,256,257,-1,106,257,107,-1,107,257,258,-1,107,258,109,-1,109,258,259,-1,109,259,111,-1,111,259,260,-1,111,260,112,-1,112,260,261,-1,112,261,54,-1,54,261,262,-1,54,262,56,-1,56,262,263,-1,56,263,58,-1,58,263,264,-1,58,264,60,-1,62,60,265,-1,265,60,264,-1,62,265,266,-1,62,266,141,-1,141,266,267,-1,141,267,127,-1,127,267,268,-1,127,268,152,-1,152,268,269,-1,152,269,146,-1,146,269,270,-1,146,270,147,-1,147,270,271,-1,147,271,149,-1,149,271,272,-1,149,272,150,-1,150,272,273,-1,150,273,151,-1,151,273,274,-1,151,274,148,-1,148,274,275,-1,148,275,143,-1,143,275,276,-1,143,276,144,-1,144,276,277,-1,144,277,145,-1,145,277,278,-1,145,278,128,-1,128,278,279,-1,128,279,129,-1,129,279,280,-1,129,280,142,-1,142,280,281,-1,142,281,63,-1,63,281,282,-1,63,282,61,-1,59,61,283,-1,283,61,282,-1,59,283,284,-1,59,284,57,-1,57,284,285,-1,57,285,55,-1,55,285,286,-1,55,286,53,-1,53,286,287,-1,53,287,110,-1,110,287,288,-1,110,288,108,-1,108,288,153,-1,108,153,20,-1,95,289,290,-1,95,290,97,-1,97,290,291,-1,97,291,99,-1,99,291,292,-1,99,292,101,-1,101,292,293,-1,101,293,102,-1,102,293,294,-1,102,294,103,-1,103,294,295,-1,103,295,104,-1,104,295,296,-1,104,296,105,-1,105,296,297,-1,105,297,46,-1,46,297,298,-1,46,298,45,-1,45,298,299,-1,45,299,44,-1,44,299,300,-1,44,300,42,-1,42,300,301,-1,42,301,40,-1,40,301,302,-1,40,302,38,-1,38,302,303,-1,38,303,36,-1,36,303,304,-1,36,304,34,-1,34,304,305,-1,34,305,33,-1,33,305,306,-1,33,306,81,-1,81,306,307,-1,81,307,80,-1,80,307,308,-1,80,308,79,-1,79,308,309,-1,79,309,82,-1,82,309,310,-1,82,310,83,-1,83,310,311,-1,83,311,85,-1,85,311,312,-1,85,312,87,-1,87,312,313,-1,87,313,89,-1,89,313,314,-1,89,314,91,-1,91,314,315,-1,91,315,93,-1,93,315,289,-1,93,289,95,-1,
        ]
    }
}
Shape{
    appearance Appearance {
        material  Material 	{
            diffuseColor 0.25098039215686274 0.25098039215686274 0.25098039215686274
            specularColor 0.2196078431372549 0.2196078431372549 0.2196078431372549
            ambientIntensity 0.2
            transparency 0
            shininess 0.5
        }
    }
    geometry IndexedFaceSet {
        ccw TRUE
        solid FALSE
        coord DEF co Coordinate {
            point [
                -1.6117 -0.4236 -0.1746, -1.6182 -0.4236 -0.1568, -1.6192 -0.4236 -0.1579, -1.6086 -0.4236 -0.1743, -1.6063 -0.4236 -0.1734, -1.6091 -0.4236 -0.1543, -1.6113 -0.4236 -0.1541, -1.6138 -0.4236 -0.1544, -1.6161 -0.4236 -0.1553, -1.621 -0.4236 -0.1676, -1.62 -0.4236 -0.1698, -1.6185 -0.4236 -0.1717, -1.6113 -0.4236 -0.1747, -1.6206 -0.4236 -0.1601, -1.6214 -0.4236 -0.1626, -1.6215 -0.4236 -0.1651, -1.6165 -0.4236 -0.1732, -1.6141 -0.4236 -0.1743, -1.6043 -0.4236 -0.172, -1.6029 -0.4236 -0.1704, -1.6017 -0.4236 -0.1681, -1.6011 -0.4236 -0.1656, -1.6011 -0.4236 -0.1631, -1.6017 -0.4236 -0.1607, -1.6028 -0.4236 -0.1585, -1.6045 -0.4236 -0.1566, -1.6066 -0.4236 -0.1552, -1.6066 -0.4236 -0.1552
            ]
        }
        coordIndex [
            0,1,2,-1,3,4,5,-1,6,7,0,-1,0,7,8,-1,0,8,1,-1,9,10,2,-1,2,10,11,-1,6,0,5,-1,5,0,12,-1,5,12,3,-1,13,14,2,-1,2,14,15,-1,2,15,9,-1,11,16,2,-1,2,16,17,-1,2,17,0,-1,4,18,5,-1,5,18,19,-1,5,19,20,-1,20,21,5,-1,5,21,22,-1,5,22,23,-1,23,24,5,-1,5,24,25,-1,5,25,26,-1,
        ]
    }
}