#VRML V2.0 utf8
# 3D model generated by easyeda2kicad.py (https://github.com/uPesy/easyeda2kicad.py)

Shape{
    appearance Appearance {
        material  Material 	{
            diffuseColor 1.0 1.0 1.0
            specularColor 0.5019607843137255 0.5019607843137255 0.5019607843137255
            ambientIntensity 1.0
            transparency 0.0
            shininess 0.5
        }
    }
    geometry IndexedFaceSet {
        ccw TRUE
        solid FALSE
        coord DEF co Coordinate {
            point [
                0.032 0.6771 0.2181, 0.032 0.6761 0.2067, -0.0067 0.6761 0.2067, -0.0091 0.6761 0.2067, -0.0091 0.6751 0.1952, -0.0357 0.6751 0.1952, -0.116 0.675 0.1947, -0.116 0.675 0.1944, -0.1205 0.675 0.1944, -0.0325 0.6771 0.2185, -0.0276 0.6771 0.2181, -0.0357 0.6771 0.2181, -0.0224 0.6806 0.2586, -0.0232 0.6806 0.2586, -0.0091 0.6806 0.2586, 0.0484 0.675 0.1944, 0.032 0.675 0.1944, 0.032 0.6751 0.1952, 0.1635 0.675 0.1944, 0.1286 0.675 0.1944, 0.1271 0.6751 0.1952, 0.2297 0.676 0.2053, 0.2294 0.6761 0.2067, 0.663 0.6761 0.2067, 0.0663 0.678 0.2281, 0.0586 0.6774 0.2215, 0.032 0.6806 0.2586, 0.0962 0.6806 0.2586, 0.0914 0.6803 0.2554, 0.0902 0.6802 0.2542, 0.0812 0.6793 0.2432, 0.0762 0.6784 0.2328, 0.0747 0.6783 0.2324, 0.104 0.6811 0.2639, 0.032 0.6812 0.2648, 0.1065 0.6812 0.2648, 0.032 0.689 0.354, 0.689 0.689 0.354, 0.6733 0.6812 0.2648, 0.1182 0.6815 0.2691, 0.13 0.6817 0.2704, 0.1421 0.6816 0.2692, 0.155 0.6812 0.2648, 0.1554 0.6812 0.2647, 0.6722 0.6806 0.2586, 0.1653 0.6806 0.2586, 0.1642 0.6807 0.2596, 0.1941 0.6796 0.2466, 0.1834 0.6797 0.2478, 0.1709 0.6802 0.2539, 0.1801 0.6797 0.2476, 0.1768 0.6796 0.2472, 0.2162 0.6785 0.2344, 0.2139 0.6787 0.2365, 0.2048 0.6792 0.2427, 0.665 0.6771 0.2181, 0.2276 0.6769 0.2159, 0.2266 0.6771 0.2181, 0.2229 0.6778 0.226, 0.2298 0.6757 0.2022, 0.661 0.6751 0.1952, 0.229 0.6751 0.1952, 0.6608 0.675 0.1944, 0.2289 0.675 0.1944, 0.1052 0.6731 0.1727, 0.1033 0.6732 0.1735, 0.0998 0.6746 0.1896, 0.107 0.673 0.1715, 0.1011 0.6732 0.1738, 0.1008 0.6732 0.1737, 0.0999 0.6732 0.1735, 0.2247 0.6738 0.1809, 0.3454 0.6671 0.1042, 0.2181 0.673 0.1712, 0.315 0.6614 0.039, 0.2097 0.6723 0.1639, 0.6404 0.6649 0.0784, 0.2286 0.6748 0.1915, 0.1099 0.6724 0.165, 0.1099 0.6725 0.1661, 0.1398 0.6728 0.1689, 0.1093 0.6727 0.1683, 0.1082 0.6729 0.1702, 0.1033 0.6717 0.1564, 0.1052 0.6718 0.1572, 0.1417 0.6717 0.1562, 0.1071 0.6719 0.1585, 0.1077 0.6719 0.1592, 0.1089 0.6721 0.161, 0.1097 0.6723 0.1629, 0.14 0.6723 0.1632, 0.1398 0.6725 0.1661, 0.0533 0.6734 0.1764, 0.059 0.6728 0.1686, 0.032 0.6614 0.039, 0.0718 0.6738 0.1804, 0.0686 0.6742 0.1848, 0.0666 0.6746 0.1898, 0.1026 0.675 0.1944, 0.1763 0.6702 0.1391, 0.1828 0.6704 0.1419, 0.1884 0.6708 0.1461, 0.1926 0.6712 0.1513, 0.0496 0.6742 0.1854, 0.1495 0.6707 0.145, 0.1552 0.6704 0.1411, 0.0993 0.6732 0.1735, 0.0865 0.6732 0.1734, 0.0814 0.6733 0.1743, 0.1954 0.6718 0.1574, 0.1995 0.6719 0.1587, 0.0764 0.6735 0.1766, 0.0722 0.6738 0.18, 0.0668 0.6722 0.1622, 0.0755 0.6718 0.158, 0.085 0.6717 0.1561, 0.1451 0.6711 0.1499, 0.1017 0.6717 0.1562, 0.1616 0.6701 0.1387, 0.1685 0.6701 0.1379, 0.1696 0.6701 0.138, 0.066 0.675 0.1944, 0.0659 0.6751 0.1952, 0.103 0.6751 0.1952, 0.0659 0.6751 0.1953, 0.2107 0.6751 0.1952, 0.2116 0.6754 0.1983, 0.1085 0.6759 0.2047, 0.2119 0.6757 0.2026, 0.2113 0.6761 0.2067, 0.066 0.6753 0.1978, 0.0673 0.6758 0.2033, 0.0691 0.6761 0.2067, 0.1578 0.6749 0.1929, 0.1517 0.6746 0.1897, 0.1468 0.6742 0.1851, 0.1812 0.6748 0.1918, 0.1749 0.675 0.1941, 0.2105 0.675 0.1944, 0.1724 0.675 0.1944, 0.1681 0.6751 0.1949, 0.1646 0.675 0.1947, 0.2096 0.6747 0.1913, 0.1918 0.674 0.1825, 0.187 0.6744 0.1878, 0.2062 0.6742 0.1855, 0.2011 0.6738 0.1802, 0.195 0.6734 0.1764, 0.0902 0.677 0.2176, 0.2085 0.6769 0.2158, 0.211 0.6763 0.2095, 0.0879 0.677 0.2176, 0.0699 0.6762 0.2082, 0.0732 0.6765 0.2119, 0.0776 0.6768 0.215, 0.0825 0.677 0.2169, 0.0962 0.6785 0.2347, 0.1026 0.6792 0.2424, 0.1681 0.6778 0.2264, 0.1033 0.6793 0.2431, 0.1113 0.6798 0.2486, 0.1637 0.6786 0.2353, 0.2068 0.6771 0.2181, 0.1702 0.6779 0.2275, 0.0903 0.6771 0.2181, 0.0919 0.6777 0.2255, 0.1766 0.6781 0.2299, 0.1832 0.6782 0.2308, 0.1861 0.6782 0.2306, 0.1573 0.6793 0.2429, 0.1202 0.6801 0.2521, 0.1496 0.6797 0.2484, 0.1298 0.6802 0.2534, 0.1403 0.6801 0.2521, 0.1932 0.678 0.229, 0.1995 0.6778 0.2257, 0.2045 0.6774 0.2214, 0.0495 0.6759 0.2048, 0.0482 0.6751 0.1955, 0.0483 0.6751 0.1952, 0.0502 0.6761 0.2067, 0.0529 0.6767 0.2134, 0.0562 0.6771 0.2181, -0.1549 0.6741 0.1843, -0.1563 0.6738 0.1805, -0.158 0.675 0.1944, -0.1538 0.6723 0.1636, -0.1508 0.672 0.1601, -0.158 0.6614 0.039, -0.1466 0.6718 0.1572, -0.1242 0.6715 0.1547, -0.1205 0.6614 0.039, -0.1352 0.6715 0.1546, -0.1421 0.6716 0.1554, -0.157 0.6733 0.1749, -0.1568 0.6731 0.1724, -0.1558 0.6727 0.1677, -0.1469 0.6748 0.192, -0.151 0.6746 0.1891, -0.1524 0.6744 0.1878, -0.1245 0.675 0.1944, -0.1245 0.675 0.1946, -0.1205 0.6751 0.1952, -0.1359 0.675 0.1945, -0.158 0.6751 0.1952, -0.1368 0.675 0.1944, -0.142 0.675 0.1938, -0.0058 0.6716 0.1556, 0.0157 0.6716 0.1557, 0.0103 0.6747 0.191, 0.0104 0.6736 0.1782, -0.0051 0.6747 0.1909, -0.0039 0.6736 0.1781, 0.0104 0.6732 0.1736, 0.0105 0.672 0.1602, -0.0039 0.6732 0.1735, -0.0058 0.672 0.1601, -0.0067 0.6614 0.039, -0.0067 0.675 0.1944, -0.0052 0.675 0.1944, -0.0067 0.6751 0.1952, -0.0052 0.6751 0.1952, -0.0052 0.6751 0.1954, 0.0154 0.6751 0.1956, 0.0154 0.6751 0.1952, 0.0155 0.675 0.1944, -0.1205 0.6806 0.2586, -0.1249 0.6806 0.2579, -0.1304 0.6806 0.2578, -0.1094 0.6771 0.2181, -0.1094 0.6771 0.2181, -0.1083 0.6771 0.2181, -0.1205 0.6796 0.2465, -0.1083 0.6761 0.2067, -0.1151 0.6771 0.2181, -0.1205 0.6761 0.2067, -0.1151 0.6771 0.2181, -0.1205 0.6771 0.2181, -0.1205 0.678 0.2289, -0.119 0.678 0.2289, -0.1357 0.678 0.2288, -0.1396 0.6771 0.2181, -0.1397 0.6771 0.2179, -0.1454 0.6771 0.2178, -0.158 0.6761 0.2067, -0.1453 0.6771 0.2181, -0.158 0.6771 0.2181, -0.158 0.6806 0.2586, -0.0651 0.6787 0.2364, -0.0708 0.6771 0.2181, -0.0651 0.6791 0.2409, -0.0708 0.6806 0.2586, -0.0611 0.6791 0.241, -0.0663 0.6802 0.2537, -0.0664 0.6806 0.2583, -0.0611 0.6806 0.2586, -0.0611 0.6806 0.2583, -0.0611 0.6802 0.2537, -0.0509 0.6802 0.2538, -0.0508 0.6791 0.241, -0.0455 0.6771 0.2185, -0.0429 0.6771 0.2181, -0.0611 0.6771 0.2181, -0.0508 0.6787 0.2365, -0.0507 0.6775 0.2231, -0.0611 0.6787 0.2364, -0.0611 0.6775 0.223, -0.067 0.6775 0.2229, -0.067 0.6771 0.2184, -0.0611 0.6771 0.2184, -0.0457 0.6806 0.2584, -0.0429 0.6806 0.2586, -0.0357 0.6806 0.2586, -0.0357 0.6806 0.2581, -0.0377 0.6805 0.2575, -0.0377 0.6801 0.2521, -0.0332 0.6802 0.254, -0.0283 0.6803 0.2546, -0.0357 0.6776 0.2244, -0.0375 0.6777 0.2252, -0.0372 0.6801 0.2524, -0.0357 0.6801 0.253, -0.0262 0.6803 0.2545, -0.0228 0.6802 0.2537, -0.0196 0.6801 0.2522, -0.0173 0.6799 0.2502, -0.0171 0.6799 0.2499, -0.0151 0.6796 0.2472, -0.0137 0.6793 0.2438, -0.013 0.6789 0.2383, -0.0131 0.6787 0.2362, -0.0138 0.6783 0.2324, -0.029 0.6775 0.2226, -0.0335 0.6776 0.2235, -0.0203 0.6776 0.2242, -0.0231 0.6775 0.2231, -0.0271 0.6775 0.2226, -0.0152 0.6781 0.2292, -0.0169 0.6779 0.2269, -0.0177 0.6778 0.2261, -0.0282 0.6807 0.2592, -0.0283 0.6807 0.2592, -0.0357 0.6812 0.2648, -0.0335 0.6806 0.2588, -0.0339 0.6806 0.2586, -0.0106 0.6799 0.2497, -0.0135 0.6802 0.2535, -0.0145 0.6803 0.2544, -0.0182 0.6805 0.257, -0.0067 0.6806 0.2586, -0.0086 0.6795 0.2453, -0.0091 0.6796 0.2464, -0.0091 0.6781 0.2295, -0.0084 0.6783 0.2315, -0.0067 0.6771 0.2181, -0.0076 0.6788 0.238, -0.0077 0.679 0.2401, -0.0091 0.6771 0.2181, -0.0126 0.6776 0.2235, -0.01 0.6779 0.2273, -0.0239 0.6771 0.2181, -0.0196 0.6772 0.2191, -0.0158 0.6773 0.2209, -0.0357 0.6761 0.2067, -0.0264 0.6771 0.218, -0.0243 0.6771 0.2181, -0.0375 0.6773 0.2203, -0.0368 0.6772 0.2199, -0.0357 0.6772 0.2196, 0.0098 0.6806 0.2586, 0.0101 0.6776 0.2235, -0.0059 0.6775 0.2234, -0.0058 0.6772 0.2188, 0.0153 0.6772 0.219, -0.442 0.6812 0.2648, -0.6733 0.6812 0.2648, -0.689 0.689 0.354, -0.442 0.6806 0.2586, -0.6722 0.6806 0.2586, -0.442 0.6771 0.2181, -0.665 0.6771 0.2181, -0.442 0.6761 0.2067, -0.663 0.6761 0.2067, -0.442 0.6751 0.1952, -0.661 0.6751 0.1952, -0.442 0.675 0.1944, -0.6608 0.675 0.1944, -0.1648 0.6715 0.1544, -0.159 0.6715 0.1545, -0.1801 0.675 0.1942, -0.3454 0.6671 0.1042, -0.442 0.6664 0.0958, -0.6404 0.6649 0.0784, -0.1746 0.675 0.1942, -0.315 0.6614 0.039, -0.1951 0.6715 0.1542, -0.1894 0.6715 0.1543, -0.1854 0.6725 0.1652, -0.1687 0.6725 0.1653, -0.0404 0.6717 0.1563, -0.0404 0.6721 0.1615, -0.0357 0.675 0.1944, -0.0357 0.6614 0.039, -0.0429 0.6614 0.039, -0.0429 0.6716 0.1554, -0.0426 0.672 0.1601, -0.0429 0.672 0.16, -0.0429 0.6729 0.1706, -0.0419 0.673 0.1716, -0.0413 0.6731 0.1726, -0.0408 0.6732 0.1742, -0.0405 0.6734 0.1761, -0.0408 0.6736 0.1779, -0.0428 0.6729 0.1707, -0.0439 0.6716 0.1551, -0.0581 0.6727 0.1676, -0.059 0.6726 0.1663, -0.0585 0.6736 0.1782, -0.0438 0.6739 0.1822, -0.045 0.674 0.1829, -0.0429 0.675 0.1944, -0.0414 0.6737 0.1795, -0.0423 0.6738 0.1808, -0.0429 0.6739 0.1814, -0.0477 0.6741 0.1839, -0.0517 0.6741 0.1844, -0.0611 0.675 0.1944, -0.0553 0.6741 0.184, -0.0585 0.674 0.1831, -0.0597 0.6723 0.1629, -0.0595 0.6721 0.1609, -0.0611 0.6614 0.039, -0.0589 0.6719 0.1593, -0.0579 0.6718 0.158, -0.0526 0.6716 0.1551, -0.0481 0.6715 0.1546, -0.0565 0.6717 0.1568, -0.0553 0.6717 0.1561, -0.0512 0.6738 0.1803, -0.0497 0.6738 0.1802, -0.0457 0.6734 0.1765, -0.0484 0.6737 0.1799, -0.0473 0.6737 0.1793, -0.0458 0.6734 0.1759, -0.046 0.6733 0.1751, -0.0463 0.6733 0.1744, -0.0468 0.6732 0.1739, -0.0486 0.6731 0.1727, -0.0543 0.6738 0.18, -0.0517 0.673 0.1714, -0.0571 0.6737 0.179, -0.0536 0.6729 0.1706, -0.0569 0.6728 0.1687, -0.0465 0.6736 0.1786, -0.0461 0.6736 0.178, -0.0458 0.6735 0.1773, -0.0457 0.6719 0.159, -0.0481 0.6727 0.1678, -0.0451 0.6728 0.1692, -0.0486 0.6719 0.1587, -0.0489 0.6719 0.1587, -0.0514 0.6726 0.1664, -0.0514 0.6719 0.1589, -0.0546 0.6722 0.1625, -0.0545 0.6723 0.1631, -0.0527 0.672 0.1594, -0.0532 0.672 0.1597, -0.0538 0.672 0.1602, -0.0542 0.6721 0.1608, -0.0545 0.6721 0.1615, -0.0543 0.6723 0.1639, -0.0539 0.6724 0.1645, -0.0533 0.6725 0.1652, -0.0708 0.6734 0.1757, -0.0754 0.6722 0.1621, -0.0768 0.6722 0.1621, -0.0708 0.6614 0.039, -0.1083 0.6614 0.039, -0.0951 0.6716 0.1549, -0.0744 0.6708 0.1464, -0.0726 0.6706 0.1442, -0.076 0.672 0.1598, -0.0761 0.672 0.1598, -0.0764 0.6721 0.1608, -0.0708 0.675 0.1944, -0.0847 0.6741 0.1835, -0.0954 0.675 0.1944, -0.0899 0.6741 0.1834, -0.0767 0.6712 0.1507, -0.0632 0.6704 0.1421, -0.0633 0.6708 0.1466, -0.0681 0.6741 0.1836, -0.0625 0.6741 0.1836, -0.0595 0.6724 0.1648, -0.0722 0.6706 0.1439, -0.0708 0.6705 0.1429, -0.0705 0.6705 0.1427, -0.0708 0.6722 0.1622, -0.0693 0.6709 0.1471, -0.0702 0.671 0.1482, -0.0685 0.6704 0.1419, -0.0665 0.6704 0.1417, -0.0654 0.6704 0.1418, -0.0643 0.6708 0.1462, -0.0661 0.6708 0.146, -0.0674 0.6708 0.1461, -0.0685 0.6708 0.1466, -0.0708 0.6711 0.1491, -0.0713 0.6711 0.15, -0.0735 0.6716 0.1551, -0.1167 0.6715 0.1548, -0.1083 0.6716 0.1548, -0.116 0.6746 0.1901, -0.1167 0.6719 0.1593, -0.1004 0.6731 0.1729, -0.1003 0.672 0.1594, -0.1083 0.6731 0.1728, -0.1083 0.6719 0.1594, -0.1148 0.6731 0.1727, -0.1148 0.6735 0.1773, -0.1083 0.6735 0.1774, -0.1083 0.6746 0.1901, -0.1006 0.6746 0.1902, -0.1005 0.6735 0.1774, -0.1083 0.6751 0.1952, -0.1083 0.675 0.1947, -0.0954 0.675 0.1948, -0.0708 0.6751 0.1952, -0.0115 0.6726 0.1673, -0.0126 0.6728 0.1689, -0.0135 0.6735 0.1771, -0.0332 0.6736 0.1779, -0.0337 0.6732 0.1737, -0.0336 0.6716 0.1554, -0.0091 0.6614 0.039, -0.0286 0.6716 0.1554, -0.0136 0.6739 0.182, -0.0091 0.675 0.1944, -0.0246 0.6738 0.1803, -0.0229 0.6738 0.1805, -0.0202 0.6731 0.1724, -0.014 0.6729 0.1702, -0.0161 0.673 0.1713, -0.017 0.6737 0.1793, -0.0202 0.6738 0.1803, -0.0269 0.6741 0.1842, -0.0289 0.6741 0.1835, -0.0305 0.674 0.1825, -0.0146 0.674 0.1826, -0.0184 0.6741 0.184, -0.0234 0.6742 0.1846, -0.0314 0.6739 0.1816, -0.0324 0.6738 0.18, -0.0147 0.6716 0.1559, -0.0131 0.6717 0.1571, -0.0109 0.6725 0.1655, -0.0107 0.6723 0.1631, -0.0109 0.6721 0.1606, -0.0287 0.6732 0.1735, -0.0285 0.6734 0.1757, -0.028 0.6735 0.1775, -0.0274 0.6736 0.1785, -0.0127 0.6718 0.1575, -0.0116 0.6719 0.159, -0.0224 0.6716 0.1551, -0.0197 0.6715 0.1548, -0.0167 0.6716 0.1552, -0.0267 0.6737 0.1793, -0.0258 0.6737 0.1799, -0.0286 0.672 0.1598, -0.0285 0.672 0.1598, -0.0274 0.6719 0.1583, -0.0258 0.6717 0.1567, -0.0244 0.6716 0.1558, -0.0611 0.6751 0.1952, -0.0429 0.6751 0.1952, -0.0429 0.6761 0.2067, -0.0611 0.6761 0.2067, -0.0708 0.6761 0.2067, 0.0098 0.6806 0.2588, -0.0067 0.6812 0.2648, 0.015 0.6807 0.2589, 0.015 0.6806 0.2586, -0.1072 0.6787 0.236, -0.1061 0.6782 0.2314, -0.1052 0.6797 0.2479, -0.1067 0.6794 0.2441, -0.1083 0.6806 0.2586, -0.1073 0.6789 0.2386, -0.1041 0.6779 0.2273, -0.1011 0.6776 0.2237, -0.097 0.6773 0.2208, -0.0863 0.6806 0.2581, -0.0924 0.6805 0.2574, -0.0972 0.6804 0.2556, -0.0924 0.6772 0.219, -0.0856 0.6771 0.2183, -0.0746 0.6771 0.2183, -0.0748 0.6806 0.2582, -0.1014 0.6801 0.2528, -0.1027 0.68 0.2514, -0.0091 0.6812 0.2648, -0.158 0.6812 0.2648, -0.1205 0.6812 0.2648, -0.1083 0.6812 0.2648, -0.0708 0.6812 0.2648, -0.0611 0.6812 0.2648, -0.0429 0.6812 0.2648, -0.442 0.689 0.354, -0.158 0.689 0.354, -0.1205 0.689 0.354, -0.1083 0.689 0.354, -0.0708 0.689 0.354, -0.0611 0.689 0.354, -0.0429 0.689 0.354, -0.0357 0.689 0.354, -0.0091 0.689 0.354, -0.0067 0.689 0.354, 0.689 -0.689 0.354, 0.6404 -0.6649 0.0784, 0.6496 -0.5512 0.1307, 0.6873 -0.1181 0.3444, 0.6873 -0.315 0.3444, 0.6496 -0.1181 0.1307, 0.6496 -0.315 0.1307, 0.6873 -0.5512 0.3444, 0.6873 0.1181 0.3444, 0.6404 -0.5512 0.0784, 0.6404 -0.315 0.0784, 0.6404 -0.1181 0.0784, 0.6404 0.1181 0.0784, 0.6496 0.1181 0.1307, 0.6404 0.315 0.0784, 0.6496 0.315 0.1307, 0.6404 0.5512 0.0784, 0.6496 0.5512 0.1307, 0.6873 0.5512 0.3444, 0.6873 0.315 0.3444, 0.3723 0.315 0.1019, 0.3723 -0.1181 0.1019, 0.3723 -0.315 0.1019, 0.3723 0.1181 0.1019, 0.3723 0.5512 0.1019, 0.3723 -0.5512 0.1019, 0.3454 -0.6671 0.1042, -0.3723 -0.1181 0.1019, -0.3723 0.1181 0.1019, -0.6404 -0.6649 0.0784, -0.6404 -0.5512 0.0784, -0.3454 -0.6671 0.1042, -0.3723 -0.5512 0.1019, -0.3723 -0.315 0.1019, -0.6404 -0.315 0.0784, -0.6404 -0.1181 0.0784, -0.6404 0.5512 0.0784, -0.3723 0.5512 0.1019, -0.3723 0.315 0.1019, -0.6404 0.315 0.0784, -0.6404 0.1181 0.0784, -0.6873 -0.315 0.3444, -0.689 -0.689 0.354, -0.6873 -0.5512 0.3444, -0.6496 -0.5512 0.1307, -0.6873 0.1181 0.3444, -0.6873 -0.1181 0.3444, -0.6496 -0.1181 0.1307, -0.6496 -0.315 0.1307, -0.6496 0.5512 0.1307, -0.6873 0.5512 0.3444, -0.6873 0.315 0.3444, -0.6496 0.315 0.1307, -0.6496 0.1181 0.1307, -0.689 0.689 0.4327, -0.672 0.672 0.5524, -0.6685 0.6749 0.5523, -0.6645 0.677 0.5521, -0.6604 0.6782 0.5519, -0.6658 0.6392 0.669, -0.6651 0.6405 0.669, -0.677 0.6645 0.5521, -0.6337 0.6673 0.669, -0.6323 0.6674 0.669, -0.6242 0.6683 0.669, -0.6484 0.6611 0.669, -0.6564 0.6786 0.5516, -0.6472 0.6619 0.669, -0.6405 0.6651 0.669, -0.6384 0.666 0.669, -0.6749 0.6685 0.5523, -0.6616 0.6479 0.669, -0.6611 0.6485 0.669, -0.6583 0.6524 0.669, -0.6553 0.6553 0.669, -0.6514 0.6591 0.669, -0.6782 0.6604 0.5519, -0.6674 0.6323 0.669, -0.6673 0.6339 0.669, -0.6683 0.6242 0.669, -0.6786 0.6564 0.5516, 0.7283 0.689 0.4327, 0.7283 -0.689 0.4327, 0.7283 0.689 0.354, 0.7283 -0.689 0.354, -0.7283 -0.689 0.4327, -0.7283 -0.689 0.354, -0.689 -0.689 0.4327, 0.689 -0.689 0.4327, -0.7283 0.689 0.354, -0.7283 0.689 0.4327, 0.689 0.689 0.4327, -0.315 -0.6614 0.039, 0.315 -0.6614 0.039, 0.4937 0.481 0.7477, 0.6614 0.6026 0.7477, 0.4761 0.5147 0.7477, 0.6604 0.6134 0.7477, 0.6604 0.6139 0.7477, 0.4446 0.1546 0.7477, 0.4696 0.1297 0.7477, 0.4883 0.0998 0.7477, 0.5028 0.4442 0.7477, 0.5028 0.4062 0.7477, 0.4937 0.3694 0.7477, 0.4148 0.1734 0.7477, 0.4761 0.3357 0.7477, 0.3815 0.185 0.7477, 0.3841 0.5781 0.7477, 0.6026 0.6614 0.7477, 0.3465 0.5827 0.7477, -0.4667 0.6614 0.7477, -0.3465 0.5827 0.7477, 0.658 0.6226 0.7477, 0.6572 0.6244 0.7477, 0.6533 0.6327 0.7477, -0.4509 0.5431 0.7477, -0.4196 0.5646 0.7477, -0.3841 0.5781 0.7477, 0.6518 0.6349 0.7477, 0.6481 0.6401 0.7477, 0.6441 0.6441 0.7477, -0.4761 0.5147 0.7477, -0.6614 0.4667 0.7477, -0.4937 0.481 0.7477, 0.6403 0.648 0.7477, 0.6349 0.6518 0.7477, 0.6333 0.6529 0.7477, 0.6244 0.6572 0.7477, 0.6232 0.6578 0.7477, 0.6153 0.6601 0.7477, 0.4196 0.5646 0.7477, 0.4509 0.5431 0.7477, 0.604 0.6614 0.7477, 0.6134 0.6603 0.7477, 0.4509 0.3073 0.7477, 0.4196 0.2858 0.7477, 0.3465 0.189 0.7477, -0.4937 0.3694 0.7477, -0.5028 0.4062 0.7477, -0.5028 0.4442 0.7477, -0.3841 0.2723 0.7477, -0.4196 0.2858 0.7477, -0.4446 0.1546 0.7477, -0.4761 0.3357 0.7477, -0.6614 -0.6026 0.7477, -0.4509 0.3073 0.7477, -0.4148 0.1734 0.7477, -0.3815 0.185 0.7477, -0.3465 0.2677 0.7477, -0.3465 0.189 0.7477, 0.3465 0.2677 0.7477, 0.3841 0.2723 0.7477, 0.6026 -0.6614 0.7477, 0.4446 -0.5483 0.7477, 0.4148 -0.5671 0.7477, -0.4883 -0.4935 0.7477, -0.5 -0.4602 0.7477, -0.5039 -0.4252 0.7477, 0.5039 -0.4252 0.7477, 0.6614 -0.6026 0.7477, 0.5039 0.0315 0.7477, 0.5 0.0665 0.7477, 0.4696 -0.5234 0.7477, 0.6134 -0.6604 0.7477, 0.6139 -0.6604 0.7477, 0.6327 -0.6533 0.7477, 0.6349 -0.6518 0.7477, 0.6401 -0.6481 0.7477, 0.6441 -0.6441 0.7477, 0.648 -0.6403 0.7477, 0.6518 -0.6349 0.7477, 0.6529 -0.6333 0.7477, 0.6226 -0.658 0.7477, 0.6244 -0.6572 0.7477, -0.5039 0.0315 0.7477, -0.5 0.0665 0.7477, -0.4883 0.0998 0.7477, -0.4696 0.1297 0.7477, 0.6572 -0.6244 0.7477, 0.6578 -0.6232 0.7477, 0.6601 -0.6153 0.7477, 0.5 -0.4602 0.7477, 0.4883 -0.4935 0.7477, 0.6614 -0.604 0.7477, 0.6603 -0.6134 0.7477, -0.6333 -0.6529 0.7477, -0.6244 -0.6572 0.7477, -0.4696 -0.5234 0.7477, -0.6232 -0.6578 0.7477, -0.6153 -0.6601 0.7477, -0.3815 -0.5787 0.7477, -0.4148 -0.5671 0.7477, -0.6026 -0.6614 0.7477, -0.4446 -0.5483 0.7477, -0.604 -0.6614 0.7477, -0.6134 -0.6603 0.7477, -0.6604 -0.6134 0.7477, -0.6604 -0.6139 0.7477, 0.3815 -0.5787 0.7477, 0.3465 -0.5827 0.7477, -0.3465 -0.5827 0.7477, -0.658 -0.6226 0.7477, -0.6572 -0.6244 0.7477, -0.6533 -0.6327 0.7477, -0.6518 -0.6349 0.7477, -0.6481 -0.6401 0.7477, -0.6441 -0.6441 0.7477, -0.6403 -0.648 0.7477, -0.6349 -0.6518 0.7477, 0.6455 -0.6751 0.5912, -0.6455 -0.6751 0.5912, 0.6751 0.6455 0.5912, 0.6751 -0.6455 0.5912, -0.6683 0.4598 0.669, -0.6751 -0.6455 0.5912, -0.4598 0.6683 0.669, 0.6455 0.6751 0.5912, -0.673 -0.6564 0.5919, -0.6746 -0.6509 0.5916, -0.6664 -0.6664 0.5922, -0.6702 -0.6617 0.5921, -0.6564 -0.673 0.5919, -0.6617 -0.6702 0.5921, -0.6509 -0.6746 0.5916, 0.673 0.6564 0.5919, 0.6746 0.6509 0.5916, 0.6664 0.6664 0.5922, 0.6702 0.6617 0.5921, 0.6564 0.673 0.5919, 0.6617 0.6702 0.5921, 0.6509 0.6746 0.5916, 0.6564 -0.673 0.5919, 0.6509 -0.6746 0.5916, 0.6664 -0.6664 0.5922, 0.6617 -0.6702 0.5921, 0.673 -0.6564 0.5919, 0.6702 -0.6617 0.5921, 0.6746 -0.6509 0.5916
            ]
        }
        coordIndex [
            0,1,2,-1,3,4,5,-1,6,7,8,-1,9,10,11,-1,12,13,14,-1,15,16,17,-1,18,19,20,-1,21,22,23,-1,24,25,26,-1,26,25,0,-1,27,28,26,-1,26,28,29,-1,26,29,30,-1,30,31,26,-1,26,31,32,-1,26,32,24,-1,27,26,33,-1,33,26,34,-1,33,34,35,-1,36,37,38,-1,39,36,40,-1,40,36,41,-1,41,36,42,-1,42,36,38,-1,42,38,43,-1,44,45,38,-1,38,45,46,-1,38,46,43,-1,44,47,45,-1,45,47,48,-1,45,48,49,-1,49,48,50,-1,49,50,51,-1,52,53,44,-1,44,53,54,-1,44,54,47,-1,23,22,55,-1,22,56,55,-1,55,56,57,-1,55,57,44,-1,44,57,58,-1,44,58,52,-1,21,23,59,-1,59,23,60,-1,59,60,61,-1,61,60,62,-1,61,62,63,-1,64,65,66,-1,64,66,67,-1,65,68,66,-1,66,68,69,-1,66,69,70,-1,71,72,73,-1,73,72,74,-1,73,74,75,-1,62,76,63,-1,63,76,72,-1,63,72,77,-1,77,72,71,-1,78,79,80,-1,80,79,81,-1,80,81,66,-1,66,81,82,-1,66,82,67,-1,83,84,85,-1,85,84,86,-1,85,86,87,-1,87,88,85,-1,85,88,89,-1,85,89,90,-1,90,89,78,-1,90,78,91,-1,91,78,80,-1,92,93,94,-1,95,96,66,-1,66,96,97,-1,66,97,98,-1,99,100,74,-1,74,100,101,-1,74,101,102,-1,92,94,103,-1,104,105,94,-1,70,106,66,-1,66,106,107,-1,66,107,108,-1,102,109,74,-1,74,109,110,-1,74,110,75,-1,108,111,66,-1,66,111,112,-1,66,112,95,-1,93,113,94,-1,94,113,114,-1,94,114,115,-1,104,94,116,-1,116,94,115,-1,116,115,85,-1,85,115,117,-1,85,117,83,-1,105,118,94,-1,94,118,119,-1,94,119,74,-1,74,119,120,-1,74,120,99,-1,97,121,98,-1,98,121,122,-1,98,122,123,-1,123,122,124,-1,125,20,126,-1,126,20,127,-1,126,127,128,-1,128,127,129,-1,124,130,123,-1,123,130,131,-1,123,131,127,-1,127,131,132,-1,127,132,129,-1,18,133,19,-1,19,133,134,-1,19,134,135,-1,136,137,138,-1,138,137,139,-1,138,139,125,-1,125,139,140,-1,125,140,20,-1,20,140,141,-1,20,141,18,-1,142,143,138,-1,138,143,144,-1,138,144,136,-1,142,145,143,-1,143,145,146,-1,143,146,147,-1,148,149,150,-1,150,129,148,-1,148,129,132,-1,148,132,151,-1,151,132,152,-1,152,153,151,-1,151,153,154,-1,151,154,155,-1,156,157,158,-1,157,159,158,-1,158,159,160,-1,158,160,161,-1,162,158,163,-1,149,148,162,-1,162,148,164,-1,162,164,158,-1,158,164,165,-1,158,165,156,-1,163,166,162,-1,162,166,167,-1,162,167,168,-1,161,160,169,-1,169,160,170,-1,169,170,171,-1,171,170,172,-1,171,172,173,-1,174,175,168,-1,168,175,176,-1,168,176,162,-1,177,178,17,-1,17,178,179,-1,17,179,15,-1,180,1,181,-1,181,1,0,-1,181,0,182,-1,182,0,25,-1,183,184,185,-1,186,187,188,-1,188,187,189,-1,190,191,192,-1,192,191,188,-1,192,188,193,-1,193,188,189,-1,194,195,188,-1,188,195,196,-1,188,196,186,-1,197,198,185,-1,185,198,199,-1,185,199,183,-1,200,201,202,-1,202,201,203,-1,202,203,204,-1,204,203,205,-1,204,205,185,-1,185,205,206,-1,185,206,197,-1,207,208,94,-1,94,208,16,-1,94,16,103,-1,103,16,15,-1,209,210,211,-1,211,210,212,-1,213,214,215,-1,215,214,216,-1,215,216,212,-1,94,217,207,-1,207,217,218,-1,207,218,216,-1,212,216,211,-1,211,216,218,-1,211,218,219,-1,219,218,220,-1,219,220,221,-1,221,220,222,-1,222,220,2,-1,222,2,223,-1,223,2,1,-1,223,1,224,-1,208,225,16,-1,16,225,224,-1,16,224,17,-1,17,224,1,-1,17,1,177,-1,177,1,180,-1,226,227,228,-1,229,230,231,-1,231,230,232,-1,229,233,234,-1,234,233,235,-1,234,235,236,-1,235,237,236,-1,236,237,238,-1,236,238,239,-1,240,238,241,-1,241,238,237,-1,241,237,242,-1,242,237,235,-1,242,235,243,-1,243,235,244,-1,243,244,245,-1,245,244,246,-1,245,246,228,-1,228,246,247,-1,228,247,226,-1,248,249,250,-1,250,249,251,-1,252,250,253,-1,253,250,251,-1,253,251,254,-1,254,251,255,-1,254,255,256,-1,253,257,252,-1,252,257,258,-1,252,258,259,-1,260,261,262,-1,263,264,265,-1,265,264,266,-1,265,266,248,-1,248,266,267,-1,248,267,249,-1,249,267,268,-1,249,268,262,-1,262,268,269,-1,262,269,260,-1,256,255,270,-1,270,255,271,-1,270,271,260,-1,272,273,271,-1,271,273,274,-1,271,274,275,-1,276,277,278,-1,260,271,261,-1,261,271,275,-1,261,275,279,-1,279,275,280,-1,279,280,278,-1,278,280,281,-1,278,281,276,-1,277,282,278,-1,278,282,283,-1,278,283,284,-1,284,285,278,-1,278,285,286,-1,278,286,287,-1,287,288,278,-1,278,288,289,-1,278,289,290,-1,291,292,290,-1,290,292,293,-1,290,293,278,-1,294,295,296,-1,291,297,292,-1,292,297,298,-1,292,298,296,-1,296,298,299,-1,296,299,294,-1,300,301,302,-1,302,301,303,-1,302,303,304,-1,14,305,306,-1,306,307,14,-1,14,307,308,-1,14,308,12,-1,309,310,14,-1,14,310,311,-1,14,311,305,-1,312,313,314,-1,314,313,315,-1,314,315,309,-1,309,315,316,-1,309,316,310,-1,317,318,319,-1,320,321,317,-1,317,321,322,-1,317,322,318,-1,323,324,325,-1,320,317,325,-1,325,317,3,-1,325,3,323,-1,279,326,261,-1,261,326,327,-1,261,327,11,-1,11,327,328,-1,11,328,9,-1,329,330,309,-1,309,330,331,-1,309,331,314,-1,314,331,332,-1,314,332,333,-1,334,335,336,-1,335,337,338,-1,338,337,339,-1,338,339,340,-1,340,339,341,-1,340,341,342,-1,342,341,343,-1,342,343,344,-1,344,343,345,-1,344,345,346,-1,347,348,188,-1,188,348,185,-1,188,185,194,-1,194,185,184,-1,349,350,351,-1,352,346,351,-1,351,346,345,-1,351,345,349,-1,349,345,353,-1,350,349,354,-1,354,349,355,-1,354,355,356,-1,357,358,356,-1,356,358,347,-1,356,347,354,-1,354,347,188,-1,359,360,361,-1,362,363,364,-1,365,366,367,-1,368,369,360,-1,360,369,370,-1,360,370,361,-1,361,370,371,-1,361,371,372,-1,365,367,360,-1,360,367,373,-1,360,373,368,-1,364,363,374,-1,375,376,377,-1,378,379,380,-1,372,381,361,-1,361,381,382,-1,361,382,380,-1,380,382,383,-1,380,383,378,-1,379,384,380,-1,380,384,385,-1,380,385,386,-1,385,387,386,-1,386,387,388,-1,386,388,377,-1,389,390,391,-1,391,390,392,-1,391,392,393,-1,391,394,363,-1,363,394,395,-1,363,395,374,-1,393,396,391,-1,391,396,397,-1,391,397,394,-1,398,399,400,-1,400,399,401,-1,400,401,402,-1,400,403,398,-1,398,403,404,-1,398,404,405,-1,405,406,398,-1,398,406,407,-1,398,407,408,-1,408,407,409,-1,408,409,410,-1,410,409,411,-1,410,411,377,-1,377,411,412,-1,377,412,375,-1,413,414,402,-1,402,414,415,-1,402,415,400,-1,416,417,366,-1,366,417,418,-1,366,418,367,-1,416,419,417,-1,417,419,420,-1,417,420,421,-1,421,420,422,-1,421,423,424,-1,422,425,421,-1,421,425,426,-1,421,426,427,-1,427,428,421,-1,421,428,429,-1,421,429,423,-1,424,430,421,-1,421,430,431,-1,421,431,432,-1,433,434,435,-1,436,437,438,-1,438,439,440,-1,441,442,434,-1,434,442,443,-1,434,443,435,-1,444,445,446,-1,446,445,447,-1,446,447,438,-1,438,447,448,-1,438,448,439,-1,449,450,386,-1,435,445,433,-1,433,445,444,-1,433,444,451,-1,451,444,452,-1,376,453,377,-1,377,453,389,-1,377,389,386,-1,386,389,391,-1,386,391,449,-1,440,454,438,-1,438,454,455,-1,438,455,436,-1,436,455,456,-1,457,458,459,-1,456,460,436,-1,436,460,461,-1,436,461,391,-1,391,461,462,-1,391,462,449,-1,444,386,452,-1,452,386,450,-1,452,450,457,-1,457,450,463,-1,457,463,464,-1,464,465,457,-1,457,465,466,-1,457,466,458,-1,459,467,457,-1,457,467,468,-1,457,468,469,-1,190,8,191,-1,191,8,470,-1,191,470,437,-1,437,470,471,-1,437,471,438,-1,7,472,8,-1,8,472,473,-1,8,473,470,-1,474,475,476,-1,476,475,477,-1,476,477,478,-1,478,477,473,-1,478,473,479,-1,479,473,472,-1,479,472,480,-1,472,481,480,-1,480,481,482,-1,480,482,483,-1,190,200,8,-1,8,200,202,-1,8,202,6,-1,6,202,484,-1,6,484,485,-1,485,484,486,-1,486,484,487,-1,486,487,446,-1,488,489,490,-1,361,491,492,-1,362,493,494,-1,494,493,495,-1,490,496,497,-1,498,499,500,-1,364,359,362,-1,362,359,361,-1,362,361,493,-1,493,361,492,-1,489,501,490,-1,490,501,502,-1,490,502,503,-1,503,502,500,-1,503,500,504,-1,504,500,499,-1,505,506,361,-1,361,506,507,-1,496,508,497,-1,497,508,509,-1,497,509,361,-1,361,509,510,-1,361,510,505,-1,507,511,361,-1,361,511,512,-1,361,512,491,-1,494,513,514,-1,488,490,515,-1,515,490,497,-1,515,497,516,-1,516,497,494,-1,516,494,517,-1,518,519,500,-1,500,519,520,-1,500,520,521,-1,514,522,494,-1,494,522,523,-1,494,523,517,-1,524,525,494,-1,494,525,526,-1,494,526,513,-1,521,527,500,-1,500,527,528,-1,500,528,498,-1,495,529,530,-1,530,531,495,-1,495,531,532,-1,495,532,494,-1,494,532,533,-1,494,533,524,-1,446,487,444,-1,444,487,534,-1,444,534,386,-1,386,534,535,-1,386,535,380,-1,380,535,5,-1,380,5,361,-1,361,5,4,-1,361,4,497,-1,3,5,323,-1,323,5,535,-1,323,535,536,-1,536,535,534,-1,536,534,537,-1,537,534,487,-1,537,487,538,-1,538,487,484,-1,538,484,233,-1,233,484,202,-1,233,202,235,-1,235,202,204,-1,235,204,244,-1,539,540,541,-1,541,540,34,-1,541,34,542,-1,542,34,26,-1,542,26,333,-1,333,26,0,-1,333,0,314,-1,314,0,2,-1,217,494,218,-1,218,494,497,-1,218,497,220,-1,220,497,4,-1,220,4,2,-1,2,4,3,-1,2,3,314,-1,314,3,317,-1,314,317,312,-1,312,317,319,-1,229,231,233,-1,233,231,249,-1,233,249,538,-1,538,249,262,-1,538,262,537,-1,537,262,261,-1,537,261,536,-1,536,261,11,-1,536,11,323,-1,323,11,10,-1,323,10,324,-1,543,544,231,-1,545,546,547,-1,547,546,548,-1,544,549,231,-1,231,549,550,-1,231,550,551,-1,251,552,547,-1,547,552,553,-1,547,553,554,-1,551,555,231,-1,231,555,556,-1,231,556,249,-1,249,556,557,-1,249,557,251,-1,251,557,558,-1,251,558,552,-1,554,559,547,-1,547,559,560,-1,547,560,545,-1,227,226,232,-1,232,226,547,-1,232,547,231,-1,231,547,548,-1,231,548,543,-1,348,353,185,-1,185,353,345,-1,185,345,204,-1,204,345,343,-1,204,343,244,-1,244,343,341,-1,244,341,246,-1,246,341,339,-1,246,339,247,-1,247,339,337,-1,300,302,13,-1,13,302,561,-1,13,561,14,-1,14,561,540,-1,14,540,309,-1,309,540,539,-1,309,539,329,-1,335,334,337,-1,337,334,562,-1,337,562,247,-1,247,562,563,-1,247,563,226,-1,226,563,564,-1,226,564,547,-1,547,564,565,-1,547,565,251,-1,251,565,566,-1,251,566,255,-1,255,566,567,-1,255,567,271,-1,271,567,302,-1,271,302,272,-1,272,302,304,-1,272,304,273,-1,336,568,334,-1,334,568,569,-1,334,569,562,-1,562,569,570,-1,562,570,563,-1,563,570,571,-1,563,571,564,-1,564,571,572,-1,564,572,565,-1,565,572,573,-1,565,573,566,-1,566,573,574,-1,566,574,567,-1,567,574,575,-1,567,575,302,-1,302,575,576,-1,302,576,561,-1,561,576,577,-1,561,577,540,-1,540,577,36,-1,540,36,34,-1,34,36,39,-1,34,39,35,-1,578,579,580,-1,581,582,583,-1,583,582,584,-1,580,585,578,-1,578,585,582,-1,578,582,37,-1,37,582,581,-1,37,581,586,-1,579,587,580,-1,580,587,588,-1,580,588,584,-1,584,588,589,-1,584,589,583,-1,583,589,590,-1,583,590,591,-1,591,590,592,-1,591,592,593,-1,593,592,594,-1,593,594,595,-1,595,594,76,-1,595,76,596,-1,596,76,37,-1,596,37,597,-1,597,37,586,-1,597,586,593,-1,593,586,591,-1,598,592,590,-1,72,76,594,-1,589,588,599,-1,599,588,600,-1,590,601,598,-1,598,601,72,-1,598,72,602,-1,602,72,594,-1,587,579,603,-1,603,579,604,-1,603,604,600,-1,600,604,72,-1,600,72,599,-1,599,72,601,-1,605,606,350,-1,607,608,609,-1,609,608,610,-1,609,610,611,-1,612,613,611,-1,611,613,605,-1,611,605,609,-1,609,605,350,-1,614,352,615,-1,615,352,350,-1,615,350,616,-1,616,350,606,-1,616,606,617,-1,617,606,618,-1,336,619,620,-1,620,619,621,-1,620,621,607,-1,607,621,622,-1,336,623,624,-1,336,624,619,-1,619,624,625,-1,619,625,626,-1,627,628,336,-1,336,628,629,-1,336,629,623,-1,623,629,630,-1,623,630,631,-1,336,352,627,-1,627,352,614,-1,627,614,630,-1,630,614,617,-1,630,617,631,-1,631,617,618,-1,631,618,625,-1,625,618,613,-1,625,613,626,-1,626,613,612,-1,626,612,622,-1,622,612,608,-1,622,608,607,-1,632,633,634,-1,632,635,636,-1,637,638,639,-1,640,641,636,-1,636,641,642,-1,643,635,634,-1,634,635,632,-1,642,644,636,-1,636,644,632,-1,643,645,635,-1,635,645,646,-1,635,646,636,-1,636,646,647,-1,636,647,640,-1,648,633,632,-1,649,650,648,-1,648,650,651,-1,648,651,633,-1,633,651,652,-1,633,652,634,-1,634,652,653,-1,634,653,643,-1,638,649,639,-1,639,649,648,-1,639,648,632,-1,654,655,656,-1,656,637,654,-1,654,637,639,-1,654,639,632,-1,657,655,658,-1,658,655,654,-1,658,654,632,-1,659,660,661,-1,661,660,662,-1,663,664,665,-1,665,664,620,-1,665,620,666,-1,666,620,578,-1,666,578,660,-1,660,578,662,-1,667,664,668,-1,668,664,663,-1,659,661,669,-1,669,661,37,-1,669,37,632,-1,632,37,336,-1,632,336,668,-1,668,336,667,-1,670,354,671,-1,671,354,74,-1,672,673,674,-1,674,673,675,-1,674,675,676,-1,677,678,673,-1,673,678,679,-1,672,680,673,-1,673,680,681,-1,673,681,677,-1,677,681,682,-1,677,682,683,-1,683,682,684,-1,683,684,685,-1,686,687,688,-1,688,687,689,-1,688,689,690,-1,676,691,674,-1,674,691,692,-1,674,692,693,-1,694,695,689,-1,689,695,696,-1,689,696,690,-1,693,697,674,-1,674,697,698,-1,674,698,699,-1,694,689,700,-1,700,689,701,-1,700,701,702,-1,699,703,674,-1,674,703,704,-1,674,704,705,-1,705,706,674,-1,674,706,707,-1,674,707,708,-1,686,709,687,-1,687,709,710,-1,687,710,711,-1,711,710,674,-1,711,674,712,-1,712,674,708,-1,684,713,685,-1,685,713,714,-1,685,714,715,-1,716,717,701,-1,701,717,718,-1,701,718,702,-1,719,720,721,-1,716,701,722,-1,722,701,723,-1,722,723,724,-1,721,725,719,-1,719,725,726,-1,719,726,727,-1,727,726,728,-1,727,728,729,-1,729,728,715,-1,729,715,730,-1,730,715,714,-1,731,732,733,-1,734,735,723,-1,723,735,736,-1,737,738,739,-1,739,738,673,-1,739,673,740,-1,740,673,679,-1,732,731,741,-1,741,731,742,-1,741,742,743,-1,744,745,741,-1,741,745,746,-1,741,746,747,-1,747,748,741,-1,741,748,749,-1,741,749,750,-1,743,751,741,-1,741,751,752,-1,741,752,744,-1,736,753,723,-1,723,753,754,-1,723,754,724,-1,724,754,755,-1,724,755,720,-1,720,755,756,-1,720,756,721,-1,750,757,741,-1,741,757,758,-1,741,758,759,-1,737,760,738,-1,738,760,761,-1,738,761,762,-1,762,761,741,-1,762,741,763,-1,763,741,759,-1,764,765,766,-1,766,765,767,-1,766,767,768,-1,769,770,771,-1,771,770,772,-1,771,772,773,-1,773,772,766,-1,773,766,774,-1,774,766,768,-1,734,723,766,-1,766,723,775,-1,766,775,776,-1,733,777,731,-1,731,777,778,-1,731,778,771,-1,771,778,779,-1,771,779,769,-1,776,780,766,-1,766,780,781,-1,766,781,782,-1,782,783,766,-1,766,783,784,-1,766,784,785,-1,785,786,766,-1,766,786,787,-1,766,787,764,-1,666,660,669,-1,669,660,659,-1,663,665,668,-1,668,665,632,-1,662,578,661,-1,661,578,37,-1,671,74,604,-1,604,74,72,-1,620,664,336,-1,336,664,667,-1,609,350,670,-1,670,350,354,-1,731,771,788,-1,788,771,789,-1,788,789,666,-1,666,789,665,-1,666,669,790,-1,666,790,791,-1,791,790,673,-1,791,673,738,-1,792,657,658,-1,723,701,793,-1,793,701,792,-1,793,792,665,-1,665,792,658,-1,665,658,632,-1,669,794,795,-1,795,794,689,-1,795,689,687,-1,642,794,644,-1,644,794,669,-1,644,669,632,-1,604,579,578,-1,620,607,609,-1,670,671,609,-1,609,671,604,-1,609,604,620,-1,620,604,578,-1,665,796,797,-1,665,798,799,-1,767,765,800,-1,776,775,797,-1,797,775,723,-1,783,796,799,-1,799,796,665,-1,723,793,797,-1,797,793,665,-1,783,782,796,-1,796,782,781,-1,796,781,797,-1,797,781,780,-1,797,780,776,-1,801,798,665,-1,764,787,801,-1,801,787,786,-1,801,786,798,-1,798,786,785,-1,798,785,799,-1,799,785,784,-1,799,784,783,-1,765,764,800,-1,800,764,801,-1,800,801,665,-1,773,774,802,-1,802,774,768,-1,768,767,802,-1,802,767,800,-1,802,800,665,-1,771,773,789,-1,789,773,802,-1,789,802,665,-1,669,803,804,-1,669,805,806,-1,707,706,807,-1,676,675,804,-1,804,675,673,-1,697,803,806,-1,806,803,669,-1,673,790,804,-1,804,790,669,-1,697,693,803,-1,803,693,692,-1,803,692,804,-1,804,692,691,-1,804,691,676,-1,808,805,669,-1,705,704,808,-1,808,704,703,-1,808,703,805,-1,805,703,699,-1,805,699,806,-1,806,699,698,-1,806,698,697,-1,706,705,807,-1,807,705,808,-1,807,808,669,-1,711,712,809,-1,809,712,708,-1,708,707,809,-1,809,707,807,-1,809,807,669,-1,687,711,795,-1,795,711,809,-1,795,809,669,-1,666,810,811,-1,666,812,813,-1,758,757,814,-1,743,742,811,-1,811,742,731,-1,745,810,813,-1,813,810,666,-1,731,788,811,-1,811,788,666,-1,745,744,810,-1,810,744,752,-1,810,752,811,-1,811,752,751,-1,811,751,743,-1,815,812,666,-1,750,749,815,-1,815,749,748,-1,815,748,812,-1,812,748,747,-1,812,747,813,-1,813,747,746,-1,813,746,745,-1,757,750,814,-1,814,750,815,-1,814,815,666,-1,762,763,816,-1,816,763,759,-1,759,758,816,-1,816,758,814,-1,816,814,666,-1,738,762,791,-1,791,762,816,-1,791,816,666,-1,689,794,701,-1,701,794,792,-1,792,794,642,-1,651,650,792,-1,655,638,656,-1,656,638,637,-1,650,649,792,-1,792,649,638,-1,792,638,657,-1,657,638,655,-1,642,641,792,-1,792,641,640,-1,792,640,647,-1,647,646,792,-1,792,646,645,-1,792,645,643,-1,643,653,792,-1,792,653,652,-1,792,652,651,-1,
        ]
    }
}
Shape{
    appearance Appearance {
        material  Material 	{
            diffuseColor 0.984313725490196 1.0 0.8745098039215686
            specularColor 0.49411764705882355 0.5019607843137255 0.4392156862745098
            ambientIntensity 0.981
            transparency 0.0
            shininess 0.5
        }
    }
    geometry IndexedFaceSet {
        ccw TRUE
        solid FALSE
        coord DEF co Coordinate {
            point [
                0.5039 0.0315 0.7473, 0.5039 0.0315 0.7477, 0.5 0.0665 0.7473, 0.5 0.0665 0.7477, 0.4883 0.0998 0.7473, 0.4883 0.0998 0.7477, 0.4696 0.1297 0.7473, 0.4696 0.1297 0.7477, 0.4446 0.1546 0.7473, 0.4446 0.1546 0.7477, 0.4148 0.1734 0.7473, 0.4148 0.1734 0.7477, 0.3815 0.185 0.7473, 0.3815 0.185 0.7477, 0.3465 0.189 0.7473, 0.3465 0.189 0.7477, 0.5039 -0.4252 0.7473, 0.5039 -0.4252 0.7477, 0.3465 -0.5827 0.7473, 0.3465 -0.5827 0.7477, 0.3815 -0.5787 0.7473, 0.3815 -0.5787 0.7477, 0.4148 -0.5671 0.7473, 0.4148 -0.5671 0.7477, 0.4446 -0.5483 0.7473, 0.4446 -0.5483 0.7477, 0.4696 -0.5234 0.7473, 0.4696 -0.5234 0.7477, 0.4883 -0.4935 0.7473, 0.4883 -0.4935 0.7477, 0.5 -0.4602 0.7473, 0.5 -0.4602 0.7477, -0.3465 -0.5827 0.7473, -0.3465 -0.5827 0.7477, -0.5039 -0.4252 0.7473, -0.5039 -0.4252 0.7477, -0.5 -0.4602 0.7473, -0.5 -0.4602 0.7477, -0.4883 -0.4935 0.7473, -0.4883 -0.4935 0.7477, -0.4696 -0.5234 0.7473, -0.4696 -0.5234 0.7477, -0.4446 -0.5483 0.7473, -0.4446 -0.5483 0.7477, -0.4148 -0.5671 0.7473, -0.4148 -0.5671 0.7477, -0.3815 -0.5787 0.7473, -0.3815 -0.5787 0.7477, -0.5039 0.0315 0.7473, -0.5039 0.0315 0.7477, -0.3465 0.189 0.7473, -0.3465 0.189 0.7477, -0.3815 0.185 0.7473, -0.3815 0.185 0.7477, -0.4148 0.1734 0.7473, -0.4148 0.1734 0.7477, -0.4446 0.1546 0.7473, -0.4446 0.1546 0.7477, -0.4696 0.1297 0.7473, -0.4696 0.1297 0.7477, -0.4883 0.0998 0.7473, -0.4883 0.0998 0.7477, -0.5 0.0665 0.7473, -0.5 0.0665 0.7477, -0.3465 0.5827 0.7473, -0.3465 0.5827 0.7477, -0.3841 0.5781 0.7473, -0.3841 0.5781 0.7477, -0.4196 0.5646 0.7473, -0.4196 0.5646 0.7477, -0.4509 0.5431 0.7473, -0.4509 0.5431 0.7477, -0.4761 0.5147 0.7473, -0.4761 0.5147 0.7477, -0.4937 0.481 0.7473, -0.4937 0.481 0.7477, -0.5028 0.4442 0.7473, -0.5028 0.4442 0.7477, -0.5028 0.4062 0.7473, -0.5028 0.4062 0.7477, -0.4937 0.3694 0.7473, -0.4937 0.3694 0.7477, -0.4761 0.3357 0.7473, -0.4761 0.3357 0.7477, -0.4509 0.3073 0.7473, -0.4509 0.3073 0.7477, -0.4196 0.2858 0.7473, -0.4196 0.2858 0.7477, -0.3841 0.2723 0.7473, -0.3841 0.2723 0.7477, -0.3465 0.2677 0.7473, -0.3465 0.2677 0.7477, 0.3465 0.5827 0.7473, 0.3465 0.5827 0.7477, 0.3465 0.2677 0.7473, 0.3465 0.2677 0.7477, 0.3841 0.2723 0.7473, 0.3841 0.2723 0.7477, 0.4196 0.2858 0.7473, 0.4196 0.2858 0.7477, 0.4509 0.3073 0.7473, 0.4509 0.3073 0.7477, 0.4761 0.3357 0.7473, 0.4761 0.3357 0.7477, 0.4937 0.3694 0.7473, 0.4937 0.3694 0.7477, 0.5028 0.4062 0.7473, 0.5028 0.4062 0.7477, 0.5028 0.4442 0.7473, 0.5028 0.4442 0.7477, 0.4937 0.481 0.7473, 0.4937 0.481 0.7477, 0.4761 0.5147 0.7473, 0.4761 0.5147 0.7477, 0.4509 0.5431 0.7473, 0.4509 0.5431 0.7477, 0.4196 0.5646 0.7473, 0.4196 0.5646 0.7477, 0.3841 0.5781 0.7473, 0.3841 0.5781 0.7477
            ]
        }
        coordIndex [
            0,1,2,-1,2,1,3,-1,2,3,4,-1,4,3,5,-1,4,5,6,-1,6,5,7,-1,6,7,8,-1,8,7,9,-1,8,9,10,-1,10,9,11,-1,10,11,12,-1,12,11,13,-1,12,13,14,-1,14,13,15,-1,0,16,1,-1,1,16,17,-1,18,19,20,-1,20,19,21,-1,20,21,22,-1,22,21,23,-1,22,23,24,-1,24,23,25,-1,24,25,26,-1,26,25,27,-1,26,27,28,-1,28,27,29,-1,28,29,30,-1,30,29,31,-1,30,31,16,-1,16,31,17,-1,18,32,19,-1,19,32,33,-1,34,35,36,-1,36,35,37,-1,36,37,38,-1,38,37,39,-1,38,39,40,-1,40,39,41,-1,40,41,42,-1,42,41,43,-1,42,43,44,-1,44,43,45,-1,44,45,46,-1,46,45,47,-1,46,47,32,-1,32,47,33,-1,34,48,35,-1,35,48,49,-1,50,51,52,-1,52,51,53,-1,52,53,54,-1,54,53,55,-1,54,55,56,-1,56,55,57,-1,56,57,58,-1,58,57,59,-1,58,59,60,-1,60,59,61,-1,60,61,62,-1,62,61,63,-1,62,63,48,-1,48,63,49,-1,50,14,51,-1,51,14,15,-1,46,32,38,-1,14,18,16,-1,60,62,50,-1,50,62,48,-1,50,48,14,-1,10,2,8,-1,8,2,4,-1,8,4,6,-1,50,52,60,-1,60,52,54,-1,60,54,58,-1,58,54,56,-1,14,48,18,-1,18,48,34,-1,18,34,32,-1,32,34,36,-1,32,36,38,-1,16,0,14,-1,14,0,2,-1,14,2,12,-1,12,2,10,-1,18,20,16,-1,16,20,22,-1,16,22,30,-1,30,22,24,-1,30,24,28,-1,28,24,26,-1,46,38,44,-1,44,38,40,-1,44,40,42,-1,64,65,66,-1,66,65,67,-1,66,67,68,-1,68,67,69,-1,68,69,70,-1,70,69,71,-1,70,71,72,-1,72,71,73,-1,72,73,74,-1,74,73,75,-1,74,75,76,-1,76,75,77,-1,76,77,78,-1,78,77,79,-1,78,79,80,-1,80,79,81,-1,80,81,82,-1,82,81,83,-1,82,83,84,-1,84,83,85,-1,84,85,86,-1,86,85,87,-1,86,87,88,-1,88,87,89,-1,88,89,90,-1,90,89,91,-1,64,92,65,-1,65,92,93,-1,94,95,96,-1,96,95,97,-1,96,97,98,-1,98,97,99,-1,98,99,100,-1,100,99,101,-1,100,101,102,-1,102,101,103,-1,102,103,104,-1,104,103,105,-1,104,105,106,-1,106,105,107,-1,106,107,108,-1,108,107,109,-1,108,109,110,-1,110,109,111,-1,110,111,112,-1,112,111,113,-1,112,113,114,-1,114,113,115,-1,114,115,116,-1,116,115,117,-1,116,117,118,-1,118,117,119,-1,118,119,92,-1,92,119,93,-1,94,90,95,-1,95,90,91,-1,
        ]
    }
}
Shape{
    appearance Appearance {
        material  Material 	{
            diffuseColor 1.0 0.9137254901960784 0.21568627450980393
            specularColor 0.5019607843137255 0.4588235294117647 0.10588235294117647
            ambientIntensity 0.8599
            transparency 0.0
            shininess 0.5
        }
    }
    geometry IndexedFaceSet {
        ccw TRUE
        solid FALSE
        coord DEF co Coordinate {
            point [
                -0.3841 0.5781 0.7473, -0.4196 0.5646 0.7473, -0.3465 0.2677 0.7473, 0.4196 0.2858 0.7473, 0.3465 0.5827 0.7473, 0.3841 0.2723 0.7473, 0.3465 0.2677 0.7473, -0.3465 0.5827 0.7473, -0.4937 0.481 0.7473, -0.5028 0.4442 0.7473, -0.5028 0.4062 0.7473, 0.4509 0.3073 0.7473, 0.4761 0.3357 0.7473, 0.4937 0.3694 0.7473, 0.5028 0.4062 0.7473, 0.5028 0.4442 0.7473, 0.3841 0.5781 0.7473, 0.4196 0.5646 0.7473, -0.4509 0.5431 0.7473, -0.4761 0.5147 0.7473, -0.4937 0.3694 0.7473, -0.4761 0.3357 0.7473, -0.4509 0.3073 0.7473, 0.4509 0.5431 0.7473, 0.4937 0.481 0.7473, 0.4761 0.5147 0.7473, -0.4196 0.2858 0.7473, -0.3841 0.2723 0.7473
            ]
        }
        coordIndex [
            0,1,2,-1,3,4,5,-1,5,4,6,-1,6,4,2,-1,2,4,7,-1,2,7,0,-1,8,9,10,-1,3,11,4,-1,4,11,12,-1,4,12,13,-1,13,14,4,-1,4,14,15,-1,4,15,16,-1,16,15,17,-1,1,18,2,-1,2,18,19,-1,2,19,8,-1,10,20,8,-1,8,20,21,-1,8,21,22,-1,17,15,23,-1,23,15,24,-1,23,24,25,-1,22,26,8,-1,8,26,27,-1,8,27,2,-1,
        ]
    }
}
Shape{
    appearance Appearance {
        material  Material 	{
            diffuseColor 0.8509803921568627 0.8509803921568627 0.8509803921568627
            specularColor 0.4235294117647059 0.4235294117647059 0.4235294117647059
            ambientIntensity 0.851
            transparency 0.0
            shininess 0.5
        }
    }
    geometry IndexedFaceSet {
        ccw TRUE
        solid FALSE
        coord DEF co Coordinate {
            point [
                -0.7283 0.5512 0.2753, -0.7283 0.315 0.2753, -0.7265 0.315 0.292, -0.7265 0.5512 0.292, -0.7212 0.315 0.308, -0.7212 0.5512 0.308, -0.7126 0.315 0.3225, -0.7126 0.5512 0.3225, -0.7011 0.315 0.3348, -0.7011 0.5512 0.3348, -0.6873 0.315 0.3444, -0.6873 0.5512 0.3444, -0.6496 0.315 0.1307, -0.6496 0.315 0.0872, -0.6496 0.5512 0.1307, -0.6496 0.5512 0.0872, -0.6494 0.5512 0.0852, -0.6494 0.315 0.0852, -0.6487 0.5512 0.0833, -0.6487 0.315 0.0833, -0.6476 0.5512 0.0816, -0.6476 0.315 0.0816, -0.6461 0.5512 0.0802, -0.6461 0.315 0.0802, -0.6444 0.5512 0.0792, -0.6444 0.315 0.0792, -0.6424 0.5512 0.0786, -0.6424 0.315 0.0786, -0.6404 0.5512 0.0784, -0.6404 0.315 0.0784, -0.3723 0.5512 0.1019, -0.3654 0.5512 0.0234, -0.6331 0.5512 0.0, -0.6538 0.5512 0.0006, -0.6738 0.5512 0.0061, -0.6919 0.5512 0.0161, -0.7071 0.5512 0.0301, -0.7187 0.5512 0.0473, -0.7259 0.5512 0.0667, -0.7283 0.5512 0.0872, -0.3654 0.315 0.0234, -0.3723 0.315 0.1019, -0.6331 0.315 0.0, -0.6538 0.315 0.0006, -0.6738 0.315 0.0061, -0.6919 0.315 0.0161, -0.7071 0.315 0.0301, -0.7187 0.315 0.0473, -0.7259 0.315 0.0667, -0.7283 0.315 0.0872, -0.7283 0.1181 0.2753, -0.7283 -0.1181 0.2753, -0.7265 -0.1181 0.292, -0.7265 0.1181 0.292, -0.7212 -0.1181 0.308, -0.7212 0.1181 0.308, -0.7126 -0.1181 0.3225, -0.7126 0.1181 0.3225, -0.7011 -0.1181 0.3348, -0.7011 0.1181 0.3348, -0.6873 -0.1181 0.3444, -0.6873 0.1181 0.3444, -0.6496 -0.1181 0.1307, -0.6496 -0.1181 0.0872, -0.6496 0.1181 0.1307, -0.6496 0.1181 0.0872, -0.6494 0.1181 0.0852, -0.6494 -0.1181 0.0852, -0.6487 0.1181 0.0833, -0.6487 -0.1181 0.0833, -0.6476 0.1181 0.0816, -0.6476 -0.1181 0.0816, -0.6461 0.1181 0.0802, -0.6461 -0.1181 0.0802, -0.6444 0.1181 0.0792, -0.6444 -0.1181 0.0792, -0.6424 0.1181 0.0786, -0.6424 -0.1181 0.0786, -0.6404 0.1181 0.0784, -0.6404 -0.1181 0.0784, -0.3723 0.1181 0.1019, -0.3654 0.1181 0.0234, -0.6331 0.1181 0.0, -0.6538 0.1181 0.0006, -0.6738 0.1181 0.0061, -0.6919 0.1181 0.0161, -0.7071 0.1181 0.0301, -0.7187 0.1181 0.0473, -0.7259 0.1181 0.0667, -0.7283 0.1181 0.0872, -0.3654 -0.1181 0.0234, -0.3723 -0.1181 0.1019, -0.6331 -0.1181 0.0, -0.6538 -0.1181 0.0006, -0.6738 -0.1181 0.0061, -0.6919 -0.1181 0.0161, -0.7071 -0.1181 0.0301, -0.7187 -0.1181 0.0473, -0.7259 -0.1181 0.0667, -0.7283 -0.1181 0.0872, -0.7283 -0.315 0.2753, -0.7283 -0.5512 0.2753, -0.7265 -0.5512 0.292, -0.7265 -0.315 0.292, -0.7212 -0.5512 0.308, -0.7212 -0.315 0.308, -0.7126 -0.5512 0.3225, -0.7126 -0.315 0.3225, -0.7011 -0.5512 0.3348, -0.7011 -0.315 0.3348, -0.6873 -0.5512 0.3444, -0.6873 -0.315 0.3444, -0.6496 -0.5512 0.1307, -0.6496 -0.5512 0.0872, -0.6496 -0.315 0.1307, -0.6496 -0.315 0.0872, -0.6494 -0.315 0.0852, -0.6494 -0.5512 0.0852, -0.6487 -0.315 0.0833, -0.6487 -0.5512 0.0833, -0.6476 -0.315 0.0816, -0.6476 -0.5512 0.0816, -0.6461 -0.315 0.0802, -0.6461 -0.5512 0.0802, -0.6444 -0.315 0.0792, -0.6444 -0.5512 0.0792, -0.6424 -0.315 0.0786, -0.6424 -0.5512 0.0786, -0.6404 -0.315 0.0784, -0.6404 -0.5512 0.0784, -0.3723 -0.315 0.1019, -0.3654 -0.315 0.0234, -0.6331 -0.315 0.0, -0.6538 -0.315 0.0006, -0.6738 -0.315 0.0061, -0.6919 -0.315 0.0161, -0.7071 -0.315 0.0301, -0.7187 -0.315 0.0473, -0.7259 -0.315 0.0667, -0.7283 -0.315 0.0872, -0.3654 -0.5512 0.0234, -0.3723 -0.5512 0.1019, -0.6331 -0.5512 0.0, -0.6538 -0.5512 0.0006, -0.6738 -0.5512 0.0061, -0.6919 -0.5512 0.0161, -0.7071 -0.5512 0.0301, -0.7187 -0.5512 0.0473, -0.7259 -0.5512 0.0667, -0.7283 -0.5512 0.0872, 0.6496 0.5512 0.0872, 0.6496 0.315 0.0872, 0.6496 0.5512 0.1307, 0.6496 0.315 0.1307, 0.6873 0.5512 0.3444, 0.6873 0.315 0.3444, 0.7011 0.315 0.3348, 0.7011 0.5512 0.3348, 0.7126 0.315 0.3225, 0.7126 0.5512 0.3225, 0.7212 0.315 0.308, 0.7212 0.5512 0.308, 0.7265 0.315 0.292, 0.7265 0.5512 0.292, 0.7283 0.315 0.2753, 0.7283 0.5512 0.2753, 0.6404 0.5512 0.0784, 0.6404 0.315 0.0784, 0.6424 0.5512 0.0786, 0.6424 0.315 0.0786, 0.6444 0.5512 0.0792, 0.6444 0.315 0.0792, 0.6461 0.5512 0.0802, 0.6461 0.315 0.0802, 0.6476 0.5512 0.0816, 0.6476 0.315 0.0816, 0.6487 0.5512 0.0833, 0.6487 0.315 0.0833, 0.6494 0.5512 0.0852, 0.6494 0.315 0.0852, 0.3654 0.5512 0.0234, 0.3723 0.5512 0.1019, 0.6331 0.5512 0.0, 0.6538 0.5512 0.0006, 0.6738 0.5512 0.0061, 0.6919 0.5512 0.0161, 0.7071 0.5512 0.0301, 0.7187 0.5512 0.0473, 0.7259 0.5512 0.0667, 0.7283 0.5512 0.0872, 0.3723 0.315 0.1019, 0.3654 0.315 0.0234, 0.6331 0.315 0.0, 0.6538 0.315 0.0006, 0.6738 0.315 0.0061, 0.6919 0.315 0.0161, 0.7071 0.315 0.0301, 0.7187 0.315 0.0473, 0.7259 0.315 0.0667, 0.7283 0.315 0.0872, 0.6496 0.1181 0.0872, 0.6496 -0.1181 0.0872, 0.6496 0.1181 0.1307, 0.6496 -0.1181 0.1307, 0.6873 0.1181 0.3444, 0.6873 -0.1181 0.3444, 0.7011 -0.1181 0.3348, 0.7011 0.1181 0.3348, 0.7126 -0.1181 0.3225, 0.7126 0.1181 0.3225, 0.7212 -0.1181 0.308, 0.7212 0.1181 0.308, 0.7265 -0.1181 0.292, 0.7265 0.1181 0.292, 0.7283 -0.1181 0.2753, 0.7283 0.1181 0.2753, 0.6404 0.1181 0.0784, 0.6404 -0.1181 0.0784, 0.6424 0.1181 0.0786, 0.6424 -0.1181 0.0786, 0.6444 0.1181 0.0792, 0.6444 -0.1181 0.0792, 0.6461 0.1181 0.0802, 0.6461 -0.1181 0.0802, 0.6476 0.1181 0.0816, 0.6476 -0.1181 0.0816, 0.6487 0.1181 0.0833, 0.6487 -0.1181 0.0833, 0.6494 0.1181 0.0852, 0.6494 -0.1181 0.0852, 0.3654 0.1181 0.0234, 0.3723 0.1181 0.1019, 0.6331 0.1181 0.0, 0.6538 0.1181 0.0006, 0.6738 0.1181 0.0061, 0.6919 0.1181 0.0161, 0.7071 0.1181 0.0301, 0.7187 0.1181 0.0473, 0.7259 0.1181 0.0667, 0.7283 0.1181 0.0872, 0.3723 -0.1181 0.1019, 0.3654 -0.1181 0.0234, 0.6331 -0.1181 0.0, 0.6538 -0.1181 0.0006, 0.6738 -0.1181 0.0061, 0.6919 -0.1181 0.0161, 0.7071 -0.1181 0.0301, 0.7187 -0.1181 0.0473, 0.7259 -0.1181 0.0667, 0.7283 -0.1181 0.0872, 0.6496 -0.315 0.0872, 0.6496 -0.5512 0.0872, 0.6496 -0.315 0.1307, 0.6496 -0.5512 0.1307, 0.6873 -0.315 0.3444, 0.6873 -0.5512 0.3444, 0.7011 -0.5512 0.3348, 0.7011 -0.315 0.3348, 0.7126 -0.5512 0.3225, 0.7126 -0.315 0.3225, 0.7212 -0.5512 0.308, 0.7212 -0.315 0.308, 0.7265 -0.5512 0.292, 0.7265 -0.315 0.292, 0.7283 -0.5512 0.2753, 0.7283 -0.315 0.2753, 0.6404 -0.315 0.0784, 0.6404 -0.5512 0.0784, 0.6424 -0.315 0.0786, 0.6424 -0.5512 0.0786, 0.6444 -0.315 0.0792, 0.6444 -0.5512 0.0792, 0.6461 -0.315 0.0802, 0.6461 -0.5512 0.0802, 0.6476 -0.315 0.0816, 0.6476 -0.5512 0.0816, 0.6487 -0.315 0.0833, 0.6487 -0.5512 0.0833, 0.6494 -0.315 0.0852, 0.6494 -0.5512 0.0852, 0.3654 -0.315 0.0234, 0.3723 -0.315 0.1019, 0.6331 -0.315 0.0, 0.6538 -0.315 0.0006, 0.6738 -0.315 0.0061, 0.6919 -0.315 0.0161, 0.7071 -0.315 0.0301, 0.7187 -0.315 0.0473, 0.7259 -0.315 0.0667, 0.7283 -0.315 0.0872, 0.3723 -0.5512 0.1019, 0.3654 -0.5512 0.0234, 0.6331 -0.5512 0.0, 0.6538 -0.5512 0.0006, 0.6738 -0.5512 0.0061, 0.6919 -0.5512 0.0161, 0.7071 -0.5512 0.0301, 0.7187 -0.5512 0.0473, 0.7259 -0.5512 0.0667, 0.7283 -0.5512 0.0872
            ]
        }
        coordIndex [
            0,1,2,-1,0,2,3,-1,3,2,4,-1,3,4,5,-1,5,4,6,-1,5,6,7,-1,7,6,8,-1,7,8,9,-1,9,8,10,-1,9,10,11,-1,12,13,14,-1,14,13,15,-1,15,13,16,-1,16,13,17,-1,16,17,18,-1,18,17,19,-1,18,19,20,-1,20,19,21,-1,20,21,22,-1,22,21,23,-1,22,23,24,-1,24,23,25,-1,24,25,26,-1,26,25,27,-1,26,27,28,-1,28,27,29,-1,3,5,14,-1,5,7,14,-1,14,7,9,-1,14,9,11,-1,30,31,28,-1,28,31,32,-1,28,32,26,-1,26,32,33,-1,26,33,24,-1,24,33,34,-1,24,34,22,-1,22,34,35,-1,22,35,20,-1,20,35,36,-1,20,36,18,-1,18,36,37,-1,18,37,16,-1,16,37,38,-1,16,38,15,-1,15,38,39,-1,15,39,14,-1,14,39,0,-1,14,0,3,-1,10,8,12,-1,12,8,6,-1,12,6,4,-1,40,41,42,-1,42,41,29,-1,42,29,43,-1,43,29,27,-1,43,27,44,-1,44,27,25,-1,44,25,45,-1,45,25,23,-1,45,23,46,-1,46,23,21,-1,46,21,47,-1,47,21,19,-1,47,19,48,-1,48,19,17,-1,48,17,49,-1,49,17,13,-1,49,13,1,-1,1,13,12,-1,1,12,2,-1,2,12,4,-1,31,30,40,-1,40,30,41,-1,32,31,42,-1,42,31,40,-1,32,42,43,-1,32,43,33,-1,33,43,44,-1,33,44,34,-1,34,44,45,-1,34,45,35,-1,35,45,46,-1,35,46,36,-1,36,46,47,-1,36,47,37,-1,37,47,48,-1,37,48,38,-1,38,48,49,-1,38,49,39,-1,0,39,1,-1,1,39,49,-1,50,51,52,-1,50,52,53,-1,53,52,54,-1,53,54,55,-1,55,54,56,-1,55,56,57,-1,57,56,58,-1,57,58,59,-1,59,58,60,-1,59,60,61,-1,62,63,64,-1,64,63,65,-1,65,63,66,-1,66,63,67,-1,66,67,68,-1,68,67,69,-1,68,69,70,-1,70,69,71,-1,70,71,72,-1,72,71,73,-1,72,73,74,-1,74,73,75,-1,74,75,76,-1,76,75,77,-1,76,77,78,-1,78,77,79,-1,53,55,64,-1,55,57,64,-1,64,57,59,-1,64,59,61,-1,80,81,78,-1,78,81,82,-1,78,82,76,-1,76,82,83,-1,76,83,74,-1,74,83,84,-1,74,84,72,-1,72,84,85,-1,72,85,70,-1,70,85,86,-1,70,86,68,-1,68,86,87,-1,68,87,66,-1,66,87,88,-1,66,88,65,-1,65,88,89,-1,65,89,64,-1,64,89,50,-1,64,50,53,-1,60,58,62,-1,62,58,56,-1,62,56,54,-1,90,91,92,-1,92,91,79,-1,92,79,93,-1,93,79,77,-1,93,77,94,-1,94,77,75,-1,94,75,95,-1,95,75,73,-1,95,73,96,-1,96,73,71,-1,96,71,97,-1,97,71,69,-1,97,69,98,-1,98,69,67,-1,98,67,99,-1,99,67,63,-1,99,63,51,-1,51,63,62,-1,51,62,52,-1,52,62,54,-1,81,80,90,-1,90,80,91,-1,82,81,92,-1,92,81,90,-1,82,92,93,-1,82,93,83,-1,83,93,94,-1,83,94,84,-1,84,94,95,-1,84,95,85,-1,85,95,96,-1,85,96,86,-1,86,96,97,-1,86,97,87,-1,87,97,98,-1,87,98,88,-1,88,98,99,-1,88,99,89,-1,50,89,51,-1,51,89,99,-1,100,101,102,-1,100,102,103,-1,103,102,104,-1,103,104,105,-1,105,104,106,-1,105,106,107,-1,107,106,108,-1,107,108,109,-1,109,108,110,-1,109,110,111,-1,112,113,114,-1,114,113,115,-1,115,113,116,-1,116,113,117,-1,116,117,118,-1,118,117,119,-1,118,119,120,-1,120,119,121,-1,120,121,122,-1,122,121,123,-1,122,123,124,-1,124,123,125,-1,124,125,126,-1,126,125,127,-1,126,127,128,-1,128,127,129,-1,103,105,114,-1,105,107,114,-1,114,107,109,-1,114,109,111,-1,130,131,128,-1,128,131,132,-1,128,132,126,-1,126,132,133,-1,126,133,124,-1,124,133,134,-1,124,134,122,-1,122,134,135,-1,122,135,120,-1,120,135,136,-1,120,136,118,-1,118,136,137,-1,118,137,116,-1,116,137,138,-1,116,138,115,-1,115,138,139,-1,115,139,114,-1,114,139,100,-1,114,100,103,-1,110,108,112,-1,112,108,106,-1,112,106,104,-1,140,141,142,-1,142,141,129,-1,142,129,143,-1,143,129,127,-1,143,127,144,-1,144,127,125,-1,144,125,145,-1,145,125,123,-1,145,123,146,-1,146,123,121,-1,146,121,147,-1,147,121,119,-1,147,119,148,-1,148,119,117,-1,148,117,149,-1,149,117,113,-1,149,113,101,-1,101,113,112,-1,101,112,102,-1,102,112,104,-1,131,130,140,-1,140,130,141,-1,132,131,142,-1,142,131,140,-1,132,142,143,-1,132,143,133,-1,133,143,144,-1,133,144,134,-1,134,144,145,-1,134,145,135,-1,135,145,146,-1,135,146,136,-1,136,146,147,-1,136,147,137,-1,137,147,148,-1,137,148,138,-1,138,148,149,-1,138,149,139,-1,100,139,101,-1,101,139,149,-1,150,151,152,-1,152,151,153,-1,154,155,156,-1,154,156,157,-1,157,156,158,-1,157,158,159,-1,159,158,160,-1,159,160,161,-1,161,160,162,-1,161,162,163,-1,163,162,164,-1,163,164,165,-1,166,167,168,-1,168,167,169,-1,168,169,170,-1,170,169,171,-1,170,171,172,-1,172,171,173,-1,172,173,174,-1,174,173,175,-1,174,175,176,-1,176,175,177,-1,176,177,178,-1,178,177,179,-1,178,179,150,-1,150,179,151,-1,180,181,182,-1,182,181,166,-1,182,166,183,-1,183,166,168,-1,183,168,184,-1,184,168,170,-1,184,170,185,-1,185,170,172,-1,185,172,186,-1,186,172,174,-1,186,174,187,-1,187,174,176,-1,187,176,188,-1,188,176,178,-1,188,178,189,-1,189,178,150,-1,189,150,165,-1,165,150,152,-1,165,152,163,-1,152,154,157,-1,157,159,152,-1,152,159,161,-1,152,161,163,-1,162,160,153,-1,190,191,167,-1,167,191,192,-1,167,192,169,-1,169,192,193,-1,169,193,171,-1,171,193,194,-1,171,194,173,-1,173,194,195,-1,173,195,175,-1,175,195,196,-1,175,196,177,-1,177,196,197,-1,177,197,179,-1,179,197,198,-1,179,198,151,-1,151,198,199,-1,151,199,153,-1,153,199,164,-1,153,164,162,-1,160,158,153,-1,153,158,156,-1,153,156,155,-1,189,165,199,-1,199,165,164,-1,189,199,198,-1,189,198,188,-1,188,198,197,-1,188,197,187,-1,187,197,196,-1,187,196,186,-1,186,196,195,-1,186,195,185,-1,185,195,194,-1,185,194,184,-1,184,194,193,-1,184,193,183,-1,183,193,192,-1,183,192,182,-1,180,182,191,-1,191,182,192,-1,181,180,190,-1,190,180,191,-1,200,201,202,-1,202,201,203,-1,204,205,206,-1,204,206,207,-1,207,206,208,-1,207,208,209,-1,209,208,210,-1,209,210,211,-1,211,210,212,-1,211,212,213,-1,213,212,214,-1,213,214,215,-1,216,217,218,-1,218,217,219,-1,218,219,220,-1,220,219,221,-1,220,221,222,-1,222,221,223,-1,222,223,224,-1,224,223,225,-1,224,225,226,-1,226,225,227,-1,226,227,228,-1,228,227,229,-1,228,229,200,-1,200,229,201,-1,230,231,232,-1,232,231,216,-1,232,216,233,-1,233,216,218,-1,233,218,234,-1,234,218,220,-1,234,220,235,-1,235,220,222,-1,235,222,236,-1,236,222,224,-1,236,224,237,-1,237,224,226,-1,237,226,238,-1,238,226,228,-1,238,228,239,-1,239,228,200,-1,239,200,215,-1,215,200,202,-1,215,202,213,-1,202,204,207,-1,207,209,202,-1,202,209,211,-1,202,211,213,-1,212,210,203,-1,240,241,217,-1,217,241,242,-1,217,242,219,-1,219,242,243,-1,219,243,221,-1,221,243,244,-1,221,244,223,-1,223,244,245,-1,223,245,225,-1,225,245,246,-1,225,246,227,-1,227,246,247,-1,227,247,229,-1,229,247,248,-1,229,248,201,-1,201,248,249,-1,201,249,203,-1,203,249,214,-1,203,214,212,-1,210,208,203,-1,203,208,206,-1,203,206,205,-1,239,215,249,-1,249,215,214,-1,239,249,248,-1,239,248,238,-1,238,248,247,-1,238,247,237,-1,237,247,246,-1,237,246,236,-1,236,246,245,-1,236,245,235,-1,235,245,244,-1,235,244,234,-1,234,244,243,-1,234,243,233,-1,233,243,242,-1,233,242,232,-1,230,232,241,-1,241,232,242,-1,231,230,240,-1,240,230,241,-1,250,251,252,-1,252,251,253,-1,254,255,256,-1,254,256,257,-1,257,256,258,-1,257,258,259,-1,259,258,260,-1,259,260,261,-1,261,260,262,-1,261,262,263,-1,263,262,264,-1,263,264,265,-1,266,267,268,-1,268,267,269,-1,268,269,270,-1,270,269,271,-1,270,271,272,-1,272,271,273,-1,272,273,274,-1,274,273,275,-1,274,275,276,-1,276,275,277,-1,276,277,278,-1,278,277,279,-1,278,279,250,-1,250,279,251,-1,280,281,282,-1,282,281,266,-1,282,266,283,-1,283,266,268,-1,283,268,284,-1,284,268,270,-1,284,270,285,-1,285,270,272,-1,285,272,286,-1,286,272,274,-1,286,274,287,-1,287,274,276,-1,287,276,288,-1,288,276,278,-1,288,278,289,-1,289,278,250,-1,289,250,265,-1,265,250,252,-1,265,252,263,-1,252,254,257,-1,257,259,252,-1,252,259,261,-1,252,261,263,-1,262,260,253,-1,290,291,267,-1,267,291,292,-1,267,292,269,-1,269,292,293,-1,269,293,271,-1,271,293,294,-1,271,294,273,-1,273,294,295,-1,273,295,275,-1,275,295,296,-1,275,296,277,-1,277,296,297,-1,277,297,279,-1,279,297,298,-1,279,298,251,-1,251,298,299,-1,251,299,253,-1,253,299,264,-1,253,264,262,-1,260,258,253,-1,253,258,256,-1,253,256,255,-1,289,265,299,-1,299,265,264,-1,289,299,298,-1,289,298,288,-1,288,298,297,-1,288,297,287,-1,287,297,296,-1,287,296,286,-1,286,296,295,-1,286,295,285,-1,285,295,294,-1,285,294,284,-1,284,294,293,-1,284,293,283,-1,283,293,292,-1,283,292,282,-1,280,282,291,-1,291,282,292,-1,281,280,290,-1,290,280,291,-1,
        ]
    }
}
Shape{
    appearance Appearance {
        material  Material 	{
            diffuseColor 0.0 0.0 0.0
            specularColor 0.0 0.0 0.0
            ambientIntensity 0.0
            transparency 0.0
            shininess 0.5
        }
    }
    geometry IndexedFaceSet {
        ccw TRUE
        solid FALSE
        coord DEF co Coordinate {
            point [
                -0.0059 0.6776 0.2234, -0.0058 0.6772 0.2188, -0.0059 0.6775 0.2234, -0.0058 0.6772 0.2188, 0.0101 0.6776 0.2235, 0.0101 0.6776 0.2235, 0.0098 0.6806 0.2588, 0.0098 0.6807 0.2588, 0.0098 0.6806 0.2586, 0.015 0.6807 0.2589, 0.015 0.6807 0.2589, 0.0153 0.6772 0.219, 0.0153 0.6772 0.219, 0.015 0.6806 0.2586, -0.0375 0.6773 0.2203, -0.0375 0.6773 0.2203, -0.0368 0.6773 0.2199, -0.0264 0.6771 0.218, -0.0264 0.6771 0.218, -0.0276 0.6771 0.2181, -0.0325 0.6772 0.2185, -0.0325 0.6771 0.2185, -0.0357 0.6772 0.2196, -0.0368 0.6772 0.2199, -0.0375 0.6777 0.2252, -0.0375 0.6777 0.2252, -0.0357 0.6776 0.2244, -0.0335 0.6776 0.2235, -0.0335 0.6776 0.2235, -0.029 0.6775 0.2226, -0.029 0.6775 0.2226, -0.0271 0.6775 0.2226, -0.0271 0.6775 0.2226, -0.0231 0.6775 0.2231, -0.0231 0.6776 0.2231, -0.0203 0.6776 0.2242, -0.0203 0.6777 0.2242, -0.0177 0.6778 0.2261, -0.0177 0.6778 0.2261, -0.0169 0.6779 0.2269, -0.0169 0.6779 0.2269, -0.0152 0.6781 0.2292, -0.0152 0.6781 0.2292, -0.0138 0.6783 0.2324, -0.0138 0.6784 0.2324, -0.0131 0.6787 0.2362, -0.0131 0.6787 0.2362, -0.013 0.6789 0.2383, -0.013 0.6789 0.2383, -0.0137 0.6793 0.2438, -0.0137 0.6794 0.2438, -0.0151 0.6796 0.2472, -0.0151 0.6797 0.2472, -0.0171 0.6799 0.2499, -0.0171 0.6799 0.2499, -0.0173 0.6799 0.2502, -0.0173 0.6799 0.2502, -0.0196 0.6801 0.2522, -0.0196 0.6801 0.2522, -0.0228 0.6802 0.2537, -0.0228 0.6802 0.2537, -0.0262 0.6803 0.2545, -0.0262 0.6803 0.2545, -0.0283 0.6803 0.2546, -0.0283 0.6803 0.2546, -0.0377 0.6801 0.2521, -0.0377 0.6801 0.2521, -0.0372 0.6801 0.2524, -0.0332 0.6802 0.254, -0.0332 0.6803 0.254, -0.0357 0.6801 0.253, -0.0372 0.6801 0.2524, -0.0377 0.6806 0.2575, -0.0377 0.6805 0.2575, -0.0339 0.6806 0.2586, -0.0335 0.6807 0.2588, -0.0357 0.6806 0.2581, -0.0335 0.6806 0.2588, -0.0283 0.6807 0.2592, -0.0283 0.6807 0.2592, -0.0282 0.6807 0.2592, -0.0282 0.6807 0.2592, -0.0224 0.6807 0.2586, -0.0232 0.6806 0.2586, -0.0224 0.6806 0.2586, -0.0182 0.6805 0.257, -0.0182 0.6805 0.257, -0.0145 0.6803 0.2544, -0.0145 0.6803 0.2544, -0.0135 0.6802 0.2535, -0.0135 0.6802 0.2535, -0.0106 0.6799 0.2497, -0.0106 0.6799 0.2497, -0.0091 0.6796 0.2464, -0.0086 0.6795 0.2453, -0.0086 0.6795 0.2453, -0.0077 0.679 0.2401, -0.0077 0.679 0.2401, -0.0076 0.6788 0.238, -0.0076 0.6789 0.238, -0.0126 0.6776 0.2235, -0.0126 0.6776 0.2235, -0.01 0.6779 0.2273, -0.0084 0.6783 0.2315, -0.0084 0.6783 0.2315, -0.0091 0.6781 0.2295, -0.01 0.6779 0.2273, -0.0243 0.6771 0.2181, -0.0239 0.6771 0.2181, -0.0239 0.6771 0.2181, -0.0196 0.6772 0.2191, -0.0196 0.6772 0.2191, -0.0158 0.6774 0.2209, -0.0158 0.6773 0.2209, -0.067 0.6775 0.2229, -0.067 0.6772 0.2184, -0.067 0.6775 0.2229, -0.067 0.6771 0.2184, -0.0507 0.6775 0.2231, -0.0507 0.6776 0.2231, -0.0611 0.6775 0.223, -0.0508 0.6787 0.2365, -0.0508 0.6787 0.2365, -0.0651 0.6787 0.2364, -0.0651 0.6787 0.2364, -0.0611 0.6787 0.2364, -0.0651 0.6791 0.2409, -0.0651 0.6791 0.2409, -0.0508 0.6791 0.241, -0.0508 0.6791 0.241, -0.0611 0.6791 0.241, -0.0509 0.6802 0.2538, -0.0509 0.6802 0.2538, -0.0663 0.6802 0.2537, -0.0663 0.6802 0.2537, -0.0611 0.6802 0.2537, -0.0664 0.6806 0.2583, -0.0664 0.6806 0.2583, -0.0457 0.6806 0.2584, -0.0457 0.6807 0.2584, -0.0611 0.6806 0.2583, -0.0455 0.6772 0.2185, -0.0455 0.6771 0.2185, -0.0611 0.6771 0.2184, -0.1011 0.6776 0.2237, -0.097 0.6779 0.2265, -0.097 0.6774 0.2208, -0.0944 0.6777 0.2247, -0.0924 0.6772 0.219, -0.0911 0.6776 0.2234, -0.0856 0.6771 0.2183, -0.0856 0.6775 0.2228, -0.0746 0.6771 0.2183, -0.0798 0.6775 0.2228, -0.0748 0.6806 0.2582, -0.08 0.6802 0.2536, -0.0863 0.6806 0.2581, -0.086 0.6802 0.2536, -0.0876 0.6802 0.2535, -0.0924 0.6806 0.2574, -0.0917 0.6802 0.2528, -0.0972 0.6804 0.2556, -0.0951 0.68 0.2514, -0.1014 0.6802 0.2528, -0.0975 0.6799 0.2497, -0.1027 0.68 0.2514, -0.0986 0.6798 0.2486, -0.1052 0.6797 0.2479, -0.1002 0.6796 0.2464, -0.1067 0.6794 0.2441, -0.1013 0.6793 0.2435, -0.1073 0.6789 0.2386, -0.1019 0.6789 0.2385, -0.1072 0.6787 0.236, -0.1016 0.6786 0.2355, -0.1061 0.6783 0.2314, -0.1008 0.6783 0.2319, -0.1041 0.6779 0.2272, -0.0993 0.6781 0.2291, -0.0975 0.6779 0.2269, -0.0856 0.6771 0.2183, -0.0746 0.6771 0.2183, -0.0924 0.6772 0.219, -0.097 0.6773 0.2208, -0.1011 0.6776 0.2237, -0.1041 0.6779 0.2273, -0.1061 0.6782 0.2314, -0.1072 0.6787 0.236, -0.1073 0.6789 0.2386, -0.1067 0.6794 0.2441, -0.1052 0.6797 0.2479, -0.1027 0.68 0.2514, -0.1014 0.6801 0.2528, -0.0972 0.6804 0.2556, -0.0924 0.6805 0.2574, -0.0863 0.6806 0.2581, -0.0748 0.6806 0.2582, -0.086 0.6802 0.2536, -0.08 0.6802 0.2536, -0.0798 0.6775 0.2229, -0.0856 0.6775 0.2228, -0.0975 0.6779 0.2269, -0.097 0.6778 0.2265, -0.0944 0.6777 0.2247, -0.0911 0.6776 0.2234, -0.1019 0.6789 0.2385, -0.1016 0.6786 0.2355, -0.1008 0.6783 0.2319, -0.0993 0.678 0.2291, -0.0975 0.6799 0.2497, -0.0986 0.6798 0.2486, -0.1002 0.6796 0.2464, -0.1013 0.6793 0.2435, -0.0876 0.6802 0.2535, -0.0917 0.6801 0.2528, -0.0951 0.68 0.2514
            ]
        }
        coordIndex [
            0,1,2,-1,2,1,3,-1,4,0,5,-1,5,0,2,-1,6,7,8,-1,8,7,4,-1,8,4,5,-1,9,7,10,-1,10,7,6,-1,11,12,13,-1,13,12,9,-1,13,9,10,-1,1,12,3,-1,3,12,11,-1,7,9,4,-1,4,9,12,-1,4,12,0,-1,0,12,1,-1,14,15,16,-1,17,18,19,-1,17,19,20,-1,19,21,20,-1,20,21,22,-1,20,22,16,-1,16,22,23,-1,16,23,14,-1,24,15,25,-1,25,15,14,-1,24,25,26,-1,24,26,27,-1,26,28,27,-1,27,28,29,-1,27,29,30,-1,30,29,31,-1,30,31,32,-1,32,31,33,-1,32,33,34,-1,34,33,35,-1,34,35,36,-1,36,35,37,-1,36,37,38,-1,38,37,39,-1,38,39,40,-1,40,39,41,-1,40,41,42,-1,42,41,43,-1,42,43,44,-1,44,43,45,-1,44,45,46,-1,46,45,47,-1,46,47,48,-1,48,47,49,-1,48,49,50,-1,50,49,51,-1,50,51,52,-1,52,51,53,-1,52,53,54,-1,54,53,55,-1,54,55,56,-1,56,55,57,-1,56,57,58,-1,58,57,59,-1,58,59,60,-1,60,59,61,-1,60,61,62,-1,62,61,63,-1,62,63,64,-1,65,66,67,-1,64,63,68,-1,64,68,69,-1,69,68,70,-1,69,70,67,-1,67,70,71,-1,67,71,65,-1,72,66,73,-1,73,66,65,-1,74,75,76,-1,76,75,72,-1,76,72,73,-1,74,77,75,-1,75,77,78,-1,75,78,79,-1,79,78,80,-1,79,80,81,-1,82,81,83,-1,83,81,80,-1,83,84,82,-1,82,84,85,-1,82,85,86,-1,86,85,87,-1,86,87,88,-1,88,87,89,-1,88,89,90,-1,90,89,91,-1,90,91,92,-1,92,91,93,-1,92,93,94,-1,93,95,94,-1,94,95,96,-1,94,96,97,-1,97,96,98,-1,97,98,99,-1,100,101,102,-1,99,98,103,-1,99,103,104,-1,104,103,105,-1,104,105,102,-1,102,105,106,-1,102,106,100,-1,18,17,107,-1,107,17,108,-1,107,108,109,-1,109,108,110,-1,109,110,111,-1,111,110,112,-1,111,112,113,-1,113,112,101,-1,113,101,100,-1,67,66,72,-1,50,52,92,-1,92,52,90,-1,67,72,69,-1,69,72,75,-1,69,75,64,-1,64,75,79,-1,64,79,62,-1,62,79,81,-1,62,81,60,-1,60,81,82,-1,60,82,58,-1,99,48,97,-1,97,48,50,-1,97,50,94,-1,94,50,92,-1,52,54,90,-1,90,54,56,-1,90,56,88,-1,88,56,58,-1,88,58,86,-1,86,58,82,-1,15,24,16,-1,16,24,27,-1,16,27,20,-1,20,27,30,-1,20,30,17,-1,17,30,32,-1,17,32,108,-1,108,32,34,-1,108,34,110,-1,110,34,36,-1,110,36,112,-1,112,36,38,-1,112,38,101,-1,101,38,40,-1,101,40,102,-1,102,40,42,-1,102,42,104,-1,104,42,44,-1,104,44,99,-1,99,44,46,-1,99,46,48,-1,114,115,116,-1,116,115,117,-1,118,119,120,-1,120,119,114,-1,120,114,116,-1,121,119,122,-1,122,119,118,-1,123,124,125,-1,125,124,121,-1,125,121,122,-1,126,124,127,-1,127,124,123,-1,128,129,130,-1,130,129,126,-1,130,126,127,-1,131,129,132,-1,132,129,128,-1,133,134,135,-1,135,134,131,-1,135,131,132,-1,136,134,137,-1,137,134,133,-1,138,139,140,-1,140,139,136,-1,140,136,137,-1,141,139,142,-1,142,139,138,-1,117,115,143,-1,143,115,141,-1,143,141,142,-1,141,115,114,-1,114,119,141,-1,141,119,121,-1,141,121,139,-1,134,136,131,-1,131,136,139,-1,131,139,129,-1,129,139,121,-1,129,121,126,-1,126,121,124,-1,144,145,146,-1,146,145,147,-1,146,147,148,-1,148,147,149,-1,148,149,150,-1,150,149,151,-1,150,151,152,-1,152,151,153,-1,152,153,154,-1,154,153,155,-1,154,155,156,-1,155,157,156,-1,156,157,158,-1,156,158,159,-1,159,158,160,-1,159,160,161,-1,161,160,162,-1,161,162,163,-1,163,162,164,-1,163,164,165,-1,165,164,166,-1,165,166,167,-1,167,166,168,-1,167,168,169,-1,169,168,170,-1,169,170,171,-1,171,170,172,-1,171,172,173,-1,173,172,174,-1,173,174,175,-1,175,174,176,-1,175,176,177,-1,177,176,178,-1,177,178,144,-1,144,178,179,-1,144,179,145,-1,150,152,180,-1,180,152,181,-1,150,180,182,-1,150,182,148,-1,148,182,183,-1,148,183,146,-1,146,183,184,-1,146,184,144,-1,144,184,185,-1,144,185,177,-1,177,185,186,-1,177,186,175,-1,175,186,187,-1,175,187,173,-1,173,187,188,-1,173,188,171,-1,171,188,189,-1,171,189,169,-1,169,189,190,-1,169,190,167,-1,167,190,191,-1,167,191,165,-1,165,191,192,-1,165,192,163,-1,163,192,193,-1,163,193,161,-1,161,193,194,-1,161,194,159,-1,159,194,195,-1,159,195,156,-1,154,156,196,-1,196,156,195,-1,152,154,181,-1,181,154,196,-1,157,155,197,-1,197,155,198,-1,155,153,198,-1,198,153,199,-1,153,151,199,-1,199,151,200,-1,179,201,202,-1,179,202,145,-1,145,202,203,-1,145,203,147,-1,147,203,204,-1,147,204,149,-1,149,204,200,-1,149,200,151,-1,172,205,206,-1,172,206,174,-1,174,206,207,-1,174,207,176,-1,176,207,208,-1,176,208,178,-1,178,208,201,-1,178,201,179,-1,164,209,210,-1,164,210,166,-1,166,210,211,-1,166,211,168,-1,168,211,212,-1,168,212,170,-1,170,212,205,-1,170,205,172,-1,157,197,213,-1,157,213,158,-1,158,213,214,-1,158,214,160,-1,160,214,215,-1,160,215,162,-1,162,215,209,-1,162,209,164,-1,
        ]
    }
}
Shape{
    appearance Appearance {
        material  Material 	{
            diffuseColor 1.0 1.0 1.0
            specularColor 0.5019607843137255 0.5019607843137255 0.5019607843137255
            ambientIntensity 1.0
            transparency 0.0
            shininess 0.5
        }
    }
    geometry IndexedFaceSet {
        ccw TRUE
        solid FALSE
        coord DEF co Coordinate {
            point [
                -0.086 0.6802 0.2536, -0.08 0.6802 0.2536, -0.0798 0.6775 0.2229, -0.1008 0.6783 0.2319, -0.1016 0.6786 0.2355, -0.0876 0.6802 0.2535, -0.0856 0.6775 0.2228, -0.0911 0.6776 0.2234, -0.0944 0.6777 0.2247, -0.097 0.6778 0.2265, -0.0975 0.6779 0.2269, -0.0993 0.678 0.2291, -0.0975 0.6799 0.2497, -0.1019 0.6789 0.2385, -0.0951 0.68 0.2514, -0.0917 0.6801 0.2528, -0.1013 0.6793 0.2435, -0.1002 0.6796 0.2464, -0.0986 0.6798 0.2486
            ]
        }
        coordIndex [
            0,1,2,-1,3,4,5,-1,2,6,0,-1,0,6,7,-1,0,7,8,-1,8,9,0,-1,0,9,10,-1,0,10,5,-1,5,10,11,-1,5,11,3,-1,12,4,13,-1,12,14,4,-1,4,14,15,-1,4,15,5,-1,16,17,13,-1,13,17,18,-1,13,18,12,-1,
        ]
    }
}
Shape{
    appearance Appearance {
        material  Material 	{
            diffuseColor 0.0 0.0 0.0
            specularColor 0.0 0.0 0.0
            ambientIntensity 0.0
            transparency 0.0
            shininess 0.5
        }
    }
    geometry IndexedFaceSet {
        ccw TRUE
        solid FALSE
        coord DEF co Coordinate {
            point [
                -0.1207 0.6785 0.2334, -0.1268 0.6799 0.25, -0.1249 0.6806 0.2579, -0.1094 0.6771 0.2181, -0.1151 0.6771 0.2181, -0.119 0.6781 0.2289, -0.1271 0.68 0.2511, -0.1274 0.6802 0.2527, -0.1304 0.6806 0.2578, -0.1276 0.6802 0.2527, -0.1279 0.68 0.2511, -0.1282 0.6799 0.25, -0.1341 0.6785 0.2333, -0.1454 0.6771 0.2178, -0.1397 0.6771 0.2179, -0.1357 0.6781 0.2288, -0.1304 0.6806 0.2578, -0.1453 0.6771 0.2181, -0.1454 0.6771 0.2178, -0.1249 0.6806 0.2579, -0.1094 0.6771 0.2181, -0.1094 0.6771 0.2181, -0.1205 0.6796 0.2465, -0.1151 0.6771 0.2181, -0.119 0.678 0.2289, -0.1151 0.6771 0.2181, -0.1357 0.678 0.2288, -0.1205 0.678 0.2289, -0.1397 0.6771 0.2179, -0.1396 0.6771 0.2181, -0.1207 0.6784 0.2334, -0.1341 0.6784 0.2333, -0.1282 0.6799 0.25, -0.1276 0.6801 0.2528, -0.1279 0.68 0.2511, -0.1274 0.6801 0.2528, -0.1268 0.6799 0.25, -0.1271 0.68 0.2512
            ]
        }
        coordIndex [
            0,1,2,-1,3,4,5,-1,1,6,2,-1,2,6,7,-1,2,7,8,-1,8,7,9,-1,8,9,10,-1,10,11,8,-1,8,11,12,-1,8,12,13,-1,14,13,15,-1,15,13,12,-1,15,12,5,-1,5,12,0,-1,5,0,3,-1,3,0,2,-1,16,8,17,-1,17,8,13,-1,17,13,18,-1,2,8,19,-1,19,8,16,-1,20,21,3,-1,20,3,22,-1,22,3,2,-1,22,2,19,-1,4,3,23,-1,23,3,21,-1,24,5,25,-1,25,5,4,-1,25,4,23,-1,26,15,27,-1,27,15,5,-1,27,5,24,-1,28,14,29,-1,29,14,15,-1,29,15,26,-1,13,14,18,-1,18,14,28,-1,0,12,30,-1,30,12,31,-1,12,11,31,-1,31,11,32,-1,9,33,34,-1,9,34,10,-1,10,34,32,-1,10,32,11,-1,9,7,33,-1,33,7,35,-1,1,36,37,-1,1,37,6,-1,6,37,35,-1,6,35,7,-1,1,0,36,-1,36,0,30,-1,
        ]
    }
}
Shape{
    appearance Appearance {
        material  Material 	{
            diffuseColor 1.0 1.0 1.0
            specularColor 0.5019607843137255 0.5019607843137255 0.5019607843137255
            ambientIntensity 1.0
            transparency 0.0
            shininess 0.5
        }
    }
    geometry IndexedFaceSet {
        ccw TRUE
        solid FALSE
        coord DEF co Coordinate {
            point [
                -0.1276 0.6801 0.2528, -0.1274 0.6801 0.2528, -0.1279 0.68 0.2511, -0.1271 0.68 0.2512, -0.1282 0.6799 0.25, -0.1268 0.6799 0.25, -0.1341 0.6784 0.2333, -0.1207 0.6784 0.2334
            ]
        }
        coordIndex [
            0,1,2,-1,2,1,3,-1,2,3,4,-1,4,3,5,-1,4,5,6,-1,6,5,7,-1,
        ]
    }
}
Shape{
    appearance Appearance {
        material  Material 	{
            diffuseColor 0.0 0.0 0.0
            specularColor 0.0 0.0 0.0
            ambientIntensity 0.0
            transparency 0.0
            shininess 0.5
        }
    }
    geometry IndexedFaceSet {
        ccw TRUE
        solid FALSE
        coord DEF co Coordinate {
            point [
                -0.0058 0.6721 0.1601, -0.0058 0.6717 0.1556, -0.0058 0.672 0.1601, -0.0058 0.6716 0.1556, 0.0105 0.6721 0.1602, 0.0105 0.672 0.1602, 0.0104 0.6732 0.1736, 0.0104 0.6732 0.1736, -0.0039 0.6732 0.1735, -0.0039 0.6732 0.1735, -0.0039 0.6736 0.1781, -0.0039 0.6736 0.1781, 0.0104 0.6736 0.1782, 0.0104 0.6736 0.1782, 0.0103 0.6748 0.191, 0.0103 0.6747 0.191, -0.0051 0.6747 0.1909, -0.0051 0.6747 0.1909, -0.0052 0.6751 0.1952, -0.0052 0.6751 0.1954, -0.0052 0.6751 0.1954, -0.0052 0.675 0.1944, 0.0154 0.6752 0.1956, 0.0154 0.6751 0.1956, 0.0157 0.6716 0.1557, 0.0157 0.6717 0.1557, 0.0155 0.675 0.1944, 0.0154 0.6751 0.1952, -0.0286 0.6716 0.1554, -0.0336 0.6716 0.1554, -0.0286 0.672 0.1598, -0.0337 0.6732 0.1737, -0.0285 0.672 0.1598, -0.0258 0.6721 0.1605, -0.0274 0.6719 0.1583, -0.0244 0.672 0.1596, -0.0187 0.6727 0.1681, -0.022 0.6728 0.1688, -0.0287 0.6729 0.1697, -0.0286 0.6727 0.167, -0.0286 0.6726 0.1666, -0.0283 0.6724 0.1644, -0.0275 0.6723 0.1626, -0.0265 0.6721 0.1612, -0.0269 0.6742 0.1842, -0.0258 0.6738 0.1799, -0.0289 0.6741 0.1835, -0.0267 0.6737 0.1793, -0.0176 0.6727 0.1675, -0.0287 0.6732 0.1735, -0.0285 0.6734 0.1757, -0.0332 0.6736 0.1779, -0.028 0.6736 0.1775, -0.0324 0.6738 0.18, -0.0274 0.6737 0.1785, -0.0314 0.6739 0.1816, -0.0305 0.674 0.1825, -0.0136 0.674 0.182, -0.0135 0.6735 0.1771, -0.0146 0.674 0.1826, -0.017 0.6737 0.1793, -0.0184 0.6741 0.184, -0.0202 0.6738 0.1803, -0.0234 0.6742 0.1846, -0.0229 0.6738 0.1805, -0.0246 0.6738 0.1803, -0.0168 0.6721 0.1606, -0.0131 0.6718 0.1571, -0.0172 0.6721 0.1602, -0.0147 0.6717 0.1559, -0.0182 0.672 0.1595, -0.0167 0.6716 0.1551, -0.0193 0.672 0.1591, -0.0197 0.6716 0.1548, -0.021 0.6719 0.1589, -0.0224 0.6716 0.1551, -0.0229 0.672 0.1591, -0.0244 0.6717 0.1558, -0.0258 0.6718 0.1567, -0.0202 0.6731 0.1724, -0.0161 0.673 0.1713, -0.0171 0.6727 0.1671, -0.014 0.6729 0.1702, -0.0165 0.6726 0.1664, -0.0126 0.6728 0.1689, -0.016 0.6725 0.1655, -0.0115 0.6727 0.1673, -0.0158 0.6724 0.1643, -0.0109 0.6725 0.1655, -0.0157 0.6724 0.1635, -0.0107 0.6723 0.1631, -0.0159 0.6723 0.1624, -0.0109 0.6721 0.1606, -0.0162 0.6722 0.1615, -0.0116 0.672 0.159, -0.0127 0.6718 0.1575, -0.0234 0.6742 0.1846, -0.0184 0.6741 0.184, -0.0146 0.674 0.1826, -0.0136 0.6739 0.182, -0.0135 0.6735 0.1771, -0.017 0.6737 0.1793, -0.0202 0.6738 0.1803, -0.0229 0.6738 0.1805, -0.0246 0.6738 0.1803, -0.0258 0.6737 0.1799, -0.0267 0.6737 0.1793, -0.0274 0.6736 0.1785, -0.028 0.6735 0.1775, -0.0285 0.6734 0.1757, -0.0287 0.6732 0.1735, -0.0202 0.6731 0.1724, -0.0161 0.673 0.1713, -0.014 0.6729 0.1702, -0.0126 0.6728 0.1689, -0.0115 0.6726 0.1673, -0.0109 0.6725 0.1655, -0.0107 0.6723 0.1631, -0.0109 0.6721 0.1606, -0.0116 0.6719 0.159, -0.0127 0.6718 0.1575, -0.0131 0.6717 0.1571, -0.0147 0.6716 0.1559, -0.0167 0.6716 0.1552, -0.0197 0.6715 0.1548, -0.0224 0.6716 0.1551, -0.0244 0.6716 0.1558, -0.0258 0.6717 0.1567, -0.0274 0.6719 0.1583, -0.0285 0.672 0.1598, -0.0286 0.672 0.1598, -0.0286 0.6716 0.1554, -0.0336 0.6716 0.1554, -0.0337 0.6732 0.1737, -0.0332 0.6736 0.1779, -0.0324 0.6738 0.18, -0.0314 0.6739 0.1816, -0.0305 0.674 0.1825, -0.0289 0.6741 0.1835, -0.0269 0.6741 0.1842, -0.0171 0.6726 0.1671, -0.0176 0.6727 0.1675, -0.0187 0.6727 0.1681, -0.022 0.6728 0.1688, -0.0157 0.6723 0.1635, -0.0158 0.6724 0.1643, -0.016 0.6725 0.1655, -0.0165 0.6726 0.1664, -0.0172 0.672 0.1602, -0.0168 0.6721 0.1606, -0.0162 0.6721 0.1615, -0.0159 0.6722 0.1624, -0.021 0.6719 0.1589, -0.0193 0.6719 0.1591, -0.0182 0.672 0.1595, -0.0265 0.6721 0.1612, -0.0258 0.6721 0.1606, -0.0244 0.672 0.1596, -0.0229 0.6719 0.1591, -0.0286 0.6726 0.167, -0.0286 0.6726 0.1666, -0.0283 0.6724 0.1644, -0.0275 0.6722 0.1626, -0.0287 0.6729 0.1697
            ]
        }
        coordIndex [
            0,1,2,-1,2,1,3,-1,4,0,5,-1,5,0,2,-1,6,4,7,-1,7,4,5,-1,8,6,9,-1,9,6,7,-1,10,8,11,-1,11,8,9,-1,12,10,13,-1,13,10,11,-1,14,12,15,-1,15,12,13,-1,16,14,17,-1,17,14,15,-1,18,19,20,-1,18,20,21,-1,21,20,16,-1,21,16,17,-1,22,20,23,-1,23,20,19,-1,24,25,26,-1,26,25,22,-1,26,22,27,-1,27,22,23,-1,1,25,3,-1,3,25,24,-1,25,1,0,-1,0,4,25,-1,25,4,6,-1,25,6,22,-1,16,20,14,-1,14,20,22,-1,14,22,12,-1,12,22,6,-1,12,6,10,-1,10,6,8,-1,28,29,30,-1,30,29,31,-1,32,33,34,-1,34,33,35,-1,36,37,31,-1,31,37,38,-1,31,38,39,-1,39,40,31,-1,31,40,41,-1,31,41,30,-1,30,41,42,-1,30,42,32,-1,32,42,43,-1,32,43,33,-1,44,45,46,-1,46,45,47,-1,48,36,49,-1,49,36,31,-1,49,31,50,-1,50,31,51,-1,50,51,52,-1,52,51,53,-1,52,53,54,-1,54,53,55,-1,54,55,47,-1,47,55,56,-1,47,56,46,-1,57,58,59,-1,59,58,60,-1,59,60,61,-1,61,60,62,-1,61,62,63,-1,63,62,64,-1,63,64,44,-1,44,64,65,-1,44,65,45,-1,66,67,68,-1,68,67,69,-1,68,69,70,-1,70,69,71,-1,70,71,72,-1,72,71,73,-1,72,73,74,-1,74,73,75,-1,74,75,76,-1,76,75,77,-1,76,77,35,-1,35,77,78,-1,35,78,34,-1,49,79,48,-1,48,79,80,-1,48,80,81,-1,81,80,82,-1,81,82,83,-1,83,82,84,-1,83,84,85,-1,85,84,86,-1,85,86,87,-1,87,86,88,-1,87,88,89,-1,89,88,90,-1,89,90,91,-1,91,90,92,-1,91,92,93,-1,93,92,94,-1,93,94,66,-1,66,94,95,-1,66,95,67,-1,63,96,97,-1,63,97,61,-1,61,97,98,-1,61,98,59,-1,59,98,99,-1,59,99,57,-1,58,57,100,-1,100,57,99,-1,58,100,101,-1,58,101,60,-1,60,101,102,-1,60,102,62,-1,62,102,103,-1,62,103,64,-1,64,103,104,-1,64,104,65,-1,65,104,105,-1,65,105,45,-1,45,105,106,-1,45,106,47,-1,47,106,107,-1,47,107,54,-1,54,107,108,-1,54,108,52,-1,52,108,109,-1,52,109,50,-1,50,109,110,-1,50,110,49,-1,79,49,111,-1,111,49,110,-1,79,111,112,-1,79,112,80,-1,80,112,113,-1,80,113,82,-1,82,113,114,-1,82,114,84,-1,84,114,115,-1,84,115,86,-1,86,115,116,-1,86,116,88,-1,88,116,117,-1,88,117,90,-1,90,117,118,-1,90,118,92,-1,92,118,119,-1,92,119,94,-1,94,119,120,-1,94,120,95,-1,95,120,121,-1,95,121,67,-1,67,121,122,-1,67,122,69,-1,69,122,123,-1,69,123,71,-1,71,123,124,-1,71,124,73,-1,73,124,125,-1,73,125,75,-1,75,125,126,-1,75,126,77,-1,77,126,127,-1,77,127,78,-1,78,127,128,-1,78,128,34,-1,34,128,129,-1,34,129,32,-1,30,32,130,-1,130,32,129,-1,28,30,131,-1,131,30,130,-1,29,28,132,-1,132,28,131,-1,31,29,133,-1,133,29,132,-1,31,133,134,-1,31,134,51,-1,51,134,135,-1,51,135,53,-1,53,135,136,-1,53,136,55,-1,55,136,137,-1,55,137,56,-1,56,137,138,-1,56,138,46,-1,46,138,139,-1,46,139,44,-1,44,139,96,-1,44,96,63,-1,81,140,141,-1,81,141,48,-1,48,141,142,-1,48,142,36,-1,36,142,143,-1,36,143,37,-1,89,144,145,-1,89,145,87,-1,87,145,146,-1,87,146,85,-1,85,146,147,-1,85,147,83,-1,83,147,140,-1,83,140,81,-1,68,148,149,-1,68,149,66,-1,66,149,150,-1,66,150,93,-1,93,150,151,-1,93,151,91,-1,91,151,144,-1,91,144,89,-1,74,152,153,-1,74,153,72,-1,72,153,154,-1,72,154,70,-1,70,154,148,-1,70,148,68,-1,43,155,156,-1,43,156,33,-1,33,156,157,-1,33,157,35,-1,35,157,158,-1,35,158,76,-1,76,158,152,-1,76,152,74,-1,39,159,160,-1,39,160,40,-1,40,160,161,-1,40,161,41,-1,41,161,162,-1,41,162,42,-1,42,162,155,-1,42,155,43,-1,39,38,159,-1,159,38,163,-1,38,37,163,-1,163,37,143,-1,
        ]
    }
}
Shape{
    appearance Appearance {
        material  Material 	{
            diffuseColor 1.0 1.0 1.0
            specularColor 0.5019607843137255 0.5019607843137255 0.5019607843137255
            ambientIntensity 1.0
            transparency 0.0
            shininess 0.5
        }
    }
    geometry IndexedFaceSet {
        ccw TRUE
        solid FALSE
        coord DEF co Coordinate {
            point [
                -0.0286 0.6726 0.1666, -0.0286 0.6726 0.167, -0.0171 0.6726 0.1671, -0.0287 0.6729 0.1697, -0.022 0.6728 0.1688, -0.0187 0.6727 0.1681, -0.0176 0.6727 0.1675, -0.0283 0.6724 0.1644, -0.0165 0.6726 0.1664, -0.0275 0.6722 0.1626, -0.0168 0.6721 0.1606, -0.0172 0.672 0.1602, -0.0258 0.6721 0.1606, -0.0162 0.6721 0.1615, -0.0244 0.672 0.1596, -0.0229 0.6719 0.1591, -0.021 0.6719 0.1589, -0.016 0.6725 0.1655, -0.0158 0.6724 0.1643, -0.0265 0.6721 0.1612, -0.0157 0.6723 0.1635, -0.0159 0.6722 0.1624, -0.0182 0.672 0.1595, -0.0193 0.6719 0.1591
            ]
        }
        coordIndex [
            0,1,2,-1,1,3,4,-1,4,5,1,-1,1,5,6,-1,1,6,2,-1,0,2,7,-1,7,2,8,-1,7,8,9,-1,10,11,12,-1,10,12,13,-1,14,12,15,-1,15,12,16,-1,8,17,9,-1,9,17,18,-1,9,18,19,-1,19,18,20,-1,19,20,12,-1,12,20,21,-1,12,21,13,-1,11,22,12,-1,12,22,23,-1,12,23,16,-1,
        ]
    }
}
Shape{
    appearance Appearance {
        material  Material 	{
            diffuseColor 0.0 0.0 0.0
            specularColor 0.0 0.0 0.0
            ambientIntensity 0.0
            transparency 0.0
            shininess 0.5
        }
    }
    geometry IndexedFaceSet {
        ccw TRUE
        solid FALSE
        coord DEF co Coordinate {
            point [
                -0.0404 0.6721 0.1615, -0.0404 0.6722 0.1615, -0.0426 0.6721 0.1601, -0.0486 0.6719 0.1587, -0.0486 0.6719 0.1587, -0.0457 0.6719 0.159, -0.0457 0.672 0.159, -0.0429 0.672 0.16, -0.0426 0.672 0.1601, -0.0404 0.6717 0.1563, -0.0404 0.6717 0.1563, -0.0481 0.6715 0.1546, -0.0481 0.6716 0.1546, -0.0439 0.6716 0.155, -0.0429 0.6716 0.1554, -0.0439 0.6716 0.1551, -0.0526 0.6716 0.1551, -0.0526 0.6716 0.1551, -0.0553 0.6717 0.1561, -0.0553 0.6717 0.1561, -0.0565 0.6717 0.1568, -0.0565 0.6718 0.1568, -0.0579 0.6718 0.158, -0.0579 0.6719 0.158, -0.0589 0.6719 0.1593, -0.0589 0.672 0.1593, -0.0595 0.6721 0.1609, -0.0595 0.6721 0.1609, -0.0597 0.6723 0.1629, -0.0597 0.6723 0.1629, -0.0595 0.6724 0.1648, -0.0595 0.6725 0.1648, -0.059 0.6726 0.1663, -0.059 0.6726 0.1663, -0.0581 0.6727 0.1676, -0.0581 0.6727 0.1676, -0.0569 0.6728 0.1687, -0.0569 0.6728 0.1687, -0.0536 0.6729 0.1706, -0.0536 0.673 0.1706, -0.0517 0.673 0.1714, -0.0517 0.673 0.1714, -0.0486 0.6731 0.1727, -0.0486 0.6732 0.1727, -0.0468 0.6732 0.1739, -0.0468 0.6733 0.1739, -0.0463 0.6733 0.1744, -0.0463 0.6733 0.1744, -0.046 0.6733 0.1751, -0.046 0.6734 0.1751, -0.0458 0.6734 0.1759, -0.0458 0.6734 0.1759, -0.0457 0.6734 0.1765, -0.0457 0.6735 0.1765, -0.0458 0.6735 0.1773, -0.0458 0.6736 0.1773, -0.0461 0.6736 0.178, -0.0461 0.6736 0.178, -0.0465 0.6736 0.1786, -0.0465 0.6737 0.1786, -0.0473 0.6737 0.1793, -0.0473 0.6737 0.1793, -0.0484 0.6737 0.1799, -0.0484 0.6738 0.1799, -0.0497 0.6738 0.1802, -0.0497 0.6738 0.1802, -0.0512 0.6738 0.1803, -0.0512 0.6738 0.1803, -0.0543 0.6738 0.18, -0.0543 0.6738 0.18, -0.0571 0.6737 0.179, -0.0571 0.6737 0.179, -0.0585 0.6736 0.1782, -0.0585 0.6736 0.1782, -0.0585 0.6741 0.1831, -0.0585 0.674 0.1831, -0.0553 0.6741 0.184, -0.0553 0.6741 0.184, -0.0517 0.6741 0.1844, -0.0517 0.6742 0.1844, -0.0477 0.6741 0.1839, -0.0477 0.6741 0.1839, -0.045 0.674 0.1829, -0.045 0.674 0.1829, -0.0438 0.6739 0.1822, -0.0438 0.674 0.1822, -0.0423 0.6739 0.1808, -0.0429 0.6739 0.1814, -0.0423 0.6738 0.1808, -0.0414 0.6737 0.1795, -0.0414 0.6737 0.1795, -0.0408 0.6736 0.1779, -0.0408 0.6736 0.1779, -0.0405 0.6734 0.1761, -0.0405 0.6735 0.1761, -0.0408 0.6732 0.1742, -0.0408 0.6733 0.1742, -0.0413 0.6731 0.1726, -0.0413 0.6731 0.1726, -0.0419 0.673 0.1716, -0.0419 0.6731 0.1716, -0.0481 0.6727 0.1678, -0.0481 0.6727 0.1678, -0.0451 0.6728 0.1692, -0.0428 0.6729 0.1707, -0.0428 0.673 0.1707, -0.0429 0.6729 0.1706, -0.0451 0.6728 0.1692, -0.0514 0.6726 0.1664, -0.0514 0.6726 0.1664, -0.0533 0.6725 0.1652, -0.0533 0.6725 0.1652, -0.0539 0.6724 0.1645, -0.0539 0.6724 0.1645, -0.0543 0.6723 0.1639, -0.0543 0.6724 0.1639, -0.0545 0.6723 0.1631, -0.0545 0.6723 0.1631, -0.0546 0.6722 0.1625, -0.0546 0.6723 0.1625, -0.0545 0.6721 0.1615, -0.0545 0.6722 0.1615, -0.0542 0.6721 0.1608, -0.0542 0.6721 0.1608, -0.0538 0.672 0.1602, -0.0538 0.6721 0.1602, -0.0532 0.672 0.1597, -0.0532 0.672 0.1597, -0.0527 0.672 0.1594, -0.0527 0.672 0.1594, -0.0514 0.6719 0.1589, -0.0514 0.6719 0.1589, -0.0489 0.6719 0.1587, -0.0489 0.6719 0.1587, -0.0847 0.6741 0.1835, -0.0899 0.6741 0.1834, -0.0847 0.6741 0.1835, -0.0899 0.6741 0.1834, -0.0768 0.6722 0.1621, -0.0768 0.6722 0.1621, -0.0764 0.6721 0.1608, -0.0764 0.6721 0.1608, -0.0761 0.672 0.1598, -0.0761 0.672 0.1598, -0.076 0.672 0.1598, -0.076 0.672 0.1598, -0.0754 0.6722 0.1621, -0.0754 0.6722 0.1621, -0.0681 0.6741 0.1836, -0.0681 0.6741 0.1836, -0.0708 0.6734 0.1757, -0.0625 0.6741 0.1836, -0.0625 0.6741 0.1836, -0.0735 0.6716 0.1551, -0.0735 0.6716 0.1551, -0.0708 0.6722 0.1622, -0.0713 0.6712 0.15, -0.0713 0.6711 0.15, -0.0708 0.6711 0.1491, -0.0702 0.671 0.1481, -0.0702 0.671 0.1482, -0.0693 0.6709 0.1471, -0.0693 0.6709 0.1471, -0.0685 0.6708 0.1466, -0.0685 0.6709 0.1466, -0.0674 0.6708 0.1461, -0.0674 0.6708 0.1461, -0.0661 0.6708 0.146, -0.0661 0.6708 0.146, -0.0643 0.6708 0.1462, -0.0643 0.6708 0.1462, -0.0633 0.6708 0.1466, -0.0633 0.6709 0.1466, -0.0632 0.6705 0.1421, -0.0632 0.6704 0.1421, -0.0654 0.6704 0.1418, -0.0654 0.6704 0.1418, -0.0665 0.6704 0.1417, -0.0665 0.6704 0.1417, -0.0685 0.6704 0.1419, -0.0685 0.6705 0.1419, -0.0705 0.6705 0.1427, -0.0705 0.6705 0.1427, -0.0708 0.6705 0.1429, -0.0722 0.6706 0.1439, -0.0722 0.6706 0.1439, -0.0726 0.6706 0.1442, -0.0726 0.6707 0.1442, -0.0744 0.6708 0.1464, -0.0744 0.6708 0.1464, -0.0767 0.6712 0.1507, -0.0767 0.6712 0.1507, -0.1167 0.672 0.1593, -0.1167 0.6716 0.1548, -0.1167 0.6719 0.1593, -0.1167 0.6715 0.1548, -0.1003 0.672 0.1594, -0.1003 0.672 0.1594, -0.1083 0.6719 0.1594, -0.1004 0.6732 0.1728, -0.1004 0.6731 0.1729, -0.1148 0.6731 0.1727, -0.1148 0.6732 0.1727, -0.1083 0.6731 0.1728, -0.1148 0.6736 0.1773, -0.1148 0.6735 0.1773, -0.1005 0.6735 0.1774, -0.1005 0.6736 0.1774, -0.1083 0.6735 0.1774, -0.1006 0.6747 0.1902, -0.1006 0.6746 0.1902, -0.116 0.6746 0.1901, -0.116 0.6747 0.1901, -0.1083 0.6746 0.1901, -0.116 0.675 0.1947, -0.116 0.6751 0.1947, -0.116 0.675 0.1944, -0.0954 0.675 0.1948, -0.0954 0.6751 0.1948, -0.1083 0.675 0.1947, -0.0951 0.6716 0.1549, -0.0951 0.6716 0.1549, -0.0954 0.675 0.1944, -0.1083 0.6716 0.1548, -0.1508 0.6721 0.1601, -0.1467 0.6723 0.1628, -0.1466 0.6718 0.1572, -0.1441 0.6721 0.1611, -0.1421 0.6716 0.1554, -0.1408 0.672 0.1598, -0.1352 0.6716 0.1546, -0.1352 0.672 0.1592, -0.1242 0.6716 0.1547, -0.1294 0.672 0.1592, -0.1245 0.6751 0.1946, -0.1297 0.6747 0.19, -0.1359 0.6751 0.1945, -0.1357 0.6747 0.1899, -0.1372 0.6747 0.1899, -0.142 0.675 0.1938, -0.1414 0.6746 0.1892, -0.1469 0.6748 0.192, -0.1448 0.6745 0.1878, -0.151 0.6746 0.1891, -0.1472 0.6743 0.1861, -0.1524 0.6745 0.1878, -0.1483 0.6742 0.185, -0.1549 0.6742 0.1843, -0.1499 0.674 0.1828, -0.1563 0.6738 0.1804, -0.151 0.6738 0.1798, -0.157 0.6734 0.1749, -0.1515 0.6733 0.1748, -0.1568 0.6731 0.1724, -0.1513 0.6731 0.1719, -0.1558 0.6727 0.1677, -0.1505 0.6728 0.1683, -0.1538 0.6724 0.1636, -0.149 0.6725 0.1654, -0.1472 0.6723 0.1633, -0.1352 0.6715 0.1546, -0.1242 0.6715 0.1547, -0.1421 0.6716 0.1554, -0.1466 0.6718 0.1572, -0.1508 0.672 0.1601, -0.1538 0.6723 0.1636, -0.1558 0.6727 0.1677, -0.1568 0.6731 0.1724, -0.157 0.6733 0.1749, -0.1563 0.6738 0.1805, -0.1549 0.6741 0.1843, -0.1524 0.6744 0.1878, -0.151 0.6746 0.1891, -0.1359 0.675 0.1945, -0.1368 0.675 0.1944, -0.142 0.675 0.1938, -0.1469 0.6748 0.192, -0.1245 0.675 0.1946, -0.1245 0.675 0.1944, -0.1357 0.6746 0.1899, -0.1297 0.6746 0.19, -0.1294 0.6719 0.1592, -0.1352 0.6719 0.1592, -0.1472 0.6723 0.1633, -0.1467 0.6723 0.1628, -0.1441 0.6721 0.1611, -0.1408 0.672 0.1598, -0.1515 0.6733 0.1748, -0.1513 0.673 0.1719, -0.1505 0.6727 0.1683, -0.149 0.6725 0.1654, -0.1472 0.6743 0.1861, -0.1483 0.6742 0.185, -0.1499 0.674 0.1828, -0.151 0.6737 0.1799, -0.1372 0.6746 0.1899, -0.1414 0.6746 0.1892, -0.1448 0.6744 0.1878
            ]
        }
        coordIndex [
            0,1,2,-1,3,4,5,-1,3,5,6,-1,6,5,7,-1,6,7,2,-1,2,7,8,-1,2,8,0,-1,9,1,10,-1,10,1,0,-1,11,12,13,-1,9,10,14,-1,9,14,13,-1,13,14,15,-1,13,15,11,-1,12,11,16,-1,12,16,17,-1,17,16,18,-1,17,18,19,-1,19,18,20,-1,19,20,21,-1,21,20,22,-1,21,22,23,-1,23,22,24,-1,23,24,25,-1,25,24,26,-1,25,26,27,-1,27,26,28,-1,27,28,29,-1,29,28,30,-1,29,30,31,-1,31,30,32,-1,31,32,33,-1,33,32,34,-1,33,34,35,-1,35,34,36,-1,35,36,37,-1,37,36,38,-1,37,38,39,-1,39,38,40,-1,39,40,41,-1,41,40,42,-1,41,42,43,-1,43,42,44,-1,43,44,45,-1,45,44,46,-1,45,46,47,-1,47,46,48,-1,47,48,49,-1,49,48,50,-1,49,50,51,-1,51,50,52,-1,51,52,53,-1,53,52,54,-1,53,54,55,-1,55,54,56,-1,55,56,57,-1,57,56,58,-1,57,58,59,-1,59,58,60,-1,59,60,61,-1,61,60,62,-1,61,62,63,-1,63,62,64,-1,63,64,65,-1,65,64,66,-1,65,66,67,-1,67,66,68,-1,67,68,69,-1,69,68,70,-1,69,70,71,-1,71,70,72,-1,71,72,73,-1,74,73,75,-1,75,73,72,-1,74,75,76,-1,74,76,77,-1,77,76,78,-1,77,78,79,-1,79,78,80,-1,79,80,81,-1,81,80,82,-1,81,82,83,-1,83,82,84,-1,83,84,85,-1,86,85,87,-1,87,85,84,-1,87,88,86,-1,86,88,89,-1,86,89,90,-1,90,89,91,-1,90,91,92,-1,92,91,93,-1,92,93,94,-1,94,93,95,-1,94,95,96,-1,96,95,97,-1,96,97,98,-1,98,97,99,-1,98,99,100,-1,101,102,103,-1,100,99,104,-1,100,104,105,-1,105,104,106,-1,105,106,103,-1,103,106,107,-1,103,107,101,-1,102,101,108,-1,102,108,109,-1,109,108,110,-1,109,110,111,-1,111,110,112,-1,111,112,113,-1,113,112,114,-1,113,114,115,-1,115,114,116,-1,115,116,117,-1,117,116,118,-1,117,118,119,-1,119,118,120,-1,119,120,121,-1,121,120,122,-1,121,122,123,-1,123,122,124,-1,123,124,125,-1,125,124,126,-1,125,126,127,-1,127,126,128,-1,127,128,129,-1,129,128,130,-1,129,130,131,-1,131,130,132,-1,131,132,133,-1,133,132,4,-1,133,4,3,-1,59,61,83,-1,83,61,81,-1,109,41,102,-1,102,41,43,-1,19,21,125,-1,125,21,23,-1,125,23,123,-1,123,23,25,-1,123,25,121,-1,121,25,27,-1,121,27,119,-1,119,27,29,-1,119,29,117,-1,117,29,31,-1,117,31,115,-1,115,31,33,-1,115,33,113,-1,113,33,35,-1,113,35,111,-1,111,35,37,-1,111,37,109,-1,109,37,39,-1,109,39,41,-1,12,3,13,-1,13,3,6,-1,13,6,9,-1,9,6,2,-1,9,2,1,-1,61,63,81,-1,81,63,65,-1,81,65,79,-1,79,65,67,-1,79,67,77,-1,77,67,69,-1,77,69,74,-1,74,69,71,-1,74,71,73,-1,125,127,19,-1,19,127,129,-1,19,129,17,-1,17,129,131,-1,17,131,12,-1,12,131,133,-1,12,133,3,-1,83,85,59,-1,59,85,86,-1,59,86,57,-1,57,86,90,-1,57,90,55,-1,55,90,92,-1,55,92,53,-1,53,92,94,-1,53,94,51,-1,51,94,96,-1,51,96,49,-1,49,96,98,-1,49,98,47,-1,47,98,100,-1,47,100,45,-1,45,100,105,-1,45,105,43,-1,43,105,103,-1,43,103,102,-1,134,135,136,-1,136,135,137,-1,138,134,139,-1,139,134,136,-1,138,139,140,-1,138,140,141,-1,141,140,142,-1,141,142,143,-1,144,143,145,-1,145,143,142,-1,146,144,147,-1,147,144,145,-1,148,149,150,-1,150,149,146,-1,150,146,147,-1,151,149,152,-1,152,149,148,-1,153,154,155,-1,155,154,151,-1,155,151,152,-1,156,154,157,-1,157,154,153,-1,156,157,158,-1,156,158,159,-1,158,160,159,-1,159,160,161,-1,159,161,162,-1,162,161,163,-1,162,163,164,-1,164,163,165,-1,164,165,166,-1,166,165,167,-1,166,167,168,-1,168,167,169,-1,168,169,170,-1,170,169,171,-1,170,171,172,-1,173,172,174,-1,174,172,171,-1,173,174,175,-1,173,175,176,-1,176,175,177,-1,176,177,178,-1,178,177,179,-1,178,179,180,-1,180,179,181,-1,180,181,182,-1,182,181,183,-1,182,183,184,-1,183,185,184,-1,184,185,186,-1,184,186,187,-1,187,186,188,-1,187,188,189,-1,189,188,190,-1,189,190,191,-1,135,191,137,-1,137,191,190,-1,141,143,191,-1,135,134,191,-1,191,134,138,-1,191,138,141,-1,149,151,146,-1,146,151,154,-1,146,154,144,-1,172,173,170,-1,170,173,176,-1,170,176,168,-1,168,176,178,-1,168,178,166,-1,166,178,180,-1,166,180,164,-1,164,180,182,-1,164,182,162,-1,143,144,191,-1,191,144,154,-1,191,154,189,-1,154,156,189,-1,189,156,159,-1,189,159,187,-1,187,159,162,-1,187,162,184,-1,184,162,182,-1,192,193,194,-1,194,193,195,-1,196,197,198,-1,198,197,192,-1,198,192,194,-1,199,197,200,-1,200,197,196,-1,201,202,203,-1,203,202,199,-1,203,199,200,-1,204,202,205,-1,205,202,201,-1,206,207,208,-1,208,207,204,-1,208,204,205,-1,209,207,210,-1,210,207,206,-1,211,212,213,-1,213,212,209,-1,213,209,210,-1,214,215,216,-1,216,215,212,-1,216,212,211,-1,217,218,219,-1,219,218,215,-1,219,215,214,-1,220,221,222,-1,222,221,218,-1,222,218,217,-1,195,193,223,-1,223,193,221,-1,223,221,220,-1,202,204,199,-1,199,204,207,-1,193,192,221,-1,221,192,197,-1,212,215,209,-1,209,215,218,-1,209,218,207,-1,207,218,221,-1,207,221,199,-1,199,221,197,-1,224,225,226,-1,226,225,227,-1,226,227,228,-1,228,227,229,-1,228,229,230,-1,230,229,231,-1,230,231,232,-1,232,231,233,-1,232,233,234,-1,234,233,235,-1,234,235,236,-1,235,237,236,-1,236,237,238,-1,236,238,239,-1,239,238,240,-1,239,240,241,-1,241,240,242,-1,241,242,243,-1,243,242,244,-1,243,244,245,-1,245,244,246,-1,245,246,247,-1,247,246,248,-1,247,248,249,-1,249,248,250,-1,249,250,251,-1,251,250,252,-1,251,252,253,-1,253,252,254,-1,253,254,255,-1,255,254,256,-1,255,256,257,-1,257,256,258,-1,257,258,224,-1,224,258,259,-1,224,259,225,-1,230,232,260,-1,260,232,261,-1,230,260,262,-1,230,262,228,-1,228,262,263,-1,228,263,226,-1,226,263,264,-1,226,264,224,-1,224,264,265,-1,224,265,257,-1,257,265,266,-1,257,266,255,-1,255,266,267,-1,255,267,253,-1,253,267,268,-1,253,268,251,-1,251,268,269,-1,251,269,249,-1,249,269,270,-1,249,270,247,-1,247,270,271,-1,247,271,245,-1,245,271,272,-1,245,272,243,-1,273,236,274,-1,274,236,239,-1,274,239,275,-1,275,239,241,-1,275,241,276,-1,276,241,243,-1,276,243,272,-1,234,236,277,-1,277,236,273,-1,261,232,278,-1,278,232,234,-1,278,234,277,-1,237,235,279,-1,279,235,280,-1,235,233,280,-1,280,233,281,-1,233,231,281,-1,281,231,282,-1,259,283,284,-1,259,284,225,-1,225,284,285,-1,225,285,227,-1,227,285,286,-1,227,286,229,-1,229,286,282,-1,229,282,231,-1,252,287,288,-1,252,288,254,-1,254,288,289,-1,254,289,256,-1,256,289,290,-1,256,290,258,-1,258,290,283,-1,258,283,259,-1,244,291,292,-1,244,292,246,-1,246,292,293,-1,246,293,248,-1,248,293,294,-1,248,294,250,-1,250,294,287,-1,250,287,252,-1,237,279,295,-1,237,295,238,-1,238,295,296,-1,238,296,240,-1,240,296,297,-1,240,297,242,-1,242,297,291,-1,242,291,244,-1,
        ]
    }
}
Shape{
    appearance Appearance {
        material  Material 	{
            diffuseColor 1.0 1.0 1.0
            specularColor 0.5019607843137255 0.5019607843137255 0.5019607843137255
            ambientIntensity 1.0
            transparency 0.0
            shininess 0.5
        }
    }
    geometry IndexedFaceSet {
        ccw TRUE
        solid FALSE
        coord DEF co Coordinate {
            point [
                -0.1357 0.6746 0.1899, -0.1297 0.6746 0.19, -0.1294 0.6719 0.1592, -0.1505 0.6727 0.1683, -0.1513 0.673 0.1719, -0.1372 0.6746 0.1899, -0.1352 0.6719 0.1592, -0.1408 0.672 0.1598, -0.1441 0.6721 0.1611, -0.1467 0.6723 0.1628, -0.1472 0.6723 0.1633, -0.149 0.6725 0.1654, -0.1472 0.6743 0.1861, -0.1515 0.6733 0.1748, -0.1448 0.6744 0.1878, -0.1414 0.6746 0.1892, -0.151 0.6737 0.1799, -0.1499 0.674 0.1828, -0.1483 0.6742 0.185
            ]
        }
        coordIndex [
            0,1,2,-1,3,4,5,-1,2,6,0,-1,0,6,7,-1,0,7,8,-1,8,9,0,-1,0,9,10,-1,0,10,5,-1,5,10,11,-1,5,11,3,-1,12,4,13,-1,12,14,4,-1,4,14,15,-1,4,15,5,-1,16,17,13,-1,13,17,18,-1,13,18,12,-1,
        ]
    }
}
Shape{
    appearance Appearance {
        material  Material 	{
            diffuseColor 0.0 0.0 0.0
            specularColor 0.0 0.0 0.0
            ambientIntensity 0.0
            transparency 0.0
            shininess 0.5
        }
    }
    geometry IndexedFaceSet {
        ccw TRUE
        solid FALSE
        coord DEF co Coordinate {
            point [
                -0.1704 0.6729 0.1698, -0.1765 0.6743 0.1863, -0.1746 0.675 0.1942, -0.159 0.6716 0.1545, -0.1648 0.6716 0.1544, -0.1687 0.6725 0.1653, -0.1768 0.6745 0.1875, -0.1771 0.6746 0.1891, -0.1801 0.675 0.1942, -0.1773 0.6746 0.1891, -0.1776 0.6744 0.1874, -0.1779 0.6743 0.1863, -0.1838 0.6729 0.1697, -0.1951 0.6715 0.1542, -0.1894 0.6715 0.1543, -0.1854 0.6725 0.1652, -0.1801 0.675 0.1942, -0.1951 0.6715 0.1542, -0.1746 0.675 0.1942, -0.159 0.6715 0.1545, -0.1648 0.6715 0.1544, -0.1687 0.6725 0.1653, -0.1854 0.6725 0.1652, -0.1894 0.6715 0.1543, -0.1704 0.6729 0.1698, -0.1838 0.6729 0.1697, -0.1779 0.6743 0.1863, -0.1773 0.6746 0.1891, -0.1776 0.6744 0.1874, -0.1771 0.6746 0.1891, -0.1765 0.6743 0.1863, -0.1768 0.6744 0.1875
            ]
        }
        coordIndex [
            0,1,2,-1,3,4,5,-1,1,6,2,-1,2,6,7,-1,2,7,8,-1,8,7,9,-1,8,9,10,-1,10,11,8,-1,8,11,12,-1,8,12,13,-1,14,13,15,-1,15,13,12,-1,15,12,5,-1,5,12,0,-1,5,0,3,-1,3,0,2,-1,8,13,16,-1,16,13,17,-1,2,8,18,-1,18,8,16,-1,3,2,19,-1,19,2,18,-1,4,3,20,-1,20,3,19,-1,5,4,21,-1,21,4,20,-1,15,5,22,-1,22,5,21,-1,14,15,23,-1,23,15,22,-1,13,14,17,-1,17,14,23,-1,0,12,24,-1,24,12,25,-1,12,11,25,-1,25,11,26,-1,9,27,28,-1,9,28,10,-1,10,28,26,-1,10,26,11,-1,9,7,27,-1,27,7,29,-1,1,30,31,-1,1,31,6,-1,6,31,29,-1,6,29,7,-1,1,0,30,-1,30,0,24,-1,
        ]
    }
}
Shape{
    appearance Appearance {
        material  Material 	{
            diffuseColor 1.0 1.0 1.0
            specularColor 0.5019607843137255 0.5019607843137255 0.5019607843137255
            ambientIntensity 1.0
            transparency 0.0
            shininess 0.5
        }
    }
    geometry IndexedFaceSet {
        ccw TRUE
        solid FALSE
        coord DEF co Coordinate {
            point [
                -0.1773 0.6746 0.1891, -0.1771 0.6746 0.1891, -0.1776 0.6744 0.1874, -0.1768 0.6744 0.1875, -0.1779 0.6743 0.1863, -0.1765 0.6743 0.1863, -0.1838 0.6729 0.1697, -0.1704 0.6729 0.1698
            ]
        }
        coordIndex [
            0,1,2,-1,2,1,3,-1,2,3,4,-1,4,3,5,-1,4,5,6,-1,6,5,7,-1,
        ]
    }
}
Shape{
    appearance Appearance {
        material  Material 	{
            diffuseColor 0.0 0.0 0.0
            specularColor 0.0 0.0 0.0
            ambientIntensity 0.0
            transparency 0.0
            shininess 0.5
        }
    }
    geometry IndexedFaceSet {
        ccw TRUE
        solid FALSE
        coord DEF co Coordinate {
            point [
                0.1926 0.6713 0.1513, 0.1884 0.6708 0.1461, 0.195 0.6735 0.1764, 0.0919 0.6778 0.2255, 0.0902 0.6771 0.2176, 0.0762 0.6784 0.2328, 0.0998 0.6746 0.1896, 0.1085 0.676 0.2047, 0.1468 0.6742 0.1851, 0.1664 0.6735 0.1769, 0.1638 0.6734 0.176, 0.1995 0.6778 0.2257, 0.1932 0.6781 0.229, 0.1941 0.6796 0.2466, 0.1834 0.6797 0.2478, 0.1614 0.6733 0.1745, 0.1596 0.6731 0.1725, 0.1398 0.6728 0.1689, 0.2011 0.6738 0.1802, 0.1995 0.6719 0.1587, 0.1954 0.6718 0.1574, 0.1583 0.6729 0.1702, 0.1576 0.6727 0.1676, 0.1398 0.6726 0.1661, 0.1575 0.6725 0.1648, 0.176 0.6719 0.1578, 0.1738 0.6717 0.1563, 0.1828 0.6705 0.1418, 0.1712 0.6716 0.1553, 0.171 0.6735 0.1768, 0.1749 0.675 0.1941, 0.1736 0.6734 0.1759, 0.1812 0.6748 0.1918, 0.1758 0.6733 0.1744, 0.187 0.6745 0.1878, 0.1776 0.6731 0.1724, 0.1918 0.674 0.1825, 0.1789 0.6729 0.17, 0.1796 0.6727 0.1673, 0.0879 0.6771 0.2176, 0.0825 0.677 0.2169, 0.0747 0.6784 0.2324, 0.0776 0.6769 0.215, 0.0663 0.678 0.2281, 0.0586 0.6774 0.2215, 0.1496 0.6798 0.2484, 0.1642 0.6808 0.2596, 0.1573 0.6793 0.2429, 0.1709 0.6803 0.2539, 0.1637 0.6786 0.2353, 0.1768 0.6797 0.2472, 0.1681 0.6779 0.2264, 0.1861 0.6782 0.2306, 0.1832 0.6782 0.2308, 0.1801 0.6797 0.2476, 0.1766 0.6782 0.2299, 0.1702 0.678 0.2275, 0.1578 0.6749 0.1929, 0.1646 0.6751 0.1947, 0.1681 0.6751 0.1949, 0.059 0.6728 0.1686, 0.0722 0.6738 0.18, 0.0668 0.6722 0.1622, 0.0764 0.6735 0.1766, 0.0755 0.6719 0.158, 0.0814 0.6733 0.1743, 0.085 0.6717 0.1561, 0.0865 0.6732 0.1734, 0.1017 0.6717 0.1562, 0.0993 0.6732 0.1735, 0.1033 0.6717 0.1564, 0.211 0.6764 0.2095, 0.2297 0.676 0.2053, 0.2119 0.6758 0.2026, 0.2298 0.6757 0.2022, 0.2116 0.6754 0.1983, 0.2286 0.6748 0.1915, 0.2096 0.6748 0.1913, 0.2247 0.6739 0.1809, 0.2062 0.6743 0.1855, 0.2181 0.673 0.1712, 0.2097 0.6724 0.1639, 0.0732 0.6766 0.2119, 0.0699 0.6763 0.2082, 0.0529 0.6767 0.2134, 0.0673 0.6758 0.2033, 0.0495 0.676 0.2047, 0.066 0.6754 0.1978, 0.0482 0.6751 0.1955, 0.0659 0.6751 0.1953, 0.0496 0.6743 0.1854, 0.0666 0.6747 0.1898, 0.0533 0.6735 0.1764, 0.0686 0.6742 0.1848, 0.0718 0.6738 0.1804, 0.2048 0.6793 0.2427, 0.2139 0.6787 0.2365, 0.2045 0.6774 0.2214, 0.2162 0.6786 0.2344, 0.2085 0.6769 0.2158, 0.2229 0.6778 0.226, 0.2276 0.6769 0.2159, 0.1685 0.6735 0.1771, 0.1517 0.6746 0.1897, 0.0962 0.6786 0.2347, 0.0812 0.6793 0.2432, 0.1026 0.6793 0.2424, 0.0902 0.6803 0.2542, 0.1033 0.6793 0.2431, 0.0914 0.6804 0.2553, 0.1113 0.6798 0.2486, 0.104 0.6811 0.2639, 0.1202 0.6801 0.2521, 0.1182 0.6816 0.2691, 0.1298 0.6802 0.2534, 0.13 0.6817 0.2704, 0.1403 0.6801 0.2521, 0.1421 0.6816 0.2692, 0.1554 0.6812 0.2647, 0.1778 0.672 0.1599, 0.179 0.6722 0.1623, 0.1796 0.6725 0.1649, 0.1008 0.6732 0.1737, 0.1077 0.672 0.1592, 0.1071 0.6719 0.1585, 0.1763 0.6702 0.1391, 0.1696 0.6701 0.138, 0.1686 0.6716 0.1549, 0.1685 0.6701 0.1379, 0.1661 0.6716 0.1552, 0.1616 0.6702 0.1387, 0.1636 0.6717 0.1561, 0.1552 0.6704 0.1411, 0.1614 0.6718 0.1576, 0.1495 0.6707 0.145, 0.1595 0.672 0.1596, 0.1451 0.6712 0.1499, 0.1582 0.6722 0.1621, 0.1417 0.6717 0.1562, 0.14 0.6723 0.1632, 0.0999 0.6732 0.1735, 0.1052 0.6718 0.1572, 0.1099 0.6725 0.165, 0.1097 0.6723 0.1629, 0.1089 0.6721 0.161, 0.1033 0.6732 0.1735, 0.1052 0.6732 0.1727, 0.1099 0.6726 0.1661, 0.107 0.673 0.1715, 0.1082 0.6729 0.1702, 0.1093 0.6728 0.1683, 0.1011 0.6732 0.1737, 0.0482 0.6751 0.1955, 0.0495 0.6759 0.2048, 0.0562 0.6771 0.2181, 0.0502 0.6761 0.2067, 0.0529 0.6767 0.2134, 0.0586 0.6774 0.2215, 0.0663 0.678 0.2281, 0.0747 0.6783 0.2324, 0.0762 0.6784 0.2328, 0.0812 0.6793 0.2432, 0.0902 0.6802 0.2542, 0.0914 0.6803 0.2554, 0.13 0.6817 0.2704, 0.0962 0.6806 0.2586, 0.104 0.6811 0.2639, 0.1065 0.6812 0.2648, 0.1182 0.6815 0.2691, 0.1642 0.6807 0.2596, 0.1421 0.6816 0.2692, 0.155 0.6812 0.2648, 0.1554 0.6812 0.2647, 0.1768 0.6796 0.2472, 0.1653 0.6806 0.2586, 0.1709 0.6802 0.2539, 0.1801 0.6797 0.2476, 0.1834 0.6797 0.2478, 0.1941 0.6796 0.2466, 0.2048 0.6792 0.2427, 0.2139 0.6787 0.2365, 0.2162 0.6785 0.2344, 0.2298 0.6757 0.2022, 0.2229 0.6778 0.226, 0.2266 0.6771 0.2181, 0.2276 0.6769 0.2159, 0.2294 0.6761 0.2067, 0.2297 0.676 0.2053, 0.2289 0.675 0.1944, 0.229 0.6751 0.1952, 0.2286 0.6748 0.1915, 0.2247 0.6738 0.1809, 0.2181 0.673 0.1712, 0.2097 0.6723 0.1639, 0.1995 0.6719 0.1587, 0.1954 0.6718 0.1574, 0.1926 0.6712 0.1513, 0.1884 0.6708 0.1461, 0.1828 0.6704 0.1419, 0.1763 0.6702 0.1391, 0.1696 0.6701 0.138, 0.1685 0.6701 0.1379, 0.1616 0.6701 0.1387, 0.1552 0.6704 0.1411, 0.1495 0.6707 0.145, 0.1451 0.6711 0.1499, 0.1417 0.6717 0.1562, 0.14 0.6723 0.1632, 0.1398 0.6725 0.1661, 0.1398 0.6728 0.1689, 0.0998 0.6746 0.1896, 0.1085 0.6759 0.2047, 0.103 0.6751 0.1952, 0.1026 0.675 0.1944, 0.1468 0.6742 0.1851, 0.1286 0.675 0.1944, 0.1271 0.6751 0.1952, 0.1681 0.6751 0.1949, 0.1517 0.6746 0.1897, 0.1578 0.6749 0.1929, 0.1635 0.675 0.1944, 0.1646 0.675 0.1947, 0.1724 0.675 0.1944, 0.1749 0.675 0.1941, 0.1812 0.6748 0.1918, 0.187 0.6744 0.1878, 0.1918 0.674 0.1825, 0.195 0.6734 0.1764, 0.2107 0.6751 0.1952, 0.2105 0.675 0.1944, 0.2096 0.6747 0.1913, 0.2062 0.6742 0.1855, 0.2011 0.6738 0.1802, 0.2116 0.6754 0.1983, 0.2119 0.6757 0.2026, 0.2113 0.6761 0.2067, 0.211 0.6763 0.2095, 0.2085 0.6769 0.2158, 0.2068 0.6771 0.2181, 0.2045 0.6774 0.2214, 0.1995 0.6778 0.2257, 0.1932 0.678 0.229, 0.1861 0.6782 0.2306, 0.1832 0.6782 0.2308, 0.1766 0.6781 0.2299, 0.1702 0.6779 0.2275, 0.1681 0.6778 0.2264, 0.1637 0.6786 0.2353, 0.1573 0.6793 0.2429, 0.1496 0.6797 0.2484, 0.1403 0.6801 0.2521, 0.1298 0.6802 0.2534, 0.0902 0.677 0.2176, 0.0903 0.6771 0.2181, 0.0919 0.6777 0.2255, 0.0962 0.6785 0.2347, 0.1026 0.6792 0.2424, 0.1033 0.6793 0.2431, 0.1113 0.6798 0.2486, 0.1202 0.6801 0.2521, 0.0879 0.677 0.2176, 0.0825 0.677 0.2169, 0.0776 0.6768 0.215, 0.0732 0.6765 0.2119, 0.0699 0.6762 0.2082, 0.0691 0.6761 0.2067, 0.0673 0.6758 0.2033, 0.066 0.6753 0.1978, 0.0659 0.6751 0.1953, 0.0659 0.6751 0.1952, 0.066 0.675 0.1944, 0.0666 0.6746 0.1898, 0.0686 0.6742 0.1848, 0.0718 0.6738 0.1804, 0.0722 0.6738 0.18, 0.0764 0.6735 0.1766, 0.0814 0.6733 0.1743, 0.0865 0.6732 0.1734, 0.0993 0.6732 0.1735, 0.0999 0.6732 0.1735, 0.1008 0.6732 0.1737, 0.1011 0.6732 0.1738, 0.1033 0.6732 0.1735, 0.1052 0.6731 0.1727, 0.107 0.673 0.1715, 0.1082 0.6729 0.1702, 0.1093 0.6727 0.1683, 0.1099 0.6725 0.1661, 0.1099 0.6724 0.165, 0.1097 0.6723 0.1629, 0.1089 0.6721 0.161, 0.1077 0.6719 0.1592, 0.1071 0.6719 0.1585, 0.1052 0.6718 0.1572, 0.1033 0.6717 0.1564, 0.1017 0.6717 0.1562, 0.085 0.6717 0.1561, 0.0755 0.6718 0.158, 0.0668 0.6722 0.1622, 0.059 0.6728 0.1686, 0.0533 0.6734 0.1764, 0.0496 0.6742 0.1854, 0.0484 0.675 0.1944, 0.0483 0.6751 0.1952, 0.1685 0.6735 0.1771, 0.1664 0.6735 0.1769, 0.1638 0.6734 0.176, 0.1614 0.6733 0.1745, 0.1596 0.6731 0.1725, 0.1583 0.6729 0.1702, 0.1576 0.6727 0.1676, 0.1575 0.6724 0.1648, 0.1582 0.6722 0.1621, 0.1595 0.672 0.1596, 0.1614 0.6718 0.1576, 0.1636 0.6717 0.1561, 0.1661 0.6716 0.1552, 0.1686 0.6716 0.1549, 0.1712 0.6716 0.1553, 0.1738 0.6717 0.1563, 0.176 0.6718 0.1578, 0.1778 0.672 0.1599, 0.179 0.6722 0.1623, 0.1796 0.6724 0.1649, 0.1796 0.6726 0.1673, 0.1789 0.6729 0.17, 0.1776 0.6731 0.1724, 0.1758 0.6733 0.1744, 0.1736 0.6734 0.1759, 0.171 0.6735 0.1768
            ]
        }
        coordIndex [
            0,1,2,-1,3,4,5,-1,6,7,8,-1,9,10,6,-1,11,12,13,-1,13,12,14,-1,10,15,6,-1,6,15,16,-1,6,16,17,-1,18,19,2,-1,2,19,20,-1,2,20,0,-1,16,21,17,-1,17,21,22,-1,17,22,23,-1,23,22,24,-1,25,1,26,-1,26,1,27,-1,26,27,28,-1,29,30,31,-1,31,30,32,-1,31,32,33,-1,33,32,34,-1,33,34,35,-1,35,34,36,-1,35,36,37,-1,37,36,2,-1,37,2,38,-1,4,39,5,-1,5,39,40,-1,5,40,41,-1,41,40,42,-1,41,42,43,-1,43,42,44,-1,45,46,47,-1,47,46,48,-1,47,48,49,-1,49,48,50,-1,49,50,51,-1,12,52,14,-1,14,52,53,-1,14,53,54,-1,54,53,55,-1,54,55,50,-1,50,55,56,-1,50,56,51,-1,57,58,29,-1,29,58,59,-1,29,59,30,-1,60,61,62,-1,62,61,63,-1,62,63,64,-1,64,63,65,-1,64,65,66,-1,66,65,67,-1,66,67,68,-1,68,67,69,-1,68,69,70,-1,71,72,73,-1,73,72,74,-1,73,74,75,-1,75,74,76,-1,75,76,77,-1,77,76,78,-1,77,78,79,-1,79,78,80,-1,79,80,18,-1,18,80,81,-1,18,81,19,-1,42,82,44,-1,44,82,83,-1,44,83,84,-1,84,83,85,-1,84,85,86,-1,86,85,87,-1,86,87,88,-1,88,87,89,-1,88,89,90,-1,90,89,91,-1,90,91,92,-1,92,91,93,-1,92,93,60,-1,60,93,94,-1,60,94,61,-1,13,95,11,-1,11,95,96,-1,11,96,97,-1,97,96,98,-1,97,98,99,-1,99,98,100,-1,99,100,71,-1,71,100,101,-1,71,101,72,-1,9,6,102,-1,102,6,8,-1,102,8,29,-1,29,8,103,-1,29,103,57,-1,3,5,104,-1,104,5,105,-1,104,105,106,-1,106,105,107,-1,106,107,108,-1,108,107,109,-1,108,109,110,-1,110,109,111,-1,110,111,112,-1,112,111,113,-1,112,113,114,-1,114,113,115,-1,114,115,116,-1,116,115,117,-1,116,117,45,-1,45,117,118,-1,45,118,46,-1,25,119,1,-1,1,119,120,-1,1,120,2,-1,2,120,121,-1,2,121,38,-1,122,123,124,-1,27,125,28,-1,28,125,126,-1,28,126,127,-1,127,126,128,-1,127,128,129,-1,129,128,130,-1,129,130,131,-1,131,130,132,-1,131,132,133,-1,133,132,134,-1,133,134,135,-1,135,134,136,-1,135,136,137,-1,137,136,138,-1,137,138,24,-1,24,138,139,-1,24,139,23,-1,69,140,70,-1,70,140,122,-1,70,122,141,-1,141,122,124,-1,142,143,122,-1,122,143,144,-1,122,144,123,-1,145,146,147,-1,146,148,147,-1,147,148,149,-1,147,149,150,-1,142,122,147,-1,147,122,151,-1,147,151,145,-1,88,152,153,-1,154,44,84,-1,88,153,86,-1,86,153,155,-1,86,155,84,-1,84,155,156,-1,84,156,154,-1,154,157,44,-1,44,157,158,-1,44,158,43,-1,43,158,159,-1,43,159,41,-1,41,159,160,-1,41,160,5,-1,5,160,161,-1,5,161,105,-1,105,161,162,-1,105,162,107,-1,107,162,163,-1,107,163,109,-1,164,115,113,-1,109,163,165,-1,109,165,111,-1,165,166,111,-1,111,166,167,-1,111,167,113,-1,113,167,168,-1,113,168,164,-1,169,46,118,-1,115,164,170,-1,115,170,117,-1,117,170,171,-1,117,171,118,-1,118,171,172,-1,118,172,169,-1,173,50,48,-1,46,169,174,-1,46,174,48,-1,48,174,175,-1,48,175,173,-1,50,173,176,-1,50,176,54,-1,54,176,177,-1,54,177,14,-1,14,177,178,-1,14,178,13,-1,13,178,179,-1,13,179,95,-1,95,179,180,-1,95,180,96,-1,96,180,181,-1,96,181,98,-1,182,74,72,-1,98,181,183,-1,98,183,100,-1,100,183,184,-1,100,184,101,-1,184,185,101,-1,101,185,186,-1,101,186,72,-1,72,186,187,-1,72,187,182,-1,188,76,189,-1,189,76,74,-1,189,74,182,-1,188,190,76,-1,76,190,191,-1,76,191,78,-1,78,191,192,-1,78,192,80,-1,80,192,193,-1,80,193,81,-1,81,193,194,-1,81,194,19,-1,19,194,195,-1,19,195,20,-1,20,195,196,-1,20,196,0,-1,0,196,197,-1,0,197,1,-1,1,197,198,-1,1,198,27,-1,27,198,199,-1,27,199,125,-1,125,199,200,-1,125,200,126,-1,126,200,201,-1,126,201,128,-1,128,201,202,-1,128,202,130,-1,130,202,203,-1,130,203,132,-1,132,203,204,-1,132,204,134,-1,134,204,205,-1,134,205,136,-1,136,205,206,-1,136,206,138,-1,138,206,207,-1,138,207,139,-1,139,207,208,-1,139,208,23,-1,17,23,209,-1,209,23,208,-1,6,17,210,-1,210,17,209,-1,211,7,212,-1,212,7,6,-1,212,6,213,-1,213,6,210,-1,214,8,215,-1,215,8,7,-1,215,7,216,-1,216,7,211,-1,217,59,58,-1,8,214,218,-1,8,218,103,-1,103,218,219,-1,103,219,57,-1,57,219,220,-1,57,220,58,-1,58,220,221,-1,58,221,217,-1,30,59,222,-1,222,59,217,-1,222,223,30,-1,30,223,224,-1,30,224,32,-1,32,224,225,-1,32,225,34,-1,34,225,226,-1,34,226,36,-1,36,226,227,-1,36,227,2,-1,228,75,229,-1,229,75,77,-1,229,77,230,-1,230,77,79,-1,230,79,231,-1,231,79,18,-1,231,18,232,-1,232,18,2,-1,232,2,227,-1,228,233,75,-1,75,233,234,-1,75,234,73,-1,71,73,235,-1,235,73,234,-1,235,236,71,-1,71,236,237,-1,71,237,99,-1,99,237,238,-1,99,238,97,-1,238,239,97,-1,97,239,240,-1,97,240,11,-1,11,240,241,-1,11,241,12,-1,12,241,242,-1,12,242,52,-1,52,242,243,-1,52,243,53,-1,53,243,244,-1,53,244,55,-1,55,244,245,-1,55,245,56,-1,56,245,246,-1,56,246,51,-1,51,246,247,-1,51,247,49,-1,49,247,248,-1,49,248,47,-1,47,248,249,-1,47,249,45,-1,45,249,250,-1,45,250,116,-1,116,250,251,-1,116,251,114,-1,252,4,253,-1,253,4,3,-1,253,3,254,-1,254,3,104,-1,254,104,255,-1,255,104,106,-1,255,106,256,-1,256,106,108,-1,256,108,257,-1,257,108,110,-1,257,110,258,-1,258,110,112,-1,258,112,259,-1,259,112,114,-1,259,114,251,-1,39,4,260,-1,260,4,252,-1,39,260,261,-1,39,261,40,-1,40,261,262,-1,40,262,42,-1,42,262,263,-1,42,263,82,-1,82,263,264,-1,82,264,83,-1,83,264,265,-1,83,265,85,-1,265,266,85,-1,85,266,267,-1,85,267,87,-1,87,267,268,-1,87,268,89,-1,268,269,89,-1,89,269,270,-1,89,270,91,-1,270,271,91,-1,91,271,272,-1,91,272,93,-1,93,272,273,-1,93,273,94,-1,94,273,274,-1,94,274,61,-1,61,274,275,-1,61,275,63,-1,63,275,276,-1,63,276,65,-1,65,276,277,-1,65,277,67,-1,69,67,278,-1,278,67,277,-1,69,278,279,-1,69,279,140,-1,140,279,280,-1,140,280,122,-1,122,280,281,-1,122,281,151,-1,151,281,282,-1,151,282,145,-1,145,282,283,-1,145,283,146,-1,146,283,284,-1,146,284,148,-1,148,284,285,-1,148,285,149,-1,149,285,286,-1,149,286,150,-1,150,286,287,-1,150,287,147,-1,147,287,288,-1,147,288,142,-1,142,288,289,-1,142,289,143,-1,143,289,290,-1,143,290,144,-1,144,290,291,-1,144,291,123,-1,123,291,292,-1,123,292,124,-1,124,292,293,-1,124,293,141,-1,141,293,294,-1,141,294,70,-1,70,294,295,-1,70,295,68,-1,66,68,296,-1,296,68,295,-1,66,296,297,-1,66,297,64,-1,64,297,298,-1,64,298,62,-1,62,298,299,-1,62,299,60,-1,60,299,300,-1,60,300,92,-1,92,300,301,-1,92,301,90,-1,90,301,302,-1,90,302,88,-1,88,302,303,-1,88,303,152,-1,102,304,305,-1,102,305,9,-1,9,305,306,-1,9,306,10,-1,10,306,307,-1,10,307,15,-1,15,307,308,-1,15,308,16,-1,16,308,309,-1,16,309,21,-1,21,309,310,-1,21,310,22,-1,22,310,311,-1,22,311,24,-1,24,311,312,-1,24,312,137,-1,137,312,313,-1,137,313,135,-1,135,313,314,-1,135,314,133,-1,133,314,315,-1,133,315,131,-1,131,315,316,-1,131,316,129,-1,129,316,317,-1,129,317,127,-1,127,317,318,-1,127,318,28,-1,28,318,319,-1,28,319,26,-1,26,319,320,-1,26,320,25,-1,25,320,321,-1,25,321,119,-1,119,321,322,-1,119,322,120,-1,120,322,323,-1,120,323,121,-1,121,323,324,-1,121,324,38,-1,38,324,325,-1,38,325,37,-1,37,325,326,-1,37,326,35,-1,35,326,327,-1,35,327,33,-1,33,327,328,-1,33,328,31,-1,31,328,329,-1,31,329,29,-1,29,329,304,-1,29,304,102,-1,
        ]
    }
}
Shape{
    appearance Appearance {
        material  Material 	{
            diffuseColor 1.0 1.0 1.0
            specularColor 0.5019607843137255 0.5019607843137255 0.5019607843137255
            ambientIntensity 1.0
            transparency 0.0
            shininess 0.5
        }
    }
    geometry IndexedFaceSet {
        ccw TRUE
        solid FALSE
        coord DEF co Coordinate {
            point [
                0.1685 0.6735 0.1771, 0.1686 0.6716 0.1549, 0.1664 0.6735 0.1769, 0.1661 0.6716 0.1552, 0.1796 0.6724 0.1649, 0.1796 0.6726 0.1673, 0.171 0.6735 0.1768, 0.1736 0.6734 0.1759, 0.1758 0.6733 0.1744, 0.1776 0.6731 0.1724, 0.1789 0.6729 0.17, 0.179 0.6722 0.1623, 0.1778 0.672 0.1599, 0.176 0.6718 0.1578, 0.1614 0.6718 0.1576, 0.1596 0.6731 0.1725, 0.1614 0.6733 0.1745, 0.1738 0.6717 0.1563, 0.1712 0.6716 0.1553, 0.1636 0.6717 0.1561, 0.1638 0.6734 0.176, 0.1582 0.6722 0.1621, 0.1575 0.6724 0.1648, 0.1595 0.672 0.1596, 0.1576 0.6727 0.1676, 0.1583 0.6729 0.1702
            ]
        }
        coordIndex [
            0,1,2,-1,2,1,3,-1,4,0,5,-1,5,0,6,-1,5,6,7,-1,7,8,5,-1,5,8,9,-1,5,9,10,-1,4,11,0,-1,0,11,12,-1,0,12,13,-1,14,15,16,-1,13,17,0,-1,0,17,18,-1,0,18,1,-1,3,19,2,-1,2,19,14,-1,2,14,20,-1,20,14,16,-1,21,22,23,-1,23,22,24,-1,23,24,14,-1,14,24,25,-1,14,25,15,-1,
        ]
    }
}