#VRML V2.0 utf8
# 3D model generated by easyeda2kicad.py (https://github.com/uPesy/easyeda2kicad.py)

Shape{
    appearance Appearance {
        material  Material 	{
            diffuseColor 0.7529411764705882 0.7529411764705882 0.7529411764705882
            specularColor 0.6627450980392157 0.6627450980392157 0.6627450980392157
            ambientIntensity 0.2
            transparency 0
            shininess 0.5
        }
    }
    geometry IndexedFaceSet {
        ccw TRUE
        solid FALSE
        coord DEF co Coordinate {
            point [
                1.8602 -0.0728 -2.528, 1.8602 -0.2106 -2.528, 1.8602 -0.0728 -2.9505, 1.8602 -0.2106 -2.9505, 1.8602 -0.0578 -3.0956, 1.8602 -0.1991 -3.0895, 1.8602 -0.0133 -3.2345, 1.8602 0.23 -3.8083, 1.8602 0.3256 -3.6903, 1.8602 0.158 -3.6814, 1.8602 0.2494 -3.5735, 1.8602 0.0616 -3.572, 1.8602 0.155 -3.4708, 1.8602 -0.0328 -3.4693, 1.8602 0.0586 -3.3613, 1.8602 -0.1089 -3.3525, 1.8602 -0.1649 -3.2247, 1.8602 0.2894 -5.4702, 1.8602 0.4272 -5.4702, 1.8602 0.2894 -4.0923, 1.8602 0.4272 -4.0923, 1.8602 0.2744 -3.9472, 1.8602 0.4157 -3.9533, 1.8602 0.3815 -3.818, 1.6437 0.155 -3.4708, 1.6437 0.0586 -3.3613, 1.6437 -0.0133 -3.2345, 1.6437 -0.0578 -3.0956, 1.6437 -0.0728 -2.9505, 1.6437 0.2494 -3.5735, 1.6437 0.3256 -3.6903, 1.6437 0.3815 -3.818, 1.6437 0.4157 -3.9533, 1.6437 0.4272 -4.0923, 1.6437 0.4272 -5.4702, 1.6437 0.2894 -5.4702, 1.6437 0.2894 -4.0923, 1.6437 0.2744 -3.9472, 1.6437 0.23 -3.8083, 1.6437 0.158 -3.6814, 1.6437 0.0616 -3.572, 1.6437 -0.2106 -2.9505, 1.6437 -0.1991 -3.0895, 1.6437 -0.1649 -3.2247, 1.6437 -0.1089 -3.3525, 1.6437 -0.0328 -3.4693, 1.6437 -0.2106 -2.5857, 1.6437 -0.0728 -2.5857, 1.5217 -0.0728 -1.9374, 1.5217 -0.2106 -1.9374, 1.3051 -0.2106 -1.9951, 1.3051 -0.0728 -1.9951, 1.5217 1.9359 -3.4366, 1.5217 2.0653 -3.3895, 1.5217 0.7758 -0.2495, 1.5217 0.9093 -0.2133, 1.5217 0.6106 0.6547, 1.5217 0.7461 0.6795, 1.5217 0.5852 0.7356, 1.5217 0.7106 0.7927, 1.5217 0.5408 0.8078, 1.5217 0.6485 0.8939, 1.5217 0.4801 0.8671, 1.5217 0.5635 0.9768, 1.5217 0.4068 0.9097, 1.5217 0.4609 1.0364, 1.5217 0.3253 0.9331, 1.5217 0.3468 1.0692, 1.5217 0.2406 0.9359, 1.5217 0.2282 1.0731, 1.5217 0.1578 0.9179, 1.5217 0.1122 1.0479, 1.5217 0.0818 0.8802, 1.5217 0.0059 0.9952, 1.5217 0.0174 0.8251, 1.5217 -0.0844 0.9181, 1.5217 -0.0317 0.756, 1.5217 -0.153 0.8212, 1.5217 -0.0623 0.6769, 1.5217 -0.196 0.7106, 1.5217 -0.0728 0.5928, 1.5217 -0.2106 0.5928, 1.3051 0.7461 0.6795, 1.3051 0.9093 -0.2133, 1.3051 2.0653 -3.3895, 1.3051 1.9359 -3.4366, 1.3051 0.7758 -0.2495, 1.3051 0.6106 0.6547, 1.3051 -0.0728 0.5928, 1.3051 -0.0623 0.6769, 1.3051 -0.0317 0.756, 1.3051 0.0174 0.8251, 1.3051 0.0818 0.8802, 1.3051 0.1578 0.9179, 1.3051 0.2406 0.9359, 1.3051 0.3253 0.9331, 1.3051 0.4068 0.9097, 1.3051 0.4801 0.8671, 1.3051 0.5408 0.8078, 1.3051 0.5852 0.7356, 1.3051 -0.2106 0.5928, 1.3051 0.7106 0.7927, 1.3051 0.6485 0.8939, 1.3051 0.5635 0.9768, 1.3051 0.4609 1.0364, 1.3051 0.3468 1.0692, 1.3051 0.2282 1.0731, 1.3051 0.1122 1.0479, 1.3051 0.0059 0.9952, 1.3051 -0.0844 0.9181, 1.3051 -0.153 0.8212, 1.3051 -0.196 0.7106, -1.8583 -0.2106 -2.528, -1.8583 -0.0728 -2.528, -1.8583 -0.2106 -2.9505, -1.8583 -0.0728 -2.9505, -1.8583 -0.2256 -3.0956, -1.8583 -0.0843 -3.0895, -1.8583 -0.27 -3.2345, -1.8583 -0.5728 -5.4702, -1.8583 -0.7106 -5.4702, -1.8583 -0.5728 -4.0923, -1.8583 -0.7106 -4.0923, -1.8583 -0.5578 -3.9472, -1.8583 -0.6991 -3.9533, -1.8583 -0.5133 -3.8083, -1.8583 -0.6649 -3.818, -1.8583 -0.6089 -3.6903, -1.8583 -0.4414 -3.6814, -1.8583 -0.5328 -3.5735, -1.8583 -0.345 -3.572, -1.8583 -0.4384 -3.4708, -1.8583 -0.2506 -3.4693, -1.8583 -0.342 -3.3613, -1.8583 -0.1744 -3.3525, -1.8583 -0.1185 -3.2247, -1.6417 -0.4384 -3.4708, -1.6417 -0.342 -3.3613, -1.6417 -0.27 -3.2345, -1.6417 -0.2256 -3.0956, -1.6417 -0.2106 -2.9505, -1.6417 -0.5328 -3.5735, -1.6417 -0.6089 -3.6903, -1.6417 -0.6649 -3.818, -1.6417 -0.6991 -3.9533, -1.6417 -0.7106 -4.0923, -1.6417 -0.7106 -5.4702, -1.6417 -0.5728 -5.4702, -1.6417 -0.5728 -4.0923, -1.6417 -0.5578 -3.9472, -1.6417 -0.5133 -3.8083, -1.6417 -0.4414 -3.6814, -1.6417 -0.345 -3.572, -1.6417 -0.0728 -2.9505, -1.6417 -0.0843 -3.0895, -1.6417 -0.1185 -3.2247, -1.6417 -0.1744 -3.3525, -1.6417 -0.2506 -3.4693, -1.6417 -0.0728 -2.5857, -1.6417 -0.2106 -2.5857, -1.5197 -0.2106 -1.9374, -1.5197 -0.0728 -1.9374, -1.3031 -0.0728 -1.9951, -1.3031 -0.2106 -1.9951, -1.5197 -0.0728 0.5928, -1.5197 -0.2106 0.5928, -1.5197 -0.0623 0.6769, -1.5197 -0.196 0.7106, -1.5197 -0.0317 0.756, -1.5197 -0.153 0.8212, -1.5197 0.0174 0.8251, -1.5197 -0.0844 0.9181, -1.5197 0.0818 0.8802, -1.5197 0.0059 0.9952, -1.5197 0.1578 0.9179, -1.5197 0.1122 1.0479, -1.5197 0.2406 0.9359, -1.5197 0.2282 1.0731, -1.5197 0.3253 0.9331, -1.5197 0.3468 1.0692, -1.5197 0.4068 0.9097, -1.5197 0.4609 1.0364, -1.5197 0.4801 0.8671, -1.5197 0.5635 0.9768, -1.5197 0.5408 0.8078, -1.5197 0.6485 0.8939, -1.5197 0.5852 0.7356, -1.5197 0.7106 0.7927, -1.5197 0.6106 0.6547, -1.5197 0.7461 0.6795, -1.5197 0.7758 -0.2495, -1.5197 0.9093 -0.2133, -1.5197 1.9359 -3.4366, -1.5197 2.0653 -3.3895, -1.3031 0.6106 0.6547, -1.3031 0.7758 -0.2495, -1.3031 1.9359 -3.4366, -1.3031 2.0653 -3.3895, -1.3031 0.9093 -0.2133, -1.3031 0.7461 0.6795, -1.3031 0.7106 0.7927, -1.3031 0.6485 0.8939, -1.3031 0.5635 0.9768, -1.3031 0.4609 1.0364, -1.3031 0.3468 1.0692, -1.3031 0.2282 1.0731, -1.3031 0.1122 1.0479, -1.3031 0.0059 0.9952, -1.3031 -0.0844 0.9181, -1.3031 -0.153 0.8212, -1.3031 -0.196 0.7106, -1.3031 -0.2106 0.5928, -1.3031 -0.0728 0.5928, -1.3031 -0.0623 0.6769, -1.3031 -0.0317 0.756, -1.3031 0.0174 0.8251, -1.3031 0.0818 0.8802, -1.3031 0.1578 0.9179, -1.3031 0.2406 0.9359, -1.3031 0.3253 0.9331, -1.3031 0.4068 0.9097, -1.3031 0.4801 0.8671, -1.3031 0.5408 0.8078, -1.3031 0.5852 0.7356, -0.8583 -0.2106 -2.544, -0.8583 -0.0728 -2.544, -0.8583 -0.2106 -2.9505, -0.8583 -0.0728 -2.9505, -0.8583 -0.2256 -3.0956, -0.8583 -0.0843 -3.0895, -0.8583 -0.27 -3.2345, -0.8583 -0.5728 -5.4702, -0.8583 -0.7106 -5.4702, -0.8583 -0.5728 -4.0923, -0.8583 -0.7106 -4.0923, -0.8583 -0.5578 -3.9472, -0.8583 -0.6991 -3.9533, -0.8583 -0.5133 -3.8083, -0.8583 -0.6649 -3.818, -0.8583 -0.6089 -3.6903, -0.8583 -0.4414 -3.6814, -0.8583 -0.5328 -3.5735, -0.8583 -0.345 -3.572, -0.8583 -0.4384 -3.4708, -0.8583 -0.2506 -3.4693, -0.8583 -0.342 -3.3613, -0.8583 -0.1744 -3.3525, -0.8583 -0.1185 -3.2247, -0.6417 -0.5728 -5.4702, -0.6417 -0.7106 -5.4702, -0.6417 -0.7106 -4.0923, -0.6417 -0.6991 -3.9533, -0.6417 -0.6649 -3.818, -0.6417 -0.6089 -3.6903, -0.6417 -0.5328 -3.5735, -0.6417 -0.4384 -3.4708, -0.6417 -0.2106 -2.9505, -0.6417 -0.2256 -3.0956, -0.6417 -0.27 -3.2345, -0.6417 -0.342 -3.3613, -0.6417 -0.345 -3.572, -0.6417 -0.2506 -3.4693, -0.6417 -0.1744 -3.3525, -0.6417 -0.1185 -3.2247, -0.6417 -0.0843 -3.0895, -0.6417 -0.0728 -2.9505, -0.6417 -0.4414 -3.6814, -0.6417 -0.5133 -3.8083, -0.6417 -0.5578 -3.9472, -0.6417 -0.5728 -4.0923, -0.6417 -0.0728 -2.5696, -0.6417 -0.2106 -2.5696, -0.5 -0.2106 -1.9791, -0.5 -0.0728 -1.9791, -0.7165 -0.0728 -1.9535, -0.7165 -0.2106 -1.9535, -0.7165 -0.0728 0.5928, -0.7165 -0.2106 0.5928, -0.7165 -0.0623 0.6769, -0.7165 -0.196 0.7106, -0.7165 -0.0317 0.756, -0.7165 -0.153 0.8212, -0.7165 0.0174 0.8251, -0.7165 -0.0844 0.9181, -0.7165 0.0818 0.8802, -0.7165 0.0059 0.9952, -0.7165 0.1578 0.9179, -0.7165 0.1122 1.0479, -0.7165 0.2406 0.9359, -0.7165 0.2282 1.0731, -0.7165 0.3253 0.9331, -0.7165 0.3468 1.0692, -0.7165 0.4068 0.9097, -0.7165 0.4609 1.0364, -0.7165 0.4801 0.8671, -0.7165 0.5635 0.9768, -0.7165 0.5408 0.8078, -0.7165 0.6485 0.8939, -0.7165 0.5852 0.7356, -0.7165 0.7106 0.7927, -0.7165 0.6106 0.6547, -0.7165 0.7461 0.6795, -0.7165 0.7758 -0.2495, -0.7165 0.9093 -0.2133, -0.7165 1.9359 -3.4366, -0.7165 2.0653 -3.3895, -0.5 0.6106 0.6547, -0.5 0.7758 -0.2495, -0.5 0.5852 0.7356, -0.5 0.5408 0.8078, -0.5 0.4801 0.8671, -0.5 0.4068 0.9097, -0.5 0.3253 0.9331, -0.5 0.2406 0.9359, -0.5 0.1578 0.9179, -0.5 0.0818 0.8802, -0.5 0.0174 0.8251, -0.5 -0.0317 0.756, -0.5 -0.0623 0.6769, -0.5 -0.0728 0.5928, -0.5 -0.2106 0.5928, -0.5 -0.196 0.7106, -0.5 -0.153 0.8212, -0.5 -0.0844 0.9181, -0.5 0.0059 0.9952, -0.5 0.1122 1.0479, -0.5 0.2282 1.0731, -0.5 0.3468 1.0692, -0.5 0.4609 1.0364, -0.5 0.5635 0.9768, -0.5 0.6485 0.8939, -0.5 0.7106 0.7927, -0.5 0.7461 0.6795, -0.5 0.9093 -0.2133, -0.5 2.0653 -3.3895, -0.5 1.9359 -3.4366, -0.5 1.9359 -3.4366
            ]
        }
        coordIndex [
            0,1,2,-1,2,1,3,-1,2,3,4,-1,4,3,5,-1,4,5,6,-1,7,8,9,-1,9,8,10,-1,9,10,11,-1,11,10,12,-1,11,12,13,-1,13,12,14,-1,13,14,15,-1,15,14,6,-1,15,6,16,-1,16,6,5,-1,17,18,19,-1,19,18,20,-1,19,20,21,-1,21,20,22,-1,21,22,7,-1,7,22,23,-1,7,23,8,-1,12,24,14,-1,14,24,25,-1,14,25,6,-1,6,25,26,-1,6,26,4,-1,4,26,27,-1,4,27,2,-1,2,27,28,-1,24,12,10,-1,24,10,29,-1,29,10,8,-1,29,8,30,-1,30,8,23,-1,30,23,31,-1,31,23,22,-1,31,22,32,-1,32,22,20,-1,32,20,33,-1,33,20,34,-1,34,20,18,-1,34,18,35,-1,35,18,17,-1,17,19,35,-1,35,19,36,-1,36,19,37,-1,37,19,21,-1,37,21,38,-1,38,21,7,-1,38,7,39,-1,39,7,9,-1,39,9,40,-1,40,9,11,-1,3,41,42,-1,3,42,5,-1,5,42,43,-1,5,43,16,-1,16,43,44,-1,16,44,15,-1,15,44,45,-1,15,45,13,-1,13,45,40,-1,13,40,11,-1,46,47,41,-1,41,47,28,-1,41,28,42,-1,42,28,27,-1,42,27,43,-1,43,27,26,-1,43,26,44,-1,44,26,25,-1,44,25,45,-1,45,25,40,-1,40,25,24,-1,40,24,39,-1,34,35,33,-1,33,35,36,-1,33,36,32,-1,32,36,37,-1,32,37,31,-1,31,37,38,-1,31,38,30,-1,30,38,39,-1,30,39,29,-1,29,39,24,-1,0,48,1,-1,1,48,49,-1,46,50,47,-1,47,50,51,-1,52,53,54,-1,54,53,55,-1,54,55,56,-1,56,55,57,-1,56,57,58,-1,58,57,59,-1,58,59,60,-1,60,59,61,-1,60,61,62,-1,62,61,63,-1,62,63,64,-1,64,63,65,-1,64,65,66,-1,66,65,67,-1,66,67,68,-1,68,67,69,-1,68,69,70,-1,70,69,71,-1,70,71,72,-1,72,71,73,-1,72,73,74,-1,74,73,75,-1,74,75,76,-1,76,75,77,-1,76,77,78,-1,78,77,79,-1,78,79,80,-1,80,79,81,-1,80,81,48,-1,48,81,49,-1,57,55,82,-1,82,55,83,-1,83,55,84,-1,84,55,53,-1,53,52,84,-1,84,52,85,-1,54,86,52,-1,52,86,85,-1,87,86,56,-1,56,86,54,-1,80,88,78,-1,78,88,89,-1,78,89,76,-1,76,89,90,-1,76,90,74,-1,74,90,91,-1,74,91,72,-1,72,91,92,-1,72,92,70,-1,70,92,93,-1,70,93,68,-1,68,93,94,-1,68,94,66,-1,66,94,95,-1,66,95,64,-1,64,95,96,-1,64,96,62,-1,62,96,97,-1,62,97,60,-1,60,97,98,-1,60,98,58,-1,58,98,99,-1,58,99,56,-1,56,99,87,-1,2,28,0,-1,0,28,47,-1,0,47,48,-1,48,47,51,-1,48,51,80,-1,80,51,88,-1,41,3,46,-1,46,3,1,-1,46,1,50,-1,50,1,49,-1,50,49,100,-1,100,49,81,-1,57,82,101,-1,57,101,59,-1,59,101,102,-1,59,102,61,-1,61,102,103,-1,61,103,63,-1,63,103,104,-1,63,104,65,-1,65,104,105,-1,65,105,67,-1,67,105,106,-1,67,106,69,-1,69,106,107,-1,69,107,71,-1,71,107,108,-1,71,108,73,-1,73,108,109,-1,73,109,75,-1,75,109,110,-1,75,110,77,-1,77,110,111,-1,77,111,79,-1,79,111,100,-1,79,100,81,-1,51,50,88,-1,88,50,100,-1,88,100,89,-1,89,100,111,-1,89,111,90,-1,90,111,110,-1,90,110,91,-1,91,110,109,-1,91,109,92,-1,92,109,108,-1,92,108,93,-1,93,108,107,-1,93,107,94,-1,94,107,106,-1,94,106,95,-1,95,106,105,-1,95,105,96,-1,96,105,104,-1,96,104,97,-1,97,104,103,-1,97,103,98,-1,98,103,102,-1,98,102,99,-1,99,102,101,-1,99,101,87,-1,87,101,82,-1,87,82,86,-1,86,82,83,-1,86,83,85,-1,85,83,84,-1,112,113,114,-1,114,113,115,-1,114,115,116,-1,116,115,117,-1,116,117,118,-1,119,120,121,-1,121,120,122,-1,121,122,123,-1,123,122,124,-1,123,124,125,-1,124,126,125,-1,125,126,127,-1,125,127,128,-1,128,127,129,-1,128,129,130,-1,130,129,131,-1,130,131,132,-1,132,131,133,-1,132,133,134,-1,134,133,118,-1,134,118,135,-1,135,118,117,-1,131,136,133,-1,133,136,137,-1,133,137,118,-1,118,137,138,-1,118,138,116,-1,116,138,139,-1,116,139,114,-1,114,139,140,-1,136,131,129,-1,136,129,141,-1,141,129,127,-1,141,127,142,-1,142,127,126,-1,142,126,143,-1,143,126,124,-1,143,124,144,-1,144,124,122,-1,144,122,145,-1,146,145,120,-1,120,145,122,-1,119,147,120,-1,120,147,146,-1,121,148,119,-1,119,148,147,-1,148,121,149,-1,149,121,123,-1,149,123,150,-1,150,123,125,-1,150,125,151,-1,151,125,128,-1,151,128,152,-1,152,128,130,-1,115,153,154,-1,115,154,117,-1,117,154,155,-1,117,155,135,-1,135,155,156,-1,135,156,134,-1,134,156,157,-1,134,157,132,-1,132,157,152,-1,132,152,130,-1,158,159,153,-1,153,159,140,-1,153,140,154,-1,154,140,139,-1,154,139,155,-1,155,139,138,-1,155,138,156,-1,156,138,137,-1,156,137,157,-1,157,137,152,-1,152,137,136,-1,152,136,151,-1,136,141,151,-1,151,141,142,-1,151,142,150,-1,150,142,143,-1,150,143,149,-1,149,143,144,-1,149,144,148,-1,148,144,145,-1,148,145,147,-1,147,145,146,-1,112,160,113,-1,113,160,161,-1,158,162,159,-1,159,162,163,-1,161,160,164,-1,164,160,165,-1,164,165,166,-1,166,165,167,-1,166,167,168,-1,168,167,169,-1,168,169,170,-1,170,169,171,-1,170,171,172,-1,172,171,173,-1,172,173,174,-1,174,173,175,-1,174,175,176,-1,176,175,177,-1,176,177,178,-1,178,177,179,-1,178,179,180,-1,180,179,181,-1,180,181,182,-1,182,181,183,-1,182,183,184,-1,184,183,185,-1,184,185,186,-1,186,185,187,-1,186,187,188,-1,188,187,189,-1,188,189,190,-1,190,189,191,-1,190,191,192,-1,192,191,193,-1,188,190,194,-1,194,190,195,-1,195,190,196,-1,196,190,192,-1,197,196,193,-1,193,196,192,-1,191,198,193,-1,193,198,197,-1,199,198,189,-1,189,198,191,-1,199,189,187,-1,199,187,200,-1,200,187,185,-1,200,185,201,-1,201,185,183,-1,201,183,202,-1,202,183,181,-1,202,181,203,-1,203,181,179,-1,203,179,204,-1,204,179,177,-1,204,177,205,-1,205,177,175,-1,205,175,206,-1,206,175,173,-1,206,173,207,-1,207,173,171,-1,207,171,208,-1,208,171,169,-1,208,169,209,-1,209,169,167,-1,209,167,210,-1,210,167,165,-1,210,165,211,-1,114,140,112,-1,112,140,159,-1,112,159,160,-1,160,159,163,-1,160,163,165,-1,165,163,211,-1,164,212,161,-1,161,212,162,-1,161,162,113,-1,113,162,158,-1,113,158,115,-1,115,158,153,-1,212,164,213,-1,213,164,166,-1,213,166,214,-1,214,166,168,-1,214,168,215,-1,215,168,170,-1,215,170,216,-1,216,170,172,-1,216,172,217,-1,217,172,174,-1,217,174,218,-1,218,174,176,-1,218,176,219,-1,219,176,178,-1,219,178,220,-1,220,178,180,-1,220,180,221,-1,221,180,182,-1,221,182,222,-1,222,182,184,-1,222,184,223,-1,223,184,186,-1,223,186,194,-1,194,186,188,-1,196,197,195,-1,195,197,198,-1,195,198,194,-1,194,198,199,-1,194,199,223,-1,223,199,200,-1,223,200,222,-1,222,200,201,-1,222,201,221,-1,221,201,202,-1,221,202,220,-1,220,202,203,-1,220,203,219,-1,219,203,204,-1,219,204,218,-1,218,204,205,-1,218,205,217,-1,217,205,206,-1,217,206,216,-1,216,206,207,-1,216,207,215,-1,215,207,208,-1,215,208,214,-1,214,208,209,-1,214,209,213,-1,213,209,210,-1,213,210,212,-1,212,210,211,-1,212,211,162,-1,162,211,163,-1,224,225,226,-1,226,225,227,-1,226,227,228,-1,228,227,229,-1,228,229,230,-1,231,232,233,-1,233,232,234,-1,233,234,235,-1,235,234,236,-1,235,236,237,-1,236,238,237,-1,237,238,239,-1,237,239,240,-1,240,239,241,-1,240,241,242,-1,242,241,243,-1,242,243,244,-1,244,243,245,-1,244,245,246,-1,246,245,230,-1,246,230,247,-1,247,230,229,-1,231,248,232,-1,232,248,249,-1,232,249,234,-1,234,249,250,-1,234,250,251,-1,234,251,236,-1,236,251,252,-1,236,252,238,-1,238,252,253,-1,238,253,239,-1,239,253,254,-1,239,254,241,-1,241,254,255,-1,241,255,243,-1,256,226,257,-1,257,226,228,-1,257,228,258,-1,258,228,230,-1,258,230,259,-1,259,230,245,-1,259,245,255,-1,255,245,243,-1,260,242,244,-1,260,244,261,-1,261,244,246,-1,261,246,262,-1,262,246,247,-1,262,247,263,-1,263,247,229,-1,263,229,264,-1,264,229,227,-1,264,227,265,-1,242,260,240,-1,240,260,266,-1,240,266,237,-1,237,266,267,-1,237,267,235,-1,235,267,268,-1,235,268,233,-1,233,268,269,-1,269,248,233,-1,233,248,231,-1,270,271,265,-1,265,271,256,-1,265,256,264,-1,264,256,257,-1,264,257,263,-1,263,257,258,-1,263,258,262,-1,262,258,259,-1,262,259,261,-1,249,248,250,-1,250,248,269,-1,250,269,251,-1,251,269,268,-1,251,268,252,-1,252,268,267,-1,252,267,253,-1,253,267,266,-1,261,259,260,-1,260,259,255,-1,260,255,266,-1,266,255,254,-1,266,254,253,-1,271,270,272,-1,272,270,273,-1,225,224,274,-1,274,224,275,-1,274,275,276,-1,276,275,277,-1,276,277,278,-1,278,277,279,-1,278,279,280,-1,280,279,281,-1,280,281,282,-1,282,281,283,-1,282,283,284,-1,284,283,285,-1,284,285,286,-1,286,285,287,-1,286,287,288,-1,288,287,289,-1,288,289,290,-1,290,289,291,-1,290,291,292,-1,292,291,293,-1,292,293,294,-1,294,293,295,-1,294,295,296,-1,296,295,297,-1,296,297,298,-1,298,297,299,-1,298,299,300,-1,300,299,301,-1,300,301,302,-1,302,301,303,-1,302,303,304,-1,304,303,305,-1,300,302,306,-1,306,302,307,-1,300,306,298,-1,298,306,308,-1,298,308,296,-1,296,308,309,-1,296,309,294,-1,294,309,310,-1,294,310,292,-1,292,310,311,-1,292,311,290,-1,290,311,312,-1,290,312,288,-1,288,312,313,-1,288,313,286,-1,286,313,314,-1,286,314,284,-1,284,314,315,-1,284,315,282,-1,282,315,316,-1,282,316,280,-1,280,316,317,-1,280,317,278,-1,278,317,318,-1,278,318,276,-1,276,318,319,-1,265,227,270,-1,270,227,225,-1,270,225,273,-1,273,225,274,-1,273,274,319,-1,319,274,276,-1,226,256,224,-1,224,256,271,-1,224,271,275,-1,275,271,272,-1,275,272,277,-1,277,272,320,-1,277,320,321,-1,277,321,279,-1,279,321,322,-1,279,322,281,-1,281,322,323,-1,281,323,283,-1,283,323,324,-1,283,324,285,-1,285,324,325,-1,285,325,287,-1,287,325,326,-1,287,326,289,-1,289,326,327,-1,289,327,291,-1,291,327,328,-1,291,328,293,-1,293,328,329,-1,293,329,295,-1,295,329,330,-1,295,330,297,-1,297,330,331,-1,297,331,299,-1,299,331,332,-1,299,332,301,-1,332,333,301,-1,301,333,303,-1,303,333,305,-1,305,333,334,-1,334,335,305,-1,305,335,304,-1,307,302,335,-1,335,302,304,-1,335,334,307,-1,307,334,333,-1,307,333,306,-1,306,333,332,-1,306,332,308,-1,308,332,331,-1,308,331,309,-1,309,331,330,-1,309,330,310,-1,310,330,329,-1,310,329,311,-1,311,329,328,-1,311,328,312,-1,312,328,327,-1,312,327,313,-1,313,327,326,-1,313,326,314,-1,314,326,325,-1,314,325,315,-1,315,325,324,-1,315,324,316,-1,316,324,323,-1,316,323,317,-1,317,323,322,-1,317,322,318,-1,318,322,321,-1,318,321,319,-1,319,321,320,-1,319,320,273,-1,273,320,272,-1,
        ]
    }
}
Shape{
    appearance Appearance {
        material  Material 	{
            diffuseColor 0.25098039215686274 0.25098039215686274 0.25098039215686274
            specularColor 0.2196078431372549 0.2196078431372549 0.2196078431372549
            ambientIntensity 0.2
            transparency 0
            shininess 0.5
        }
    }
    geometry IndexedFaceSet {
        ccw TRUE
        solid FALSE
        coord DEF co Coordinate {
            point [
                -2.3366 0.252 -2.9702, -2.3366 0.0591 -2.9702, -2.3366 0.252 0.7699, -2.3366 0.0591 0.1794, -2.3366 -0.1558 0.7699, 2.3366 0.0591 -2.9702, 2.3366 0.3308 -2.9702, 2.3366 0.0591 0.1794, 2.3366 0.3308 0.7699, 2.3366 -0.1558 0.7699, 1.7657 0.3308 -2.9702, 1.7657 0.3308 0.7699, -1.7657 0.252 0.7699, -1.7657 0.252 -2.9702, -2.5138 0.0591 0.1794, -2.5138 0.0591 -2.9702, -2.5138 -0.1558 0.7699, 2.5138 0.0591 0.1794, 2.5138 -0.1558 0.7699, 2.5138 0.0591 -2.9702, 1.7657 0.6851 -2.9702, 1.7657 0.6851 0.7699, -1.7657 0.6851 0.7699, -1.7657 0.6851 -2.9702, -2.5138 -0.4189 0.7699, -2.5138 -0.6338 0.1794, -2.5138 -0.6338 -2.9702, 2.5138 -0.6338 -2.9702, 2.5138 -0.6338 0.1794, 2.5138 -0.4189 0.7699, -2.3366 -0.6338 0.1794, -2.3366 -0.4189 0.7699, -2.3366 -0.6338 -2.9702, 2.3366 -0.4189 0.7699, 2.3366 -0.6338 0.1794, 2.3366 -0.6338 -2.9702, -2.3366 -0.7716 -2.9702, 2.3366 -0.7716 -2.9702, -2.3366 -0.7716 0.7699, 2.3366 -0.7716 0.7699, 2.3366 -0.7716 0.7699
            ]
        }
        coordIndex [
            0,1,2,-1,2,1,3,-1,2,3,4,-1,5,6,7,-1,7,6,8,-1,7,8,9,-1,6,10,8,-1,8,10,11,-1,12,13,2,-1,2,13,0,-1,3,1,14,-1,14,1,15,-1,4,3,16,-1,16,3,14,-1,7,9,17,-1,17,9,18,-1,5,7,19,-1,19,7,17,-1,10,20,11,-1,11,20,21,-1,22,23,12,-1,12,23,13,-1,24,16,25,-1,25,16,14,-1,25,14,26,-1,26,14,15,-1,27,19,28,-1,28,19,17,-1,28,17,29,-1,29,17,18,-1,30,31,25,-1,25,31,24,-1,32,30,26,-1,26,30,25,-1,21,20,22,-1,22,20,23,-1,33,34,29,-1,29,34,28,-1,34,35,28,-1,28,35,27,-1,0,13,1,-1,1,13,32,-1,1,32,15,-1,15,32,26,-1,6,5,10,-1,10,5,36,-1,37,36,35,-1,35,36,5,-1,35,5,27,-1,27,5,19,-1,23,20,13,-1,13,20,10,-1,13,10,32,-1,32,10,36,-1,32,36,30,-1,30,36,38,-1,30,38,31,-1,31,38,39,-1,16,24,4,-1,4,24,31,-1,31,39,4,-1,4,39,12,-1,4,12,2,-1,8,11,9,-1,9,11,33,-1,9,33,18,-1,18,33,29,-1,21,22,11,-1,11,22,12,-1,11,12,33,-1,33,12,39,-1,33,39,34,-1,34,39,37,-1,34,37,35,-1,36,37,38,-1,38,37,39,-1,
        ]
    }
}
Shape{
    appearance Appearance {
        material  Material 	{
            diffuseColor 0.7529411764705882 0.7529411764705882 0.7529411764705882
            specularColor 0.6627450980392157 0.6627450980392157 0.6627450980392157
            ambientIntensity 0.2
            transparency 0
            shininess 0.5
        }
    }
    geometry IndexedFaceSet {
        ccw TRUE
        solid FALSE
        coord DEF co Coordinate {
            point [
                0.3583 -0.0728 -2.5525, 0.3583 -0.2106 -2.5525, 0.3583 -0.0728 -2.9505, 0.3583 -0.2106 -2.9505, 0.3583 -0.0843 -3.0895, 0.3583 -0.2256 -3.0956, 0.3583 -0.1185 -3.2247, 0.3583 -0.27 -3.2345, 0.3583 -0.1744 -3.3525, 0.3583 -0.342 -3.3613, 0.3583 -0.2506 -3.4693, 0.3583 -0.345 -3.572, 0.3583 -0.4384 -3.4708, 0.3583 -0.4414 -3.6814, 0.3583 -0.5328 -3.5735, 0.3583 -0.6089 -3.6903, 0.3583 -0.5133 -3.8083, 0.3583 -0.6649 -3.818, 0.3583 -0.5578 -3.9472, 0.3583 -0.6991 -3.9533, 0.3583 -0.5728 -4.0923, 0.3583 -0.7106 -4.0923, 0.3583 -0.5728 -5.4702, 0.3583 -0.7106 -5.4702, 0.1417 -0.0728 -2.9505, 0.1417 -0.0843 -3.0895, 0.1417 -0.1185 -3.2247, 0.1417 -0.1744 -3.3525, 0.1417 -0.2506 -3.4693, 0.1417 -0.345 -3.572, 0.1417 -0.5728 -4.0923, 0.1417 -0.5578 -3.9472, 0.1417 -0.5133 -3.8083, 0.1417 -0.4414 -3.6814, 0.1417 -0.5728 -5.4702, 0.1417 -0.7106 -5.4702, 0.1417 -0.7106 -4.0923, 0.1417 -0.4384 -3.4708, 0.1417 -0.5328 -3.5735, 0.1417 -0.6089 -3.6903, 0.1417 -0.6649 -3.818, 0.1417 -0.6991 -3.9533, 0.1417 -0.342 -3.3613, 0.1417 -0.27 -3.2345, 0.1417 -0.2256 -3.0956, 0.1417 -0.2106 -2.9505, 0.1417 -0.2106 -2.5611, 0.1417 -0.0728 -2.5611, 0.311 -0.0728 -1.9619, 0.311 -0.2106 -1.9619, 0.0945 -0.2106 -1.9706, 0.0945 -0.0728 -1.9706, 0.311 1.9359 -3.4366, 0.311 2.0653 -3.3895, 0.311 0.7758 -0.2495, 0.311 0.9093 -0.2133, 0.311 0.6106 0.6547, 0.311 0.7461 0.6795, 0.311 0.5852 0.7356, 0.311 0.7106 0.7927, 0.311 0.5408 0.8078, 0.311 0.6485 0.8939, 0.311 0.4801 0.8671, 0.311 0.5635 0.9768, 0.311 0.4068 0.9097, 0.311 0.4609 1.0364, 0.311 0.3253 0.9331, 0.311 0.3468 1.0692, 0.311 0.2406 0.9359, 0.311 0.2282 1.0731, 0.311 0.1578 0.9179, 0.311 0.1122 1.0479, 0.311 0.0818 0.8802, 0.311 0.0059 0.9952, 0.311 0.0174 0.8251, 0.311 -0.0844 0.9181, 0.311 -0.0317 0.756, 0.311 -0.153 0.8212, 0.311 -0.0623 0.6769, 0.311 -0.196 0.7106, 0.311 -0.0728 0.5928, 0.311 -0.2106 0.5928, 0.0945 0.7461 0.6795, 0.0945 0.9093 -0.2133, 0.0945 2.0653 -3.3895, 0.0945 1.9359 -3.4366, 0.0945 0.7758 -0.2495, 0.0945 0.6106 0.6547, 0.0945 -0.0728 0.5928, 0.0945 -0.0623 0.6769, 0.0945 -0.0317 0.756, 0.0945 0.0174 0.8251, 0.0945 0.0818 0.8802, 0.0945 0.1578 0.9179, 0.0945 0.2406 0.9359, 0.0945 0.3253 0.9331, 0.0945 0.4068 0.9097, 0.0945 0.4801 0.8671, 0.0945 0.5408 0.8078, 0.0945 0.5852 0.7356, 0.0945 -0.2106 0.5928, 0.0945 0.7106 0.7927, 0.0945 0.6485 0.8939, 0.0945 0.5635 0.9768, 0.0945 0.4609 1.0364, 0.0945 0.3468 1.0692, 0.0945 0.2282 1.0731, 0.0945 0.1122 1.0479, 0.0945 0.0059 0.9952, 0.0945 -0.0844 0.9181, 0.0945 -0.153 0.8212, 0.0945 -0.196 0.7106, 1.3583 -0.7106 -5.4702, 1.3583 -0.5728 -5.4702, 1.3583 -0.7106 -4.0923, 1.3583 -0.5728 -4.0923, 1.3583 -0.6991 -3.9533, 1.3583 -0.5578 -3.9472, 1.3583 -0.6649 -3.818, 1.3583 -0.5133 -3.8083, 1.3583 -0.6089 -3.6903, 1.3583 -0.4414 -3.6814, 1.3583 -0.0728 -2.5357, 1.3583 -0.2106 -2.5357, 1.3583 -0.0728 -2.9505, 1.3583 -0.2106 -2.9505, 1.3583 -0.0843 -3.0895, 1.3583 -0.2256 -3.0956, 1.3583 -0.1185 -3.2247, 1.3583 -0.27 -3.2345, 1.3583 -0.1744 -3.3525, 1.3583 -0.342 -3.3613, 1.3583 -0.2506 -3.4693, 1.3583 -0.345 -3.572, 1.3583 -0.4384 -3.4708, 1.3583 -0.5328 -3.5735, 1.1417 -0.0728 -2.9505, 1.1417 -0.0843 -3.0895, 1.1417 -0.1185 -3.2247, 1.1417 -0.1744 -3.3525, 1.1417 -0.2506 -3.4693, 1.1417 -0.345 -3.572, 1.1417 -0.5728 -4.0923, 1.1417 -0.5578 -3.9472, 1.1417 -0.5133 -3.8083, 1.1417 -0.4414 -3.6814, 1.1417 -0.5728 -5.4702, 1.1417 -0.7106 -5.4702, 1.1417 -0.7106 -4.0923, 1.1417 -0.4384 -3.4708, 1.1417 -0.5328 -3.5735, 1.1417 -0.6089 -3.6903, 1.1417 -0.6649 -3.818, 1.1417 -0.6991 -3.9533, 1.1417 -0.342 -3.3613, 1.1417 -0.27 -3.2345, 1.1417 -0.2256 -3.0956, 1.1417 -0.2106 -2.9505, 1.1417 -0.2106 -2.578, 1.1417 -0.0728 -2.578, 1.1181 -0.0728 -1.9451, 1.1181 -0.2106 -1.9451, 0.9016 -0.2106 -1.9874, 0.9016 -0.0728 -1.9874, 1.1181 1.9359 -3.4366, 1.1181 2.0653 -3.3895, 1.1181 0.7758 -0.2495, 1.1181 0.9093 -0.2133, 1.1181 0.6106 0.6547, 1.1181 0.7461 0.6795, 1.1181 0.5852 0.7356, 1.1181 0.7106 0.7927, 1.1181 0.5408 0.8078, 1.1181 0.6485 0.8939, 1.1181 0.4801 0.8671, 1.1181 0.5635 0.9768, 1.1181 0.4068 0.9097, 1.1181 0.4609 1.0364, 1.1181 0.3253 0.9331, 1.1181 0.3468 1.0692, 1.1181 0.2406 0.9359, 1.1181 0.2282 1.0731, 1.1181 0.1578 0.9179, 1.1181 0.1122 1.0479, 1.1181 0.0818 0.8802, 1.1181 0.0059 0.9952, 1.1181 0.0174 0.8251, 1.1181 -0.0844 0.9181, 1.1181 -0.0317 0.756, 1.1181 -0.153 0.8212, 1.1181 -0.0623 0.6769, 1.1181 -0.196 0.7106, 1.1181 -0.0728 0.5928, 1.1181 -0.2106 0.5928, 0.9016 0.7461 0.6795, 0.9016 0.9093 -0.2133, 0.9016 2.0653 -3.3895, 0.9016 1.9359 -3.4366, 0.9016 0.7758 -0.2495, 0.9016 0.6106 0.6547, 0.9016 -0.0728 0.5928, 0.9016 -0.0623 0.6769, 0.9016 -0.0317 0.756, 0.9016 0.0174 0.8251, 0.9016 0.0818 0.8802, 0.9016 0.1578 0.9179, 0.9016 0.2406 0.9359, 0.9016 0.3253 0.9331, 0.9016 0.4068 0.9097, 0.9016 0.4801 0.8671, 0.9016 0.5408 0.8078, 0.9016 0.5852 0.7356, 0.9016 -0.2106 0.5928, 0.9016 0.7106 0.7927, 0.9016 0.6485 0.8939, 0.9016 0.5635 0.9768, 0.9016 0.4609 1.0364, 0.9016 0.3468 1.0692, 0.9016 0.2282 1.0731, 0.9016 0.1122 1.0479, 0.9016 0.0059 0.9952, 0.9016 -0.0844 0.9181, 0.9016 -0.153 0.8212, 0.9016 -0.196 0.7106, 3.1594 -0.7484 -2.2852, 3.1594 -1.0161 2.1833, 3.1594 -1.0161 -3.2261, 3.1594 0.043 1.3251, 3.1594 -0.2523 -2.2852, 3.1594 0.043 -3.2261, 3.1594 -0.2523 -2.797, 3.1594 -0.7484 -2.797, -3.1594 0.043 -3.2261, -3.1594 -0.2523 -2.797, -3.1594 -0.2523 -2.2852, -3.1594 -0.7484 -2.797, -3.1594 -1.0161 -3.2261, -3.1594 -0.7484 -2.2852, -3.1594 -1.0161 2.1833, -3.1594 0.043 1.3251, 3.1594 -0.4427 -2.5987, 3.1594 -0.4427 -2.4834, 3.1594 -0.558 -2.5987, 3.1594 -0.558 -2.4834, 3.061 -0.558 -2.4834, 3.061 -0.4427 -2.4834, 3.061 -0.558 -2.5987, 3.061 -0.4427 -2.5987, -3.1594 -0.558 -2.4834, -3.1594 -0.4427 -2.4834, -3.1594 -0.558 -2.5987, -3.1594 -0.4427 -2.5987, -3.061 -0.4427 -2.5987, -3.061 -0.4427 -2.4834, -3.061 -0.558 -2.5987, -3.061 -0.558 -2.4834, -3.061 -0.7484 -2.2852, -3.061 -0.7484 -2.797, -3.061 -0.2523 -2.797, -3.061 -0.2523 -2.2852, -3.061 -1.0161 2.1833, -3.061 0.043 1.3251, -3.061 0.043 -3.2261, 3.061 -0.7484 -2.2852, 3.061 -0.2523 -2.2852, 3.061 -0.2523 -2.797, 3.061 -0.7484 -2.797, 3.061 0.043 -3.2261, 3.061 0.043 1.3251, 3.061 -1.0161 2.1833, 3.158 -1.0333 2.1833, 3.158 -1.0333 -3.2261, 3.1508 -1.0574 2.1833, 3.1508 -1.0574 -3.2261, 3.1378 -1.079 2.1833, 3.1378 -1.079 -3.2261, 3.12 -1.0968 2.1833, 3.12 -1.0968 -3.2261, 3.0984 -1.1098 2.1833, 3.0984 -1.1098 -3.2261, 3.0742 -1.117 2.1833, 3.0742 -1.117 -3.2261, 3.0571 -1.1185 2.1833, 3.0571 -1.1185 -3.2261, -3.158 -1.0333 -3.2261, -3.158 -1.0333 2.1833, -3.1508 -1.0574 -3.2261, -3.1508 -1.0574 2.1833, -3.1378 -1.079 -3.2261, -3.1378 -1.079 2.1833, -3.12 -1.0968 -3.2261, -3.12 -1.0968 2.1833, -3.0984 -1.1098 -3.2261, -3.0984 -1.1098 2.1833, -3.0742 -1.117 -3.2261, -3.0742 -1.117 2.1833, -3.0571 -1.1185 -3.2261, -3.0571 -1.1185 2.1833, 1.8361 2.4729 0.7109, 1.8361 1.6855 0.7109, 1.8256 1.6855 0.7441, 1.8256 2.4729 0.7441, 1.821 1.6855 0.7864, 1.821 2.4729 0.7864, 1.8256 1.6855 0.8287, 1.8256 2.4729 0.8287, 1.8361 1.6855 0.862, 1.8361 2.4729 0.862, -1.8361 2.4729 0.862, -1.8361 1.6855 0.862, -1.8256 1.6855 0.8287, -1.8256 2.4729 0.8287, -1.821 1.6855 0.7864, -1.821 2.4729 0.7864, -1.8256 1.6855 0.7441, -1.8256 2.4729 0.7441, -1.8361 1.6855 0.7109, -1.8361 2.4729 0.7109, 3.1566 -0.4256 -2.6156, 3.1582 -0.5737 -2.6143, 3.1577 -0.5752 -2.6158, 3.1541 -0.4108 -2.6303, 3.1508 -0.5953 -2.6357, 3.1514 -0.4053 -2.6358, 3.141 -0.6137 -2.6542, 3.1418 -0.3864 -2.6548, 3.1418 -0.3864 -2.6547, 3.1475 -0.6051 -2.6454, 3.141 -0.6137 -2.6542, 3.1306 -0.6276 -2.6683, 3.1306 -0.3731 -2.6683, 3.1566 -0.4258 -2.4663, 3.1566 -0.4256 -2.6156, 3.1541 -0.4112 -2.4515, 3.1514 -0.4057 -2.446, 3.1514 -0.4053 -2.6358, 3.1418 -0.3867 -2.4272, 3.1418 -0.3867 -2.4271, 3.1418 -0.3864 -2.6548, 3.1306 -0.3731 -2.4138, 3.1306 -0.6276 -2.4138, 3.1418 -0.3867 -2.4271, 3.1418 -0.6143 -2.4274, 3.1418 -0.6143 -2.4274, 3.1514 -0.4057 -2.446, 3.1514 -0.5954 -2.4464, 3.1541 -0.5899 -2.4519, 3.1566 -0.4258 -2.4663, 3.1566 -0.5751 -2.4665, 3.1566 -0.5751 -2.4665, 3.1577 -0.5752 -2.6158, 3.1508 -0.5953 -2.6357, 3.1514 -0.5954 -2.4464, 3.1418 -0.6143 -2.4274, 2.9836 -0.3652 -2.4059, 2.9836 -0.6355 -2.4059, 2.9836 -0.6355 -2.6762, 2.9836 -0.3652 -2.6762, -3.1566 -0.5749 -2.4663, -3.1582 -0.5736 -2.6144, -3.1577 -0.5751 -2.616, -3.1541 -0.5895 -2.4515, -3.1508 -0.595 -2.636, -3.1514 -0.5951 -2.446, -3.141 -0.6135 -2.6544, -3.1418 -0.614 -2.4271, -3.1418 -0.614 -2.4272, -3.1475 -0.6047 -2.6458, -3.141 -0.6135 -2.6544, -3.1306 -0.6276 -2.6683, -3.1306 -0.6276 -2.4138, -3.1566 -0.4256 -2.4665, -3.1566 -0.5749 -2.4663, -3.1541 -0.4108 -2.4519, -3.1514 -0.4053 -2.4464, -3.1514 -0.5951 -2.446, -3.1418 -0.3864 -2.4274, -3.1418 -0.3864 -2.4274, -3.1418 -0.614 -2.4271, -3.1306 -0.3731 -2.4138, -3.1306 -0.3731 -2.6683, -3.1418 -0.3864 -2.4274, -3.1418 -0.3867 -2.655, -3.1418 -0.3867 -2.655, -3.1514 -0.4053 -2.4464, -3.1514 -0.4057 -2.6361, -3.1541 -0.4112 -2.6306, -3.1566 -0.4256 -2.4665, -3.1566 -0.4258 -2.6158, -3.1566 -0.4258 -2.6158, -3.1577 -0.5751 -2.616, -3.1508 -0.595 -2.636, -3.1514 -0.4057 -2.6361, -3.1418 -0.3867 -2.655, -2.9836 -0.3652 -2.4059, -2.9836 -0.3652 -2.6762, -2.9836 -0.6355 -2.6762, -2.9836 -0.6355 -2.4059, -3.061 -1.0161 -3.2261, 3.061 -1.0161 -3.2261, 1.927 1.6855 0.7487, 1.927 2.4729 0.7487, -1.927 1.6855 0.7487, -1.927 2.4729 0.7487, -3.1594 -1.0004 2.1794, -3.1594 -1.0004 2.1833, -3.1594 0.049 1.329, -3.1594 5.3382 2.1833, -3.1594 4.4869 1.329, -3.1594 5.3382 2.1794, 3.1594 4.4869 1.329, 3.1594 5.3382 2.1794, 3.1594 0.049 1.329, 3.1594 5.3382 2.1833, 3.1594 -1.0004 2.1794, 3.1594 -1.0004 2.1833, 2.3773 1.6855 2.1644, 2.3773 2.4729 2.1644, -2.3773 1.6855 2.1644, -2.3773 2.4729 2.1644, 3.0634 0.0377 -4.0135, 3.0634 0.0377 1.3211, 3.0562 0.0182 1.3211, 3.056 0.0159 -4.0135, 3.056 0.0159 1.3211, 3.0552 0.0137 -4.0135, 3.0531 -0.0069 1.3211, 3.0531 -0.0069 -4.0135, 3.0531 -0.2956 -2.7458, 3.0531 -0.7051 -2.7458, 3.0531 -0.2956 -2.3364, 3.0531 -0.7051 -2.3364, 3.0531 -1.02 -4.0135, 3.0531 -1.02 1.3211, 2.9547 -1.02 -4.0135, 2.9547 -1.02 1.3211, 2.9547 -0.0069 -4.0135, 2.9547 -0.0069 1.3211, 2.9598 0.038 1.3211, 2.9598 0.038 -4.0135, 2.9748 0.0806 1.3211, 2.9748 0.0806 -4.0135, 2.9732 -0.3513 -2.3918, 2.9724 -0.6488 -2.3924, 2.9732 -0.3513 -2.3918, 2.9724 -0.6488 -2.3924, 2.9667 -0.3427 -2.3831, 2.9628 -0.6677 -2.3734, 2.9634 -0.3329 -2.3733, 2.9565 -0.3129 -2.3534, 2.96 -0.6732 -2.3679, 2.9576 -0.688 -2.3532, 2.956 -0.3113 -2.3519, 2.9547 -0.7051 -2.3364, 2.9547 -0.2956 -2.3364, 2.9547 -0.7051 -2.7458, 2.9576 -0.6882 -2.7287, 2.9576 -0.688 -2.3532, 2.96 -0.6736 -2.7139, 2.9628 -0.668 -2.7084, 2.9628 -0.6677 -2.3734, 2.9724 -0.6491 -2.6895, 2.9724 -0.649 -2.6895, 2.9724 -0.6488 -2.3924, 2.9547 -0.2956 -2.7458, 2.9576 -0.3127 -2.7289, 2.9576 -0.6882 -2.7287, 2.96 -0.3275 -2.7143, 2.9628 -0.333 -2.7088, 2.9628 -0.668 -2.7084, 2.9724 -0.3519 -2.6898, 2.9724 -0.3519 -2.6898, 2.9724 -0.649 -2.6895, 2.9565 -0.3129 -2.3534, 2.9724 -0.3519 -2.6898, 2.9576 -0.3127 -2.7289, 2.9634 -0.3329 -2.3733, 2.9628 -0.333 -2.7088, 2.9075 2.5823 -4.0135, 2.9075 2.5823 -3.9151, 2.891 2.5837 -3.9151, 2.8091 2.6807 -4.0135, 2.8099 2.668 -4.0135, 2.8091 2.6807 -3.9151, 2.8104 2.6643 -3.9151, 2.8678 2.5907 -3.9151, 2.8822 2.5854 -4.0135, 2.8911 2.5843 -4.0135, 2.847 2.6031 -3.9151, 2.862 2.5932 -4.0135, 2.8679 2.5909 -4.0135, 2.8298 2.6202 -3.9151, 2.8427 2.6066 -4.0135, 2.8472 2.6035 -4.0135, 2.8174 2.641 -3.9151, 2.8261 2.6253 -4.0135, 2.8303 2.6206 -4.0135, 2.8108 2.6643 -4.0135, 2.8155 2.6458 -4.0135, 2.8178 2.6413 -4.0135, 2.8091 2.854 -4.0135, 2.8091 2.854 -3.9151, 2.8104 2.8705 -3.9151, 2.9075 2.9524 -4.0135, 2.8947 2.9516 -4.0135, 2.9075 2.9524 -3.9151, 2.891 2.951 -3.9151, 2.8174 2.8937 -3.9151, 2.8121 2.8792 -4.0135, 2.8111 2.8704 -4.0135, 2.8298 2.9145 -3.9151, 2.82 2.8995 -4.0135, 2.8177 2.8936 -4.0135, 2.847 2.9316 -3.9151, 2.8333 2.9187 -4.0135, 2.8302 2.9142 -4.0135, 2.8678 2.944 -3.9151, 2.852 2.9353 -4.0135, 2.8474 2.9312 -4.0135, 2.8911 2.9507 -4.0135, 2.8725 2.946 -4.0135, 2.868 2.9436 -4.0135, 3.1634 1.3432 -3.7322, 3.1634 1.3402 -3.734, 3.1634 1.3402 -3.7338, 3.1634 1.3434 -3.7323, 3.1634 1.3436 -3.7325, 3.1634 1.3438 -3.7329, 3.1634 1.3438 -3.7329, 3.1634 1.344 -3.7333, 3.1634 1.3441 -3.7335, 3.1634 1.3427 -5.2044, 3.1634 1.3441 -5.2027, 3.1634 1.3431 -5.2042, 3.1634 1.344 -5.2031, 3.1634 1.3438 -5.2036, 3.1634 1.3441 -5.2025, 3.1634 1.3403 -5.2031, 3.1634 1.3403 -5.203, 3.1634 1.3405 -3.7329, 3.1634 1.3406 -3.7329, 3.1634 1.3408 -3.7326, 3.1634 1.3412 -3.7323, 3.1634 1.3412 -3.7323, 3.1634 1.3416 -3.7321, 3.1634 1.3438 -5.2036, 3.1634 1.3435 -5.2039, 3.1634 1.3431 -5.2042, 3.1634 1.3422 -5.2044, 3.1634 1.342 -5.2045, 3.1634 1.3416 -5.2045, 3.1634 1.3407 -5.2039, 3.1634 1.3405 -5.2036, 3.1634 1.3405 -5.2036, 3.1634 1.3422 -3.732, 3.1634 1.3423 -3.732, 3.1634 1.3428 -3.732, 3.1634 1.3412 -5.2044, 3.1634 1.3412 -5.2043, 3.1634 1.3409 -5.2042, 3.1634 1.3402 -5.2027, 3.1634 1.3402 -5.2025, 3.1634 1.3441 -3.734, 3.1634 1.3441 -3.7338, 3.1634 1.3403 -3.7333, 3.1634 1.3431 -3.7321, -3.0531 -0.7051 -2.3364, -3.0531 -0.7051 -2.7458, -3.0531 -0.2956 -2.3364, -3.0531 -0.2956 -2.7458, -3.0531 -0.0069 -4.0135, -3.0531 -0.0069 1.3211, -3.0552 0.0137 1.3211, -3.056 0.0159 -4.0135, -3.056 0.0159 1.3211, -3.0562 0.0182 -4.0135, -3.0634 0.0377 1.3211, -3.0634 0.0377 -4.0135, -2.9732 -0.3511 -2.3921, -2.9724 -0.3517 -2.6895, -2.9732 -0.3511 -2.3921, -2.9724 -0.3516 -2.6895, -2.9667 -0.3423 -2.3834, -2.9628 -0.3327 -2.7084, -2.9634 -0.3326 -2.3736, -2.9565 -0.3127 -2.3536, -2.96 -0.3272 -2.7139, -2.9576 -0.3125 -2.7287, -2.956 -0.3112 -2.3521, -2.9547 -0.2956 -2.7458, -2.9547 -0.2956 -2.3364, -2.9547 -0.7051 -2.7458, -2.9576 -0.688 -2.7289, -2.9576 -0.3125 -2.7287, -2.96 -0.6732 -2.7143, -2.9628 -0.6677 -2.7088, -2.9628 -0.3327 -2.7084, -2.9724 -0.6488 -2.6898, -2.9724 -0.6488 -2.6898, -2.9724 -0.3517 -2.6895, -2.9547 -0.7051 -2.3364, -2.9576 -0.6882 -2.3534, -2.9576 -0.688 -2.7289, -2.96 -0.6736 -2.3682, -2.9628 -0.668 -2.3737, -2.9628 -0.6677 -2.7088, -2.9724 -0.6491 -2.3926, -2.9724 -0.649 -2.3926, -2.9724 -0.6488 -2.6898, -2.9565 -0.3127 -2.3536, -2.9724 -0.649 -2.3926, -2.9576 -0.6882 -2.3534, -2.9634 -0.3326 -2.3736, -2.9628 -0.668 -2.3737, -2.9748 0.0806 -4.0135, -2.9748 0.0806 1.3211, -2.9598 0.038 1.3211, -2.9598 0.038 -4.0135, -2.9547 -0.0069 1.3211, -2.9547 -0.0069 -4.0135, -3.0531 -1.02 -4.0135, -2.9547 -1.02 -4.0135, -3.0531 -1.02 1.3211, -2.9547 -1.02 1.3211, -2.8091 2.9524 -4.0135, -2.8091 2.9524 -3.9151, -2.8091 2.5823 -4.0135, -2.8091 2.5823 -3.9151, -3.1634 1.3431 -3.7323, -3.1634 1.3431 -3.7323, -3.1634 1.3405 -3.7329, -3.1634 1.3438 -3.7329, -3.1634 1.344 -3.7333, -3.1634 1.3441 -3.7338, -3.1634 1.3434 -5.2042, -3.1634 1.3436 -5.2039, -3.1634 1.3405 -5.2036, -3.1634 1.3402 -5.2027, -3.1634 1.3438 -5.2036, -3.1634 1.3402 -5.2025, -3.1634 1.344 -5.2031, -3.1634 1.3441 -5.203, -3.1634 1.3438 -3.7329, -3.1634 1.3435 -3.7326, -3.1634 1.3403 -5.2031, -3.1634 1.3438 -5.2036, -3.1634 1.3441 -3.734, -3.1634 1.3403 -3.7333, -3.1634 1.3403 -3.7335, -3.1634 1.3412 -3.7321, -3.1634 1.3412 -3.7322, -3.1634 1.3416 -3.732, -3.1634 1.342 -3.732, -3.1634 1.3422 -3.732, -3.1634 1.3409 -3.7323, -3.1634 1.3407 -3.7325, -3.1634 1.3427 -3.7321, -3.1634 1.3405 -3.7329, -3.1634 1.3412 -5.2042, -3.1634 1.3416 -5.2044, -3.1634 1.3422 -5.2044, -3.1634 1.3423 -5.2045, -3.1634 1.3428 -5.2045, -3.1634 1.3402 -3.7338, -3.1634 1.3402 -3.734, -3.1634 1.3441 -5.2025, -3.1634 1.3441 -5.2027, -3.1634 1.3406 -5.2036, -3.1634 1.3408 -5.2039, -3.1634 1.3412 -5.2042, -3.1634 1.3431 -5.2044, -3.1634 1.3432 -5.2043, -3.061 4.4869 1.329, -3.061 5.3382 2.1794, -3.061 0.049 1.329, -3.061 -1.0004 2.1794, -3.0571 -1.02 2.1833, -3.0577 -1.0199 2.1833, -3.0584 -1.0198 2.1833, -3.0587 -1.0197 2.1833, -3.0593 -1.0194 2.1833, -3.0595 -1.0193 2.1833, -3.0599 -1.019 2.1833, -3.0602 -1.0186 2.1833, -3.0609 -1.0168 2.1833, -3.0608 -1.0176 2.1833, -3.0607 -1.0177 2.1833, -3.0604 -1.0184 2.1833, -3.061 -1.0168 -3.2261, -3.0577 -1.02 -3.2261, -3.0571 -1.02 -3.2261, -3.0607 -1.0177 -3.2261, -3.0602 -1.0185 -3.2261, -3.0595 -1.0192 -3.2261, -3.0587 -1.0197 -3.2261, 3.061 -1.0168 -3.2261, 3.0607 -1.0177 -3.2261, 3.0602 -1.0185 -3.2261, 3.0595 -1.0192 -3.2261, 3.0587 -1.0197 -3.2261, 3.0577 -1.02 -3.2261, 3.0571 -1.02 -3.2261, 3.061 -1.0168 2.1833, 3.0607 -1.0177 2.1833, 3.0602 -1.0185 2.1833, 3.0595 -1.0192 2.1833, 3.0587 -1.0197 2.1833, 3.0577 -1.02 2.1833, 3.0571 -1.02 2.1833, 3.061 5.3382 2.1794, 3.061 4.4869 1.329, 3.061 0.049 1.329, 3.061 -1.0004 2.1794, 1.9223 2.4729 0.8074, 2.5591 2.4729 2.2857, 2.5591 2.4729 2.1873, 2.5199 2.4729 2.2818, 2.5395 2.4729 2.1853, 2.4718 2.4729 2.2653, 2.5154 2.4729 2.1771, 2.4296 2.4729 2.2371, 2.4943 2.4729 2.163, 2.3959 2.4729 2.199, 2.4775 2.4729 2.1439, 2.4682 2.4729 2.1266, 1.927 2.4729 0.8242, 1.9201 2.4729 0.7995, 1.9198 2.4729 0.7864, 1.9195 2.4729 0.7779, 1.9223 2.4729 0.7654, 1.9245 2.4729 0.7552, 1.9223 1.6855 0.7654, 1.9201 1.6855 0.7734, 1.9198 1.6855 0.7864, 1.9195 1.6855 0.7949, 1.9223 1.6855 0.8075, 2.5591 1.6855 2.1873, 2.5591 1.6855 2.2857, 2.5395 1.6855 2.1853, 2.5199 1.6855 2.2818, 2.5154 1.6855 2.1771, 2.4718 1.6855 2.2653, 2.4943 1.6855 2.163, 2.4296 1.6855 2.2371, 2.4775 1.6855 2.1439, 2.3959 1.6855 2.199, 2.4682 1.6855 2.1266, 1.927 1.6855 0.8242, 1.9245 1.6855 0.8176, -1.9223 2.4729 0.7654, -1.9201 2.4729 0.7734, -1.9198 2.4729 0.7864, -1.9195 2.4729 0.7949, -1.9223 2.4729 0.8075, -2.5591 2.4729 2.1873, -2.5591 2.4729 2.2857, -2.5395 2.4729 2.1853, -2.5199 2.4729 2.2818, -2.5154 2.4729 2.1771, -2.4718 2.4729 2.2653, -2.4943 2.4729 2.163, -2.4296 2.4729 2.2371, -2.4775 2.4729 2.1439, -2.3959 2.4729 2.199, -2.4682 2.4729 2.1266, -1.927 2.4729 0.8242, -1.9245 2.4729 0.8176, -1.927 1.6855 0.8242, -1.9218 1.6855 0.8076, -1.9195 1.6855 0.7864, -1.9218 1.6855 0.7653, -2.4682 1.6855 2.1266, -2.4775 1.6855 2.1439, -2.3959 1.6855 2.199, -2.4943 1.6855 2.163, -2.4296 1.6855 2.2371, -2.5154 1.6855 2.1771, -2.4718 1.6855 2.2653, -2.5395 1.6855 2.1853, -2.5199 1.6855 2.2818, -2.5591 1.6855 2.1873, -2.5591 1.6855 2.2857, -3.158 -1.0004 2.2005, -3.158 5.3382 2.2005, -3.1508 -1.0004 2.2246, -3.1508 5.3382 2.2246, -3.1378 -1.0004 2.2463, -3.1378 5.3382 2.2463, -3.12 -1.0004 2.2641, -3.12 5.3382 2.2641, -3.0984 -1.0004 2.277, -3.0984 5.3382 2.277, -3.0742 -1.0004 2.2843, -3.0742 5.3382 2.2843, -3.0571 -1.0004 2.2857, -3.0571 5.3382 2.2857, 3.0571 -1.0161 2.2857, -3.0571 -1.0161 2.2857, -3.0571 -1.0333 2.2843, 3.0571 -1.0333 2.2843, -3.0571 -1.0574 2.277, 3.0571 -1.0574 2.277, -3.0571 -1.079 2.2641, 3.0571 -1.079 2.2641, -3.0571 -1.0968 2.2463, 3.0571 -1.0968 2.2463, -3.0571 -1.1098 2.2246, 3.0571 -1.1098 2.2246, -3.0571 -1.117 2.2005, 3.0571 -1.117 2.2005, 3.158 5.3382 2.2005, 3.158 -1.0004 2.2005, 3.1508 5.3382 2.2246, 3.1508 -1.0004 2.2246, 3.1378 5.3382 2.2463, 3.1378 -1.0004 2.2463, 3.12 5.3382 2.2641, 3.12 -1.0004 2.2641, 3.0984 5.3382 2.277, 3.0984 -1.0004 2.277, 3.0742 5.3382 2.2843, 3.0742 -1.0004 2.2843, 3.0571 5.3382 2.2857, 3.0571 -1.0004 2.2857, -3.2618 1.3336 -5.2033, -3.2618 1.3336 -5.2025, -3.2618 1.3507 -5.2033, -3.2618 1.3507 -5.2025, -3.2618 1.3507 -3.734, -3.2618 1.3336 -3.734, -3.2618 1.3336 -3.7332, -3.2618 1.3462 -5.21, -3.2618 1.3443 -5.2108, -3.2618 1.3422 -5.211, -3.2618 1.3502 -5.2053, -3.2618 1.3364 -3.7277, -3.2618 1.3381 -3.7265, -3.2618 1.3462 -3.7265, -3.2618 1.3479 -3.7277, -3.2618 1.3493 -3.7293, -3.2618 1.3493 -5.2072, -3.2618 1.3479 -5.2088, -3.2618 1.3401 -5.2108, -3.2618 1.3381 -5.21, -3.2618 1.3364 -5.2088, -3.2618 1.3502 -3.7312, -3.2618 1.3507 -3.7332, -3.2618 1.335 -5.2072, -3.2618 1.3341 -5.2053, -3.2618 1.335 -3.7293, -3.2618 1.3401 -3.7257, -3.2618 1.3422 -3.7254, -3.2618 1.3443 -3.7257, -3.2618 1.3341 -3.7312, -3.1492 0.2149 -4.0135, -3.1492 0.2149 1.3211, -3.0571 2.5823 -4.0135, -3.0571 2.9524 -4.0135, 3.2618 1.3341 -5.2053, 3.2618 1.335 -5.2072, 3.2618 1.3507 -5.2033, 3.2618 1.3381 -3.7265, 3.2618 1.3364 -3.7277, 3.2618 1.3507 -3.7332, 3.2618 1.3336 -3.7332, 3.2618 1.3507 -3.734, 3.2618 1.3336 -3.734, 3.2618 1.3507 -5.2025, 3.2618 1.3336 -5.2025, 3.2618 1.3336 -5.2033, 3.2618 1.3364 -5.2088, 3.2618 1.3381 -5.21, 3.2618 1.3401 -5.2108, 3.2618 1.3493 -5.2072, 3.2618 1.3443 -5.2108, 3.2618 1.3479 -5.2088, 3.2618 1.3462 -5.21, 3.2618 1.3422 -5.211, 3.2618 1.3502 -5.2053, 3.2618 1.3462 -3.7265, 3.2618 1.3502 -3.7312, 3.2618 1.3479 -3.7277, 3.2618 1.3493 -3.7293, 3.2618 1.3443 -3.7257, 3.2618 1.3422 -3.7254, 3.2618 1.3401 -3.7257, 3.2618 1.335 -3.7293, 3.2618 1.3341 -3.7312, 3.1492 0.2149 -4.0135, 3.1492 0.2149 1.3211, 3.0571 2.5823 -4.0135, 3.0571 2.9524 -4.0135, 3.0606 0.2578 -4.0135, 3.0606 0.2578 1.3211, 3.0984 2.5823 -4.0048, 3.0577 2.5823 -3.915, 3.0742 2.5823 -4.0121, 3.0571 2.5823 -3.9151, 3.061 2.5823 -3.9112, 3.0609 2.5823 -3.9118, 3.1594 2.5823 -3.9112, 3.158 2.5823 -3.9283, 3.0608 2.5823 -3.9125, 3.0607 2.5823 -3.9127, 3.1508 2.5823 -3.9524, 3.0604 2.5823 -3.9134, 3.0602 2.5823 -3.9136, 3.1378 2.5823 -3.9741, 3.0599 2.5823 -3.914, 3.0595 2.5823 -3.9143, 3.12 2.5823 -3.9919, 3.0594 2.5823 -3.9144, 3.0587 2.5823 -3.9148, 3.0586 2.5823 -3.9148, 3.0571 2.9524 -3.9151, 3.0587 2.9524 -3.9148, 3.0984 2.9524 -4.0048, 3.0742 2.9524 -4.0121, 3.0593 2.9524 -3.9145, 3.0595 2.9524 -3.9143, 3.12 2.9524 -3.9919, 3.0577 2.9524 -3.915, 3.0584 2.9524 -3.9149, 3.0599 2.9524 -3.914, 3.0602 2.9524 -3.9136, 3.1378 2.9524 -3.9741, 3.061 2.9524 -3.9112, 3.1594 2.9524 -3.9112, 3.0609 2.9524 -3.9118, 3.158 2.9524 -3.9283, 3.0608 2.9524 -3.9126, 3.1508 2.9524 -3.9524, 3.0607 2.9524 -3.9127, 3.0604 2.9524 -3.9135, 3.1619 1.356 -3.734, 3.1619 1.3559 -3.7327, 3.1619 1.3552 -3.7294, 3.1619 1.3537 -3.7264, 3.1619 1.3515 -3.7238, 3.1619 1.3487 -3.7218, 3.1619 1.3455 -3.7206, 3.1619 1.3422 -3.7202, 3.1619 1.3388 -3.7206, 3.1619 1.3356 -3.7218, 3.1619 1.3328 -3.7238, 3.1619 1.3306 -3.7264, 3.1619 1.3283 -3.734, 3.1619 1.3284 -3.7327, 3.1619 1.3291 -3.7294, 3.1574 1.3172 -3.734, 3.1574 1.3173 -3.7318, 3.1574 1.3186 -3.7258, 3.1574 1.3214 -3.7203, 3.1574 1.3253 -3.7156, 3.1574 1.3303 -3.712, 3.1574 1.3361 -3.7098, 3.1574 1.3422 -3.7091, 3.1574 1.3483 -3.7098, 3.1574 1.354 -3.712, 3.1574 1.359 -3.7156, 3.1574 1.363 -3.7203, 3.1574 1.3657 -3.7258, 3.1574 1.367 -3.7318, 3.1574 1.3671 -3.734, 3.1503 1.3076 -3.734, 3.1503 1.3077 -3.7309, 3.1503 1.3095 -3.7226, 3.1503 1.3133 -3.7149, 3.1503 1.3188 -3.7085, 3.1503 1.3258 -3.7036, 3.1503 1.3337 -3.7005, 3.1503 1.3422 -3.6994, 3.1503 1.3506 -3.7005, 3.1503 1.3585 -3.7036, 3.1503 1.3655 -3.7085, 3.1503 1.371 -3.7149, 3.1503 1.3748 -3.7226, 3.1503 1.3766 -3.7309, 3.1503 1.3767 -3.734, 3.1411 1.3001 -3.734, 3.1411 1.3002 -3.7302, 3.1411 1.3024 -3.7201, 3.1411 1.307 -3.7108, 3.1411 1.3138 -3.7029, 3.1411 1.3222 -3.6969, 3.1411 1.3319 -3.6932, 3.1411 1.3422 -3.6919, 3.1411 1.3525 -3.6932, 3.1411 1.3621 -3.6969, 3.1411 1.3706 -3.7029, 3.1411 1.3773 -3.7108, 3.1411 1.3819 -3.7201, 3.1411 1.3841 -3.7302, 3.1411 1.3843 -3.734, 3.1302 1.2951 -3.734, 3.1302 1.2953 -3.7298, 3.1302 1.2977 -3.7184, 3.1302 1.3029 -3.7081, 3.1302 1.3104 -3.6992, 3.1302 1.3199 -3.6925, 3.1302 1.3307 -3.6883, 3.1302 1.3422 -3.6869, 3.1302 1.3537 -3.6883, 3.1302 1.3645 -3.6925, 3.1302 1.3739 -3.6992, 3.1302 1.3815 -3.7081, 3.1302 1.3866 -3.7184, 3.1302 1.3891 -3.7298, 3.1302 1.3892 -3.734, 3.1302 1.3892 -5.2025, 3.1411 1.3843 -5.2025, 3.1503 1.3767 -5.2025, 3.1574 1.3671 -5.2025, 3.1619 1.356 -5.2025, 3.1619 1.3283 -5.2025, 3.1619 1.3284 -5.2037, 3.1619 1.3291 -5.2071, 3.1619 1.3306 -5.2101, 3.1619 1.3328 -5.2127, 3.1619 1.3356 -5.2147, 3.1619 1.3388 -5.2159, 3.1619 1.3422 -5.2163, 3.1619 1.3455 -5.2159, 3.1619 1.3487 -5.2147, 3.1619 1.3515 -5.2127, 3.1619 1.3537 -5.2101, 3.1619 1.3559 -5.2037, 3.1619 1.3552 -5.2071, 3.1574 1.367 -5.2047, 3.1574 1.3657 -5.2107, 3.1574 1.363 -5.2162, 3.1574 1.359 -5.2209, 3.1574 1.354 -5.2244, 3.1574 1.3483 -5.2267, 3.1574 1.3422 -5.2274, 3.1574 1.3361 -5.2267, 3.1574 1.3303 -5.2244, 3.1574 1.3253 -5.2209, 3.1574 1.3214 -5.2162, 3.1574 1.3186 -5.2107, 3.1574 1.3173 -5.2047, 3.1574 1.3172 -5.2025, 3.1503 1.3766 -5.2056, 3.1503 1.3748 -5.2139, 3.1503 1.371 -5.2215, 3.1503 1.3655 -5.228, 3.1503 1.3585 -5.2329, 3.1503 1.3506 -5.236, 3.1503 1.3422 -5.2371, 3.1503 1.3337 -5.236, 3.1503 1.3258 -5.2329, 3.1503 1.3188 -5.228, 3.1503 1.3133 -5.2215, 3.1503 1.3095 -5.2139, 3.1503 1.3077 -5.2056, 3.1503 1.3076 -5.2025, 3.1411 1.3841 -5.2063, 3.1411 1.3819 -5.2164, 3.1411 1.3773 -5.2257, 3.1411 1.3706 -5.2336, 3.1411 1.3621 -5.2396, 3.1411 1.3525 -5.2433, 3.1411 1.3422 -5.2446, 3.1411 1.3319 -5.2433, 3.1411 1.3222 -5.2396, 3.1411 1.3138 -5.2336, 3.1411 1.307 -5.2257, 3.1411 1.3024 -5.2164, 3.1411 1.3002 -5.2063, 3.1411 1.3001 -5.2025, 3.1302 1.3891 -5.2067, 3.1302 1.3866 -5.218, 3.1302 1.3815 -5.2284, 3.1302 1.3739 -5.2372, 3.1302 1.3645 -5.2439, 3.1302 1.3537 -5.2481, 3.1302 1.3422 -5.2496, 3.1302 1.3307 -5.2481, 3.1302 1.3199 -5.2439, 3.1302 1.3104 -5.2372, 3.1302 1.3029 -5.2284, 3.1302 1.2977 -5.218, 3.1302 1.2953 -5.2067, 3.1302 1.2951 -5.2025, -3.0606 0.2578 -4.0135, -3.0606 0.2578 1.3211, -3.0984 2.9524 -4.0048, -3.0577 2.9524 -3.915, -3.0742 2.9524 -4.0121, -3.0571 2.9524 -3.9151, -3.061 2.9524 -3.9112, -3.0609 2.9524 -3.9118, -3.1594 2.9524 -3.9112, -3.158 2.9524 -3.9283, -3.0608 2.9524 -3.9125, -3.0607 2.9524 -3.9127, -3.1508 2.9524 -3.9524, -3.0604 2.9524 -3.9134, -3.0602 2.9524 -3.9136, -3.1378 2.9524 -3.9741, -3.0599 2.9524 -3.914, -3.0595 2.9524 -3.9143, -3.12 2.9524 -3.9919, -3.0594 2.9524 -3.9144, -3.0587 2.9524 -3.9148, -3.0586 2.9524 -3.9148, -3.0571 2.5823 -3.9151, -3.0587 2.5823 -3.9148, -3.0984 2.5823 -4.0048, -3.0742 2.5823 -4.0121, -3.0593 2.5823 -3.9145, -3.0595 2.5823 -3.9143, -3.12 2.5823 -3.9919, -3.0577 2.5823 -3.915, -3.0584 2.5823 -3.9149, -3.0599 2.5823 -3.914, -3.0602 2.5823 -3.9136, -3.1378 2.5823 -3.9741, -3.061 2.5823 -3.9112, -3.1594 2.5823 -3.9112, -3.0609 2.5823 -3.9118, -3.158 2.5823 -3.9283, -3.0608 2.5823 -3.9126, -3.1508 2.5823 -3.9524, -3.0607 2.5823 -3.9127, -3.0604 2.5823 -3.9135, -3.1302 1.3892 -5.2025, -3.1302 1.3892 -3.734, -3.1411 1.3843 -5.2025, -3.1411 1.3843 -3.734, -3.1503 1.3767 -5.2025, -3.1503 1.3767 -3.734, -3.1574 1.3671 -5.2025, -3.1574 1.3671 -3.734, -3.1619 1.356 -5.2025, -3.1619 1.356 -3.734, -3.1619 1.3283 -3.734, -3.1619 1.3284 -3.7327, -3.1619 1.3291 -3.7294, -3.1619 1.3306 -3.7264, -3.1619 1.3328 -3.7238, -3.1619 1.3356 -3.7218, -3.1619 1.3388 -3.7206, -3.1619 1.3422 -3.7202, -3.1619 1.3455 -3.7206, -3.1619 1.3487 -3.7218, -3.1619 1.3515 -3.7238, -3.1619 1.3537 -3.7264, -3.1619 1.3559 -3.7327, -3.1619 1.3552 -3.7294, -3.1574 1.367 -3.7318, -3.1574 1.3657 -3.7258, -3.1574 1.363 -3.7203, -3.1574 1.359 -3.7156, -3.1574 1.354 -3.712, -3.1574 1.3483 -3.7098, -3.1574 1.3422 -3.7091, -3.1574 1.3361 -3.7098, -3.1574 1.3303 -3.712, -3.1574 1.3253 -3.7156, -3.1574 1.3214 -3.7203, -3.1574 1.3186 -3.7258, -3.1574 1.3173 -3.7318, -3.1574 1.3172 -3.734, -3.1503 1.3766 -3.7309, -3.1503 1.3748 -3.7226, -3.1503 1.371 -3.7149, -3.1503 1.3655 -3.7085, -3.1503 1.3585 -3.7036, -3.1503 1.3506 -3.7005, -3.1503 1.3422 -3.6994, -3.1503 1.3337 -3.7005, -3.1503 1.3258 -3.7036, -3.1503 1.3188 -3.7085, -3.1503 1.3133 -3.7149, -3.1503 1.3095 -3.7226, -3.1503 1.3077 -3.7309, -3.1503 1.3076 -3.734, -3.1411 1.3841 -3.7302, -3.1411 1.3819 -3.7201, -3.1411 1.3773 -3.7108, -3.1411 1.3706 -3.7029, -3.1411 1.3621 -3.6969, -3.1411 1.3525 -3.6932, -3.1411 1.3422 -3.6919, -3.1411 1.3319 -3.6932, -3.1411 1.3222 -3.6969, -3.1411 1.3138 -3.7029, -3.1411 1.307 -3.7108, -3.1411 1.3024 -3.7201, -3.1411 1.3002 -3.7302, -3.1411 1.3001 -3.734, -3.1302 1.3891 -3.7298, -3.1302 1.3866 -3.7184, -3.1302 1.3815 -3.7081, -3.1302 1.3739 -3.6992, -3.1302 1.3645 -3.6925, -3.1302 1.3537 -3.6883, -3.1302 1.3422 -3.6869, -3.1302 1.3307 -3.6883, -3.1302 1.3199 -3.6925, -3.1302 1.3104 -3.6992, -3.1302 1.3029 -3.7081, -3.1302 1.2977 -3.7184, -3.1302 1.2953 -3.7298, -3.1302 1.2951 -3.734, -3.1302 1.2951 -5.2025, -3.1411 1.3001 -5.2025, -3.1503 1.3076 -5.2025, -3.1574 1.3172 -5.2025, -3.1619 1.3283 -5.2025, -3.1619 1.3559 -5.2037, -3.1619 1.3552 -5.2071, -3.1619 1.3537 -5.2101, -3.1619 1.3515 -5.2127, -3.1619 1.3487 -5.2147, -3.1619 1.3455 -5.2159, -3.1619 1.3422 -5.2163, -3.1619 1.3388 -5.2159, -3.1619 1.3356 -5.2147, -3.1619 1.3328 -5.2127, -3.1619 1.3306 -5.2101, -3.1619 1.3284 -5.2037, -3.1619 1.3291 -5.2071, -3.1574 1.3173 -5.2047, -3.1574 1.3186 -5.2107, -3.1574 1.3214 -5.2162, -3.1574 1.3253 -5.2209, -3.1574 1.3303 -5.2244, -3.1574 1.3361 -5.2267, -3.1574 1.3422 -5.2274, -3.1574 1.3483 -5.2267, -3.1574 1.354 -5.2244, -3.1574 1.359 -5.2209, -3.1574 1.363 -5.2162, -3.1574 1.3657 -5.2107, -3.1574 1.367 -5.2047, -3.1503 1.3077 -5.2056, -3.1503 1.3095 -5.2139, -3.1503 1.3133 -5.2215, -3.1503 1.3188 -5.228, -3.1503 1.3258 -5.2329, -3.1503 1.3337 -5.236, -3.1503 1.3422 -5.2371, -3.1503 1.3506 -5.236, -3.1503 1.3585 -5.2329, -3.1503 1.3655 -5.228, -3.1503 1.371 -5.2215, -3.1503 1.3748 -5.2139, -3.1503 1.3766 -5.2056, -3.1411 1.3002 -5.2063, -3.1411 1.3024 -5.2164, -3.1411 1.307 -5.2257, -3.1411 1.3138 -5.2336, -3.1411 1.3222 -5.2396, -3.1411 1.3319 -5.2433, -3.1411 1.3422 -5.2446, -3.1411 1.3525 -5.2433, -3.1411 1.3621 -5.2396, -3.1411 1.3706 -5.2336, -3.1411 1.3773 -5.2257, -3.1411 1.3819 -5.2164, -3.1411 1.3841 -5.2063, -3.1302 1.2953 -5.2067, -3.1302 1.2977 -5.218, -3.1302 1.3029 -5.2284, -3.1302 1.3104 -5.2372, -3.1302 1.3199 -5.2439, -3.1302 1.3307 -5.2481, -3.1302 1.3422 -5.2496, -3.1302 1.3537 -5.2481, -3.1302 1.3645 -5.2439, -3.1302 1.3739 -5.2372, -3.1302 1.3815 -5.2284, -3.1302 1.3866 -5.218, -3.1302 1.3891 -5.2067, -3.061 5.3382 2.1833, -3.061 -1.0004 2.1833, -3.0571 -1.0004 2.1873, -3.058 -1.0004 2.1872, -3.0588 -1.0004 2.1869, -3.0595 -1.0004 2.1864, -3.0602 -1.0004 2.1858, -3.0606 -1.0004 2.185, -3.0609 -1.0004 2.1842, 3.061 -1.0004 2.1833, 3.061 5.3382 2.1833, 3.0571 -1.0004 2.1873, 3.0581 -1.0004 2.1871, 3.0591 -1.0004 2.1867, 3.0599 -1.0004 2.1861, 3.0605 -1.0004 2.1853, 3.0609 -1.0004 2.1844, -2.3622 4.9524 2.2857, -1.0236 4.9524 2.2857, -1.0236 5.354 2.2857, 1.0236 5.354 2.2857, 1.0236 4.9524 2.2857, 3.0571 5.354 2.2857, 2.3622 4.9524 2.2857, 2.3622 4.0075 2.2857, -3.0571 5.354 2.2857, -2.3622 4.0075 2.2857, 2.5591 4.0075 2.2857, 2.5591 0.5233 2.2857, -2.5591 0.5233 2.2857, -2.5591 4.0075 2.2857, 3.0571 5.3382 2.1873, 3.0581 5.3382 2.1871, 3.0591 5.3382 2.1867, 3.0599 5.3382 2.1861, 3.0609 5.3382 2.1844, 3.0605 5.3382 2.1853, -3.2571 1.3873 -3.734, -3.2571 1.3873 -5.2025, -3.2434 1.4215 -3.734, -3.2434 1.4215 -5.2025, -3.2216 1.4512 -3.734, -3.2216 1.4512 -5.2025, -3.193 1.4745 -3.734, -3.193 1.4745 -5.2025, -3.1594 1.4898 -3.734, -3.1594 1.4898 -5.2025, -3.193 1.2099 -3.734, -3.1594 1.1945 -3.734, -3.1594 1.1951 -3.7208, -3.2216 1.2331 -3.734, -3.193 1.2104 -3.7221, -3.2434 1.2628 -3.734, -3.2216 1.2335 -3.7242, -3.2571 1.297 -3.734, -3.2434 1.2631 -3.7269, -3.2571 1.2972 -3.7299, -3.2571 1.2996 -3.7191, -3.2571 1.3045 -3.7091, -3.2571 1.3117 -3.7007, -3.2571 1.3208 -3.6942, -3.2571 1.3311 -3.6902, -3.2571 1.3422 -3.6889, -3.2571 1.3532 -3.6902, -3.2571 1.3635 -3.6942, -3.2571 1.3726 -3.7007, -3.2571 1.3798 -3.7091, -3.2571 1.3848 -3.7191, -3.2571 1.3871 -3.7299, -3.2434 1.2673 -3.7078, -3.2434 1.2759 -3.6903, -3.2434 1.2886 -3.6754, -3.2434 1.3046 -3.6641, -3.2434 1.3228 -3.657, -3.2434 1.3422 -3.6546, -3.2434 1.3616 -3.657, -3.2434 1.3798 -3.6641, -3.2434 1.3957 -3.6754, -3.2434 1.4084 -3.6903, -3.2434 1.4171 -3.7078, -3.2434 1.4212 -3.7269, -3.2216 1.2392 -3.698, -3.2216 1.2512 -3.6739, -3.2216 1.2686 -3.6535, -3.2216 1.2905 -3.638, -3.2216 1.3155 -3.6282, -3.2216 1.3422 -3.6249, -3.2216 1.3688 -3.6282, -3.2216 1.3938 -3.638, -3.2216 1.4157 -3.6535, -3.2216 1.4332 -3.6739, -3.2216 1.4451 -3.698, -3.2216 1.4508 -3.7242, -3.193 1.2173 -3.6903, -3.193 1.2317 -3.6611, -3.193 1.2529 -3.6363, -3.193 1.2795 -3.6175, -3.193 1.3098 -3.6057, -3.193 1.3422 -3.6017, -3.193 1.3745 -3.6057, -3.193 1.4049 -3.6175, -3.193 1.4314 -3.6363, -3.193 1.4526 -3.6611, -3.193 1.467 -3.6903, -3.193 1.4739 -3.7221, -3.1594 1.2028 -3.6852, -3.1594 1.2189 -3.6527, -3.1594 1.2426 -3.625, -3.1594 1.2722 -3.604, -3.1594 1.3061 -3.5908, -3.1594 1.3422 -3.5864, -3.1594 1.3782 -3.5908, -3.1594 1.4121 -3.604, -3.1594 1.4418 -3.625, -3.1594 1.4654 -3.6527, -3.1594 1.4815 -3.6852, -3.1594 1.4892 -3.7208, -3.2571 1.297 -5.2025, -3.2434 1.2628 -5.2025, -3.2216 1.2331 -5.2025, -3.193 1.2099 -5.2025, -3.1594 1.1945 -5.2025, -3.1594 1.4892 -5.2157, -3.193 1.4739 -5.2144, -3.2216 1.4508 -5.2123, -3.2434 1.4212 -5.2096, -3.2571 1.3871 -5.2065, -3.2571 1.3848 -5.2174, -3.2571 1.3798 -5.2274, -3.2571 1.3726 -5.2358, -3.2571 1.3635 -5.2422, -3.2571 1.3532 -5.2463, -3.2571 1.3422 -5.2476, -3.2571 1.3311 -5.2463, -3.2571 1.3208 -5.2422, -3.2571 1.3117 -5.2358, -3.2571 1.3045 -5.2274, -3.2571 1.2996 -5.2174, -3.2571 1.2972 -5.2065, -3.2434 1.4171 -5.2287, -3.2434 1.4084 -5.2462, -3.2434 1.3957 -5.2611, -3.2434 1.3798 -5.2724, -3.2434 1.3616 -5.2794, -3.2434 1.3422 -5.2819, -3.2434 1.3228 -5.2794, -3.2434 1.3046 -5.2724, -3.2434 1.2886 -5.2611, -3.2434 1.2759 -5.2462, -3.2434 1.2673 -5.2287, -3.2434 1.2631 -5.2096, -3.2216 1.4451 -5.2385, -3.2216 1.4332 -5.2626, -3.2216 1.4157 -5.283, -3.2216 1.3938 -5.2985, -3.2216 1.3688 -5.3082, -3.2216 1.3422 -5.3115, -3.2216 1.3155 -5.3082, -3.2216 1.2905 -5.2985, -3.2216 1.2686 -5.283, -3.2216 1.2512 -5.2626, -3.2216 1.2392 -5.2385, -3.2216 1.2335 -5.2123, -3.193 1.467 -5.2462, -3.193 1.4526 -5.2754, -3.193 1.4314 -5.3002, -3.193 1.4049 -5.319, -3.193 1.3745 -5.3308, -3.193 1.3422 -5.3348, -3.193 1.3098 -5.3308, -3.193 1.2795 -5.319, -3.193 1.2529 -5.3002, -3.193 1.2317 -5.2754, -3.193 1.2173 -5.2462, -3.193 1.2104 -5.2144, -3.1594 1.4815 -5.2513, -3.1594 1.4654 -5.2838, -3.1594 1.4418 -5.3115, -3.1594 1.4121 -5.3325, -3.1594 1.3782 -5.3457, -3.1594 1.3422 -5.3501, -3.1594 1.3061 -5.3457, -3.1594 1.2722 -5.3325, -3.1594 1.2426 -5.3115, -3.1594 1.2189 -5.2838, -3.1594 1.2028 -5.2513, -3.1594 1.1951 -5.2157, -3.1594 0.2595 1.3211, -3.1594 0.2595 -4.0135, -3.1574 0.2388 -4.0135, -3.1566 0.2366 1.3211, -3.1566 0.2367 -4.0135, -3.1564 0.2344 1.3211, -3.0571 5.4563 2.1833, -3.0571 5.4563 -4.0135, -3.0742 5.4549 -4.0135, -3.0742 5.4549 2.1833, -3.0984 5.4476 -4.0135, -3.0984 5.4476 2.1833, -3.12 5.4347 -4.0135, -3.12 5.4347 2.1833, -3.1378 5.4169 -4.0135, -3.1378 5.4169 2.1833, -3.1508 5.3953 -4.0135, -3.1508 5.3953 2.1833, -3.158 5.3711 -4.0135, -3.158 5.3711 2.1833, -3.1594 5.354 -4.0135, -3.1594 5.354 2.1833, -1.0236 5.4563 2.1833, -3.0571 5.4549 2.2005, -1.0236 5.4549 2.2005, -3.0571 5.4476 2.2246, -1.0236 5.4476 2.2246, -3.0571 5.4347 2.2463, -1.0236 5.4347 2.2463, -3.0571 5.4169 2.2641, -1.0236 5.4169 2.2641, -3.0571 5.3953 2.277, -1.0236 5.3953 2.277, -3.0571 5.3711 2.2843, -1.0236 5.3711 2.2843, 3.0571 5.3805 2.2822, 1.0236 5.3805 2.2822, 3.0571 5.4052 2.272, 1.0236 5.4052 2.272, 3.0571 5.4264 2.2557, 1.0236 5.4264 2.2557, 3.0571 5.4426 2.2345, 1.0236 5.4426 2.2345, 3.0571 5.4528 2.2098, 1.0236 5.4528 2.2098, 3.0571 5.4563 2.1833, 1.0236 5.4563 2.1833, 3.193 1.4745 -3.734, 3.1594 1.4898 -3.734, 3.1594 1.4892 -3.7208, 3.2216 1.4512 -3.734, 3.193 1.4739 -3.7221, 3.2434 1.4215 -3.734, 3.2216 1.4508 -3.7242, 3.2571 1.3873 -3.734, 3.2434 1.4212 -3.7269, 3.2571 1.3871 -3.7299, 3.2571 1.3848 -3.7191, 3.2571 1.3798 -3.7091, 3.2571 1.3726 -3.7007, 3.2571 1.3635 -3.6942, 3.2571 1.3532 -3.6902, 3.2571 1.3422 -3.6889, 3.2571 1.3311 -3.6902, 3.2571 1.3208 -3.6942, 3.2571 1.3117 -3.7007, 3.2571 1.3045 -3.7091, 3.2571 1.2996 -3.7191, 3.2571 1.2972 -3.7299, 3.2571 1.297 -3.734, 3.2434 1.4171 -3.7078, 3.2434 1.4084 -3.6903, 3.2434 1.3957 -3.6754, 3.2434 1.3798 -3.6641, 3.2434 1.3616 -3.657, 3.2434 1.3422 -3.6546, 3.2434 1.3228 -3.657, 3.2434 1.3046 -3.6641, 3.2434 1.2886 -3.6754, 3.2434 1.2759 -3.6903, 3.2434 1.2673 -3.7078, 3.2434 1.2631 -3.7269, 3.2434 1.2628 -3.734, 3.2216 1.4451 -3.698, 3.2216 1.4332 -3.6739, 3.2216 1.4157 -3.6535, 3.2216 1.3938 -3.638, 3.2216 1.3688 -3.6282, 3.2216 1.3422 -3.6249, 3.2216 1.3155 -3.6282, 3.2216 1.2905 -3.638, 3.2216 1.2686 -3.6535, 3.2216 1.2512 -3.6739, 3.2216 1.2392 -3.698, 3.2216 1.2335 -3.7242, 3.2216 1.2331 -3.734, 3.193 1.467 -3.6903, 3.193 1.4526 -3.6611, 3.193 1.4314 -3.6363, 3.193 1.4049 -3.6175, 3.193 1.3745 -3.6057, 3.193 1.3422 -3.6017, 3.193 1.3098 -3.6057, 3.193 1.2795 -3.6175, 3.193 1.2529 -3.6363, 3.193 1.2317 -3.6611, 3.193 1.2173 -3.6903, 3.193 1.2104 -3.7221, 3.193 1.2099 -3.734, 3.1594 1.4815 -3.6852, 3.1594 1.4654 -3.6527, 3.1594 1.4418 -3.625, 3.1594 1.4121 -3.604, 3.1594 1.3782 -3.5908, 3.1594 1.3422 -3.5864, 3.1594 1.3061 -3.5908, 3.1594 1.2722 -3.604, 3.1594 1.2426 -3.625, 3.1594 1.2189 -3.6527, 3.1594 1.2028 -3.6852, 3.1594 1.1951 -3.7208, 3.1594 1.1945 -3.734, 3.2571 1.3873 -5.2025, 3.2434 1.4215 -5.2025, 3.2216 1.4512 -5.2025, 3.193 1.4745 -5.2025, 3.1594 1.4898 -5.2025, 3.193 1.2099 -5.2025, 3.1594 1.1945 -5.2025, 3.1594 1.1951 -5.2157, 3.2216 1.2331 -5.2025, 3.193 1.2104 -5.2144, 3.2434 1.2628 -5.2025, 3.2216 1.2335 -5.2123, 3.2571 1.297 -5.2025, 3.2434 1.2631 -5.2096, 3.2571 1.2972 -5.2065, 3.2571 1.2996 -5.2174, 3.2571 1.3045 -5.2274, 3.2571 1.3117 -5.2358, 3.2571 1.3208 -5.2422, 3.2571 1.3311 -5.2463, 3.2571 1.3422 -5.2476, 3.2571 1.3532 -5.2463, 3.2571 1.3635 -5.2422, 3.2571 1.3726 -5.2358, 3.2571 1.3798 -5.2274, 3.2571 1.3848 -5.2174, 3.2571 1.3871 -5.2065, 3.2434 1.2673 -5.2287, 3.2434 1.2759 -5.2462, 3.2434 1.2886 -5.2611, 3.2434 1.3046 -5.2724, 3.2434 1.3228 -5.2794, 3.2434 1.3422 -5.2819, 3.2434 1.3616 -5.2794, 3.2434 1.3798 -5.2724, 3.2434 1.3957 -5.2611, 3.2434 1.4084 -5.2462, 3.2434 1.4171 -5.2287, 3.2434 1.4212 -5.2096, 3.2216 1.2392 -5.2385, 3.2216 1.2512 -5.2626, 3.2216 1.2686 -5.283, 3.2216 1.2905 -5.2985, 3.2216 1.3155 -5.3082, 3.2216 1.3422 -5.3115, 3.2216 1.3688 -5.3082, 3.2216 1.3938 -5.2985, 3.2216 1.4157 -5.283, 3.2216 1.4332 -5.2626, 3.2216 1.4451 -5.2385, 3.2216 1.4508 -5.2123, 3.193 1.2173 -5.2462, 3.193 1.2317 -5.2754, 3.193 1.2529 -5.3002, 3.193 1.2795 -5.319, 3.193 1.3098 -5.3308, 3.193 1.3422 -5.3348, 3.193 1.3745 -5.3308, 3.193 1.4049 -5.319, 3.193 1.4314 -5.3002, 3.193 1.4526 -5.2754, 3.193 1.467 -5.2462, 3.193 1.4739 -5.2144, 3.1594 1.2028 -5.2513, 3.1594 1.2189 -5.2838, 3.1594 1.2426 -5.3115, 3.1594 1.2722 -5.3325, 3.1594 1.3061 -5.3457, 3.1594 1.3422 -5.3501, 3.1594 1.3782 -5.3457, 3.1594 1.4121 -5.3325, 3.1594 1.4418 -5.3115, 3.1594 1.4654 -5.2838, 3.1594 1.4815 -5.2513, 3.1594 1.4892 -5.2157, 3.1594 5.354 2.1833, 3.1594 5.354 -4.0135, 3.158 5.3711 -4.0135, 3.158 5.3711 2.1833, 3.1508 5.3953 -4.0135, 3.1508 5.3953 2.1833, 3.1378 5.4169 -4.0135, 3.1378 5.4169 2.1833, 3.12 5.4347 -4.0135, 3.12 5.4347 2.1833, 3.0984 5.4476 -4.0135, 3.0984 5.4476 2.1833, 3.0742 5.4549 -4.0135, 3.0742 5.4549 2.1833, 3.0571 5.4563 -4.0135, 3.1564 0.2344 -4.0135, 3.1566 0.2367 1.3211, 3.1566 0.2366 -4.0135, 3.1574 0.2388 1.3211, 3.1594 0.2595 -4.0135, 3.1594 0.2595 1.3211, 3.1594 3.3461 -3.9112, 3.1594 3.1728 -3.9112, 3.061 3.3461 -3.9112, 3.061 3.1728 -3.9112, 3.061 5.354 2.1833, 3.1594 5.354 2.1873, 3.061 5.354 2.1873, 3.061 4.4918 1.3211, 3.1594 4.4918 1.3211, 3.061 0.2595 1.3211, 3.0608 0.2586 1.3211, 3.0608 0.2586 -4.0135, 3.061 0.2595 -4.0135, 3.061 1.0863 -4.0135, 3.1594 1.0863 -4.0135, 3.1594 1.0863 -5.3324, 3.061 1.0863 -5.3324, 3.061 1.5981 -5.3324, 3.1594 1.5981 -5.3324, 3.1594 1.5893 -5.3986, 3.061 1.5893 -5.3986, 3.1594 1.5638 -5.4604, 3.061 1.5638 -5.4604, 3.1594 1.5231 -5.5134, 3.061 1.5231 -5.5134, 3.1594 1.4701 -5.554, 3.061 1.4701 -5.554, 3.1594 1.4084 -5.5796, 3.061 1.4084 -5.5796, 3.1594 1.3422 -5.5883, 3.061 1.3422 -5.5883, 3.1594 1.2759 -5.5796, 3.061 1.2759 -5.5796, 3.1594 1.2142 -5.554, 3.061 1.2142 -5.554, 3.1594 1.1612 -5.5134, 3.061 1.1612 -5.5134, 3.1594 1.1205 -5.4604, 3.061 1.1205 -5.4604, 3.1594 1.095 -5.3986, 3.061 1.095 -5.3986, 3.1594 1.5981 -3.9135, 3.061 1.5981 -3.9135, 3.061 1.8185 -3.9135, 3.1594 1.8185 -3.9135, 3.061 1.8148 -3.885, 3.1594 1.8148 -3.885, 3.061 1.8038 -3.8584, 3.1594 1.8038 -3.8584, 3.061 1.7863 -3.8356, 3.1594 1.7863 -3.8356, 3.061 1.7634 -3.8181, 3.1594 1.7634 -3.8181, 3.061 1.7368 -3.8071, 3.1594 1.7368 -3.8071, 3.061 1.7083 -3.8033, 3.1594 1.7083 -3.8033, 3.061 1.6798 -3.8071, 3.1594 1.6798 -3.8071, 3.061 1.6532 -3.8181, 3.1594 1.6532 -3.8181, 3.061 1.6304 -3.8356, 3.1594 1.6304 -3.8356, 3.061 1.6128 -3.8584, 3.1594 1.6128 -3.8584, 3.061 1.6018 -3.885, 3.1594 1.6018 -3.885, 3.061 1.8185 -4.0135, 3.1594 1.8185 -4.0135, 3.061 2.1886 -4.0135, 3.1594 2.1886 -4.0135, 3.061 2.1886 -3.9112, 3.1594 2.1886 -3.9112, 3.061 2.3619 -3.9112, 3.1594 2.3619 -3.9112, 3.061 2.5817 -3.9014, 3.1594 2.5817 -3.9014, 3.061 2.5755 -3.8754, 3.1594 2.5755 -3.8754, 3.061 2.5633 -3.8516, 3.1594 2.5633 -3.8516, 3.061 2.5456 -3.8314, 3.1594 2.5456 -3.8314, 3.061 2.5237 -3.8161, 3.1594 2.5237 -3.8161, 3.061 2.4987 -3.8065, 3.1594 2.4987 -3.8065, 3.061 2.4721 -3.8033, 3.1594 2.4721 -3.8033, 3.061 2.4455 -3.8065, 3.1594 2.4455 -3.8065, 3.061 2.4205 -3.8161, 3.1594 2.4205 -3.8161, 3.061 2.3985 -3.8314, 3.1594 2.3985 -3.8314, 3.061 2.3809 -3.8516, 3.1594 2.3809 -3.8516, 3.061 2.3687 -3.8754, 3.1594 2.3687 -3.8754, 3.061 2.3625 -3.9014, 3.1594 2.3625 -3.9014, 3.061 3.1722 -3.9014, 3.1594 3.1722 -3.9014, 3.061 3.1661 -3.8754, 3.1594 3.1661 -3.8754, 3.061 3.1538 -3.8516, 3.1594 3.1538 -3.8516, 3.061 3.1362 -3.8314, 3.1594 3.1362 -3.8314, 3.061 3.1142 -3.8161, 3.1594 3.1142 -3.8161, 3.061 3.0892 -3.8065, 3.1594 3.0892 -3.8065, 3.061 3.0626 -3.8033, 3.1594 3.0626 -3.8033, 3.061 3.0361 -3.8065, 3.1594 3.0361 -3.8065, 3.061 3.0111 -3.8161, 3.1594 3.0111 -3.8161, 3.061 2.9891 -3.8314, 3.1594 2.9891 -3.8314, 3.061 2.9715 -3.8516, 3.1594 2.9715 -3.8516, 3.061 2.9592 -3.8754, 3.1594 2.9592 -3.8754, 3.061 2.9531 -3.9014, 3.1594 2.9531 -3.9014, 3.0648 1.4587 -3.734, 3.0689 1.4447 -3.734, 3.0689 1.4443 -3.7248, 3.074 1.4357 -3.734, 3.0802 1.4249 -3.734, 3.0802 1.4245 -3.7266, 3.061 1.4832 -3.734, 3.0624 1.4666 -3.734, 3.0624 1.4661 -3.7228, 3.061 1.4826 -3.7213, 3.0624 1.4597 -3.6929, 3.061 1.4753 -3.6874, 3.0624 1.446 -3.6654, 3.061 1.4599 -3.6563, 3.0624 1.4261 -3.6421, 3.061 1.4373 -3.6299, 3.0624 1.4011 -3.6244, 3.061 1.409 -3.6098, 3.0624 1.3726 -3.6133, 3.061 1.3766 -3.5972, 3.0624 1.3422 -3.6095, 3.061 1.3422 -3.5929, 3.0624 1.3117 -3.6133, 3.061 1.3077 -3.5972, 3.0624 1.2832 -3.6244, 3.061 1.2753 -3.6098, 3.0624 1.2582 -3.6421, 3.061 1.247 -3.6299, 3.0624 1.2383 -3.6654, 3.061 1.2244 -3.6563, 3.0624 1.2247 -3.6929, 3.061 1.209 -3.6874, 3.0624 1.2182 -3.7228, 3.061 1.2017 -3.7213, 3.061 1.2011 -3.734, 3.0624 1.2177 -3.734, 3.0648 1.2257 -3.734, 3.0689 1.2396 -3.734, 3.0802 1.2595 -3.734, 3.074 1.2486 -3.734, 3.0689 1.24 -3.7248, 3.0958 1.2762 -3.734, 3.0887 1.2686 -3.734, 3.0802 1.2598 -3.7266, 3.1148 1.2888 -3.734, 3.1148 1.289 -3.7292, 3.1148 1.2918 -3.7164, 3.1148 1.2976 -3.7046, 3.1148 1.3062 -3.6946, 3.1148 1.3169 -3.687, 3.1148 1.3291 -3.6823, 3.1148 1.3422 -3.6806, 3.1148 1.3552 -3.6823, 3.1148 1.3674 -3.687, 3.1148 1.3782 -3.6946, 3.1148 1.3867 -3.7046, 3.1148 1.3925 -3.7164, 3.1148 1.3953 -3.7292, 3.1148 1.3955 -3.734, 3.1079 1.4001 -3.734, 3.0958 1.4082 -3.734, 3.1079 1.2842 -3.734, 3.0958 1.2764 -3.7281, 3.0958 1.2799 -3.7122, 3.0958 1.2871 -3.6976, 3.0958 1.2976 -3.6853, 3.0958 1.3109 -3.6759, 3.0958 1.326 -3.67, 3.0958 1.3422 -3.668, 3.0958 1.3583 -3.67, 3.0958 1.3734 -3.6759, 3.0958 1.3867 -3.6853, 3.0958 1.3973 -3.6976, 3.0958 1.4045 -3.7122, 3.0958 1.4079 -3.7281, 3.0887 1.4158 -3.734, 3.0802 1.2641 -3.7067, 3.0802 1.2731 -3.6884, 3.0802 1.2864 -3.6729, 3.0802 1.303 -3.6612, 3.0802 1.322 -3.6538, 3.0802 1.3422 -3.6513, 3.0802 1.3624 -3.6538, 3.0802 1.3814 -3.6612, 3.0802 1.398 -3.6729, 3.0802 1.4112 -3.6884, 3.0802 1.4202 -3.7067, 3.0689 1.2454 -3.7001, 3.0689 1.2566 -3.6775, 3.0689 1.273 -3.6583, 3.0689 1.2936 -3.6437, 3.0689 1.3171 -3.6345, 3.0689 1.3422 -3.6314, 3.0689 1.3672 -3.6345, 3.0689 1.3908 -3.6437, 3.0689 1.4114 -3.6583, 3.0689 1.4278 -3.6775, 3.0689 1.439 -3.7001, 3.1148 1.3955 -5.2025, 3.1079 1.4001 -5.2025, 3.0958 1.4082 -5.2025, 3.0887 1.4158 -5.2025, 3.0802 1.4249 -5.2025, 3.074 1.4357 -5.2025, 3.0689 1.4447 -5.2025, 3.0648 1.4587 -5.2025, 3.0624 1.4666 -5.2025, 3.061 1.4832 -5.2025, 3.0648 1.2257 -5.2025, 3.0689 1.2396 -5.2025, 3.0689 1.24 -5.2117, 3.074 1.2486 -5.2025, 3.0802 1.2595 -5.2025, 3.0802 1.2598 -5.2099, 3.061 1.2011 -5.2025, 3.0624 1.2177 -5.2025, 3.0624 1.2182 -5.2137, 3.061 1.2017 -5.2151, 3.0624 1.2247 -5.2436, 3.061 1.209 -5.2491, 3.0624 1.2383 -5.2711, 3.061 1.2244 -5.2802, 3.0624 1.2582 -5.2944, 3.061 1.247 -5.3066, 3.0624 1.2832 -5.3121, 3.061 1.2753 -5.3267, 3.0624 1.3117 -5.3232, 3.061 1.3077 -5.3393, 3.0624 1.3422 -5.327, 3.061 1.3422 -5.3435, 3.0624 1.3726 -5.3232, 3.061 1.3766 -5.3393, 3.0624 1.4011 -5.3121, 3.061 1.409 -5.3267, 3.0624 1.4261 -5.2944, 3.061 1.4373 -5.3066, 3.0624 1.446 -5.2711, 3.061 1.4599 -5.2802, 3.0624 1.4597 -5.2436, 3.061 1.4753 -5.2491, 3.0624 1.4661 -5.2137, 3.061 1.4826 -5.2151, 3.0689 1.4443 -5.2117, 3.0802 1.4245 -5.2099, 3.1148 1.3953 -5.2073, 3.1148 1.3925 -5.2201, 3.1148 1.3867 -5.2319, 3.1148 1.3782 -5.2419, 3.1148 1.3674 -5.2495, 3.1148 1.3552 -5.2542, 3.1148 1.3422 -5.2558, 3.1148 1.3291 -5.2542, 3.1148 1.3169 -5.2495, 3.1148 1.3062 -5.2419, 3.1148 1.2976 -5.2319, 3.1148 1.2918 -5.2201, 3.1148 1.289 -5.2073, 3.1148 1.2888 -5.2025, 3.1079 1.2842 -5.2025, 3.0958 1.2762 -5.2025, 3.0958 1.4079 -5.2084, 3.0958 1.4045 -5.2243, 3.0958 1.3973 -5.2389, 3.0958 1.3867 -5.2512, 3.0958 1.3734 -5.2606, 3.0958 1.3583 -5.2665, 3.0958 1.3422 -5.2685, 3.0958 1.326 -5.2665, 3.0958 1.3109 -5.2606, 3.0958 1.2976 -5.2512, 3.0958 1.2871 -5.2389, 3.0958 1.2799 -5.2243, 3.0958 1.2764 -5.2084, 3.0887 1.2686 -5.2025, 3.0802 1.4202 -5.2298, 3.0802 1.4112 -5.2481, 3.0802 1.398 -5.2635, 3.0802 1.3814 -5.2753, 3.0802 1.3624 -5.2827, 3.0802 1.3422 -5.2852, 3.0802 1.322 -5.2827, 3.0802 1.303 -5.2753, 3.0802 1.2864 -5.2635, 3.0802 1.2731 -5.2481, 3.0802 1.2641 -5.2298, 3.0689 1.439 -5.2364, 3.0689 1.4278 -5.259, 3.0689 1.4114 -5.2782, 3.0689 1.3908 -5.2928, 3.0689 1.3672 -5.3019, 3.0689 1.3422 -5.305, 3.0689 1.3171 -5.3019, 3.0689 1.2936 -5.2928, 3.0689 1.273 -5.2782, 3.0689 1.2566 -5.259, 3.0689 1.2454 -5.2364, -3.1594 2.1886 -3.9112, -3.1594 2.3619 -3.9112, -3.061 2.1886 -3.9112, -3.061 2.3619 -3.9112, -3.061 2.1886 -4.0135, -3.1594 2.1886 -4.0135, -3.1594 1.8185 -4.0135, -3.061 1.8185 -4.0135, -3.061 1.8185 -3.9135, -3.1594 1.8185 -3.9135, -3.061 1.5981 -3.9135, -3.1594 1.5981 -3.9135, -3.061 1.6018 -3.885, -3.1594 1.6018 -3.885, -3.061 1.6128 -3.8584, -3.1594 1.6128 -3.8584, -3.061 1.6304 -3.8356, -3.1594 1.6304 -3.8356, -3.061 1.6532 -3.8181, -3.1594 1.6532 -3.8181, -3.061 1.6798 -3.8071, -3.1594 1.6798 -3.8071, -3.061 1.7083 -3.8033, -3.1594 1.7083 -3.8033, -3.061 1.7368 -3.8071, -3.1594 1.7368 -3.8071, -3.061 1.7634 -3.8181, -3.1594 1.7634 -3.8181, -3.061 1.7863 -3.8356, -3.1594 1.7863 -3.8356, -3.061 1.8038 -3.8584, -3.1594 1.8038 -3.8584, -3.061 1.8148 -3.885, -3.1594 1.8148 -3.885, -3.1594 1.5981 -5.3324, -3.061 1.5981 -5.3324, -3.061 1.0863 -5.3324, -3.1594 1.0863 -5.3324, -3.1594 1.095 -5.3986, -3.061 1.095 -5.3986, -3.1594 1.1205 -5.4604, -3.061 1.1205 -5.4604, -3.1594 1.1612 -5.5134, -3.061 1.1612 -5.5134, -3.1594 1.2142 -5.554, -3.061 1.2142 -5.554, -3.1594 1.2759 -5.5796, -3.061 1.2759 -5.5796, -3.1594 1.3422 -5.5883, -3.061 1.3422 -5.5883, -3.1594 1.4084 -5.5796, -3.061 1.4084 -5.5796, -3.1594 1.4701 -5.554, -3.061 1.4701 -5.554, -3.1594 1.5231 -5.5134, -3.061 1.5231 -5.5134, -3.1594 1.5638 -5.4604, -3.061 1.5638 -5.4604, -3.1594 1.5893 -5.3986, -3.061 1.5893 -5.3986, -3.1594 1.0863 -4.0135, -3.061 1.0863 -4.0135, -3.061 0.2595 -4.0135, -3.0608 0.2586 -4.0135, -3.061 0.2595 1.3211, -3.0608 0.2586 1.3211, -3.061 4.4918 1.3211, -3.1594 4.4918 1.3211, -3.1594 5.354 2.1873, -3.061 5.354 2.1873, -3.061 3.3461 -3.9112, -3.061 3.1728 -3.9112, -3.1594 3.3461 -3.9112, -3.1594 3.1728 -3.9112, -3.061 2.9531 -3.9014, -3.1594 2.9531 -3.9014, -3.061 2.9592 -3.8754, -3.1594 2.9592 -3.8754, -3.061 2.9715 -3.8516, -3.1594 2.9715 -3.8516, -3.061 2.9891 -3.8314, -3.1594 2.9891 -3.8314, -3.061 3.0111 -3.8161, -3.1594 3.0111 -3.8161, -3.061 3.0361 -3.8065, -3.1594 3.0361 -3.8065, -3.061 3.0626 -3.8033, -3.1594 3.0626 -3.8033, -3.061 3.0892 -3.8065, -3.1594 3.0892 -3.8065, -3.061 3.1142 -3.8161, -3.1594 3.1142 -3.8161, -3.061 3.1362 -3.8314, -3.1594 3.1362 -3.8314, -3.061 3.1538 -3.8516, -3.1594 3.1538 -3.8516, -3.061 3.1661 -3.8754, -3.1594 3.1661 -3.8754, -3.061 3.1722 -3.9014, -3.1594 3.1722 -3.9014, -3.061 2.3625 -3.9014, -3.1594 2.3625 -3.9014, -3.061 2.3687 -3.8754, -3.1594 2.3687 -3.8754, -3.061 2.3809 -3.8516, -3.1594 2.3809 -3.8516, -3.061 2.3985 -3.8314, -3.1594 2.3985 -3.8314, -3.061 2.4205 -3.8161, -3.1594 2.4205 -3.8161, -3.061 2.4455 -3.8065, -3.1594 2.4455 -3.8065, -3.061 2.4721 -3.8033, -3.1594 2.4721 -3.8033, -3.061 2.4987 -3.8065, -3.1594 2.4987 -3.8065, -3.061 2.5237 -3.8161, -3.1594 2.5237 -3.8161, -3.061 2.5456 -3.8314, -3.1594 2.5456 -3.8314, -3.061 2.5633 -3.8516, -3.1594 2.5633 -3.8516, -3.061 2.5755 -3.8754, -3.1594 2.5755 -3.8754, -3.061 2.5817 -3.9014, -3.1594 2.5817 -3.9014, -3.061 1.4832 -5.2025, -3.061 1.4832 -3.734, -3.0624 1.4666 -5.2025, -3.0624 1.4666 -3.734, -3.0648 1.4587 -5.2025, -3.0648 1.4587 -3.734, -3.0689 1.4447 -5.2025, -3.0689 1.4447 -3.734, -3.074 1.4357 -5.2025, -3.074 1.4357 -3.734, -3.0802 1.4249 -5.2025, -3.0802 1.4249 -3.734, -3.0887 1.4158 -5.2025, -3.0887 1.4158 -3.734, -3.0958 1.4082 -5.2025, -3.0958 1.4082 -3.734, -3.1079 1.4001 -5.2025, -3.1079 1.4001 -3.734, -3.1148 1.3955 -5.2025, -3.1148 1.3955 -3.734, -3.0648 1.2257 -3.734, -3.0689 1.2396 -3.734, -3.0689 1.24 -3.7248, -3.074 1.2486 -3.734, -3.0802 1.2595 -3.734, -3.0802 1.2598 -3.7266, -3.061 1.2011 -3.734, -3.0624 1.2177 -3.734, -3.0624 1.2182 -3.7228, -3.061 1.2017 -3.7213, -3.0624 1.2247 -3.6929, -3.061 1.209 -3.6874, -3.0624 1.2383 -3.6654, -3.061 1.2244 -3.6563, -3.0624 1.2582 -3.6421, -3.061 1.247 -3.6299, -3.0624 1.2832 -3.6244, -3.061 1.2753 -3.6098, -3.0624 1.3117 -3.6133, -3.061 1.3077 -3.5972, -3.0624 1.3422 -3.6095, -3.061 1.3422 -3.5929, -3.0624 1.3726 -3.6133, -3.061 1.3766 -3.5972, -3.0624 1.4011 -3.6244, -3.061 1.409 -3.6098, -3.0624 1.4261 -3.6421, -3.061 1.4373 -3.6299, -3.0624 1.446 -3.6654, -3.061 1.4599 -3.6563, -3.0624 1.4597 -3.6929, -3.061 1.4753 -3.6874, -3.0624 1.4661 -3.7228, -3.061 1.4826 -3.7213, -3.0689 1.4443 -3.7248, -3.0802 1.4245 -3.7266, -3.1148 1.3953 -3.7292, -3.1148 1.3925 -3.7164, -3.1148 1.3867 -3.7046, -3.1148 1.3782 -3.6946, -3.1148 1.3674 -3.687, -3.1148 1.3552 -3.6823, -3.1148 1.3422 -3.6806, -3.1148 1.3291 -3.6823, -3.1148 1.3169 -3.687, -3.1148 1.3062 -3.6946, -3.1148 1.2976 -3.7046, -3.1148 1.2918 -3.7164, -3.1148 1.289 -3.7292, -3.1148 1.2888 -3.734, -3.1079 1.2842 -3.734, -3.0958 1.2762 -3.734, -3.0958 1.4079 -3.7281, -3.0958 1.4045 -3.7122, -3.0958 1.3973 -3.6976, -3.0958 1.3867 -3.6853, -3.0958 1.3734 -3.6759, -3.0958 1.3583 -3.67, -3.0958 1.3422 -3.668, -3.0958 1.326 -3.67, -3.0958 1.3109 -3.6759, -3.0958 1.2976 -3.6853, -3.0958 1.2871 -3.6976, -3.0958 1.2799 -3.7122, -3.0958 1.2764 -3.7281, -3.0887 1.2686 -3.734, -3.0802 1.4202 -3.7067, -3.0802 1.4112 -3.6884, -3.0802 1.398 -3.6729, -3.0802 1.3814 -3.6612, -3.0802 1.3624 -3.6538, -3.0802 1.3422 -3.6513, -3.0802 1.322 -3.6538, -3.0802 1.303 -3.6612, -3.0802 1.2864 -3.6729, -3.0802 1.2731 -3.6884, -3.0802 1.2641 -3.7067, -3.0689 1.439 -3.7001, -3.0689 1.4278 -3.6775, -3.0689 1.4114 -3.6583, -3.0689 1.3908 -3.6437, -3.0689 1.3672 -3.6345, -3.0689 1.3422 -3.6314, -3.0689 1.3171 -3.6345, -3.0689 1.2936 -3.6437, -3.0689 1.273 -3.6583, -3.0689 1.2566 -3.6775, -3.0689 1.2454 -3.7001, -3.061 1.2011 -5.2025, -3.0624 1.2177 -5.2025, -3.0648 1.2257 -5.2025, -3.0689 1.2396 -5.2025, -3.074 1.2486 -5.2025, -3.0802 1.2595 -5.2025, -3.0887 1.2686 -5.2025, -3.0958 1.2762 -5.2025, -3.1079 1.2842 -5.2025, -3.1148 1.2888 -5.2025, -3.0689 1.4443 -5.2117, -3.0802 1.4245 -5.2099, -3.1148 1.289 -5.2073, -3.1148 1.2918 -5.2201, -3.1148 1.2976 -5.2319, -3.1148 1.3062 -5.2419, -3.1148 1.3169 -5.2495, -3.1148 1.3291 -5.2542, -3.1148 1.3422 -5.2558, -3.1148 1.3552 -5.2542, -3.1148 1.3674 -5.2495, -3.1148 1.3782 -5.2419, -3.1148 1.3867 -5.2319, -3.1148 1.3925 -5.2201, -3.1148 1.3953 -5.2073, -3.061 1.4826 -5.2151, -3.0624 1.4661 -5.2137, -3.0624 1.4597 -5.2436, -3.061 1.4753 -5.2491, -3.0624 1.446 -5.2711, -3.061 1.4599 -5.2802, -3.0624 1.4261 -5.2944, -3.061 1.4373 -5.3066, -3.0624 1.4011 -5.3121, -3.061 1.409 -5.3267, -3.0624 1.3726 -5.3232, -3.061 1.3766 -5.3393, -3.0624 1.3422 -5.327, -3.061 1.3422 -5.3435, -3.0624 1.3117 -5.3232, -3.061 1.3077 -5.3393, -3.0624 1.2832 -5.3121, -3.061 1.2753 -5.3267, -3.0624 1.2582 -5.2944, -3.061 1.247 -5.3066, -3.0624 1.2383 -5.2711, -3.061 1.2244 -5.2802, -3.0624 1.2247 -5.2436, -3.061 1.209 -5.2491, -3.0624 1.2182 -5.2137, -3.061 1.2017 -5.2151, -3.0689 1.24 -5.2117, -3.0802 1.2598 -5.2099, -3.0958 1.2764 -5.2084, -3.0958 1.2799 -5.2243, -3.0958 1.2871 -5.2389, -3.0958 1.2976 -5.2512, -3.0958 1.3109 -5.2606, -3.0958 1.326 -5.2665, -3.0958 1.3422 -5.2685, -3.0958 1.3583 -5.2665, -3.0958 1.3734 -5.2606, -3.0958 1.3867 -5.2512, -3.0958 1.3973 -5.2389, -3.0958 1.4045 -5.2243, -3.0958 1.4079 -5.2084, -3.0802 1.2641 -5.2298, -3.0802 1.2731 -5.2481, -3.0802 1.2864 -5.2635, -3.0802 1.303 -5.2753, -3.0802 1.322 -5.2827, -3.0802 1.3422 -5.2852, -3.0802 1.3624 -5.2827, -3.0802 1.3814 -5.2753, -3.0802 1.398 -5.2635, -3.0802 1.4112 -5.2481, -3.0802 1.4202 -5.2298, -3.0689 1.2454 -5.2364, -3.0689 1.2566 -5.259, -3.0689 1.273 -5.2782, -3.0689 1.2936 -5.2928, -3.0689 1.3171 -5.3019, -3.0689 1.3422 -5.305, -3.0689 1.3672 -5.3019, -3.0689 1.3908 -5.2928, -3.0689 1.4114 -5.2782, -3.0689 1.4278 -5.259, -3.0689 1.439 -5.2364, -3.061 5.354 2.1833, -3.0609 5.3382 2.1842, -3.0606 5.3382 2.185, -3.0602 5.3382 2.1858, -3.0595 5.3382 2.1864, -3.0588 5.3382 2.1869, -3.058 5.3382 2.1872, -3.0571 5.3382 2.1873, -3.0571 -1.0195 2.1853, -3.0571 -1.0189 2.1861, -3.0571 -1.0181 2.1867, -3.0571 -1.0171 2.1871, -3.0571 -1.0161 2.1873, -3.0571 -1.0199 2.1844, 3.0571 -1.0161 2.1873, 3.0571 -1.0171 2.1871, 3.0571 -1.0181 2.1867, 3.0571 -1.0189 2.1861, 3.0571 -1.0195 2.1853, 3.0571 -1.0199 2.1844, 1.0236 4.9524 2.1873, 2.3622 4.9524 2.1873, 2.3622 4.0075 2.1873, 2.5591 4.0075 2.1873, 2.5591 0.5233 2.1873, -2.5591 0.5233 2.1873, -2.5591 4.0075 2.1873, -2.3622 4.0075 2.1873, -2.3622 4.9524 2.1873, -1.0236 4.9524 2.1873, 3.0571 5.3579 2.1833, 3.0571 5.3578 2.1842, 3.0571 5.3575 2.185, 3.0571 5.3571 2.1858, 3.0571 5.354 2.1873, 3.0571 5.3549 2.1872, 3.0571 5.3557 2.1869, 3.0571 5.3564 2.1864, 1.0236 5.3579 2.1833, 1.0236 5.3578 2.1842, 1.0236 5.3575 2.185, 1.0236 5.354 2.1873, 1.0236 5.3549 2.1872, 1.0236 5.3557 2.1869, 1.0236 5.3564 2.1864, 1.0236 5.3571 2.1858, 3.0609 5.355 2.1833, 3.0605 5.3559 2.1833, 3.0599 5.3568 2.1833, 3.0581 5.3578 2.1833, 3.0591 5.3574 2.1833, -3.061 3.3461 -4.0135, -3.1594 3.3461 -4.0135, 3.1594 3.3461 -4.0135, 3.061 3.3461 -4.0135, 3.061 5.354 -4.0135, -3.061 5.354 -4.0135, -3.0571 5.3579 2.1833, -3.0581 5.3578 2.1833, -3.0591 5.3574 2.1833, -3.0609 5.355 2.1833, -3.0605 5.3559 2.1833, -3.0599 5.3568 2.1833, -3.0571 5.354 2.1873, -3.0571 5.3549 2.1872, -3.0571 5.3557 2.1869, -3.0571 5.3564 2.1864, -3.0571 5.3571 2.1858, -3.0571 5.3575 2.185, -3.0571 5.3578 2.1842, -1.0236 5.354 2.1873, -1.0236 5.3579 2.1833, -1.0236 5.3578 2.1842, -1.0236 5.3575 2.185, -1.0236 5.3571 2.1858, -1.0236 5.3564 2.1864, -1.0236 5.3557 2.1869, -1.0236 5.3549 2.1872, 3.0609 5.355 -4.0135, 3.0605 5.3559 -4.0135, 3.0599 5.3568 -4.0135, 3.0591 5.3574 -4.0135, 3.0581 5.3578 -4.0135, 3.0571 5.3579 -4.0135, -3.0609 5.355 -4.0135, -3.0605 5.3559 -4.0135, -3.0599 5.3568 -4.0135, -3.0591 5.3574 -4.0135, -3.0581 5.3578 -4.0135, -3.0571 5.3579 -4.0135, -1.3563 -0.2106 -2.5357, -1.3563 -0.0728 -2.5357, -1.3563 -0.2106 -2.9505, -1.3563 -0.0728 -2.9505, -1.3563 -0.1991 -3.0895, -1.3563 -0.0578 -3.0956, -1.3563 -0.1649 -3.2247, -1.3563 -0.0133 -3.2345, -1.3563 0.4272 -5.4702, -1.3563 0.2894 -5.4702, -1.3563 0.4272 -4.0923, -1.3563 0.2894 -4.0923, -1.3563 0.4157 -3.9533, -1.3563 0.2744 -3.9472, -1.3563 0.3815 -3.818, -1.3563 0.23 -3.8083, -1.3563 0.3256 -3.6903, -1.3563 0.2494 -3.5735, -1.3563 0.158 -3.6814, -1.3563 0.155 -3.4708, -1.3563 0.0616 -3.572, -1.3563 0.0586 -3.3613, -1.3563 -0.0328 -3.4693, -1.3563 -0.1089 -3.3525, -1.1398 -0.2106 -2.9505, -1.1398 -0.1991 -3.0895, -1.1398 -0.1649 -3.2247, -1.1398 -0.1089 -3.3525, -1.1398 -0.0328 -3.4693, -1.1398 0.0616 -3.572, -1.1398 0.2894 -4.0923, -1.1398 0.2744 -3.9472, -1.1398 0.23 -3.8083, -1.1398 0.158 -3.6814, -1.1398 0.2894 -5.4702, -1.1398 0.4272 -5.4702, -1.1398 0.4272 -4.0923, -1.1398 0.155 -3.4708, -1.1398 0.2494 -3.5735, -1.1398 0.3256 -3.6903, -1.1398 0.3815 -3.818, -1.1398 0.4157 -3.9533, -1.1398 0.0586 -3.3613, -1.1398 -0.0133 -3.2345, -1.1398 -0.0578 -3.0956, -1.1398 -0.0728 -2.9505, -1.1398 -0.0728 -2.578, -1.1398 -0.2106 -2.578, -1.1161 -0.2106 -1.9451, -1.1161 -0.0728 -1.9451, -0.8996 -0.0728 -1.9874, -0.8996 -0.2106 -1.9874, -1.1161 -0.0728 0.5928, -1.1161 -0.2106 0.5928, -1.1161 -0.0623 0.6769, -1.1161 -0.196 0.7106, -1.1161 -0.0317 0.756, -1.1161 -0.153 0.8212, -1.1161 0.0174 0.8251, -1.1161 -0.0844 0.9181, -1.1161 0.0818 0.8802, -1.1161 0.0059 0.9952, -1.1161 0.1578 0.9179, -1.1161 0.1122 1.0479, -1.1161 0.2406 0.9359, -1.1161 0.2282 1.0731, -1.1161 0.3253 0.9331, -1.1161 0.3468 1.0692, -1.1161 0.4068 0.9097, -1.1161 0.4609 1.0364, -1.1161 0.4801 0.8671, -1.1161 0.5635 0.9768, -1.1161 0.5408 0.8078, -1.1161 0.6485 0.8939, -1.1161 0.5852 0.7356, -1.1161 0.7106 0.7927, -1.1161 0.6106 0.6547, -1.1161 0.7461 0.6795, -1.1161 0.7758 -0.2495, -1.1161 0.9093 -0.2133, -1.1161 1.9359 -3.4366, -1.1161 2.0653 -3.3895, -0.8996 0.6106 0.6547, -0.8996 0.7758 -0.2495, -0.8996 1.9359 -3.4366, -0.8996 2.0653 -3.3895, -0.8996 0.9093 -0.2133, -0.8996 0.7461 0.6795, -0.8996 0.7106 0.7927, -0.8996 0.6485 0.8939, -0.8996 0.5635 0.9768, -0.8996 0.4609 1.0364, -0.8996 0.3468 1.0692, -0.8996 0.2282 1.0731, -0.8996 0.1122 1.0479, -0.8996 0.0059 0.9952, -0.8996 -0.0844 0.9181, -0.8996 -0.153 0.8212, -0.8996 -0.196 0.7106, -0.8996 -0.2106 0.5928, -0.8996 -0.0728 0.5928, -0.8996 -0.0623 0.6769, -0.8996 -0.0317 0.756, -0.8996 0.0174 0.8251, -0.8996 0.0818 0.8802, -0.8996 0.1578 0.9179, -0.8996 0.2406 0.9359, -0.8996 0.3253 0.9331, -0.8996 0.4068 0.9097, -0.8996 0.4801 0.8671, -0.8996 0.5408 0.8078, -0.8996 0.5852 0.7356, -0.3563 0.4272 -5.4702, -0.3563 0.2894 -5.4702, -0.3563 0.4272 -4.0923, -0.3563 0.2894 -4.0923, -0.3563 0.4157 -3.9533, -0.3563 0.2744 -3.9472, -0.3563 0.3815 -3.818, -0.3563 0.23 -3.8083, -0.3563 -0.2106 -2.5529, -0.3563 -0.0728 -2.5529, -0.3563 -0.2106 -2.9505, -0.3563 -0.0728 -2.9505, -0.3563 -0.1991 -3.0895, -0.3563 -0.0578 -3.0956, -0.3563 -0.1649 -3.2247, -0.3563 -0.0133 -3.2345, -0.3563 -0.1089 -3.3525, -0.3563 0.0586 -3.3613, -0.3563 -0.0328 -3.4693, -0.3563 0.0616 -3.572, -0.3563 0.155 -3.4708, -0.3563 0.158 -3.6814, -0.3563 0.2494 -3.5735, -0.3563 0.3256 -3.6903, -0.1398 -0.2106 -2.9505, -0.1398 -0.1991 -3.0895, -0.1398 -0.1649 -3.2247, -0.1398 -0.1089 -3.3525, -0.1398 -0.0328 -3.4693, -0.1398 0.0616 -3.572, -0.1398 0.2894 -4.0923, -0.1398 0.2744 -3.9472, -0.1398 0.23 -3.8083, -0.1398 0.158 -3.6814, -0.1398 0.2894 -5.4702, -0.1398 0.4272 -5.4702, -0.1398 0.4272 -4.0923, -0.1398 0.155 -3.4708, -0.1398 0.2494 -3.5735, -0.1398 0.3256 -3.6903, -0.1398 0.3815 -3.818, -0.1398 0.4157 -3.9533, -0.1398 0.0586 -3.3613, -0.1398 -0.0133 -3.2345, -0.1398 -0.0578 -3.0956, -0.1398 -0.0728 -2.9505, -0.1398 -0.0728 -2.5608, -0.1398 -0.2106 -2.5608, -0.313 -0.2106 -1.9623, -0.313 -0.0728 -1.9623, -0.0965 -0.0728 -1.9702, -0.0965 -0.2106 -1.9702, -0.313 -0.0728 0.5928, -0.313 -0.2106 0.5928, -0.313 -0.0623 0.6769, -0.313 -0.196 0.7106, -0.313 -0.0317 0.756, -0.313 -0.153 0.8212, -0.313 0.0174 0.8251, -0.313 -0.0844 0.9181, -0.313 0.0818 0.8802, -0.313 0.0059 0.9952, -0.313 0.1578 0.9179, -0.313 0.1122 1.0479, -0.313 0.2406 0.9359, -0.313 0.2282 1.0731, -0.313 0.3253 0.9331, -0.313 0.3468 1.0692, -0.313 0.4068 0.9097, -0.313 0.4609 1.0364, -0.313 0.4801 0.8671, -0.313 0.5635 0.9768, -0.313 0.5408 0.8078, -0.313 0.6485 0.8939, -0.313 0.5852 0.7356, -0.313 0.7106 0.7927, -0.313 0.6106 0.6547, -0.313 0.7461 0.6795, -0.313 0.7758 -0.2495, -0.313 0.9093 -0.2133, -0.313 1.9359 -3.4366, -0.313 2.0653 -3.3895, -0.0965 0.6106 0.6547, -0.0965 0.7758 -0.2495, -0.0965 1.9359 -3.4366, -0.0965 2.0653 -3.3895, -0.0965 0.9093 -0.2133, -0.0965 0.7461 0.6795, -0.0965 0.7106 0.7927, -0.0965 0.6485 0.8939, -0.0965 0.5635 0.9768, -0.0965 0.4609 1.0364, -0.0965 0.3468 1.0692, -0.0965 0.2282 1.0731, -0.0965 0.1122 1.0479, -0.0965 0.0059 0.9952, -0.0965 -0.0844 0.9181, -0.0965 -0.153 0.8212, -0.0965 -0.196 0.7106, -0.0965 -0.2106 0.5928, -0.0965 -0.0728 0.5928, -0.0965 -0.0623 0.6769, -0.0965 -0.0317 0.756, -0.0965 0.0174 0.8251, -0.0965 0.0818 0.8802, -0.0965 0.1578 0.9179, -0.0965 0.2406 0.9359, -0.0965 0.3253 0.9331, -0.0965 0.4068 0.9097, -0.0965 0.4801 0.8671, -0.0965 0.5408 0.8078, -0.0965 0.5852 0.7356, 0.8602 -0.0728 -2.5437, 0.8602 -0.2106 -2.5437, 0.8602 -0.0728 -2.9505, 0.8602 -0.2106 -2.9505, 0.8602 -0.0578 -3.0956, 0.8602 -0.1991 -3.0895, 0.8602 -0.0133 -3.2345, 0.8602 0.23 -3.8083, 0.8602 0.3256 -3.6903, 0.8602 0.158 -3.6814, 0.8602 0.2494 -3.5735, 0.8602 0.0616 -3.572, 0.8602 0.155 -3.4708, 0.8602 -0.0328 -3.4693, 0.8602 0.0586 -3.3613, 0.8602 -0.1089 -3.3525, 0.8602 -0.1649 -3.2247, 0.8602 0.2894 -5.4702, 0.8602 0.4272 -5.4702, 0.8602 0.2894 -4.0923, 0.8602 0.4272 -4.0923, 0.8602 0.2744 -3.9472, 0.8602 0.4157 -3.9533, 0.8602 0.3815 -3.818, 0.6437 0.155 -3.4708, 0.6437 0.0586 -3.3613, 0.6437 -0.0133 -3.2345, 0.6437 -0.0578 -3.0956, 0.6437 -0.0728 -2.9505, 0.6437 0.2494 -3.5735, 0.6437 0.3256 -3.6903, 0.6437 0.3815 -3.818, 0.6437 0.4157 -3.9533, 0.6437 0.4272 -4.0923, 0.6437 0.4272 -5.4702, 0.6437 0.2894 -5.4702, 0.6437 0.2894 -4.0923, 0.6437 0.2744 -3.9472, 0.6437 0.23 -3.8083, 0.6437 0.158 -3.6814, 0.6437 0.0616 -3.572, 0.6437 -0.2106 -2.9505, 0.6437 -0.1991 -3.0895, 0.6437 -0.1649 -3.2247, 0.6437 -0.1089 -3.3525, 0.6437 -0.0328 -3.4693, 0.6437 -0.2106 -2.57, 0.6437 -0.0728 -2.57, 0.7146 -0.0728 -1.9531, 0.7146 -0.2106 -1.9531, 0.498 -0.2106 -1.9794, 0.498 -0.0728 -1.9794, 0.7146 1.9359 -3.4366, 0.7146 2.0653 -3.3895, 0.7146 0.7758 -0.2495, 0.7146 0.9093 -0.2133, 0.7146 0.6106 0.6547, 0.7146 0.7461 0.6795, 0.7146 0.5852 0.7356, 0.7146 0.7106 0.7927, 0.7146 0.5408 0.8078, 0.7146 0.6485 0.8939, 0.7146 0.4801 0.8671, 0.7146 0.5635 0.9768, 0.7146 0.4068 0.9097, 0.7146 0.4609 1.0364, 0.7146 0.3253 0.9331, 0.7146 0.3468 1.0692, 0.7146 0.2406 0.9359, 0.7146 0.2282 1.0731, 0.7146 0.1578 0.9179, 0.7146 0.1122 1.0479, 0.7146 0.0818 0.8802, 0.7146 0.0059 0.9952, 0.7146 0.0174 0.8251, 0.7146 -0.0844 0.9181, 0.7146 -0.0317 0.756, 0.7146 -0.153 0.8212, 0.7146 -0.0623 0.6769, 0.7146 -0.196 0.7106, 0.7146 -0.0728 0.5928, 0.7146 -0.2106 0.5928, 0.498 0.7461 0.6795, 0.498 0.9093 -0.2133, 0.498 2.0653 -3.3895, 0.498 1.9359 -3.4366, 0.498 0.7758 -0.2495, 0.498 0.6106 0.6547, 0.498 -0.0728 0.5928, 0.498 -0.0623 0.6769, 0.498 -0.0317 0.756, 0.498 0.0174 0.8251, 0.498 0.0818 0.8802, 0.498 0.1578 0.9179, 0.498 0.2406 0.9359, 0.498 0.3253 0.9331, 0.498 0.4068 0.9097, 0.498 0.4801 0.8671, 0.498 0.5408 0.8078, 0.498 0.5852 0.7356, 0.498 -0.2106 0.5928, 0.498 0.7106 0.7927, 0.498 0.6485 0.8939, 0.498 0.5635 0.9768, 0.498 0.4609 1.0364, 0.498 0.3468 1.0692, 0.498 0.2282 1.0731, 0.498 0.1122 1.0479, 0.498 0.0059 0.9952, 0.498 -0.0844 0.9181, 0.498 -0.153 0.8212, 0.498 -0.196 0.7106, 0.498 -0.196 0.7106
            ]
        }
        coordIndex [
            0,1,2,-1,2,1,3,-1,2,3,4,-1,4,3,5,-1,4,5,6,-1,6,5,7,-1,6,7,8,-1,8,7,9,-1,8,9,10,-1,10,9,11,-1,11,9,12,-1,11,12,13,-1,12,14,13,-1,13,14,15,-1,13,15,16,-1,16,15,17,-1,16,17,18,-1,18,17,19,-1,18,19,20,-1,20,19,21,-1,20,21,22,-1,22,21,23,-1,24,2,4,-1,24,4,25,-1,25,4,6,-1,25,6,26,-1,26,6,8,-1,26,8,27,-1,27,8,10,-1,27,10,28,-1,28,10,11,-1,28,11,29,-1,20,30,18,-1,18,30,31,-1,18,31,16,-1,16,31,32,-1,16,32,13,-1,13,32,33,-1,13,33,11,-1,11,33,29,-1,30,20,34,-1,34,20,22,-1,34,22,35,-1,35,22,23,-1,23,21,35,-1,35,21,36,-1,12,37,38,-1,12,38,14,-1,14,38,39,-1,14,39,15,-1,15,39,40,-1,15,40,17,-1,17,40,41,-1,17,41,19,-1,19,41,36,-1,19,36,21,-1,37,12,42,-1,42,12,9,-1,42,9,43,-1,43,9,7,-1,43,7,44,-1,44,7,5,-1,44,5,45,-1,45,5,3,-1,46,47,45,-1,45,47,24,-1,45,24,44,-1,44,24,25,-1,44,25,43,-1,34,35,30,-1,30,35,36,-1,30,36,31,-1,31,36,41,-1,31,41,32,-1,41,40,32,-1,32,40,39,-1,32,39,33,-1,33,39,38,-1,33,38,29,-1,29,38,37,-1,29,37,28,-1,28,37,42,-1,28,42,27,-1,27,42,43,-1,27,43,26,-1,26,43,25,-1,0,48,1,-1,1,48,49,-1,46,50,47,-1,47,50,51,-1,52,53,54,-1,54,53,55,-1,54,55,56,-1,56,55,57,-1,56,57,58,-1,58,57,59,-1,58,59,60,-1,60,59,61,-1,60,61,62,-1,62,61,63,-1,62,63,64,-1,64,63,65,-1,64,65,66,-1,66,65,67,-1,66,67,68,-1,68,67,69,-1,68,69,70,-1,70,69,71,-1,70,71,72,-1,72,71,73,-1,72,73,74,-1,74,73,75,-1,74,75,76,-1,76,75,77,-1,76,77,78,-1,78,77,79,-1,78,79,80,-1,80,79,81,-1,80,81,48,-1,48,81,49,-1,57,55,82,-1,82,55,83,-1,83,55,84,-1,84,55,53,-1,53,52,84,-1,84,52,85,-1,54,86,52,-1,52,86,85,-1,87,86,56,-1,56,86,54,-1,80,88,78,-1,78,88,89,-1,78,89,76,-1,76,89,90,-1,76,90,74,-1,74,90,91,-1,74,91,72,-1,72,91,92,-1,72,92,70,-1,70,92,93,-1,70,93,68,-1,68,93,94,-1,68,94,66,-1,66,94,95,-1,66,95,64,-1,64,95,96,-1,64,96,62,-1,62,96,97,-1,62,97,60,-1,60,97,98,-1,60,98,58,-1,58,98,99,-1,58,99,56,-1,56,99,87,-1,2,24,0,-1,0,24,47,-1,0,47,48,-1,48,47,51,-1,48,51,80,-1,80,51,88,-1,45,3,46,-1,46,3,1,-1,46,1,50,-1,50,1,49,-1,50,49,100,-1,100,49,81,-1,57,82,101,-1,57,101,59,-1,59,101,102,-1,59,102,61,-1,61,102,103,-1,61,103,63,-1,63,103,104,-1,63,104,65,-1,65,104,105,-1,65,105,67,-1,67,105,106,-1,67,106,69,-1,69,106,107,-1,69,107,71,-1,71,107,108,-1,71,108,73,-1,73,108,109,-1,73,109,75,-1,75,109,110,-1,75,110,77,-1,77,110,111,-1,77,111,79,-1,79,111,100,-1,79,100,81,-1,51,50,88,-1,88,50,100,-1,88,100,89,-1,89,100,111,-1,89,111,90,-1,90,111,110,-1,90,110,91,-1,91,110,109,-1,91,109,92,-1,92,109,108,-1,92,108,93,-1,93,108,107,-1,93,107,94,-1,94,107,106,-1,94,106,95,-1,95,106,105,-1,95,105,96,-1,96,105,104,-1,96,104,97,-1,97,104,103,-1,97,103,98,-1,98,103,102,-1,98,102,99,-1,99,102,101,-1,99,101,87,-1,87,101,82,-1,87,82,86,-1,86,82,83,-1,86,83,85,-1,85,83,84,-1,112,113,114,-1,114,113,115,-1,114,115,116,-1,116,115,117,-1,116,117,118,-1,118,117,119,-1,118,119,120,-1,120,119,121,-1,122,123,124,-1,124,123,125,-1,124,125,126,-1,126,125,127,-1,126,127,128,-1,128,127,129,-1,128,129,130,-1,130,129,131,-1,130,131,132,-1,132,131,133,-1,133,131,134,-1,133,134,121,-1,121,134,135,-1,121,135,120,-1,136,124,126,-1,136,126,137,-1,137,126,128,-1,137,128,138,-1,138,128,130,-1,138,130,139,-1,139,130,132,-1,139,132,140,-1,140,132,133,-1,140,133,141,-1,115,142,117,-1,117,142,143,-1,117,143,119,-1,119,143,144,-1,119,144,121,-1,121,144,145,-1,121,145,133,-1,133,145,141,-1,142,115,146,-1,146,115,113,-1,146,113,147,-1,147,113,112,-1,112,114,147,-1,147,114,148,-1,134,149,150,-1,134,150,135,-1,135,150,151,-1,135,151,120,-1,120,151,152,-1,120,152,118,-1,118,152,153,-1,118,153,116,-1,116,153,148,-1,116,148,114,-1,149,134,154,-1,154,134,131,-1,154,131,155,-1,155,131,129,-1,155,129,156,-1,156,129,127,-1,156,127,157,-1,157,127,125,-1,158,159,157,-1,157,159,136,-1,157,136,156,-1,156,136,137,-1,156,137,155,-1,146,147,142,-1,142,147,148,-1,142,148,143,-1,143,148,153,-1,143,153,144,-1,137,138,155,-1,155,138,139,-1,155,139,154,-1,154,139,140,-1,154,140,149,-1,149,140,141,-1,149,141,150,-1,150,141,145,-1,150,145,151,-1,151,145,144,-1,151,144,152,-1,152,144,153,-1,122,160,123,-1,123,160,161,-1,158,162,159,-1,159,162,163,-1,164,165,166,-1,166,165,167,-1,166,167,168,-1,168,167,169,-1,168,169,170,-1,170,169,171,-1,170,171,172,-1,172,171,173,-1,172,173,174,-1,174,173,175,-1,174,175,176,-1,176,175,177,-1,176,177,178,-1,178,177,179,-1,178,179,180,-1,180,179,181,-1,180,181,182,-1,182,181,183,-1,182,183,184,-1,184,183,185,-1,184,185,186,-1,186,185,187,-1,186,187,188,-1,188,187,189,-1,188,189,190,-1,190,189,191,-1,190,191,192,-1,192,191,193,-1,192,193,160,-1,160,193,161,-1,169,167,194,-1,194,167,195,-1,195,167,196,-1,196,167,165,-1,165,164,196,-1,196,164,197,-1,166,198,164,-1,164,198,197,-1,199,198,168,-1,168,198,166,-1,192,200,190,-1,190,200,201,-1,190,201,188,-1,188,201,202,-1,188,202,186,-1,186,202,203,-1,186,203,184,-1,184,203,204,-1,184,204,182,-1,182,204,205,-1,182,205,180,-1,180,205,206,-1,180,206,178,-1,178,206,207,-1,178,207,176,-1,176,207,208,-1,176,208,174,-1,174,208,209,-1,174,209,172,-1,172,209,210,-1,172,210,170,-1,170,210,211,-1,170,211,168,-1,168,211,199,-1,200,192,163,-1,163,192,160,-1,163,160,159,-1,159,160,122,-1,159,122,136,-1,136,122,124,-1,157,125,158,-1,158,125,123,-1,158,123,162,-1,162,123,161,-1,162,161,212,-1,212,161,193,-1,169,194,213,-1,169,213,171,-1,171,213,214,-1,171,214,173,-1,173,214,215,-1,173,215,175,-1,175,215,216,-1,175,216,177,-1,177,216,217,-1,177,217,179,-1,179,217,218,-1,179,218,181,-1,181,218,219,-1,181,219,183,-1,183,219,220,-1,183,220,185,-1,185,220,221,-1,185,221,187,-1,187,221,222,-1,187,222,189,-1,189,222,223,-1,189,223,191,-1,191,223,212,-1,191,212,193,-1,163,162,200,-1,200,162,212,-1,200,212,201,-1,201,212,223,-1,201,223,202,-1,202,223,222,-1,202,222,203,-1,203,222,221,-1,203,221,204,-1,204,221,220,-1,204,220,205,-1,205,220,219,-1,205,219,206,-1,206,219,218,-1,206,218,207,-1,207,218,217,-1,207,217,208,-1,208,217,216,-1,208,216,209,-1,209,216,215,-1,209,215,210,-1,210,215,214,-1,210,214,211,-1,211,214,213,-1,211,213,199,-1,199,213,194,-1,199,194,198,-1,198,194,195,-1,198,195,197,-1,197,195,196,-1,224,225,226,-1,225,224,227,-1,227,224,228,-1,227,228,229,-1,229,228,230,-1,229,230,226,-1,226,230,231,-1,226,231,224,-1,232,233,234,-1,233,232,235,-1,235,232,236,-1,235,236,237,-1,237,236,238,-1,237,238,234,-1,234,238,239,-1,234,239,232,-1,240,241,242,-1,242,241,243,-1,244,245,246,-1,246,245,247,-1,248,249,250,-1,250,249,251,-1,252,253,254,-1,254,253,255,-1,256,257,237,-1,237,257,235,-1,257,258,235,-1,235,258,233,-1,258,259,233,-1,233,259,234,-1,259,256,234,-1,234,256,237,-1,260,261,238,-1,238,261,239,-1,262,232,261,-1,261,232,239,-1,263,264,224,-1,224,264,228,-1,264,265,228,-1,228,265,230,-1,265,266,230,-1,230,266,231,-1,266,263,231,-1,231,263,224,-1,229,267,227,-1,227,267,268,-1,268,269,227,-1,227,269,225,-1,226,225,270,-1,226,270,271,-1,271,270,272,-1,271,272,273,-1,273,272,274,-1,273,274,275,-1,275,274,276,-1,275,276,277,-1,277,276,278,-1,277,278,279,-1,279,278,280,-1,279,280,281,-1,281,280,282,-1,281,282,283,-1,238,236,284,-1,238,284,285,-1,285,284,286,-1,285,286,287,-1,287,286,288,-1,287,288,289,-1,289,288,290,-1,289,290,291,-1,291,290,292,-1,291,292,293,-1,293,292,294,-1,293,294,295,-1,295,294,296,-1,295,296,297,-1,298,299,300,-1,298,300,301,-1,301,300,302,-1,301,302,303,-1,303,302,304,-1,303,304,305,-1,305,304,306,-1,305,306,307,-1,308,309,310,-1,308,310,311,-1,311,310,312,-1,311,312,313,-1,313,312,314,-1,313,314,315,-1,315,314,316,-1,315,316,317,-1,318,240,242,-1,242,319,318,-1,318,319,320,-1,318,320,321,-1,321,320,322,-1,321,322,323,-1,324,325,326,-1,323,322,326,-1,326,322,327,-1,326,327,324,-1,324,328,325,-1,325,328,329,-1,325,329,330,-1,241,240,331,-1,331,240,332,-1,331,332,333,-1,333,332,321,-1,333,321,334,-1,334,321,335,-1,334,335,336,-1,336,335,326,-1,336,326,337,-1,326,338,337,-1,337,338,330,-1,337,330,339,-1,339,340,341,-1,341,340,342,-1,341,342,336,-1,336,342,343,-1,336,343,344,-1,344,343,345,-1,344,345,333,-1,333,345,346,-1,333,346,347,-1,346,348,347,-1,347,348,243,-1,347,243,241,-1,242,243,319,-1,319,243,349,-1,319,349,350,-1,350,349,351,-1,349,346,351,-1,351,346,352,-1,351,352,327,-1,327,352,343,-1,327,343,324,-1,324,343,353,-1,324,353,328,-1,328,353,340,-1,328,340,329,-1,245,244,354,-1,354,244,355,-1,244,246,355,-1,355,246,356,-1,246,247,356,-1,356,247,357,-1,247,245,357,-1,357,245,354,-1,358,248,250,-1,250,359,358,-1,358,359,360,-1,358,360,361,-1,361,360,362,-1,361,362,363,-1,364,365,366,-1,363,362,366,-1,366,362,367,-1,366,367,364,-1,364,368,365,-1,365,368,369,-1,365,369,370,-1,249,248,371,-1,371,248,372,-1,371,372,373,-1,373,372,361,-1,373,361,374,-1,374,361,375,-1,374,375,376,-1,376,375,366,-1,376,366,377,-1,366,378,377,-1,377,378,370,-1,377,370,379,-1,379,380,381,-1,381,380,382,-1,381,382,376,-1,376,382,383,-1,376,383,384,-1,384,383,385,-1,384,385,373,-1,373,385,386,-1,373,386,387,-1,386,388,387,-1,387,388,251,-1,387,251,249,-1,250,251,359,-1,359,251,389,-1,359,389,390,-1,390,389,391,-1,389,386,391,-1,391,386,392,-1,391,392,367,-1,367,392,383,-1,367,383,364,-1,364,383,393,-1,364,393,368,-1,368,393,380,-1,368,380,369,-1,253,252,394,-1,394,252,395,-1,252,254,395,-1,395,254,396,-1,254,255,396,-1,396,255,397,-1,255,253,397,-1,397,253,394,-1,398,257,256,-1,257,398,258,-1,258,398,262,-1,258,262,259,-1,259,262,261,-1,259,261,256,-1,256,261,260,-1,256,260,398,-1,267,265,264,-1,265,267,266,-1,266,267,399,-1,266,399,263,-1,263,399,269,-1,263,269,264,-1,264,269,268,-1,264,268,267,-1,299,298,400,-1,400,298,401,-1,316,402,317,-1,317,402,403,-1,404,405,406,-1,406,405,407,-1,406,407,408,-1,408,407,409,-1,283,282,296,-1,296,282,297,-1,410,411,412,-1,412,411,413,-1,412,413,414,-1,414,413,415,-1,416,417,306,-1,306,417,307,-1,309,308,418,-1,418,308,419,-1,420,421,422,-1,420,422,423,-1,423,422,424,-1,423,424,425,-1,425,424,426,-1,425,426,427,-1,428,330,429,-1,429,330,329,-1,430,339,428,-1,428,339,330,-1,431,340,430,-1,430,340,339,-1,429,329,431,-1,431,329,340,-1,432,433,434,-1,434,433,435,-1,436,437,438,-1,436,438,439,-1,439,438,440,-1,439,440,441,-1,354,355,442,-1,442,355,443,-1,442,443,444,-1,444,443,445,-1,444,445,446,-1,446,445,447,-1,446,447,448,-1,448,447,449,-1,447,450,449,-1,449,450,451,-1,449,451,452,-1,452,451,453,-1,452,453,454,-1,455,453,456,-1,456,453,457,-1,456,457,458,-1,458,457,450,-1,458,450,459,-1,459,450,460,-1,459,460,461,-1,461,460,445,-1,461,445,462,-1,445,463,462,-1,462,463,355,-1,462,355,356,-1,464,455,465,-1,465,455,466,-1,465,466,467,-1,467,466,458,-1,467,458,468,-1,468,458,469,-1,468,469,470,-1,470,469,461,-1,470,461,471,-1,461,472,471,-1,471,472,356,-1,471,356,357,-1,452,454,464,-1,452,464,473,-1,474,357,354,-1,464,475,473,-1,473,475,467,-1,473,467,476,-1,476,467,477,-1,476,477,446,-1,446,477,470,-1,446,470,444,-1,444,470,474,-1,444,474,442,-1,442,474,354,-1,478,479,480,-1,481,482,483,-1,483,482,484,-1,485,486,480,-1,480,486,487,-1,480,487,478,-1,488,489,485,-1,485,489,490,-1,485,490,486,-1,491,492,488,-1,488,492,493,-1,488,493,489,-1,494,495,491,-1,491,495,496,-1,491,496,492,-1,482,497,484,-1,484,497,498,-1,484,498,494,-1,494,498,499,-1,494,499,495,-1,481,483,500,-1,500,483,501,-1,500,501,502,-1,503,504,505,-1,505,504,506,-1,507,508,502,-1,502,508,509,-1,502,509,500,-1,510,511,507,-1,507,511,512,-1,507,512,508,-1,513,514,510,-1,510,514,515,-1,510,515,511,-1,516,517,513,-1,513,517,518,-1,513,518,514,-1,504,519,506,-1,506,519,520,-1,506,520,516,-1,516,520,521,-1,516,521,517,-1,522,523,524,-1,522,525,523,-1,523,525,526,-1,523,526,527,-1,527,528,523,-1,523,528,529,-1,523,529,530,-1,531,532,533,-1,533,532,534,-1,533,534,535,-1,536,537,538,-1,539,540,541,-1,541,542,539,-1,539,542,543,-1,539,543,544,-1,545,546,535,-1,535,546,547,-1,535,547,533,-1,531,548,532,-1,532,548,549,-1,532,549,550,-1,551,552,536,-1,536,552,553,-1,536,553,537,-1,544,554,539,-1,539,554,555,-1,539,555,556,-1,550,557,532,-1,532,557,558,-1,532,558,536,-1,536,558,559,-1,536,559,551,-1,538,560,536,-1,536,560,561,-1,536,561,562,-1,562,561,523,-1,562,523,563,-1,563,523,530,-1,524,564,522,-1,522,564,539,-1,522,539,565,-1,565,539,556,-1,566,370,567,-1,567,370,369,-1,568,379,566,-1,566,379,370,-1,569,380,568,-1,568,380,379,-1,567,369,569,-1,569,369,380,-1,570,571,572,-1,570,572,573,-1,573,572,574,-1,573,574,575,-1,575,574,576,-1,575,576,577,-1,394,395,578,-1,578,395,579,-1,578,579,580,-1,580,579,581,-1,580,581,582,-1,582,581,583,-1,582,583,584,-1,584,583,585,-1,583,586,585,-1,585,586,587,-1,585,587,588,-1,588,587,589,-1,588,589,590,-1,591,589,592,-1,592,589,593,-1,592,593,594,-1,594,593,586,-1,594,586,595,-1,595,586,596,-1,595,596,597,-1,597,596,581,-1,597,581,598,-1,581,599,598,-1,598,599,395,-1,598,395,396,-1,600,591,601,-1,601,591,602,-1,601,602,603,-1,603,602,594,-1,603,594,604,-1,604,594,605,-1,604,605,606,-1,606,605,597,-1,606,597,607,-1,597,608,607,-1,607,608,396,-1,607,396,397,-1,588,590,600,-1,588,600,609,-1,610,397,394,-1,600,611,609,-1,609,611,603,-1,609,603,612,-1,612,603,613,-1,612,613,582,-1,582,613,606,-1,582,606,580,-1,580,606,610,-1,580,610,578,-1,578,610,394,-1,614,615,616,-1,614,616,617,-1,617,616,618,-1,617,618,619,-1,620,621,622,-1,622,621,623,-1,624,625,626,-1,626,625,627,-1,628,629,630,-1,631,630,632,-1,632,630,633,-1,634,635,636,-1,637,638,639,-1,639,638,640,-1,639,640,641,-1,631,642,630,-1,630,642,643,-1,630,643,628,-1,637,644,638,-1,638,644,636,-1,638,636,645,-1,645,636,635,-1,633,630,646,-1,646,630,647,-1,646,647,648,-1,649,650,651,-1,651,650,652,-1,652,650,653,-1,653,650,654,-1,653,654,655,-1,629,656,630,-1,630,656,653,-1,630,653,657,-1,657,653,655,-1,636,658,659,-1,659,660,636,-1,636,660,661,-1,636,661,662,-1,648,663,646,-1,646,663,664,-1,646,664,665,-1,665,664,639,-1,665,639,666,-1,666,639,641,-1,667,668,636,-1,636,668,669,-1,636,669,658,-1,662,670,636,-1,636,670,671,-1,636,671,634,-1,408,409,672,-1,672,409,673,-1,406,408,674,-1,674,408,672,-1,404,406,675,-1,675,406,674,-1,676,677,297,-1,297,677,295,-1,677,678,295,-1,295,678,679,-1,295,679,293,-1,679,680,293,-1,293,680,681,-1,293,681,291,-1,681,682,291,-1,291,682,683,-1,291,683,289,-1,260,238,684,-1,684,238,285,-1,684,285,685,-1,685,285,287,-1,685,287,686,-1,686,287,289,-1,686,289,687,-1,687,289,683,-1,688,398,260,-1,689,677,690,-1,690,677,676,-1,260,684,688,-1,688,684,685,-1,688,685,691,-1,685,686,691,-1,691,686,687,-1,691,687,692,-1,687,683,692,-1,692,683,682,-1,692,682,693,-1,693,682,681,-1,693,681,694,-1,681,680,694,-1,694,680,679,-1,694,679,689,-1,689,679,678,-1,689,678,677,-1,267,229,399,-1,399,229,226,-1,399,226,695,-1,695,226,271,-1,695,271,696,-1,696,271,273,-1,696,273,697,-1,697,273,275,-1,697,275,698,-1,698,275,277,-1,698,277,699,-1,699,277,279,-1,699,279,700,-1,700,279,281,-1,700,281,701,-1,701,281,283,-1,701,283,690,-1,690,283,296,-1,690,296,689,-1,689,296,294,-1,689,294,694,-1,694,294,292,-1,694,292,693,-1,693,292,290,-1,693,290,692,-1,692,290,288,-1,692,288,691,-1,691,288,286,-1,691,286,688,-1,688,286,284,-1,688,284,398,-1,398,284,236,-1,398,236,262,-1,262,236,232,-1,269,399,702,-1,702,399,695,-1,702,695,703,-1,703,695,696,-1,703,696,704,-1,704,696,697,-1,704,697,705,-1,705,697,698,-1,705,698,706,-1,706,698,699,-1,706,699,707,-1,707,699,700,-1,707,700,708,-1,708,700,701,-1,708,282,707,-1,707,282,280,-1,707,280,706,-1,706,280,278,-1,706,278,705,-1,705,278,276,-1,705,276,704,-1,704,276,274,-1,704,274,703,-1,703,274,272,-1,703,272,702,-1,702,272,270,-1,702,270,269,-1,269,270,225,-1,411,410,709,-1,709,410,710,-1,711,412,712,-1,712,412,414,-1,410,412,710,-1,710,412,711,-1,713,305,307,-1,714,715,716,-1,716,715,717,-1,716,717,718,-1,718,717,719,-1,718,719,720,-1,720,719,721,-1,720,721,722,-1,722,721,723,-1,722,723,417,-1,417,723,724,-1,417,724,307,-1,307,724,725,-1,307,725,713,-1,713,726,305,-1,305,726,727,-1,305,727,303,-1,303,727,728,-1,303,728,301,-1,301,728,729,-1,301,729,298,-1,298,729,730,-1,298,730,401,-1,400,731,299,-1,299,731,300,-1,731,732,300,-1,300,732,733,-1,300,733,302,-1,302,733,734,-1,302,734,304,-1,304,734,735,-1,304,735,306,-1,736,737,738,-1,738,737,739,-1,738,739,740,-1,740,739,741,-1,740,741,742,-1,742,741,743,-1,742,743,744,-1,744,743,745,-1,744,745,746,-1,746,745,416,-1,746,416,747,-1,747,416,306,-1,747,306,748,-1,748,306,735,-1,400,401,730,-1,400,730,731,-1,731,730,729,-1,731,729,732,-1,732,729,728,-1,732,728,733,-1,733,728,727,-1,733,727,734,-1,734,727,726,-1,734,726,735,-1,735,726,713,-1,735,713,748,-1,748,713,725,-1,748,725,747,-1,403,749,317,-1,317,749,315,-1,749,750,315,-1,315,750,751,-1,315,751,313,-1,313,751,752,-1,313,752,311,-1,311,752,753,-1,311,753,308,-1,754,755,756,-1,756,755,757,-1,756,757,758,-1,758,757,759,-1,758,759,760,-1,760,759,761,-1,760,761,762,-1,762,761,763,-1,762,763,764,-1,764,763,419,-1,764,419,765,-1,765,419,308,-1,765,308,766,-1,766,308,753,-1,767,765,766,-1,767,766,768,-1,766,753,768,-1,768,753,752,-1,768,752,769,-1,403,402,749,-1,749,402,770,-1,749,770,750,-1,750,770,769,-1,750,769,751,-1,751,769,752,-1,402,316,770,-1,770,316,314,-1,770,314,769,-1,769,314,312,-1,769,312,768,-1,768,312,310,-1,768,310,767,-1,767,310,309,-1,767,309,771,-1,771,309,418,-1,771,418,772,-1,772,418,773,-1,772,773,774,-1,774,773,775,-1,774,775,776,-1,776,775,777,-1,776,777,778,-1,778,777,779,-1,778,779,780,-1,780,779,781,-1,407,405,782,-1,407,782,783,-1,783,782,784,-1,783,784,785,-1,785,784,786,-1,785,786,787,-1,787,786,788,-1,787,788,789,-1,789,788,790,-1,789,790,791,-1,791,790,792,-1,791,792,793,-1,793,792,794,-1,793,794,795,-1,796,797,798,-1,796,798,799,-1,799,798,800,-1,799,800,801,-1,801,800,802,-1,801,802,803,-1,803,802,804,-1,803,804,805,-1,805,804,806,-1,805,806,807,-1,807,806,808,-1,807,808,809,-1,809,808,297,-1,809,297,282,-1,415,413,810,-1,415,810,811,-1,811,810,812,-1,811,812,813,-1,813,812,814,-1,813,814,815,-1,815,814,816,-1,815,816,817,-1,817,816,818,-1,817,818,819,-1,819,818,820,-1,819,820,821,-1,821,820,822,-1,821,822,823,-1,417,416,745,-1,417,745,722,-1,722,745,743,-1,722,743,720,-1,720,743,741,-1,720,741,718,-1,718,741,739,-1,718,739,716,-1,716,739,737,-1,716,737,714,-1,755,781,779,-1,755,779,757,-1,757,779,777,-1,757,777,759,-1,759,777,775,-1,759,775,761,-1,761,775,773,-1,761,773,763,-1,763,773,418,-1,763,418,419,-1,824,825,826,-1,826,825,827,-1,827,825,828,-1,828,825,829,-1,828,829,830,-1,831,832,833,-1,833,826,834,-1,835,836,837,-1,838,839,830,-1,834,840,833,-1,833,840,841,-1,833,841,831,-1,833,842,826,-1,826,842,843,-1,826,843,844,-1,839,845,830,-1,830,845,846,-1,830,846,828,-1,844,847,826,-1,826,847,848,-1,826,848,824,-1,835,837,849,-1,836,850,837,-1,837,850,851,-1,837,851,852,-1,838,830,837,-1,837,830,853,-1,837,853,849,-1,577,576,854,-1,854,576,855,-1,626,856,624,-1,624,856,857,-1,858,859,860,-1,861,862,863,-1,863,864,865,-1,865,864,866,-1,865,866,867,-1,867,866,868,-1,867,868,860,-1,860,868,869,-1,860,869,858,-1,859,870,860,-1,860,870,871,-1,860,871,872,-1,873,874,875,-1,875,874,876,-1,872,877,860,-1,860,877,874,-1,860,874,878,-1,878,874,873,-1,879,880,881,-1,881,880,882,-1,879,883,880,-1,880,883,884,-1,880,884,863,-1,863,884,885,-1,863,885,861,-1,862,886,863,-1,863,886,887,-1,863,887,864,-1,888,889,420,-1,420,889,421,-1,509,508,512,-1,515,890,511,-1,511,890,512,-1,515,514,890,-1,890,514,518,-1,890,518,517,-1,517,521,890,-1,890,521,520,-1,890,520,519,-1,519,504,890,-1,890,504,503,-1,890,503,891,-1,890,478,512,-1,512,478,487,-1,512,487,486,-1,486,490,512,-1,512,490,489,-1,512,489,493,-1,493,492,512,-1,512,492,496,-1,512,496,495,-1,495,499,512,-1,512,499,498,-1,512,498,497,-1,497,482,481,-1,497,481,512,-1,512,481,500,-1,512,500,509,-1,441,440,892,-1,892,440,893,-1,432,429,431,-1,429,432,428,-1,428,432,427,-1,428,427,430,-1,430,427,426,-1,430,426,431,-1,431,426,433,-1,431,433,432,-1,454,437,436,-1,437,454,435,-1,435,454,453,-1,435,453,434,-1,434,453,455,-1,434,455,436,-1,436,455,464,-1,436,464,454,-1,894,895,896,-1,896,895,897,-1,896,897,890,-1,890,897,479,-1,890,479,478,-1,898,899,900,-1,900,899,901,-1,899,902,901,-1,901,902,903,-1,901,903,904,-1,903,905,904,-1,904,905,906,-1,904,906,907,-1,906,908,907,-1,907,908,909,-1,907,909,910,-1,909,911,910,-1,910,911,912,-1,910,912,894,-1,894,912,913,-1,894,913,895,-1,897,914,505,-1,502,501,897,-1,897,501,483,-1,897,483,479,-1,479,483,480,-1,480,483,484,-1,480,484,494,-1,494,491,480,-1,480,491,488,-1,480,488,485,-1,505,506,897,-1,897,506,516,-1,897,516,513,-1,513,510,897,-1,897,510,507,-1,897,507,502,-1,891,503,505,-1,915,916,917,-1,915,918,916,-1,916,918,919,-1,916,919,920,-1,505,914,891,-1,891,914,921,-1,891,921,917,-1,917,921,922,-1,917,922,915,-1,919,923,920,-1,920,923,924,-1,920,924,925,-1,926,927,928,-1,928,927,929,-1,928,929,930,-1,930,929,931,-1,930,931,932,-1,932,931,925,-1,932,925,933,-1,933,925,924,-1,934,562,935,-1,935,562,563,-1,935,563,936,-1,563,530,936,-1,936,530,529,-1,936,529,937,-1,937,529,528,-1,937,528,938,-1,938,528,527,-1,527,526,938,-1,938,526,525,-1,938,525,939,-1,525,522,939,-1,939,522,565,-1,939,565,940,-1,940,565,556,-1,940,556,941,-1,556,555,941,-1,941,555,554,-1,941,554,942,-1,942,554,544,-1,942,544,943,-1,943,544,543,-1,943,543,944,-1,543,542,944,-1,944,542,541,-1,944,541,945,-1,523,946,524,-1,524,946,947,-1,524,947,564,-1,564,947,948,-1,564,948,539,-1,539,948,945,-1,539,945,540,-1,540,945,541,-1,946,949,947,-1,947,949,950,-1,947,950,948,-1,948,950,951,-1,948,951,945,-1,945,951,952,-1,945,952,944,-1,944,952,953,-1,944,953,943,-1,943,953,954,-1,943,954,942,-1,942,954,955,-1,942,955,941,-1,941,955,956,-1,941,956,940,-1,940,956,957,-1,940,957,939,-1,939,957,958,-1,939,958,938,-1,938,958,959,-1,938,959,937,-1,937,959,960,-1,937,960,936,-1,936,960,961,-1,936,961,935,-1,935,961,962,-1,935,962,934,-1,934,962,963,-1,949,964,950,-1,950,964,965,-1,950,965,951,-1,951,965,966,-1,951,966,952,-1,952,966,967,-1,952,967,953,-1,953,967,968,-1,953,968,954,-1,954,968,969,-1,954,969,955,-1,955,969,970,-1,955,970,956,-1,956,970,971,-1,956,971,957,-1,957,971,972,-1,957,972,958,-1,958,972,973,-1,958,973,959,-1,959,973,974,-1,959,974,960,-1,960,974,975,-1,960,975,961,-1,961,975,976,-1,961,976,962,-1,962,976,977,-1,962,977,963,-1,963,977,978,-1,964,979,965,-1,965,979,980,-1,965,980,966,-1,966,980,981,-1,966,981,967,-1,967,981,982,-1,967,982,968,-1,968,982,983,-1,968,983,969,-1,969,983,984,-1,969,984,970,-1,970,984,985,-1,970,985,971,-1,971,985,986,-1,971,986,972,-1,972,986,987,-1,972,987,973,-1,973,987,988,-1,973,988,974,-1,974,988,989,-1,974,989,975,-1,975,989,990,-1,975,990,976,-1,976,990,991,-1,976,991,977,-1,977,991,992,-1,977,992,978,-1,978,992,993,-1,979,994,980,-1,980,994,995,-1,980,995,981,-1,981,995,996,-1,981,996,982,-1,982,996,997,-1,982,997,983,-1,983,997,998,-1,983,998,984,-1,984,998,999,-1,984,999,985,-1,985,999,1000,-1,985,1000,986,-1,986,1000,1001,-1,986,1001,987,-1,987,1001,1002,-1,987,1002,988,-1,988,1002,1003,-1,988,1003,989,-1,989,1003,1004,-1,989,1004,990,-1,990,1004,1005,-1,990,1005,991,-1,991,1005,1006,-1,991,1006,992,-1,992,1006,1007,-1,992,1007,993,-1,993,1007,1008,-1,1008,1009,993,-1,993,1009,1010,-1,993,1010,978,-1,978,1010,1011,-1,978,1011,963,-1,963,1011,1012,-1,963,1012,934,-1,934,1012,1013,-1,934,1013,562,-1,562,1013,536,-1,1014,561,1015,-1,1015,561,560,-1,1015,560,1016,-1,560,538,1016,-1,1016,538,537,-1,1016,537,1017,-1,1017,537,553,-1,1017,553,1018,-1,1018,553,552,-1,552,551,1018,-1,1018,551,559,-1,1018,559,1019,-1,559,558,1019,-1,1019,558,557,-1,1019,557,1020,-1,1020,557,550,-1,1020,550,1021,-1,550,549,1021,-1,1021,549,548,-1,1021,548,1022,-1,1022,548,531,-1,1022,531,1023,-1,1023,531,533,-1,1023,533,1024,-1,533,547,1024,-1,1024,547,546,-1,1024,546,1025,-1,536,1013,532,-1,532,1013,1026,-1,532,1026,534,-1,534,1026,1027,-1,534,1027,535,-1,535,1027,1025,-1,535,1025,545,-1,545,1025,546,-1,1013,1012,1026,-1,1026,1012,1028,-1,1026,1028,1027,-1,1027,1028,1029,-1,1027,1029,1025,-1,1025,1029,1030,-1,1025,1030,1024,-1,1024,1030,1031,-1,1024,1031,1023,-1,1023,1031,1032,-1,1023,1032,1022,-1,1022,1032,1033,-1,1022,1033,1021,-1,1021,1033,1034,-1,1021,1034,1020,-1,1020,1034,1035,-1,1020,1035,1019,-1,1019,1035,1036,-1,1019,1036,1018,-1,1018,1036,1037,-1,1018,1037,1017,-1,1017,1037,1038,-1,1017,1038,1016,-1,1016,1038,1039,-1,1016,1039,1015,-1,1015,1039,1040,-1,1015,1040,1014,-1,1014,1040,1041,-1,1012,1011,1028,-1,1028,1011,1042,-1,1028,1042,1029,-1,1029,1042,1043,-1,1029,1043,1030,-1,1030,1043,1044,-1,1030,1044,1031,-1,1031,1044,1045,-1,1031,1045,1032,-1,1032,1045,1046,-1,1032,1046,1033,-1,1033,1046,1047,-1,1033,1047,1034,-1,1034,1047,1048,-1,1034,1048,1035,-1,1035,1048,1049,-1,1035,1049,1036,-1,1036,1049,1050,-1,1036,1050,1037,-1,1037,1050,1051,-1,1037,1051,1038,-1,1038,1051,1052,-1,1038,1052,1039,-1,1039,1052,1053,-1,1039,1053,1040,-1,1040,1053,1054,-1,1040,1054,1041,-1,1041,1054,1055,-1,1011,1010,1042,-1,1042,1010,1056,-1,1042,1056,1043,-1,1043,1056,1057,-1,1043,1057,1044,-1,1044,1057,1058,-1,1044,1058,1045,-1,1045,1058,1059,-1,1045,1059,1046,-1,1046,1059,1060,-1,1046,1060,1047,-1,1047,1060,1061,-1,1047,1061,1048,-1,1048,1061,1062,-1,1048,1062,1049,-1,1049,1062,1063,-1,1049,1063,1050,-1,1050,1063,1064,-1,1050,1064,1051,-1,1051,1064,1065,-1,1051,1065,1052,-1,1052,1065,1066,-1,1052,1066,1053,-1,1053,1066,1067,-1,1053,1067,1054,-1,1054,1067,1068,-1,1054,1068,1055,-1,1055,1068,1069,-1,1010,1009,1056,-1,1056,1009,1070,-1,1056,1070,1057,-1,1057,1070,1071,-1,1057,1071,1058,-1,1058,1071,1072,-1,1058,1072,1059,-1,1059,1072,1073,-1,1059,1073,1060,-1,1060,1073,1074,-1,1060,1074,1061,-1,1061,1074,1075,-1,1061,1075,1062,-1,1062,1075,1076,-1,1062,1076,1063,-1,1063,1076,1077,-1,1063,1077,1064,-1,1064,1077,1078,-1,1064,1078,1065,-1,1065,1078,1079,-1,1065,1079,1066,-1,1066,1079,1080,-1,1066,1080,1067,-1,1067,1080,1081,-1,1067,1081,1068,-1,1068,1081,1082,-1,1068,1082,1069,-1,1069,1082,1083,-1,1083,994,1069,-1,1069,994,979,-1,1069,979,1055,-1,1055,979,964,-1,1055,964,1041,-1,1041,964,949,-1,1041,949,1014,-1,1014,949,946,-1,1014,946,561,-1,561,946,523,-1,1084,1085,614,-1,614,1085,615,-1,568,571,570,-1,571,568,622,-1,622,568,566,-1,622,566,620,-1,620,566,567,-1,620,567,570,-1,570,567,569,-1,570,569,568,-1,621,591,600,-1,591,621,589,-1,589,621,619,-1,589,619,590,-1,590,619,618,-1,590,618,600,-1,600,618,623,-1,600,623,621,-1,1086,1087,1088,-1,1088,1087,1089,-1,1088,1089,857,-1,857,1089,625,-1,857,625,624,-1,1090,1091,1092,-1,1092,1091,1093,-1,1091,1094,1093,-1,1093,1094,1095,-1,1093,1095,1096,-1,1095,1097,1096,-1,1096,1097,1098,-1,1096,1098,1099,-1,1098,1100,1099,-1,1099,1100,1101,-1,1099,1101,1102,-1,1101,1103,1102,-1,1102,1103,1104,-1,1102,1104,1086,-1,1086,1104,1105,-1,1086,1105,1087,-1,625,1089,627,-1,627,1089,1106,-1,856,626,627,-1,1107,1108,1109,-1,1107,1110,1108,-1,1108,1110,1111,-1,1108,1111,1112,-1,627,1106,856,-1,856,1106,1113,-1,856,1113,1109,-1,1109,1113,1114,-1,1109,1114,1107,-1,1111,1115,1112,-1,1112,1115,1116,-1,1112,1116,1117,-1,1118,1119,1120,-1,1120,1119,1121,-1,1120,1121,1122,-1,1122,1121,1123,-1,1122,1123,1124,-1,1124,1123,1117,-1,1124,1117,1125,-1,1125,1117,1116,-1,1126,1127,1128,-1,1128,1127,1129,-1,1128,1129,1130,-1,1130,1129,1131,-1,1130,1131,1132,-1,1132,1131,1133,-1,1132,1133,1134,-1,1134,1133,1135,-1,1134,1135,665,-1,665,1135,646,-1,1136,664,1137,-1,1137,664,663,-1,1137,663,1138,-1,663,648,1138,-1,1138,648,647,-1,1138,647,1139,-1,1139,647,630,-1,1139,630,1140,-1,1140,630,657,-1,657,655,1140,-1,1140,655,654,-1,1140,654,1141,-1,654,650,1141,-1,1141,650,649,-1,1141,649,1142,-1,1142,649,651,-1,1142,651,1143,-1,651,652,1143,-1,1143,652,653,-1,1143,653,1144,-1,1144,653,656,-1,1144,656,1145,-1,1145,656,629,-1,1145,629,1146,-1,629,628,1146,-1,1146,628,643,-1,1146,643,1147,-1,646,1135,633,-1,633,1135,1148,-1,633,1148,632,-1,632,1148,1149,-1,632,1149,631,-1,631,1149,1147,-1,631,1147,642,-1,642,1147,643,-1,1135,1133,1148,-1,1148,1133,1150,-1,1148,1150,1149,-1,1149,1150,1151,-1,1149,1151,1147,-1,1147,1151,1152,-1,1147,1152,1146,-1,1146,1152,1153,-1,1146,1153,1145,-1,1145,1153,1154,-1,1145,1154,1144,-1,1144,1154,1155,-1,1144,1155,1143,-1,1143,1155,1156,-1,1143,1156,1142,-1,1142,1156,1157,-1,1142,1157,1141,-1,1141,1157,1158,-1,1141,1158,1140,-1,1140,1158,1159,-1,1140,1159,1139,-1,1139,1159,1160,-1,1139,1160,1138,-1,1138,1160,1161,-1,1138,1161,1137,-1,1137,1161,1162,-1,1137,1162,1136,-1,1136,1162,1163,-1,1133,1131,1150,-1,1150,1131,1164,-1,1150,1164,1151,-1,1151,1164,1165,-1,1151,1165,1152,-1,1152,1165,1166,-1,1152,1166,1153,-1,1153,1166,1167,-1,1153,1167,1154,-1,1154,1167,1168,-1,1154,1168,1155,-1,1155,1168,1169,-1,1155,1169,1156,-1,1156,1169,1170,-1,1156,1170,1157,-1,1157,1170,1171,-1,1157,1171,1158,-1,1158,1171,1172,-1,1158,1172,1159,-1,1159,1172,1173,-1,1159,1173,1160,-1,1160,1173,1174,-1,1160,1174,1161,-1,1161,1174,1175,-1,1161,1175,1162,-1,1162,1175,1176,-1,1162,1176,1163,-1,1163,1176,1177,-1,1131,1129,1164,-1,1164,1129,1178,-1,1164,1178,1165,-1,1165,1178,1179,-1,1165,1179,1166,-1,1166,1179,1180,-1,1166,1180,1167,-1,1167,1180,1181,-1,1167,1181,1168,-1,1168,1181,1182,-1,1168,1182,1169,-1,1169,1182,1183,-1,1169,1183,1170,-1,1170,1183,1184,-1,1170,1184,1171,-1,1171,1184,1185,-1,1171,1185,1172,-1,1172,1185,1186,-1,1172,1186,1173,-1,1173,1186,1187,-1,1173,1187,1174,-1,1174,1187,1188,-1,1174,1188,1175,-1,1175,1188,1189,-1,1175,1189,1176,-1,1176,1189,1190,-1,1176,1190,1177,-1,1177,1190,1191,-1,1129,1127,1178,-1,1178,1127,1192,-1,1178,1192,1179,-1,1179,1192,1193,-1,1179,1193,1180,-1,1180,1193,1194,-1,1180,1194,1181,-1,1181,1194,1195,-1,1181,1195,1182,-1,1182,1195,1196,-1,1182,1196,1183,-1,1183,1196,1197,-1,1183,1197,1184,-1,1184,1197,1198,-1,1184,1198,1185,-1,1185,1198,1199,-1,1185,1199,1186,-1,1186,1199,1200,-1,1186,1200,1187,-1,1187,1200,1201,-1,1187,1201,1188,-1,1188,1201,1202,-1,1188,1202,1189,-1,1189,1202,1203,-1,1189,1203,1190,-1,1190,1203,1204,-1,1190,1204,1191,-1,1191,1204,1205,-1,1205,1206,1191,-1,1191,1206,1207,-1,1191,1207,1177,-1,1177,1207,1208,-1,1177,1208,1163,-1,1163,1208,1209,-1,1163,1209,1136,-1,1136,1209,1210,-1,1136,1210,664,-1,664,1210,639,-1,1134,665,1211,-1,1211,665,666,-1,1211,666,1212,-1,666,641,1212,-1,1212,641,640,-1,1212,640,1213,-1,1213,640,638,-1,1213,638,1214,-1,1214,638,645,-1,645,635,1214,-1,1214,635,634,-1,1214,634,1215,-1,634,671,1215,-1,1215,671,670,-1,1215,670,1216,-1,1216,670,662,-1,1216,662,1217,-1,662,661,1217,-1,1217,661,660,-1,1217,660,1218,-1,1218,660,659,-1,1218,659,1219,-1,1219,659,658,-1,1219,658,1220,-1,658,669,1220,-1,1220,669,668,-1,1220,668,1221,-1,639,1210,637,-1,637,1210,1222,-1,637,1222,644,-1,644,1222,1223,-1,644,1223,636,-1,636,1223,1221,-1,636,1221,667,-1,667,1221,668,-1,1210,1209,1222,-1,1222,1209,1224,-1,1222,1224,1223,-1,1223,1224,1225,-1,1223,1225,1221,-1,1221,1225,1226,-1,1221,1226,1220,-1,1220,1226,1227,-1,1220,1227,1219,-1,1219,1227,1228,-1,1219,1228,1218,-1,1218,1228,1229,-1,1218,1229,1217,-1,1217,1229,1230,-1,1217,1230,1216,-1,1216,1230,1231,-1,1216,1231,1215,-1,1215,1231,1232,-1,1215,1232,1214,-1,1214,1232,1233,-1,1214,1233,1213,-1,1213,1233,1234,-1,1213,1234,1212,-1,1212,1234,1235,-1,1212,1235,1211,-1,1211,1235,1236,-1,1211,1236,1134,-1,1134,1236,1132,-1,1209,1208,1224,-1,1224,1208,1237,-1,1224,1237,1225,-1,1225,1237,1238,-1,1225,1238,1226,-1,1226,1238,1239,-1,1226,1239,1227,-1,1227,1239,1240,-1,1227,1240,1228,-1,1228,1240,1241,-1,1228,1241,1229,-1,1229,1241,1242,-1,1229,1242,1230,-1,1230,1242,1243,-1,1230,1243,1231,-1,1231,1243,1244,-1,1231,1244,1232,-1,1232,1244,1245,-1,1232,1245,1233,-1,1233,1245,1246,-1,1233,1246,1234,-1,1234,1246,1247,-1,1234,1247,1235,-1,1235,1247,1248,-1,1235,1248,1236,-1,1236,1248,1249,-1,1236,1249,1132,-1,1132,1249,1130,-1,1208,1207,1237,-1,1237,1207,1250,-1,1237,1250,1238,-1,1238,1250,1251,-1,1238,1251,1239,-1,1239,1251,1252,-1,1239,1252,1240,-1,1240,1252,1253,-1,1240,1253,1241,-1,1241,1253,1254,-1,1241,1254,1242,-1,1242,1254,1255,-1,1242,1255,1243,-1,1243,1255,1256,-1,1243,1256,1244,-1,1244,1256,1257,-1,1244,1257,1245,-1,1245,1257,1258,-1,1245,1258,1246,-1,1246,1258,1259,-1,1246,1259,1247,-1,1247,1259,1260,-1,1247,1260,1248,-1,1248,1260,1261,-1,1248,1261,1249,-1,1249,1261,1262,-1,1249,1262,1130,-1,1130,1262,1128,-1,1207,1206,1250,-1,1250,1206,1263,-1,1250,1263,1251,-1,1251,1263,1264,-1,1251,1264,1252,-1,1252,1264,1265,-1,1252,1265,1253,-1,1253,1265,1266,-1,1253,1266,1254,-1,1254,1266,1267,-1,1254,1267,1255,-1,1255,1267,1268,-1,1255,1268,1256,-1,1256,1268,1269,-1,1256,1269,1257,-1,1257,1269,1270,-1,1257,1270,1258,-1,1258,1270,1271,-1,1258,1271,1259,-1,1259,1271,1272,-1,1259,1272,1260,-1,1260,1272,1273,-1,1260,1273,1261,-1,1261,1273,1274,-1,1261,1274,1262,-1,1262,1274,1275,-1,1262,1275,1128,-1,1128,1275,1126,-1,672,673,674,-1,674,673,1276,-1,674,1276,675,-1,675,1276,1277,-1,1278,794,1279,-1,1279,794,792,-1,1279,792,1280,-1,1280,792,790,-1,1280,790,1281,-1,1281,790,788,-1,1281,788,1282,-1,1282,788,786,-1,1282,786,1283,-1,1283,786,784,-1,1283,784,1284,-1,1284,784,782,-1,1284,782,1277,-1,1277,782,405,-1,1277,405,675,-1,675,405,404,-1,690,676,701,-1,701,676,708,-1,712,1285,711,-1,711,1285,1286,-1,711,1286,710,-1,710,1286,709,-1,823,1287,821,-1,821,1287,1288,-1,821,1288,819,-1,819,1288,1289,-1,819,1289,817,-1,817,1289,1290,-1,817,1290,815,-1,815,1290,1291,-1,712,414,1285,-1,1285,414,415,-1,1285,415,1292,-1,1292,415,811,-1,1292,811,1291,-1,1291,811,813,-1,1291,813,815,-1,725,724,747,-1,747,724,746,-1,764,765,771,-1,771,765,767,-1,1293,1294,1295,-1,1296,1297,1298,-1,1298,1297,1299,-1,1298,1299,822,-1,822,1299,1300,-1,1295,1301,1293,-1,1293,1301,795,-1,1293,795,1302,-1,1300,1303,822,-1,822,1303,714,-1,822,714,823,-1,823,714,737,-1,823,737,1304,-1,1304,1305,823,-1,823,1305,794,-1,823,794,796,-1,796,794,797,-1,1305,781,794,-1,794,781,755,-1,794,755,795,-1,795,755,1306,-1,795,1306,1302,-1,1307,822,1308,-1,1308,822,820,-1,1308,820,1309,-1,1309,820,818,-1,1309,818,1310,-1,411,709,413,-1,413,709,1286,-1,413,1286,810,-1,810,1286,1311,-1,810,1311,812,-1,812,1311,1312,-1,812,1312,814,-1,814,1312,1310,-1,814,1310,816,-1,816,1310,818,-1,827,828,1313,-1,827,1313,1314,-1,1314,1313,1315,-1,1314,1315,1316,-1,1316,1315,1317,-1,1316,1317,1318,-1,1318,1317,1319,-1,1318,1319,1320,-1,1320,1319,1321,-1,1320,1321,1322,-1,1323,1324,1325,-1,1326,1323,1327,-1,1328,1326,1329,-1,1330,1328,1331,-1,829,1330,1332,-1,829,1332,830,-1,830,1332,1333,-1,830,1333,853,-1,853,1333,1334,-1,853,1334,849,-1,849,1334,1335,-1,849,1335,835,-1,835,1335,1336,-1,835,1336,836,-1,836,1336,1337,-1,836,1337,850,-1,850,1337,1338,-1,850,1338,851,-1,851,1338,1339,-1,851,1339,852,-1,852,1339,1340,-1,852,1340,837,-1,837,1340,1341,-1,837,1341,838,-1,838,1341,1342,-1,838,1342,839,-1,839,1342,1343,-1,839,1343,845,-1,845,1343,1344,-1,845,1344,846,-1,846,1344,1313,-1,846,1313,828,-1,1330,1331,1332,-1,1332,1331,1345,-1,1332,1345,1333,-1,1333,1345,1346,-1,1333,1346,1334,-1,1334,1346,1347,-1,1334,1347,1335,-1,1335,1347,1348,-1,1335,1348,1336,-1,1336,1348,1349,-1,1336,1349,1337,-1,1337,1349,1350,-1,1337,1350,1338,-1,1338,1350,1351,-1,1338,1351,1339,-1,1339,1351,1352,-1,1339,1352,1340,-1,1340,1352,1353,-1,1340,1353,1341,-1,1341,1353,1354,-1,1341,1354,1342,-1,1342,1354,1355,-1,1342,1355,1343,-1,1343,1355,1356,-1,1343,1356,1344,-1,1344,1356,1315,-1,1344,1315,1313,-1,1328,1329,1331,-1,1331,1329,1357,-1,1331,1357,1345,-1,1345,1357,1358,-1,1345,1358,1346,-1,1346,1358,1359,-1,1346,1359,1347,-1,1347,1359,1360,-1,1347,1360,1348,-1,1348,1360,1361,-1,1348,1361,1349,-1,1349,1361,1362,-1,1349,1362,1350,-1,1350,1362,1363,-1,1350,1363,1351,-1,1351,1363,1364,-1,1351,1364,1352,-1,1352,1364,1365,-1,1352,1365,1353,-1,1353,1365,1366,-1,1353,1366,1354,-1,1354,1366,1367,-1,1354,1367,1355,-1,1355,1367,1368,-1,1355,1368,1356,-1,1356,1368,1317,-1,1356,1317,1315,-1,1326,1327,1329,-1,1329,1327,1369,-1,1329,1369,1357,-1,1357,1369,1370,-1,1357,1370,1358,-1,1358,1370,1371,-1,1358,1371,1359,-1,1359,1371,1372,-1,1359,1372,1360,-1,1360,1372,1373,-1,1360,1373,1361,-1,1361,1373,1374,-1,1361,1374,1362,-1,1362,1374,1375,-1,1362,1375,1363,-1,1363,1375,1376,-1,1363,1376,1364,-1,1364,1376,1377,-1,1364,1377,1365,-1,1365,1377,1378,-1,1365,1378,1366,-1,1366,1378,1379,-1,1366,1379,1367,-1,1367,1379,1380,-1,1367,1380,1368,-1,1368,1380,1319,-1,1368,1319,1317,-1,1323,1325,1327,-1,1327,1325,1381,-1,1327,1381,1369,-1,1369,1381,1382,-1,1369,1382,1370,-1,1370,1382,1383,-1,1370,1383,1371,-1,1371,1383,1384,-1,1371,1384,1372,-1,1372,1384,1385,-1,1372,1385,1373,-1,1373,1385,1386,-1,1373,1386,1374,-1,1374,1386,1387,-1,1374,1387,1375,-1,1375,1387,1388,-1,1375,1388,1376,-1,1376,1388,1389,-1,1376,1389,1377,-1,1377,1389,1390,-1,1377,1390,1378,-1,1378,1390,1391,-1,1378,1391,1379,-1,1379,1391,1392,-1,1379,1392,1380,-1,1380,1392,1321,-1,1380,1321,1319,-1,829,825,1393,-1,829,1393,1330,-1,1330,1393,1394,-1,1330,1394,1328,-1,1328,1394,1395,-1,1328,1395,1326,-1,1326,1395,1396,-1,1326,1396,1323,-1,1323,1396,1397,-1,1323,1397,1324,-1,1320,1322,1398,-1,1318,1320,1399,-1,1316,1318,1400,-1,1314,1316,1401,-1,827,1314,1402,-1,827,1402,826,-1,826,1402,1403,-1,826,1403,834,-1,834,1403,1404,-1,834,1404,840,-1,840,1404,1405,-1,840,1405,841,-1,841,1405,1406,-1,841,1406,831,-1,831,1406,1407,-1,831,1407,832,-1,832,1407,1408,-1,832,1408,833,-1,833,1408,1409,-1,833,1409,842,-1,842,1409,1410,-1,842,1410,843,-1,843,1410,1411,-1,843,1411,844,-1,844,1411,1412,-1,844,1412,847,-1,847,1412,1413,-1,847,1413,848,-1,848,1413,1414,-1,848,1414,824,-1,824,1414,1393,-1,824,1393,825,-1,1314,1401,1402,-1,1402,1401,1415,-1,1402,1415,1403,-1,1403,1415,1416,-1,1403,1416,1404,-1,1404,1416,1417,-1,1404,1417,1405,-1,1405,1417,1418,-1,1405,1418,1406,-1,1406,1418,1419,-1,1406,1419,1407,-1,1407,1419,1420,-1,1407,1420,1408,-1,1408,1420,1421,-1,1408,1421,1409,-1,1409,1421,1422,-1,1409,1422,1410,-1,1410,1422,1423,-1,1410,1423,1411,-1,1411,1423,1424,-1,1411,1424,1412,-1,1412,1424,1425,-1,1412,1425,1413,-1,1413,1425,1426,-1,1413,1426,1414,-1,1414,1426,1394,-1,1414,1394,1393,-1,1316,1400,1401,-1,1401,1400,1427,-1,1401,1427,1415,-1,1415,1427,1428,-1,1415,1428,1416,-1,1416,1428,1429,-1,1416,1429,1417,-1,1417,1429,1430,-1,1417,1430,1418,-1,1418,1430,1431,-1,1418,1431,1419,-1,1419,1431,1432,-1,1419,1432,1420,-1,1420,1432,1433,-1,1420,1433,1421,-1,1421,1433,1434,-1,1421,1434,1422,-1,1422,1434,1435,-1,1422,1435,1423,-1,1423,1435,1436,-1,1423,1436,1424,-1,1424,1436,1437,-1,1424,1437,1425,-1,1425,1437,1438,-1,1425,1438,1426,-1,1426,1438,1395,-1,1426,1395,1394,-1,1318,1399,1400,-1,1400,1399,1439,-1,1400,1439,1427,-1,1427,1439,1440,-1,1427,1440,1428,-1,1428,1440,1441,-1,1428,1441,1429,-1,1429,1441,1442,-1,1429,1442,1430,-1,1430,1442,1443,-1,1430,1443,1431,-1,1431,1443,1444,-1,1431,1444,1432,-1,1432,1444,1445,-1,1432,1445,1433,-1,1433,1445,1446,-1,1433,1446,1434,-1,1434,1446,1447,-1,1434,1447,1435,-1,1435,1447,1448,-1,1435,1448,1436,-1,1436,1448,1449,-1,1436,1449,1437,-1,1437,1449,1450,-1,1437,1450,1438,-1,1438,1450,1396,-1,1438,1396,1395,-1,1320,1398,1399,-1,1399,1398,1451,-1,1399,1451,1439,-1,1439,1451,1452,-1,1439,1452,1440,-1,1440,1452,1453,-1,1440,1453,1441,-1,1441,1453,1454,-1,1441,1454,1442,-1,1442,1454,1455,-1,1442,1455,1443,-1,1443,1455,1456,-1,1443,1456,1444,-1,1444,1456,1457,-1,1444,1457,1445,-1,1445,1457,1458,-1,1445,1458,1446,-1,1446,1458,1459,-1,1446,1459,1447,-1,1447,1459,1460,-1,1447,1460,1448,-1,1448,1460,1461,-1,1448,1461,1449,-1,1449,1461,1462,-1,1449,1462,1450,-1,1450,1462,1397,-1,1450,1397,1396,-1,1463,1464,1465,-1,1463,1465,1466,-1,1466,1465,1467,-1,1466,1467,1468,-1,1468,1467,854,-1,1468,854,855,-1,1119,1092,1093,-1,1119,1093,1121,-1,1121,1093,1096,-1,1121,1096,1123,-1,1123,1096,1099,-1,1123,1099,1117,-1,1117,1099,1102,-1,1117,1102,1112,-1,1112,1102,1086,-1,1112,1086,1108,-1,1108,1086,1088,-1,1108,1088,1109,-1,1109,1088,857,-1,1109,857,856,-1,1469,1470,1471,-1,1469,1471,1472,-1,1472,1471,1473,-1,1472,1473,1474,-1,1474,1473,1475,-1,1474,1475,1476,-1,1476,1475,1477,-1,1476,1477,1478,-1,1478,1477,1479,-1,1478,1479,1480,-1,1480,1479,1481,-1,1480,1481,1482,-1,1482,1481,1483,-1,1482,1483,1484,-1,1485,1469,1486,-1,1485,1486,1487,-1,1487,1486,1488,-1,1487,1488,1489,-1,1489,1488,1490,-1,1489,1490,1491,-1,1491,1490,1492,-1,1491,1492,1493,-1,1493,1492,1494,-1,1493,1494,1495,-1,1495,1494,1496,-1,1495,1496,1497,-1,1497,1496,1301,-1,1497,1301,1295,-1,1296,1298,1498,-1,1296,1498,1499,-1,1499,1498,1500,-1,1499,1500,1501,-1,1501,1500,1502,-1,1501,1502,1503,-1,1503,1502,1504,-1,1503,1504,1505,-1,1505,1504,1506,-1,1505,1506,1507,-1,1507,1506,1508,-1,1507,1508,1509,-1,1510,1511,1512,-1,1513,1510,1514,-1,1515,1513,1516,-1,1517,1515,1518,-1,865,1517,1519,-1,865,1519,863,-1,863,1519,1520,-1,863,1520,880,-1,880,1520,1521,-1,880,1521,882,-1,882,1521,1522,-1,882,1522,881,-1,881,1522,1523,-1,881,1523,879,-1,879,1523,1524,-1,879,1524,883,-1,883,1524,1525,-1,883,1525,884,-1,884,1525,1526,-1,884,1526,885,-1,885,1526,1527,-1,885,1527,861,-1,861,1527,1528,-1,861,1528,862,-1,862,1528,1529,-1,862,1529,886,-1,886,1529,1530,-1,886,1530,887,-1,887,1530,1531,-1,887,1531,864,-1,864,1531,1532,-1,864,1532,866,-1,1517,1518,1519,-1,1519,1518,1533,-1,1519,1533,1520,-1,1520,1533,1534,-1,1520,1534,1521,-1,1521,1534,1535,-1,1521,1535,1522,-1,1522,1535,1536,-1,1522,1536,1523,-1,1523,1536,1537,-1,1523,1537,1524,-1,1524,1537,1538,-1,1524,1538,1525,-1,1525,1538,1539,-1,1525,1539,1526,-1,1526,1539,1540,-1,1526,1540,1527,-1,1527,1540,1541,-1,1527,1541,1528,-1,1528,1541,1542,-1,1528,1542,1529,-1,1529,1542,1543,-1,1529,1543,1530,-1,1530,1543,1544,-1,1530,1544,1531,-1,1531,1544,1545,-1,1531,1545,1532,-1,1515,1516,1518,-1,1518,1516,1546,-1,1518,1546,1533,-1,1533,1546,1547,-1,1533,1547,1534,-1,1534,1547,1548,-1,1534,1548,1535,-1,1535,1548,1549,-1,1535,1549,1536,-1,1536,1549,1550,-1,1536,1550,1537,-1,1537,1550,1551,-1,1537,1551,1538,-1,1538,1551,1552,-1,1538,1552,1539,-1,1539,1552,1553,-1,1539,1553,1540,-1,1540,1553,1554,-1,1540,1554,1541,-1,1541,1554,1555,-1,1541,1555,1542,-1,1542,1555,1556,-1,1542,1556,1543,-1,1543,1556,1557,-1,1543,1557,1544,-1,1544,1557,1558,-1,1544,1558,1545,-1,1513,1514,1516,-1,1516,1514,1559,-1,1516,1559,1546,-1,1546,1559,1560,-1,1546,1560,1547,-1,1547,1560,1561,-1,1547,1561,1548,-1,1548,1561,1562,-1,1548,1562,1549,-1,1549,1562,1563,-1,1549,1563,1550,-1,1550,1563,1564,-1,1550,1564,1551,-1,1551,1564,1565,-1,1551,1565,1552,-1,1552,1565,1566,-1,1552,1566,1553,-1,1553,1566,1567,-1,1553,1567,1554,-1,1554,1567,1568,-1,1554,1568,1555,-1,1555,1568,1569,-1,1555,1569,1556,-1,1556,1569,1570,-1,1556,1570,1557,-1,1557,1570,1571,-1,1557,1571,1558,-1,1510,1512,1514,-1,1514,1512,1572,-1,1514,1572,1559,-1,1559,1572,1573,-1,1559,1573,1560,-1,1560,1573,1574,-1,1560,1574,1561,-1,1561,1574,1575,-1,1561,1575,1562,-1,1562,1575,1576,-1,1562,1576,1563,-1,1563,1576,1577,-1,1563,1577,1564,-1,1564,1577,1578,-1,1564,1578,1565,-1,1565,1578,1579,-1,1565,1579,1566,-1,1566,1579,1580,-1,1566,1580,1567,-1,1567,1580,1581,-1,1567,1581,1568,-1,1568,1581,1582,-1,1568,1582,1569,-1,1569,1582,1583,-1,1569,1583,1570,-1,1570,1583,1584,-1,1570,1584,1571,-1,865,867,1585,-1,865,1585,1517,-1,1517,1585,1586,-1,1517,1586,1515,-1,1515,1586,1587,-1,1515,1587,1513,-1,1513,1587,1588,-1,1513,1588,1510,-1,1510,1588,1589,-1,1510,1589,1511,-1,1590,1591,1592,-1,1593,1590,1594,-1,1595,1593,1596,-1,1597,1595,1598,-1,868,1597,1599,-1,868,1599,869,-1,869,1599,1600,-1,869,1600,858,-1,858,1600,1601,-1,858,1601,859,-1,859,1601,1602,-1,859,1602,870,-1,870,1602,1603,-1,870,1603,871,-1,871,1603,1604,-1,871,1604,872,-1,872,1604,1605,-1,872,1605,877,-1,877,1605,1606,-1,877,1606,874,-1,874,1606,1607,-1,874,1607,876,-1,876,1607,1608,-1,876,1608,875,-1,875,1608,1609,-1,875,1609,873,-1,873,1609,1610,-1,873,1610,878,-1,878,1610,1611,-1,878,1611,860,-1,860,1611,1585,-1,860,1585,867,-1,1597,1598,1599,-1,1599,1598,1612,-1,1599,1612,1600,-1,1600,1612,1613,-1,1600,1613,1601,-1,1601,1613,1614,-1,1601,1614,1602,-1,1602,1614,1615,-1,1602,1615,1603,-1,1603,1615,1616,-1,1603,1616,1604,-1,1604,1616,1617,-1,1604,1617,1605,-1,1605,1617,1618,-1,1605,1618,1606,-1,1606,1618,1619,-1,1606,1619,1607,-1,1607,1619,1620,-1,1607,1620,1608,-1,1608,1620,1621,-1,1608,1621,1609,-1,1609,1621,1622,-1,1609,1622,1610,-1,1610,1622,1623,-1,1610,1623,1611,-1,1611,1623,1586,-1,1611,1586,1585,-1,1595,1596,1598,-1,1598,1596,1624,-1,1598,1624,1612,-1,1612,1624,1625,-1,1612,1625,1613,-1,1613,1625,1626,-1,1613,1626,1614,-1,1614,1626,1627,-1,1614,1627,1615,-1,1615,1627,1628,-1,1615,1628,1616,-1,1616,1628,1629,-1,1616,1629,1617,-1,1617,1629,1630,-1,1617,1630,1618,-1,1618,1630,1631,-1,1618,1631,1619,-1,1619,1631,1632,-1,1619,1632,1620,-1,1620,1632,1633,-1,1620,1633,1621,-1,1621,1633,1634,-1,1621,1634,1622,-1,1622,1634,1635,-1,1622,1635,1623,-1,1623,1635,1587,-1,1623,1587,1586,-1,1593,1594,1596,-1,1596,1594,1636,-1,1596,1636,1624,-1,1624,1636,1637,-1,1624,1637,1625,-1,1625,1637,1638,-1,1625,1638,1626,-1,1626,1638,1639,-1,1626,1639,1627,-1,1627,1639,1640,-1,1627,1640,1628,-1,1628,1640,1641,-1,1628,1641,1629,-1,1629,1641,1642,-1,1629,1642,1630,-1,1630,1642,1643,-1,1630,1643,1631,-1,1631,1643,1644,-1,1631,1644,1632,-1,1632,1644,1645,-1,1632,1645,1633,-1,1633,1645,1646,-1,1633,1646,1634,-1,1634,1646,1647,-1,1634,1647,1635,-1,1635,1647,1588,-1,1635,1588,1587,-1,1590,1592,1594,-1,1594,1592,1648,-1,1594,1648,1636,-1,1636,1648,1649,-1,1636,1649,1637,-1,1637,1649,1650,-1,1637,1650,1638,-1,1638,1650,1651,-1,1638,1651,1639,-1,1639,1651,1652,-1,1639,1652,1640,-1,1640,1652,1653,-1,1640,1653,1641,-1,1641,1653,1654,-1,1641,1654,1642,-1,1642,1654,1655,-1,1642,1655,1643,-1,1643,1655,1656,-1,1643,1656,1644,-1,1644,1656,1657,-1,1644,1657,1645,-1,1645,1657,1658,-1,1645,1658,1646,-1,1646,1658,1659,-1,1646,1659,1647,-1,1647,1659,1589,-1,1647,1589,1588,-1,868,866,1532,-1,868,1532,1597,-1,1597,1532,1545,-1,1597,1545,1595,-1,1595,1545,1558,-1,1595,1558,1593,-1,1593,1558,1571,-1,1593,1571,1590,-1,1590,1571,1584,-1,1590,1584,1591,-1,1660,1661,1662,-1,1660,1662,1663,-1,1663,1662,1664,-1,1663,1664,1665,-1,1665,1664,1666,-1,1665,1666,1667,-1,1667,1666,1668,-1,1667,1668,1669,-1,1669,1668,1670,-1,1669,1670,1671,-1,1671,1670,1672,-1,1671,1672,1673,-1,1673,1672,1674,-1,1673,1674,1508,-1,889,888,1675,-1,889,1675,1676,-1,1676,1675,1677,-1,1676,1677,1678,-1,1678,1677,1679,-1,1678,1679,1680,-1,927,900,901,-1,927,901,929,-1,929,901,904,-1,929,904,931,-1,931,904,907,-1,931,907,925,-1,925,907,910,-1,925,910,920,-1,920,910,894,-1,920,894,916,-1,916,894,896,-1,916,896,917,-1,917,896,890,-1,917,890,891,-1,1681,1682,1683,-1,1683,1682,1684,-1,1660,1685,1686,-1,1686,1685,1687,-1,1687,1688,1686,-1,1686,1688,1689,-1,437,435,433,-1,1689,1688,1680,-1,1680,1688,1690,-1,433,426,437,-1,437,426,424,-1,437,424,438,-1,438,424,422,-1,438,422,440,-1,440,422,421,-1,440,421,893,-1,893,421,889,-1,893,889,1691,-1,1691,889,1676,-1,1691,1676,1690,-1,1690,1676,1678,-1,1690,1678,1680,-1,892,893,1692,-1,1692,893,1691,-1,1692,1691,1693,-1,1693,1691,1690,-1,432,434,427,-1,427,434,436,-1,427,436,425,-1,425,436,439,-1,425,439,423,-1,423,439,441,-1,1694,1695,1693,-1,1693,1695,1679,-1,1693,1679,1692,-1,1692,1679,1677,-1,1692,1677,892,-1,1677,1675,892,-1,892,1675,888,-1,892,888,441,-1,441,888,420,-1,441,420,423,-1,1696,1695,1697,-1,1697,1695,1694,-1,1698,1699,1700,-1,1698,1700,1701,-1,1701,1700,1702,-1,1701,1702,1703,-1,1703,1702,1704,-1,1703,1704,1705,-1,1705,1704,1706,-1,1705,1706,1707,-1,1707,1706,1708,-1,1707,1708,1709,-1,1709,1708,1710,-1,1709,1710,1711,-1,1711,1710,1712,-1,1711,1712,1713,-1,1713,1712,1714,-1,1713,1714,1715,-1,1715,1714,1716,-1,1715,1716,1717,-1,1717,1716,1718,-1,1717,1718,1719,-1,1719,1718,1720,-1,1719,1720,1721,-1,1721,1720,1696,-1,1721,1696,1697,-1,1722,1699,1723,-1,1723,1699,1698,-1,1724,1725,1726,-1,1726,1725,1727,-1,1726,1727,1728,-1,1728,1727,1729,-1,1728,1729,1730,-1,1730,1729,1731,-1,1730,1731,1732,-1,1732,1731,1733,-1,1732,1733,1734,-1,1734,1733,1735,-1,1734,1735,1736,-1,1736,1735,1737,-1,1736,1737,1738,-1,1738,1737,1739,-1,1738,1739,1740,-1,1740,1739,1741,-1,1740,1741,1742,-1,1742,1741,1743,-1,1742,1743,1744,-1,1744,1743,1745,-1,1744,1745,1746,-1,1746,1745,1747,-1,1746,1747,1723,-1,1723,1747,1722,-1,1724,1748,1725,-1,1725,1748,1749,-1,1750,1751,1748,-1,1748,1751,1749,-1,1750,1752,1751,-1,1751,1752,1753,-1,1752,1754,1753,-1,1753,1754,1755,-1,898,900,1756,-1,1756,900,1757,-1,1756,1757,1758,-1,1758,1757,1759,-1,1758,1759,1760,-1,1760,1759,1761,-1,1760,1761,1762,-1,1762,1761,1763,-1,1762,1763,1764,-1,1764,1763,1765,-1,1764,1765,1766,-1,1766,1765,1767,-1,1766,1767,1768,-1,1768,1767,1769,-1,1768,1769,1770,-1,1770,1769,1771,-1,1770,1771,1772,-1,1772,1771,1773,-1,1772,1773,1774,-1,1774,1773,1775,-1,1774,1775,1776,-1,1776,1775,1777,-1,1776,1777,1778,-1,1778,1777,1779,-1,1778,1779,1780,-1,1780,1779,1781,-1,1780,1781,1754,-1,1754,1781,1755,-1,898,926,899,-1,899,926,928,-1,899,928,902,-1,902,928,903,-1,914,897,921,-1,921,897,895,-1,921,895,922,-1,922,895,913,-1,922,913,915,-1,915,913,912,-1,915,912,918,-1,918,912,911,-1,918,911,919,-1,919,911,909,-1,919,909,923,-1,923,909,908,-1,923,908,924,-1,924,908,906,-1,924,906,933,-1,933,906,905,-1,933,905,932,-1,932,905,903,-1,932,903,930,-1,930,903,928,-1,1684,1682,1782,-1,1782,1682,1783,-1,1782,1783,1784,-1,1784,1783,1785,-1,1784,1785,1786,-1,1786,1785,1787,-1,1786,1787,1788,-1,1788,1787,1789,-1,1788,1789,1790,-1,1790,1789,1791,-1,1790,1791,1792,-1,1792,1791,1793,-1,1792,1793,1794,-1,1794,1793,1795,-1,1794,1795,1796,-1,1796,1795,1797,-1,1796,1797,1798,-1,1798,1797,1799,-1,1798,1799,1800,-1,1800,1799,1801,-1,1800,1801,1802,-1,1802,1801,1803,-1,1802,1803,1804,-1,1804,1803,1805,-1,1804,1805,1806,-1,1806,1805,1807,-1,1806,1807,926,-1,926,1807,927,-1,1808,1809,1810,-1,1811,1812,1813,-1,1814,1815,1816,-1,1814,1816,1817,-1,1817,1816,1818,-1,1817,1818,1819,-1,1819,1818,1820,-1,1819,1820,1821,-1,1821,1820,1822,-1,1821,1822,1823,-1,1823,1822,1824,-1,1823,1824,1825,-1,1825,1824,1826,-1,1825,1826,1827,-1,1827,1826,1828,-1,1827,1828,1829,-1,1829,1828,1830,-1,1829,1830,1831,-1,1831,1830,1832,-1,1831,1832,1833,-1,1833,1832,1834,-1,1833,1834,1835,-1,1835,1834,1836,-1,1835,1836,1837,-1,1837,1836,1838,-1,1837,1838,1839,-1,1839,1838,1840,-1,1839,1840,1841,-1,1842,1841,1843,-1,1843,1841,1840,-1,1843,1840,1844,-1,1844,1840,1845,-1,1846,1847,1848,-1,1849,1850,1851,-1,995,994,1852,-1,1852,1853,995,-1,995,1853,1854,-1,995,1854,996,-1,996,1854,1855,-1,996,1855,997,-1,997,1855,1856,-1,997,1856,998,-1,998,1856,1857,-1,998,1857,999,-1,999,1857,1858,-1,999,1858,1000,-1,1000,1858,1859,-1,1000,1859,1001,-1,1001,1859,1860,-1,1001,1860,1002,-1,1002,1860,1861,-1,1002,1861,1003,-1,1003,1861,1862,-1,1003,1862,1004,-1,1004,1862,1863,-1,1004,1863,1005,-1,1005,1863,1864,-1,1005,1864,1006,-1,1006,1864,1865,-1,1006,1865,1007,-1,1008,1007,1866,-1,1866,1007,1865,-1,1866,1865,1867,-1,1867,1865,1868,-1,1852,1869,1853,-1,1853,1869,1870,-1,1853,1870,1854,-1,1854,1870,1871,-1,1854,1871,1855,-1,1855,1871,1872,-1,1855,1872,1856,-1,1856,1872,1873,-1,1856,1873,1857,-1,1857,1873,1874,-1,1857,1874,1858,-1,1858,1874,1875,-1,1858,1875,1859,-1,1859,1875,1876,-1,1859,1876,1860,-1,1860,1876,1877,-1,1860,1877,1861,-1,1861,1877,1878,-1,1861,1878,1862,-1,1862,1878,1879,-1,1862,1879,1863,-1,1863,1879,1880,-1,1863,1880,1864,-1,1864,1880,1881,-1,1864,1881,1865,-1,1865,1881,1882,-1,1865,1882,1868,-1,1868,1882,1883,-1,1869,1849,1870,-1,1870,1849,1851,-1,1870,1851,1871,-1,1871,1851,1884,-1,1871,1884,1872,-1,1872,1884,1885,-1,1872,1885,1873,-1,1873,1885,1886,-1,1873,1886,1874,-1,1874,1886,1887,-1,1874,1887,1875,-1,1875,1887,1888,-1,1875,1888,1876,-1,1876,1888,1889,-1,1876,1889,1877,-1,1877,1889,1890,-1,1877,1890,1878,-1,1878,1890,1891,-1,1878,1891,1879,-1,1879,1891,1892,-1,1879,1892,1880,-1,1880,1892,1893,-1,1880,1893,1881,-1,1881,1893,1894,-1,1881,1894,1882,-1,1882,1894,1813,-1,1882,1813,1883,-1,1883,1813,1812,-1,1850,1846,1851,-1,1851,1846,1848,-1,1851,1848,1884,-1,1884,1848,1895,-1,1884,1895,1885,-1,1885,1895,1896,-1,1885,1896,1886,-1,1886,1896,1897,-1,1886,1897,1887,-1,1887,1897,1898,-1,1887,1898,1888,-1,1888,1898,1899,-1,1888,1899,1889,-1,1889,1899,1900,-1,1889,1900,1890,-1,1890,1900,1901,-1,1890,1901,1891,-1,1891,1901,1902,-1,1891,1902,1892,-1,1892,1902,1903,-1,1892,1903,1893,-1,1893,1903,1904,-1,1893,1904,1894,-1,1894,1904,1905,-1,1894,1905,1813,-1,1813,1905,1810,-1,1813,1810,1811,-1,1811,1810,1809,-1,1847,1845,1848,-1,1848,1845,1840,-1,1848,1840,1895,-1,1895,1840,1838,-1,1895,1838,1896,-1,1896,1838,1836,-1,1896,1836,1897,-1,1897,1836,1834,-1,1897,1834,1898,-1,1898,1834,1832,-1,1898,1832,1899,-1,1899,1832,1830,-1,1899,1830,1900,-1,1900,1830,1828,-1,1900,1828,1901,-1,1901,1828,1826,-1,1901,1826,1902,-1,1902,1826,1824,-1,1902,1824,1903,-1,1903,1824,1822,-1,1903,1822,1904,-1,1904,1822,1820,-1,1904,1820,1905,-1,1905,1820,1818,-1,1905,1818,1810,-1,1810,1818,1816,-1,1810,1816,1808,-1,1808,1816,1815,-1,1009,1008,1906,-1,1906,1008,1866,-1,1906,1866,1907,-1,1907,1866,1867,-1,1907,1867,1908,-1,1908,1867,1868,-1,1908,1868,1909,-1,1909,1868,1883,-1,1909,1883,1910,-1,1910,1883,1812,-1,1910,1812,1911,-1,1911,1812,1811,-1,1911,1811,1912,-1,1912,1811,1809,-1,1912,1809,1913,-1,1913,1809,1808,-1,1913,1808,1914,-1,1914,1808,1815,-1,1914,1815,1915,-1,1915,1815,1814,-1,1916,1917,1918,-1,1919,1920,1921,-1,1922,1923,1924,-1,1922,1924,1925,-1,1925,1924,1926,-1,1925,1926,1927,-1,1927,1926,1928,-1,1927,1928,1929,-1,1929,1928,1930,-1,1929,1930,1931,-1,1931,1930,1932,-1,1931,1932,1933,-1,1933,1932,1934,-1,1933,1934,1935,-1,1935,1934,1936,-1,1935,1936,1937,-1,1937,1936,1938,-1,1937,1938,1939,-1,1939,1938,1940,-1,1939,1940,1941,-1,1941,1940,1942,-1,1941,1942,1943,-1,1943,1942,1944,-1,1943,1944,1945,-1,1945,1944,1946,-1,1945,1946,1947,-1,1947,1946,1948,-1,1947,1948,1949,-1,1915,1949,1914,-1,1914,1949,1948,-1,1914,1948,1913,-1,1913,1948,1912,-1,1910,1911,1950,-1,1908,1909,1951,-1,1070,1009,1906,-1,1906,1952,1070,-1,1070,1952,1953,-1,1070,1953,1071,-1,1071,1953,1954,-1,1071,1954,1072,-1,1072,1954,1955,-1,1072,1955,1073,-1,1073,1955,1956,-1,1073,1956,1074,-1,1074,1956,1957,-1,1074,1957,1075,-1,1075,1957,1958,-1,1075,1958,1076,-1,1076,1958,1959,-1,1076,1959,1077,-1,1077,1959,1960,-1,1077,1960,1078,-1,1078,1960,1961,-1,1078,1961,1079,-1,1079,1961,1962,-1,1079,1962,1080,-1,1080,1962,1963,-1,1080,1963,1081,-1,1081,1963,1964,-1,1081,1964,1082,-1,1083,1082,1965,-1,1965,1082,1964,-1,1965,1964,1966,-1,1966,1964,1967,-1,1906,1907,1952,-1,1952,1907,1968,-1,1952,1968,1953,-1,1953,1968,1969,-1,1953,1969,1954,-1,1954,1969,1970,-1,1954,1970,1955,-1,1955,1970,1971,-1,1955,1971,1956,-1,1956,1971,1972,-1,1956,1972,1957,-1,1957,1972,1973,-1,1957,1973,1958,-1,1958,1973,1974,-1,1958,1974,1959,-1,1959,1974,1975,-1,1959,1975,1960,-1,1960,1975,1976,-1,1960,1976,1961,-1,1961,1976,1977,-1,1961,1977,1962,-1,1962,1977,1978,-1,1962,1978,1963,-1,1963,1978,1979,-1,1963,1979,1964,-1,1964,1979,1980,-1,1964,1980,1967,-1,1967,1980,1981,-1,1907,1908,1968,-1,1968,1908,1951,-1,1968,1951,1969,-1,1969,1951,1982,-1,1969,1982,1970,-1,1970,1982,1983,-1,1970,1983,1971,-1,1971,1983,1984,-1,1971,1984,1972,-1,1972,1984,1985,-1,1972,1985,1973,-1,1973,1985,1986,-1,1973,1986,1974,-1,1974,1986,1987,-1,1974,1987,1975,-1,1975,1987,1988,-1,1975,1988,1976,-1,1976,1988,1989,-1,1976,1989,1977,-1,1977,1989,1990,-1,1977,1990,1978,-1,1978,1990,1991,-1,1978,1991,1979,-1,1979,1991,1992,-1,1979,1992,1980,-1,1980,1992,1921,-1,1980,1921,1981,-1,1981,1921,1920,-1,1909,1910,1951,-1,1951,1910,1950,-1,1951,1950,1982,-1,1982,1950,1993,-1,1982,1993,1983,-1,1983,1993,1994,-1,1983,1994,1984,-1,1984,1994,1995,-1,1984,1995,1985,-1,1985,1995,1996,-1,1985,1996,1986,-1,1986,1996,1997,-1,1986,1997,1987,-1,1987,1997,1998,-1,1987,1998,1988,-1,1988,1998,1999,-1,1988,1999,1989,-1,1989,1999,2000,-1,1989,2000,1990,-1,1990,2000,2001,-1,1990,2001,1991,-1,1991,2001,2002,-1,1991,2002,1992,-1,1992,2002,2003,-1,1992,2003,1921,-1,1921,2003,1918,-1,1921,1918,1919,-1,1919,1918,1917,-1,1911,1912,1950,-1,1950,1912,1948,-1,1950,1948,1993,-1,1993,1948,1946,-1,1993,1946,1994,-1,1994,1946,1944,-1,1994,1944,1995,-1,1995,1944,1942,-1,1995,1942,1996,-1,1996,1942,1940,-1,1996,1940,1997,-1,1997,1940,1938,-1,1997,1938,1998,-1,1998,1938,1936,-1,1998,1936,1999,-1,1999,1936,1934,-1,1999,1934,2000,-1,2000,1934,1932,-1,2000,1932,2001,-1,2001,1932,1930,-1,2001,1930,2002,-1,2002,1930,1928,-1,2002,1928,2003,-1,2003,1928,1926,-1,2003,1926,1918,-1,1918,1926,1924,-1,1918,1924,1916,-1,1916,1924,1923,-1,994,1083,1852,-1,1852,1083,1965,-1,1852,1965,1869,-1,1869,1965,1966,-1,1869,1966,1849,-1,1849,1966,1967,-1,1849,1967,1850,-1,1850,1967,1981,-1,1850,1981,1846,-1,1846,1981,1920,-1,1846,1920,1847,-1,1847,1920,1919,-1,1847,1919,1845,-1,1845,1919,1917,-1,1845,1917,1844,-1,1844,1917,1916,-1,1844,1916,1843,-1,1843,1916,1923,-1,1843,1923,1842,-1,1842,1923,1922,-1,2004,2005,2006,-1,2006,2005,2007,-1,2006,2008,2004,-1,2004,2008,2009,-1,2009,2008,2010,-1,2010,2008,2011,-1,2011,2012,2010,-1,2010,2012,2013,-1,2014,2015,2016,-1,2016,2015,2017,-1,2016,2017,2018,-1,2018,2017,2019,-1,2018,2019,2020,-1,2020,2019,2021,-1,2020,2021,2022,-1,2022,2021,2023,-1,2022,2023,2024,-1,2024,2023,2025,-1,2024,2025,2026,-1,2026,2025,2027,-1,2026,2027,2028,-1,2028,2027,2029,-1,2028,2029,2030,-1,2030,2029,2031,-1,2030,2031,2032,-1,2032,2031,2033,-1,2032,2033,2034,-1,2034,2033,2035,-1,2034,2035,2036,-1,2036,2035,2037,-1,2036,2037,2012,-1,2012,2037,2013,-1,2038,2015,2039,-1,2039,2015,2014,-1,2040,2041,2042,-1,2040,2042,2043,-1,2043,2042,2044,-1,2043,2044,2045,-1,2045,2044,2046,-1,2045,2046,2047,-1,2047,2046,2048,-1,2047,2048,2049,-1,2049,2048,2050,-1,2049,2050,2051,-1,2051,2050,2052,-1,2051,2052,2053,-1,2053,2052,2054,-1,2053,2054,2055,-1,2055,2054,2056,-1,2055,2056,2057,-1,2057,2056,2058,-1,2057,2058,2059,-1,2059,2058,2060,-1,2059,2060,2061,-1,2061,2060,2062,-1,2061,2062,2063,-1,2063,2062,2038,-1,2063,2038,2039,-1,2064,2041,2065,-1,2065,2041,2040,-1,619,621,620,-1,2064,2065,1464,-1,1464,2065,2066,-1,620,570,619,-1,619,570,573,-1,619,573,617,-1,617,573,575,-1,617,575,614,-1,614,575,577,-1,614,577,1084,-1,1084,577,854,-1,1084,854,2067,-1,2067,854,1467,-1,2067,1467,2066,-1,2066,1467,1465,-1,2066,1465,1464,-1,2066,2068,2067,-1,2067,2068,2069,-1,2067,2069,1084,-1,1084,2069,1085,-1,622,623,571,-1,571,623,618,-1,571,618,572,-1,572,618,616,-1,572,616,574,-1,574,616,615,-1,1085,855,615,-1,615,855,576,-1,615,576,574,-1,2070,2071,2068,-1,2068,2071,1463,-1,2068,1463,2069,-1,2069,1463,1466,-1,2069,1466,1085,-1,1085,1466,1468,-1,1085,1468,855,-1,2071,2070,2072,-1,2072,2070,2073,-1,2074,2075,2076,-1,2076,2075,2077,-1,1090,1092,2078,-1,2078,1092,2079,-1,2078,2079,2080,-1,2080,2079,2081,-1,2080,2081,2082,-1,2082,2081,2083,-1,2082,2083,2084,-1,2084,2083,2085,-1,2084,2085,2086,-1,2086,2085,2087,-1,2086,2087,2088,-1,2088,2087,2089,-1,2088,2089,2090,-1,2090,2089,2091,-1,2090,2091,2092,-1,2092,2091,2093,-1,2092,2093,2094,-1,2094,2093,2095,-1,2094,2095,2096,-1,2096,2095,2097,-1,2096,2097,2098,-1,2098,2097,2099,-1,2098,2099,2100,-1,2100,2099,2101,-1,2100,2101,2102,-1,2102,2101,2103,-1,2102,2103,2075,-1,2075,2103,2077,-1,1087,1113,1089,-1,1089,1113,1106,-1,1090,1118,1091,-1,1091,1118,1120,-1,1091,1120,1094,-1,1094,1120,1095,-1,1120,1122,1095,-1,1095,1122,1124,-1,1095,1124,1097,-1,1097,1124,1125,-1,1097,1125,1098,-1,1098,1125,1116,-1,1098,1116,1100,-1,1100,1116,1115,-1,1100,1115,1101,-1,1101,1115,1111,-1,1101,1111,1103,-1,1103,1111,1110,-1,1103,1110,1104,-1,1104,1110,1107,-1,1104,1107,1105,-1,1105,1107,1087,-1,1087,1107,1114,-1,1087,1114,1113,-1,2007,2005,2104,-1,2104,2005,2105,-1,2104,2105,2106,-1,2106,2105,2107,-1,2106,2107,2108,-1,2108,2107,2109,-1,2108,2109,2110,-1,2110,2109,2111,-1,2110,2111,2112,-1,2112,2111,2113,-1,2112,2113,2114,-1,2114,2113,2115,-1,2114,2115,2116,-1,2116,2115,2117,-1,2116,2117,2118,-1,2118,2117,2119,-1,2118,2119,2120,-1,2120,2119,2121,-1,2120,2121,2122,-1,2122,2121,2123,-1,2122,2123,2124,-1,2124,2123,2125,-1,2124,2125,2126,-1,2126,2125,2127,-1,2126,2127,2128,-1,2128,2127,2129,-1,2128,2129,1118,-1,1118,2129,1119,-1,2130,2131,2132,-1,2132,2131,2133,-1,2132,2133,2134,-1,2134,2133,2135,-1,2134,2135,2136,-1,2136,2135,2137,-1,2136,2137,2138,-1,2138,2137,2139,-1,2138,2139,2140,-1,2140,2139,2141,-1,2140,2141,2142,-1,2142,2141,2143,-1,2142,2143,2144,-1,2144,2143,2145,-1,2144,2145,2146,-1,2146,2145,2147,-1,2146,2147,2148,-1,2148,2147,2149,-1,2148,2149,1126,-1,1126,2149,1127,-1,2150,2151,2152,-1,2153,2154,2155,-1,2156,2157,2158,-1,2156,2158,2159,-1,2159,2158,2160,-1,2159,2160,2161,-1,2161,2160,2162,-1,2161,2162,2163,-1,2163,2162,2164,-1,2163,2164,2165,-1,2165,2164,2166,-1,2165,2166,2167,-1,2167,2166,2168,-1,2167,2168,2169,-1,2169,2168,2170,-1,2169,2170,2171,-1,2171,2170,2172,-1,2171,2172,2173,-1,2173,2172,2174,-1,2173,2174,2175,-1,2175,2174,2176,-1,2175,2176,2177,-1,2177,2176,2178,-1,2177,2178,2179,-1,2179,2178,2180,-1,2179,2180,2181,-1,2181,2180,2182,-1,2181,2182,2183,-1,2131,2183,2133,-1,2133,2183,2182,-1,2133,2182,2135,-1,2135,2182,2137,-1,2141,2139,2184,-1,2145,2143,2185,-1,1192,1127,2149,-1,2149,2186,1192,-1,1192,2186,2187,-1,1192,2187,1193,-1,1193,2187,2188,-1,1193,2188,1194,-1,1194,2188,2189,-1,1194,2189,1195,-1,1195,2189,2190,-1,1195,2190,1196,-1,1196,2190,2191,-1,1196,2191,1197,-1,1197,2191,2192,-1,1197,2192,1198,-1,1198,2192,2193,-1,1198,2193,1199,-1,1199,2193,2194,-1,1199,2194,1200,-1,1200,2194,2195,-1,1200,2195,1201,-1,1201,2195,2196,-1,1201,2196,1202,-1,1202,2196,2197,-1,1202,2197,1203,-1,1203,2197,2198,-1,1203,2198,1204,-1,1205,1204,2199,-1,2199,1204,2198,-1,2199,2198,2200,-1,2200,2198,2201,-1,2149,2147,2186,-1,2186,2147,2202,-1,2186,2202,2187,-1,2187,2202,2203,-1,2187,2203,2188,-1,2188,2203,2204,-1,2188,2204,2189,-1,2189,2204,2205,-1,2189,2205,2190,-1,2190,2205,2206,-1,2190,2206,2191,-1,2191,2206,2207,-1,2191,2207,2192,-1,2192,2207,2208,-1,2192,2208,2193,-1,2193,2208,2209,-1,2193,2209,2194,-1,2194,2209,2210,-1,2194,2210,2195,-1,2195,2210,2211,-1,2195,2211,2196,-1,2196,2211,2212,-1,2196,2212,2197,-1,2197,2212,2213,-1,2197,2213,2198,-1,2198,2213,2214,-1,2198,2214,2201,-1,2201,2214,2215,-1,2147,2145,2202,-1,2202,2145,2185,-1,2202,2185,2203,-1,2203,2185,2216,-1,2203,2216,2204,-1,2204,2216,2217,-1,2204,2217,2205,-1,2205,2217,2218,-1,2205,2218,2206,-1,2206,2218,2219,-1,2206,2219,2207,-1,2207,2219,2220,-1,2207,2220,2208,-1,2208,2220,2221,-1,2208,2221,2209,-1,2209,2221,2222,-1,2209,2222,2210,-1,2210,2222,2223,-1,2210,2223,2211,-1,2211,2223,2224,-1,2211,2224,2212,-1,2212,2224,2225,-1,2212,2225,2213,-1,2213,2225,2226,-1,2213,2226,2214,-1,2214,2226,2155,-1,2214,2155,2215,-1,2215,2155,2154,-1,2143,2141,2185,-1,2185,2141,2184,-1,2185,2184,2216,-1,2216,2184,2227,-1,2216,2227,2217,-1,2217,2227,2228,-1,2217,2228,2218,-1,2218,2228,2229,-1,2218,2229,2219,-1,2219,2229,2230,-1,2219,2230,2220,-1,2220,2230,2231,-1,2220,2231,2221,-1,2221,2231,2232,-1,2221,2232,2222,-1,2222,2232,2233,-1,2222,2233,2223,-1,2223,2233,2234,-1,2223,2234,2224,-1,2224,2234,2235,-1,2224,2235,2225,-1,2225,2235,2236,-1,2225,2236,2226,-1,2226,2236,2237,-1,2226,2237,2155,-1,2155,2237,2152,-1,2155,2152,2153,-1,2153,2152,2151,-1,2139,2137,2184,-1,2184,2137,2182,-1,2184,2182,2227,-1,2227,2182,2180,-1,2227,2180,2228,-1,2228,2180,2178,-1,2228,2178,2229,-1,2229,2178,2176,-1,2229,2176,2230,-1,2230,2176,2174,-1,2230,2174,2231,-1,2231,2174,2172,-1,2231,2172,2232,-1,2232,2172,2170,-1,2232,2170,2233,-1,2233,2170,2168,-1,2233,2168,2234,-1,2234,2168,2166,-1,2234,2166,2235,-1,2235,2166,2164,-1,2235,2164,2236,-1,2236,2164,2162,-1,2236,2162,2237,-1,2237,2162,2160,-1,2237,2160,2152,-1,2152,2160,2158,-1,2152,2158,2150,-1,2150,2158,2157,-1,2156,2238,2157,-1,2157,2238,2239,-1,2157,2239,2150,-1,2150,2239,2240,-1,2150,2240,2151,-1,2151,2240,2241,-1,2151,2241,2153,-1,2153,2241,2242,-1,2153,2242,2154,-1,2154,2242,2243,-1,2154,2243,2215,-1,2215,2243,2244,-1,2215,2244,2201,-1,2201,2244,2245,-1,2201,2245,2200,-1,2200,2245,2246,-1,2200,2246,2199,-1,2199,2246,2247,-1,2199,2247,1205,-1,1205,2247,1206,-1,2134,2136,2248,-1,2138,2140,2249,-1,1206,2247,2250,-1,1206,2250,1263,-1,1263,2250,2251,-1,1263,2251,1264,-1,1264,2251,2252,-1,1264,2252,1265,-1,1265,2252,2253,-1,1265,2253,1266,-1,1266,2253,2254,-1,1266,2254,1267,-1,1267,2254,2255,-1,1267,2255,1268,-1,1268,2255,2256,-1,1268,2256,1269,-1,1269,2256,2257,-1,1269,2257,1270,-1,1270,2257,2258,-1,1270,2258,1271,-1,1271,2258,2259,-1,1271,2259,1272,-1,1272,2259,2260,-1,1272,2260,1273,-1,1273,2260,2261,-1,1273,2261,1274,-1,1274,2261,2262,-1,1274,2262,1275,-1,1126,1275,2148,-1,2148,1275,2262,-1,2148,2262,2146,-1,2146,2262,2144,-1,2263,2130,2132,-1,2132,2264,2263,-1,2263,2264,2265,-1,2263,2265,2266,-1,2266,2265,2267,-1,2266,2267,2268,-1,2268,2267,2269,-1,2268,2269,2270,-1,2270,2269,2271,-1,2270,2271,2272,-1,2272,2271,2273,-1,2272,2273,2274,-1,2274,2273,2275,-1,2274,2275,2276,-1,2276,2275,2277,-1,2276,2277,2278,-1,2278,2277,2279,-1,2278,2279,2280,-1,2280,2279,2281,-1,2280,2281,2282,-1,2282,2281,2283,-1,2282,2283,2284,-1,2284,2283,2285,-1,2284,2285,2286,-1,2286,2285,2287,-1,2286,2287,2288,-1,2238,2288,2239,-1,2239,2288,2287,-1,2239,2287,2240,-1,2240,2287,2241,-1,2243,2242,2289,-1,2245,2244,2290,-1,2247,2246,2250,-1,2250,2246,2291,-1,2250,2291,2251,-1,2251,2291,2292,-1,2251,2292,2252,-1,2252,2292,2293,-1,2252,2293,2253,-1,2253,2293,2294,-1,2253,2294,2254,-1,2254,2294,2295,-1,2254,2295,2255,-1,2255,2295,2296,-1,2255,2296,2256,-1,2256,2296,2297,-1,2256,2297,2257,-1,2257,2297,2298,-1,2257,2298,2258,-1,2258,2298,2299,-1,2258,2299,2259,-1,2259,2299,2300,-1,2259,2300,2260,-1,2260,2300,2301,-1,2260,2301,2261,-1,2261,2301,2302,-1,2261,2302,2262,-1,2262,2302,2303,-1,2262,2303,2144,-1,2144,2303,2142,-1,2246,2245,2291,-1,2291,2245,2290,-1,2291,2290,2292,-1,2292,2290,2304,-1,2292,2304,2293,-1,2293,2304,2305,-1,2293,2305,2294,-1,2294,2305,2306,-1,2294,2306,2295,-1,2295,2306,2307,-1,2295,2307,2296,-1,2296,2307,2308,-1,2296,2308,2297,-1,2297,2308,2309,-1,2297,2309,2298,-1,2298,2309,2310,-1,2298,2310,2299,-1,2299,2310,2311,-1,2299,2311,2300,-1,2300,2311,2312,-1,2300,2312,2301,-1,2301,2312,2313,-1,2301,2313,2302,-1,2302,2313,2314,-1,2302,2314,2303,-1,2303,2314,2249,-1,2303,2249,2142,-1,2142,2249,2140,-1,2244,2243,2290,-1,2290,2243,2289,-1,2290,2289,2304,-1,2304,2289,2315,-1,2304,2315,2305,-1,2305,2315,2316,-1,2305,2316,2306,-1,2306,2316,2317,-1,2306,2317,2307,-1,2307,2317,2318,-1,2307,2318,2308,-1,2308,2318,2319,-1,2308,2319,2309,-1,2309,2319,2320,-1,2309,2320,2310,-1,2310,2320,2321,-1,2310,2321,2311,-1,2311,2321,2322,-1,2311,2322,2312,-1,2312,2322,2323,-1,2312,2323,2313,-1,2313,2323,2324,-1,2313,2324,2314,-1,2314,2324,2325,-1,2314,2325,2249,-1,2249,2325,2248,-1,2249,2248,2138,-1,2138,2248,2136,-1,2242,2241,2289,-1,2289,2241,2287,-1,2289,2287,2315,-1,2315,2287,2285,-1,2315,2285,2316,-1,2316,2285,2283,-1,2316,2283,2317,-1,2317,2283,2281,-1,2317,2281,2318,-1,2318,2281,2279,-1,2318,2279,2319,-1,2319,2279,2277,-1,2319,2277,2320,-1,2320,2277,2275,-1,2320,2275,2321,-1,2321,2275,2273,-1,2321,2273,2322,-1,2322,2273,2271,-1,2322,2271,2323,-1,2323,2271,2269,-1,2323,2269,2324,-1,2324,2269,2267,-1,2324,2267,2325,-1,2325,2267,2265,-1,2325,2265,2248,-1,2248,2265,2264,-1,2248,2264,2134,-1,2134,2264,2132,-1,2073,2326,2072,-1,2072,2326,1484,-1,673,409,1276,-1,1276,409,407,-1,1276,407,2327,-1,2327,407,783,-1,2327,783,2328,-1,2328,783,785,-1,2328,785,2329,-1,2329,785,787,-1,2329,787,2330,-1,2330,787,789,-1,2330,789,2331,-1,2331,789,791,-1,2331,791,2332,-1,2332,791,793,-1,2332,793,2333,-1,2333,793,795,-1,1277,1276,1284,-1,1284,1276,2327,-1,1284,2327,1283,-1,1283,2327,2328,-1,1283,2328,1282,-1,1282,2328,2329,-1,1282,2329,1281,-1,1281,2329,2330,-1,1281,2330,1280,-1,1280,2330,2331,-1,1280,2331,1279,-1,1279,2331,2332,-1,1279,2332,1278,-1,1278,2332,2333,-1,2334,804,2335,-1,2335,804,802,-1,2335,802,2336,-1,2336,802,800,-1,2336,800,2337,-1,2337,800,798,-1,2337,798,2338,-1,2338,798,797,-1,2338,797,1278,-1,1278,797,794,-1,676,297,2339,-1,2339,297,808,-1,2339,808,2334,-1,2334,808,806,-1,2334,806,804,-1,2338,2340,2337,-1,2337,2340,2341,-1,2337,2341,2336,-1,2336,2341,2342,-1,2336,2342,2335,-1,2335,2342,2343,-1,2335,2343,2334,-1,2334,2343,2344,-1,2334,2344,2339,-1,2339,2344,2345,-1,2339,2345,676,-1,676,2345,708,-1,282,708,809,-1,809,708,2345,-1,809,2345,807,-1,807,2345,2344,-1,807,2344,805,-1,805,2344,2343,-1,1287,823,2340,-1,2340,823,796,-1,2340,796,2341,-1,2341,796,799,-1,2341,799,2342,-1,2342,799,801,-1,2342,801,2343,-1,2343,801,803,-1,2343,803,805,-1,1286,1285,1311,-1,1311,1285,1292,-1,1311,1292,1312,-1,1312,1292,1291,-1,1312,1291,1310,-1,1310,1291,1290,-1,1310,1290,1309,-1,1309,1290,1289,-1,1309,1289,1308,-1,1308,1289,1288,-1,1308,1288,1307,-1,1307,1288,1287,-1,2346,2347,1297,-1,1297,2347,1299,-1,2347,2348,1299,-1,1299,2348,1300,-1,2348,2349,1300,-1,1300,2349,1303,-1,715,714,2349,-1,2349,714,1303,-1,746,724,744,-1,744,724,723,-1,744,723,742,-1,742,723,721,-1,742,721,740,-1,740,721,719,-1,740,719,738,-1,738,719,717,-1,738,717,736,-1,736,717,715,-1,737,736,1304,-1,1304,736,2350,-1,2350,2351,1304,-1,1304,2351,1305,-1,780,781,2351,-1,2351,781,1305,-1,780,754,778,-1,778,754,756,-1,778,756,776,-1,776,756,758,-1,776,758,774,-1,774,758,760,-1,774,760,772,-1,772,760,762,-1,772,762,771,-1,771,762,764,-1,755,754,1306,-1,1306,754,2352,-1,2352,2353,1306,-1,1306,2353,1302,-1,2353,2354,1302,-1,1302,2354,1293,-1,2354,2355,1293,-1,1293,2355,1294,-1,2356,1508,2357,-1,2357,1508,1506,-1,2357,1506,2358,-1,2358,1506,1504,-1,2358,1504,2359,-1,2359,1504,1502,-1,822,1307,1298,-1,1298,1307,2360,-1,1298,2360,1498,-1,1498,2360,2361,-1,1498,2361,1500,-1,1500,2361,2362,-1,1500,2362,1502,-1,1502,2362,2363,-1,1502,2363,2359,-1,1509,2364,1507,-1,1507,2364,2365,-1,1507,2365,1505,-1,1505,2365,2366,-1,1505,2366,1503,-1,2346,1297,2367,-1,2367,1297,1296,-1,2367,1296,2368,-1,2368,1296,1499,-1,2368,1499,2369,-1,2369,1499,1501,-1,2369,1501,2370,-1,2370,1501,1503,-1,2370,1503,2371,-1,2371,1503,2366,-1,1685,1660,2372,-1,2372,1660,1663,-1,2372,1663,2373,-1,2373,1663,1665,-1,2373,1665,2374,-1,1508,2356,1673,-1,1673,2356,2375,-1,1673,2375,1671,-1,1671,2375,2376,-1,1671,2376,1669,-1,1669,2376,2374,-1,1669,2374,1667,-1,1667,2374,1665,-1,2377,2074,2378,-1,2378,2074,2076,-1,1484,1483,2378,-1,2033,2004,2035,-1,2035,2004,2037,-1,1397,2041,1324,-1,1324,2041,2064,-1,2378,2076,1484,-1,1484,2076,2071,-1,1484,2071,2072,-1,2009,2010,2004,-1,2004,2010,2013,-1,2004,2013,2037,-1,1463,2071,1387,-1,1387,1386,1463,-1,1463,1386,1385,-1,1463,1385,1384,-1,2033,2031,2004,-1,2004,2031,2029,-1,2004,2029,1388,-1,1388,2029,2027,-1,1388,2027,1389,-1,1389,2027,2025,-1,1389,2025,2023,-1,2021,2019,1321,-1,2095,2093,2071,-1,1321,1392,2021,-1,2021,1392,1391,-1,2021,1391,2023,-1,2023,1391,1390,-1,2023,1390,1389,-1,2095,2071,2097,-1,1384,1383,1463,-1,1463,1383,1382,-1,1463,1382,1464,-1,1464,1382,1381,-1,1464,1381,2064,-1,2064,1381,1325,-1,2064,1325,1324,-1,1451,2038,1452,-1,1452,2038,2062,-1,1452,2062,1453,-1,1453,2062,2060,-1,1453,2060,1454,-1,2077,2103,2076,-1,2076,2103,2101,-1,2076,2101,2071,-1,2071,2101,2099,-1,2071,2099,2097,-1,2093,2091,2071,-1,2071,2091,2089,-1,2071,2089,2087,-1,2060,2058,1454,-1,1454,2058,2056,-1,1454,2056,1455,-1,1455,2056,2054,-1,1455,2054,1456,-1,1456,2054,2052,-1,1456,2052,1457,-1,2019,2017,1321,-1,1321,2017,2015,-1,1321,2015,1322,-1,1322,2015,2038,-1,1322,2038,1398,-1,1398,2038,1451,-1,2119,2071,2121,-1,2121,2071,2123,-1,2005,2004,2105,-1,2105,2004,1388,-1,2105,1388,2107,-1,2107,1388,1387,-1,2107,1387,2109,-1,2109,1387,2111,-1,2119,2117,2071,-1,2071,2117,2115,-1,2071,2115,1387,-1,1387,2115,2113,-1,1387,2113,2111,-1,1397,1462,2041,-1,2041,1462,1461,-1,2041,1461,2042,-1,2042,1461,1460,-1,2042,1460,2044,-1,2044,1460,1459,-1,2044,1459,2046,-1,2046,1459,1458,-1,2046,1458,2048,-1,2048,1458,1457,-1,2048,1457,2050,-1,2050,1457,2052,-1,2123,2071,2125,-1,2125,2071,2087,-1,2125,2087,2127,-1,2127,2087,2085,-1,2127,2085,2083,-1,2079,1092,1119,-1,2083,2081,2127,-1,2127,2081,2079,-1,2127,2079,2129,-1,2129,2079,1119,-1,1508,1674,1509,-1,1509,1674,1470,-1,1509,1470,1485,-1,1485,1470,1469,-1,1681,2379,1661,-1,1799,1797,1763,-1,1763,1797,1795,-1,1763,1795,1765,-1,1661,1660,1681,-1,1681,1660,1686,-1,1681,1686,1689,-1,1735,1733,1753,-1,1753,1733,1731,-1,1753,1731,1729,-1,1749,1751,1725,-1,1725,1751,1753,-1,1725,1753,1727,-1,1727,1753,1729,-1,1511,1769,1795,-1,1795,1769,1767,-1,1795,1767,1765,-1,1689,1575,1574,-1,1783,1682,1681,-1,1737,1511,1739,-1,1739,1511,1741,-1,1755,1781,1753,-1,1753,1781,1511,-1,1753,1511,1735,-1,1735,1511,1737,-1,1781,1779,1511,-1,1511,1779,1777,-1,1511,1777,1775,-1,1763,1761,1799,-1,1799,1761,1759,-1,1799,1759,1801,-1,1801,1759,1803,-1,1747,1745,1511,-1,1511,1745,1743,-1,1511,1743,1741,-1,1775,1773,1511,-1,1511,1773,1771,-1,1511,1771,1769,-1,900,927,1757,-1,1757,927,1807,-1,1757,1807,1759,-1,1759,1807,1805,-1,1759,1805,1803,-1,1680,1580,1579,-1,1679,1582,1680,-1,1680,1582,1581,-1,1680,1581,1580,-1,1579,1578,1680,-1,1680,1578,1577,-1,1680,1577,1689,-1,1689,1577,1576,-1,1689,1576,1575,-1,1795,1793,1689,-1,1689,1793,1791,-1,1574,1573,1689,-1,1689,1573,1572,-1,1689,1572,1795,-1,1795,1572,1512,-1,1795,1512,1511,-1,1791,1789,1689,-1,1689,1789,1787,-1,1689,1787,1681,-1,1681,1787,1785,-1,1681,1785,1783,-1,1589,1699,1511,-1,1511,1699,1722,-1,1511,1722,1747,-1,1589,1659,1699,-1,1699,1659,1658,-1,1699,1658,1700,-1,1700,1658,1657,-1,1700,1657,1702,-1,1702,1657,1656,-1,1702,1656,1704,-1,1704,1656,1655,-1,1704,1655,1706,-1,1706,1655,1654,-1,1648,1696,1649,-1,1649,1696,1720,-1,1649,1720,1650,-1,1650,1720,1718,-1,1650,1718,1651,-1,1648,1592,1696,-1,1696,1592,1591,-1,1696,1591,1695,-1,1695,1591,1584,-1,1695,1584,1679,-1,1679,1584,1583,-1,1679,1583,1582,-1,1718,1716,1651,-1,1651,1716,1714,-1,1651,1714,1652,-1,1652,1714,1712,-1,1652,1712,1653,-1,1653,1712,1710,-1,1653,1710,1654,-1,1654,1710,1708,-1,1654,1708,1706,-1,1683,2380,1681,-1,1681,2380,2379,-1,1685,2381,2380,-1,2380,1683,1685,-1,1685,1683,1688,-1,1685,1688,1687,-1,1752,1726,1728,-1,1780,1754,1752,-1,1690,1831,1833,-1,1750,1748,1752,-1,1752,1748,1724,-1,1752,1724,1726,-1,1688,1827,1690,-1,1690,1827,1829,-1,1690,1829,1831,-1,1728,1730,1752,-1,1752,1730,1732,-1,1752,1732,1734,-1,1833,1835,1690,-1,1690,1835,1837,-1,1690,1837,1693,-1,1693,1837,1839,-1,1825,1736,1823,-1,1823,1736,1738,-1,1823,1738,1740,-1,1790,1792,1688,-1,1742,1744,1814,-1,1790,1688,1788,-1,1766,1688,1764,-1,1764,1688,1762,-1,1814,1817,1742,-1,1742,1817,1819,-1,1742,1819,1740,-1,1740,1819,1821,-1,1740,1821,1823,-1,1839,1841,1693,-1,1693,1841,1842,-1,1693,1842,1694,-1,1694,1842,1922,-1,1694,1922,1697,-1,1684,1782,1683,-1,1683,1782,1784,-1,1683,1784,1688,-1,1688,1784,1786,-1,1688,1786,1788,-1,1776,1778,1827,-1,1792,1794,1688,-1,1688,1794,1796,-1,1688,1796,1798,-1,1776,1827,1774,-1,1941,1707,1939,-1,1939,1707,1709,-1,1939,1709,1937,-1,1937,1709,1711,-1,1937,1711,1935,-1,1947,1698,1945,-1,1945,1698,1701,-1,1945,1701,1943,-1,1943,1701,1703,-1,1943,1703,1941,-1,1941,1703,1705,-1,1941,1705,1707,-1,1778,1780,1827,-1,1827,1780,1752,-1,1827,1752,1825,-1,1825,1752,1734,-1,1825,1734,1736,-1,1922,1925,1697,-1,1697,1925,1927,-1,1697,1927,1721,-1,1721,1927,1929,-1,1721,1929,1719,-1,1719,1929,1931,-1,1719,1931,1717,-1,1717,1931,1933,-1,1717,1933,1715,-1,1715,1933,1935,-1,1715,1935,1713,-1,1713,1935,1711,-1,1744,1746,1814,-1,1814,1746,1723,-1,1814,1723,1915,-1,1915,1723,1698,-1,1915,1698,1949,-1,1949,1698,1947,-1,1762,1688,1760,-1,1760,1688,1798,-1,1760,1798,1758,-1,1758,1798,1800,-1,1758,1800,1802,-1,1806,926,898,-1,1802,1804,1758,-1,1758,1804,1806,-1,1758,1806,1756,-1,1756,1806,898,-1,1766,1768,1688,-1,1688,1768,1770,-1,1688,1770,1827,-1,1827,1770,1772,-1,1827,1772,1774,-1,2074,2377,2382,-1,2090,2131,2088,-1,2088,2131,2086,-1,2382,2326,2074,-1,2074,2326,2073,-1,2074,2073,2070,-1,2006,2032,2034,-1,2120,2122,2086,-1,2102,2075,2074,-1,2011,2008,2012,-1,2012,2008,2006,-1,2012,2006,2036,-1,2036,2006,2034,-1,2106,2131,2104,-1,2104,2131,2006,-1,2104,2006,2007,-1,2106,2108,2131,-1,2131,2108,2110,-1,2131,2110,2112,-1,2020,2022,2131,-1,2131,2022,2024,-1,2024,2026,2131,-1,2131,2026,2028,-1,2131,2028,2006,-1,2006,2028,2030,-1,2006,2030,2032,-1,2112,2114,2131,-1,2131,2114,2116,-1,2131,2116,2086,-1,2086,2116,2118,-1,2086,2118,2120,-1,2068,2165,2167,-1,2070,2175,2177,-1,2090,2092,2070,-1,2070,2092,2094,-1,2122,2124,2086,-1,2086,2124,2126,-1,2086,2126,2084,-1,2084,2126,2082,-1,2066,2161,2068,-1,2068,2161,2163,-1,2068,2163,2165,-1,2167,2169,2068,-1,2068,2169,2171,-1,2068,2171,2070,-1,2070,2171,2173,-1,2070,2173,2175,-1,2177,2179,2070,-1,2070,2179,2181,-1,2070,2181,2090,-1,2090,2181,2183,-1,2090,2183,2131,-1,2094,2096,2070,-1,2070,2096,2098,-1,2070,2098,2074,-1,2074,2098,2100,-1,2074,2100,2102,-1,2014,2016,2131,-1,2131,2016,2018,-1,2131,2018,2020,-1,1118,1090,2128,-1,2128,1090,2078,-1,2128,2078,2126,-1,2126,2078,2080,-1,2126,2080,2082,-1,2286,2040,2284,-1,2284,2040,2043,-1,2284,2043,2282,-1,2282,2043,2045,-1,2282,2045,2280,-1,2274,2057,2272,-1,2272,2057,2059,-1,2272,2059,2270,-1,2270,2059,2061,-1,2270,2061,2268,-1,2268,2061,2063,-1,2268,2063,2266,-1,2266,2063,2039,-1,2266,2039,2263,-1,2045,2047,2280,-1,2280,2047,2049,-1,2280,2049,2278,-1,2278,2049,2051,-1,2278,2051,2276,-1,2276,2051,2053,-1,2276,2053,2274,-1,2274,2053,2055,-1,2274,2055,2057,-1,2286,2288,2040,-1,2040,2288,2238,-1,2040,2238,2065,-1,2065,2238,2156,-1,2065,2156,2066,-1,2066,2156,2159,-1,2066,2159,2161,-1,2014,2131,2039,-1,2039,2131,2130,-1,2039,2130,2263,-1,2383,1469,2384,-1,2384,1469,1472,-1,2384,1472,2385,-1,1484,2326,1482,-1,1482,2326,2386,-1,1482,2386,1480,-1,1480,2386,2387,-1,1480,2387,1478,-1,1478,2387,2388,-1,1478,2388,1476,-1,1476,2388,2385,-1,1476,2385,1474,-1,1474,2385,1472,-1,2333,795,2389,-1,2389,795,1301,-1,2389,1301,2390,-1,2390,1301,1496,-1,2390,1496,2391,-1,2391,1496,1494,-1,2391,1494,2392,-1,2392,1494,1492,-1,2392,1492,2393,-1,2393,1492,1490,-1,2393,1490,2394,-1,2394,1490,1488,-1,2394,1488,2395,-1,2395,1488,1486,-1,2395,1486,2383,-1,2383,1486,1469,-1,2347,2346,2367,-1,2396,2355,2389,-1,2389,2355,2354,-1,2389,2354,2333,-1,2333,2354,2353,-1,1287,2340,1278,-1,1278,2340,2338,-1,2353,2352,2333,-1,2333,2352,754,-1,2333,754,1278,-1,2350,1287,2351,-1,2351,1287,1278,-1,2351,1278,780,-1,780,1278,754,-1,2350,736,1287,-1,1287,736,715,-1,1287,715,1307,-1,1307,715,2349,-1,2349,2348,1307,-1,1307,2348,2347,-1,1307,2347,2360,-1,2360,2347,2367,-1,2397,1485,2398,-1,2398,1485,1487,-1,2398,1487,2399,-1,2399,1487,1489,-1,2399,1489,2400,-1,2400,1489,1491,-1,2400,1491,2401,-1,2401,1491,1493,-1,2401,1493,2402,-1,2402,1493,1495,-1,2402,1495,2403,-1,2403,1495,1497,-1,2403,1497,2396,-1,2396,1497,1295,-1,2396,1295,2355,-1,2355,1295,1294,-1,2397,2364,1485,-1,1485,2364,1509,-1,2364,2356,2365,-1,2365,2356,2357,-1,2365,2357,2366,-1,2366,2357,2358,-1,2366,2358,2371,-1,2371,2358,2359,-1,2371,2359,2370,-1,2370,2359,2363,-1,2370,2363,2369,-1,2369,2363,2362,-1,2369,2362,2368,-1,2368,2362,2361,-1,2368,2361,2367,-1,2367,2361,2360,-1,2381,1685,2404,-1,2404,1685,2372,-1,2404,2372,2405,-1,2405,2372,2373,-1,2405,2373,2406,-1,2406,2373,2374,-1,2406,2374,2407,-1,2407,2374,2376,-1,2407,2376,2408,-1,2408,2376,2375,-1,2408,2375,2409,-1,2409,2375,2356,-1,2377,2378,2382,-1,2382,2378,1483,-1,2382,1483,2410,-1,2410,1483,1481,-1,2410,1481,2411,-1,2411,1481,1479,-1,2411,1479,2412,-1,2407,1668,2406,-1,2406,1668,1666,-1,2406,1666,2405,-1,2405,1666,1664,-1,2405,1664,2404,-1,2404,1664,1662,-1,2404,1662,2381,-1,2381,1662,1661,-1,2381,1661,2380,-1,2380,1661,2379,-1,1479,1477,2412,-1,2412,1477,1475,-1,2412,1475,2413,-1,2413,1475,1473,-1,2413,1473,2414,-1,2414,1473,1471,-1,2414,1471,2415,-1,2415,1471,1470,-1,2415,1470,2409,-1,2409,1470,1674,-1,2409,1674,2408,-1,2408,1674,1672,-1,2408,1672,2407,-1,2407,1672,1670,-1,2407,1670,1668,-1,2415,2383,2414,-1,2414,2383,2384,-1,2414,2384,2413,-1,2413,2384,2385,-1,2413,2385,2412,-1,2412,2385,2388,-1,2412,2388,2411,-1,2411,2388,2387,-1,2411,2387,2410,-1,2410,2387,2386,-1,2410,2386,2382,-1,2382,2386,2326,-1,2383,2397,2395,-1,2395,2397,2398,-1,2395,2398,2394,-1,2394,2398,2399,-1,2394,2399,2393,-1,2393,2399,2400,-1,2393,2400,2392,-1,2392,2400,2401,-1,2392,2401,2391,-1,2391,2401,2402,-1,2391,2402,2390,-1,2390,2402,2403,-1,2390,2403,2389,-1,2389,2403,2396,-1,2383,2415,2397,-1,2397,2415,2409,-1,2397,2409,2364,-1,2364,2409,2356,-1,2416,2417,2418,-1,2418,2417,2419,-1,2418,2419,2420,-1,2420,2419,2421,-1,2420,2421,2422,-1,2422,2421,2423,-1,2424,2425,2426,-1,2426,2425,2427,-1,2426,2427,2428,-1,2428,2427,2429,-1,2428,2429,2430,-1,2430,2429,2431,-1,2430,2431,2432,-1,2432,2431,2433,-1,2433,2431,2434,-1,2433,2434,2435,-1,2435,2434,2436,-1,2435,2436,2437,-1,2437,2436,2438,-1,2437,2438,2423,-1,2423,2438,2439,-1,2423,2439,2422,-1,2440,2418,2420,-1,2440,2420,2441,-1,2441,2420,2422,-1,2441,2422,2442,-1,2442,2422,2439,-1,2442,2439,2443,-1,2443,2439,2438,-1,2443,2438,2444,-1,2444,2438,2436,-1,2444,2436,2445,-1,2427,2446,2429,-1,2429,2446,2447,-1,2429,2447,2431,-1,2431,2447,2448,-1,2431,2448,2434,-1,2434,2448,2449,-1,2434,2449,2436,-1,2436,2449,2445,-1,2450,2446,2425,-1,2425,2446,2427,-1,2424,2451,2425,-1,2425,2451,2450,-1,2426,2452,2424,-1,2424,2452,2451,-1,2435,2453,2454,-1,2435,2454,2433,-1,2433,2454,2455,-1,2433,2455,2432,-1,2432,2455,2456,-1,2432,2456,2430,-1,2430,2456,2457,-1,2430,2457,2428,-1,2428,2457,2452,-1,2428,2452,2426,-1,2453,2435,2458,-1,2458,2435,2437,-1,2458,2437,2459,-1,2459,2437,2423,-1,2459,2423,2460,-1,2460,2423,2421,-1,2460,2421,2461,-1,2461,2421,2419,-1,2462,2463,2461,-1,2461,2463,2440,-1,2461,2440,2460,-1,2450,2451,2446,-1,2446,2451,2452,-1,2446,2452,2447,-1,2452,2457,2447,-1,2447,2457,2456,-1,2447,2456,2448,-1,2448,2456,2455,-1,2448,2455,2449,-1,2449,2455,2454,-1,2449,2454,2445,-1,2445,2454,2453,-1,2445,2453,2444,-1,2444,2453,2458,-1,2444,2458,2443,-1,2443,2458,2459,-1,2443,2459,2442,-1,2442,2459,2460,-1,2442,2460,2441,-1,2441,2460,2440,-1,2416,2464,2417,-1,2417,2464,2465,-1,2462,2466,2463,-1,2463,2466,2467,-1,2465,2464,2468,-1,2468,2464,2469,-1,2468,2469,2470,-1,2470,2469,2471,-1,2470,2471,2472,-1,2472,2471,2473,-1,2472,2473,2474,-1,2474,2473,2475,-1,2474,2475,2476,-1,2476,2475,2477,-1,2476,2477,2478,-1,2478,2477,2479,-1,2478,2479,2480,-1,2480,2479,2481,-1,2480,2481,2482,-1,2482,2481,2483,-1,2482,2483,2484,-1,2484,2483,2485,-1,2484,2485,2486,-1,2486,2485,2487,-1,2486,2487,2488,-1,2488,2487,2489,-1,2488,2489,2490,-1,2490,2489,2491,-1,2490,2491,2492,-1,2492,2491,2493,-1,2492,2493,2494,-1,2494,2493,2495,-1,2494,2495,2496,-1,2496,2495,2497,-1,2492,2494,2498,-1,2498,2494,2499,-1,2499,2494,2500,-1,2500,2494,2496,-1,2501,2500,2497,-1,2497,2500,2496,-1,2495,2502,2497,-1,2497,2502,2501,-1,2503,2502,2493,-1,2493,2502,2495,-1,2503,2493,2491,-1,2503,2491,2504,-1,2504,2491,2489,-1,2504,2489,2505,-1,2505,2489,2487,-1,2505,2487,2506,-1,2506,2487,2485,-1,2506,2485,2507,-1,2507,2485,2483,-1,2507,2483,2508,-1,2508,2483,2481,-1,2508,2481,2509,-1,2509,2481,2479,-1,2509,2479,2510,-1,2510,2479,2477,-1,2510,2477,2511,-1,2511,2477,2475,-1,2511,2475,2512,-1,2512,2475,2473,-1,2512,2473,2513,-1,2513,2473,2471,-1,2513,2471,2514,-1,2514,2471,2469,-1,2514,2469,2515,-1,2515,2469,2467,-1,2467,2469,2464,-1,2467,2464,2463,-1,2463,2464,2416,-1,2463,2416,2440,-1,2440,2416,2418,-1,2461,2419,2462,-1,2462,2419,2417,-1,2462,2417,2466,-1,2466,2417,2465,-1,2466,2465,2516,-1,2516,2465,2468,-1,2516,2468,2517,-1,2517,2468,2470,-1,2517,2470,2518,-1,2518,2470,2472,-1,2518,2472,2519,-1,2519,2472,2474,-1,2519,2474,2520,-1,2520,2474,2476,-1,2520,2476,2521,-1,2521,2476,2478,-1,2521,2478,2522,-1,2522,2478,2480,-1,2522,2480,2523,-1,2523,2480,2482,-1,2523,2482,2524,-1,2524,2482,2484,-1,2524,2484,2525,-1,2525,2484,2486,-1,2525,2486,2526,-1,2526,2486,2488,-1,2526,2488,2527,-1,2527,2488,2490,-1,2527,2490,2498,-1,2498,2490,2492,-1,2500,2501,2499,-1,2499,2501,2502,-1,2499,2502,2498,-1,2498,2502,2503,-1,2498,2503,2527,-1,2527,2503,2504,-1,2527,2504,2526,-1,2526,2504,2505,-1,2526,2505,2525,-1,2525,2505,2506,-1,2525,2506,2524,-1,2524,2506,2507,-1,2524,2507,2523,-1,2523,2507,2508,-1,2523,2508,2522,-1,2522,2508,2509,-1,2522,2509,2521,-1,2521,2509,2510,-1,2521,2510,2520,-1,2520,2510,2511,-1,2520,2511,2519,-1,2519,2511,2512,-1,2519,2512,2518,-1,2518,2512,2513,-1,2518,2513,2517,-1,2517,2513,2514,-1,2517,2514,2516,-1,2516,2514,2515,-1,2516,2515,2466,-1,2466,2515,2467,-1,2528,2529,2530,-1,2530,2529,2531,-1,2530,2531,2532,-1,2532,2531,2533,-1,2532,2533,2534,-1,2534,2533,2535,-1,2536,2537,2538,-1,2538,2537,2539,-1,2538,2539,2540,-1,2540,2539,2541,-1,2540,2541,2542,-1,2542,2541,2543,-1,2542,2543,2544,-1,2544,2543,2545,-1,2544,2545,2546,-1,2546,2545,2547,-1,2547,2545,2548,-1,2547,2548,2549,-1,2549,2548,2550,-1,2549,2550,2535,-1,2535,2550,2551,-1,2535,2551,2534,-1,2552,2538,2540,-1,2552,2540,2553,-1,2553,2540,2542,-1,2553,2542,2554,-1,2554,2542,2544,-1,2554,2544,2555,-1,2555,2544,2546,-1,2555,2546,2556,-1,2556,2546,2547,-1,2556,2547,2557,-1,2531,2558,2533,-1,2533,2558,2559,-1,2533,2559,2535,-1,2535,2559,2560,-1,2535,2560,2549,-1,2549,2560,2561,-1,2549,2561,2547,-1,2547,2561,2557,-1,2562,2558,2529,-1,2529,2558,2531,-1,2528,2563,2529,-1,2529,2563,2562,-1,2530,2564,2528,-1,2528,2564,2563,-1,2548,2565,2566,-1,2548,2566,2550,-1,2550,2566,2567,-1,2550,2567,2551,-1,2551,2567,2568,-1,2551,2568,2534,-1,2534,2568,2569,-1,2534,2569,2532,-1,2532,2569,2564,-1,2532,2564,2530,-1,2565,2548,2570,-1,2570,2548,2545,-1,2570,2545,2571,-1,2571,2545,2543,-1,2571,2543,2572,-1,2572,2543,2541,-1,2572,2541,2573,-1,2573,2541,2539,-1,2574,2575,2573,-1,2573,2575,2552,-1,2573,2552,2572,-1,2572,2552,2553,-1,2572,2553,2571,-1,2562,2563,2558,-1,2558,2563,2564,-1,2558,2564,2559,-1,2564,2569,2559,-1,2559,2569,2568,-1,2559,2568,2560,-1,2560,2568,2567,-1,2560,2567,2561,-1,2561,2567,2566,-1,2561,2566,2557,-1,2557,2566,2565,-1,2557,2565,2556,-1,2556,2565,2570,-1,2556,2570,2555,-1,2555,2570,2571,-1,2555,2571,2554,-1,2554,2571,2553,-1,2536,2576,2537,-1,2537,2576,2577,-1,2574,2578,2575,-1,2575,2578,2579,-1,2577,2576,2580,-1,2580,2576,2581,-1,2580,2581,2582,-1,2582,2581,2583,-1,2582,2583,2584,-1,2584,2583,2585,-1,2584,2585,2586,-1,2586,2585,2587,-1,2586,2587,2588,-1,2588,2587,2589,-1,2588,2589,2590,-1,2590,2589,2591,-1,2590,2591,2592,-1,2592,2591,2593,-1,2592,2593,2594,-1,2594,2593,2595,-1,2594,2595,2596,-1,2596,2595,2597,-1,2596,2597,2598,-1,2598,2597,2599,-1,2598,2599,2600,-1,2600,2599,2601,-1,2600,2601,2602,-1,2602,2601,2603,-1,2602,2603,2604,-1,2604,2603,2605,-1,2604,2605,2606,-1,2606,2605,2607,-1,2606,2607,2608,-1,2608,2607,2609,-1,2604,2606,2610,-1,2610,2606,2611,-1,2611,2606,2612,-1,2612,2606,2608,-1,2613,2612,2609,-1,2609,2612,2608,-1,2607,2614,2609,-1,2609,2614,2613,-1,2615,2614,2605,-1,2605,2614,2607,-1,2615,2605,2603,-1,2615,2603,2616,-1,2616,2603,2601,-1,2616,2601,2617,-1,2617,2601,2599,-1,2617,2599,2618,-1,2618,2599,2597,-1,2618,2597,2619,-1,2619,2597,2595,-1,2619,2595,2620,-1,2620,2595,2593,-1,2620,2593,2621,-1,2621,2593,2591,-1,2621,2591,2622,-1,2622,2591,2589,-1,2622,2589,2623,-1,2623,2589,2587,-1,2623,2587,2624,-1,2624,2587,2585,-1,2624,2585,2625,-1,2625,2585,2583,-1,2625,2583,2626,-1,2626,2583,2581,-1,2626,2581,2627,-1,2627,2581,2579,-1,2579,2581,2576,-1,2579,2576,2575,-1,2575,2576,2536,-1,2575,2536,2552,-1,2552,2536,2538,-1,2573,2539,2574,-1,2574,2539,2537,-1,2574,2537,2578,-1,2578,2537,2577,-1,2578,2577,2628,-1,2628,2577,2580,-1,2628,2580,2629,-1,2629,2580,2582,-1,2629,2582,2630,-1,2630,2582,2584,-1,2630,2584,2631,-1,2631,2584,2586,-1,2631,2586,2632,-1,2632,2586,2588,-1,2632,2588,2633,-1,2633,2588,2590,-1,2633,2590,2634,-1,2634,2590,2592,-1,2634,2592,2635,-1,2635,2592,2594,-1,2635,2594,2636,-1,2636,2594,2596,-1,2636,2596,2637,-1,2637,2596,2598,-1,2637,2598,2638,-1,2638,2598,2600,-1,2638,2600,2639,-1,2639,2600,2602,-1,2639,2602,2610,-1,2610,2602,2604,-1,2612,2613,2611,-1,2611,2613,2614,-1,2611,2614,2610,-1,2610,2614,2615,-1,2610,2615,2639,-1,2639,2615,2616,-1,2639,2616,2638,-1,2638,2616,2617,-1,2638,2617,2637,-1,2637,2617,2618,-1,2637,2618,2636,-1,2636,2618,2619,-1,2636,2619,2635,-1,2635,2619,2620,-1,2635,2620,2634,-1,2634,2620,2621,-1,2634,2621,2633,-1,2633,2621,2622,-1,2633,2622,2632,-1,2632,2622,2623,-1,2632,2623,2631,-1,2631,2623,2624,-1,2631,2624,2630,-1,2630,2624,2625,-1,2630,2625,2629,-1,2629,2625,2626,-1,2629,2626,2628,-1,2628,2626,2627,-1,2628,2627,2578,-1,2578,2627,2579,-1,2640,2641,2642,-1,2642,2641,2643,-1,2642,2643,2644,-1,2644,2643,2645,-1,2644,2645,2646,-1,2647,2648,2649,-1,2649,2648,2650,-1,2649,2650,2651,-1,2651,2650,2652,-1,2651,2652,2653,-1,2653,2652,2654,-1,2653,2654,2655,-1,2655,2654,2646,-1,2655,2646,2656,-1,2656,2646,2645,-1,2657,2658,2659,-1,2659,2658,2660,-1,2659,2660,2661,-1,2661,2660,2662,-1,2661,2662,2647,-1,2647,2662,2663,-1,2647,2663,2648,-1,2652,2664,2654,-1,2654,2664,2665,-1,2654,2665,2646,-1,2646,2665,2666,-1,2646,2666,2644,-1,2644,2666,2667,-1,2644,2667,2642,-1,2642,2667,2668,-1,2664,2652,2650,-1,2664,2650,2669,-1,2669,2650,2648,-1,2669,2648,2670,-1,2670,2648,2663,-1,2670,2663,2671,-1,2671,2663,2662,-1,2671,2662,2672,-1,2672,2662,2660,-1,2672,2660,2673,-1,2673,2660,2674,-1,2674,2660,2658,-1,2674,2658,2675,-1,2675,2658,2657,-1,2657,2659,2675,-1,2675,2659,2676,-1,2676,2659,2677,-1,2677,2659,2661,-1,2677,2661,2678,-1,2678,2661,2647,-1,2678,2647,2679,-1,2679,2647,2649,-1,2679,2649,2680,-1,2680,2649,2651,-1,2643,2681,2682,-1,2643,2682,2645,-1,2645,2682,2683,-1,2645,2683,2656,-1,2656,2683,2684,-1,2656,2684,2655,-1,2655,2684,2685,-1,2655,2685,2653,-1,2653,2685,2680,-1,2653,2680,2651,-1,2686,2687,2681,-1,2681,2687,2668,-1,2681,2668,2682,-1,2682,2668,2667,-1,2682,2667,2683,-1,2683,2667,2666,-1,2683,2666,2684,-1,2684,2666,2665,-1,2684,2665,2685,-1,2685,2665,2680,-1,2680,2665,2664,-1,2680,2664,2679,-1,2674,2675,2673,-1,2673,2675,2676,-1,2673,2676,2672,-1,2672,2676,2677,-1,2672,2677,2671,-1,2671,2677,2678,-1,2671,2678,2670,-1,2670,2678,2679,-1,2670,2679,2669,-1,2669,2679,2664,-1,2640,2688,2641,-1,2641,2688,2689,-1,2686,2690,2687,-1,2687,2690,2691,-1,2692,2693,2694,-1,2694,2693,2695,-1,2694,2695,2696,-1,2696,2695,2697,-1,2696,2697,2698,-1,2698,2697,2699,-1,2698,2699,2700,-1,2700,2699,2701,-1,2700,2701,2702,-1,2702,2701,2703,-1,2702,2703,2704,-1,2704,2703,2705,-1,2704,2705,2706,-1,2706,2705,2707,-1,2706,2707,2708,-1,2708,2707,2709,-1,2708,2709,2710,-1,2710,2709,2711,-1,2710,2711,2712,-1,2712,2711,2713,-1,2712,2713,2714,-1,2714,2713,2715,-1,2714,2715,2716,-1,2716,2715,2717,-1,2716,2717,2718,-1,2718,2717,2719,-1,2718,2719,2720,-1,2720,2719,2721,-1,2720,2721,2688,-1,2688,2721,2689,-1,2697,2695,2722,-1,2722,2695,2723,-1,2723,2695,2724,-1,2724,2695,2693,-1,2693,2692,2724,-1,2724,2692,2725,-1,2694,2726,2692,-1,2692,2726,2725,-1,2727,2726,2696,-1,2696,2726,2694,-1,2720,2728,2718,-1,2718,2728,2729,-1,2718,2729,2716,-1,2716,2729,2730,-1,2716,2730,2714,-1,2714,2730,2731,-1,2714,2731,2712,-1,2712,2731,2732,-1,2712,2732,2710,-1,2710,2732,2733,-1,2710,2733,2708,-1,2708,2733,2734,-1,2708,2734,2706,-1,2706,2734,2735,-1,2706,2735,2704,-1,2704,2735,2736,-1,2704,2736,2702,-1,2702,2736,2737,-1,2702,2737,2700,-1,2700,2737,2738,-1,2700,2738,2698,-1,2698,2738,2739,-1,2698,2739,2696,-1,2696,2739,2727,-1,2728,2720,2691,-1,2691,2720,2688,-1,2691,2688,2687,-1,2687,2688,2640,-1,2687,2640,2668,-1,2668,2640,2642,-1,2721,2740,2689,-1,2689,2740,2690,-1,2689,2690,2641,-1,2641,2690,2686,-1,2641,2686,2643,-1,2643,2686,2681,-1,2697,2722,2741,-1,2697,2741,2699,-1,2699,2741,2742,-1,2699,2742,2701,-1,2701,2742,2743,-1,2701,2743,2703,-1,2703,2743,2744,-1,2703,2744,2705,-1,2705,2744,2745,-1,2705,2745,2707,-1,2707,2745,2746,-1,2707,2746,2709,-1,2709,2746,2747,-1,2709,2747,2711,-1,2711,2747,2748,-1,2711,2748,2713,-1,2713,2748,2749,-1,2713,2749,2715,-1,2715,2749,2750,-1,2715,2750,2717,-1,2717,2750,2751,-1,2717,2751,2719,-1,2719,2751,2740,-1,2719,2740,2721,-1,2691,2690,2728,-1,2728,2690,2740,-1,2728,2740,2729,-1,2729,2740,2751,-1,2729,2751,2730,-1,2730,2751,2750,-1,2730,2750,2731,-1,2731,2750,2749,-1,2731,2749,2732,-1,2732,2749,2748,-1,2732,2748,2733,-1,2733,2748,2747,-1,2733,2747,2734,-1,2734,2747,2746,-1,2734,2746,2735,-1,2735,2746,2745,-1,2735,2745,2736,-1,2736,2745,2744,-1,2736,2744,2737,-1,2737,2744,2743,-1,2737,2743,2738,-1,2738,2743,2742,-1,2738,2742,2739,-1,2739,2742,2741,-1,2739,2741,2727,-1,2727,2741,2722,-1,2727,2722,2726,-1,2726,2722,2723,-1,2726,2723,2725,-1,2725,2723,2724,-1,
        ]
    }
}
Shape{
    appearance Appearance {
        material  Material 	{
            diffuseColor 1.0 1.0 1.0
            specularColor 0.5019607843137255 0.5019607843137255 0.5019607843137255
            ambientIntensity 0.2
            transparency 0
            shininess 0.5
        }
    }
    geometry IndexedFaceSet {
        ccw TRUE
        solid FALSE
        coord DEF co Coordinate {
            point [
                -0.7805 -0.9999 -3.9879, -0.7701 -0.9999 -3.9966, -0.8032 -0.9999 -3.8865, -0.7218 -0.9999 -3.7149, -0.715 -0.9999 -3.7186, -0.7444 -0.9999 -3.6493, -0.6596 -0.9999 -3.648, -0.6434 -0.9999 -3.6394, -0.673 -0.9999 -3.5899, -0.4709 -0.9999 -3.6968, -0.463 -0.9999 -3.7135, -0.4085 -0.9999 -3.6949, -0.4576 -0.9999 -3.7311, -0.455 -0.9999 -3.7461, -0.7086 -0.9999 -3.8843, -0.6996 -0.9999 -3.8871, -0.6798 -0.9999 -3.8302, -0.419 -0.9999 -3.8888, -0.4322 -0.9999 -3.8928, -0.4181 -0.9999 -3.9492, -0.8042 -0.9999 -3.9501, -0.7984 -0.9999 -3.964, -0.7905 -0.9999 -3.9766, -0.4863 -0.9999 -3.8401, -0.5157 -0.9999 -3.7898, -0.6192 -0.9999 -3.9103, -0.6429 -0.9999 -3.8562, -0.6192 -0.9999 -3.9198, -0.6705 -0.9999 -4.004, -0.6199 -0.9999 -3.9319, -0.6576 -0.9999 -3.9959, -0.647 -0.9999 -3.9868, -0.7235 -0.9999 -3.9567, -0.7271 -0.9999 -4.0138, -0.715 -0.9999 -3.9577, -0.714 -0.9999 -4.0146, -0.7059 -0.9999 -3.9566, -0.7398 -0.9999 -3.9482, -0.7322 -0.9999 -3.9534, -0.7569 -0.9999 -4.0046, -0.7425 -0.9999 -4.0104, -0.681 -0.9999 -3.9061, -0.6785 -0.9999 -3.9148, -0.6781 -0.9999 -3.924, -0.6801 -0.9999 -3.9331, -0.6843 -0.9999 -3.9414, -0.7927 -0.9999 -3.7084, -0.8048 -0.9999 -3.6524, -0.8233 -0.9999 -3.6585, -0.436 -0.9999 -3.952, -0.4417 -0.9999 -3.8941, -0.492 -0.9999 -3.952, -0.4844 -0.9999 -3.8941, -0.4967 -0.9999 -3.9513, -0.6528 -0.9999 -3.5815, -0.6262 -0.9999 -3.633, -0.6321 -0.9999 -3.5755, -0.8169 -0.9999 -3.8789, -0.833 -0.9999 -3.9396, -0.8149 -0.9999 -3.947, -0.8071 -0.9999 -3.7142, -0.841 -0.9999 -3.6669, -0.8205 -0.9999 -3.7222, -0.8576 -0.9999 -3.6777, -0.8323 -0.9999 -3.7322, -0.637 -0.9999 -3.975, -0.629 -0.9999 -3.9616, -0.6232 -0.9999 -3.9471, -0.7518 -0.9999 -3.9246, -0.7498 -0.9999 -3.9334, -0.7458 -0.9999 -3.9412, -0.666 -0.9999 -3.8369, -0.6918 -0.9999 -3.8919, -0.6536 -0.9999 -3.8456, -0.3765 -0.9999 -3.7988, -0.3263 -0.9999 -3.7677, -0.3817 -0.9999 -3.7861, -0.3348 -0.9999 -3.7519, -0.3891 -0.9999 -3.7746, -0.3457 -0.9999 -3.737, -0.3985 -0.9999 -3.7646, -0.3585 -0.9999 -3.7237, -0.4094 -0.9999 -3.7567, -0.8399 -0.9999 -3.8577, -0.8801 -0.9999 -3.9046, -0.8292 -0.9999 -3.8693, -0.8657 -0.9999 -3.9185, -0.8499 -0.9999 -3.9302, -0.7858 -0.9999 -3.6487, -0.7774 -0.9999 -3.7052, -0.7662 -0.9999 -3.6474, -0.7653 -0.9999 -3.7044, -0.7553 -0.9999 -3.648, -0.7505 -0.9999 -3.7056, -0.7361 -0.9999 -3.7091, -0.7516 -0.9999 -3.9153, -0.7491 -0.9999 -3.9063, -0.799 -0.9999 -3.8768, -0.7444 -0.9999 -3.8983, -0.715 -0.9999 -3.8837, -0.7291 -0.9999 -3.8252, -0.7239 -0.9999 -3.8848, -0.7435 -0.9999 -3.8287, -0.7322 -0.9999 -3.888, -0.6947 -0.9999 -3.8259, -0.7091 -0.9999 -3.8241, -0.714 -0.9999 -3.8239, -0.6904 -0.9999 -3.9483, -0.6976 -0.9999 -3.9534, -0.6843 -0.9999 -4.0098, -0.6988 -0.9999 -4.0134, -0.401 -0.9999 -3.9441, -0.3846 -0.9999 -3.9366, -0.4069 -0.9999 -3.8825, -0.3692 -0.9999 -3.9268, -0.3963 -0.9999 -3.874, -0.3551 -0.9999 -3.9149, -0.3919 -0.9999 -3.8695, -0.3497 -0.9999 -3.9093, -0.384 -0.9999 -3.8586, -0.6924 -0.9999 -3.6007, -0.7026 -0.9999 -3.6076, -0.6743 -0.9999 -3.6588, -0.7177 -0.9999 -3.6197, -0.6874 -0.9999 -3.6716, -0.7315 -0.9999 -3.6336, -0.6987 -0.9999 -3.6859, -0.7079 -0.9999 -3.7016, -0.4168 -0.9999 -3.6759, -0.4273 -0.9999 -3.6578, -0.4809 -0.9999 -3.6813, -0.4402 -0.9999 -3.6404, -0.493 -0.9999 -3.6673, -0.8586 -0.9999 -3.8163, -0.915 -0.9999 -3.8397, -0.8545 -0.9999 -3.8314, -0.9089 -0.9999 -3.8583, -0.848 -0.9999 -3.8456, -0.9004 -0.9999 -3.8761, -0.8897 -0.9999 -3.8928, -0.6854 -0.9999 -3.8985, -0.3746 -0.9999 -3.8338, -0.3148 -0.9999 -3.8275, -0.3734 -0.9999 -3.8201, -0.3146 -0.9999 -3.8192, -0.3738 -0.9999 -3.8124, -0.3161 -0.9999 -3.8015, -0.32 -0.9999 -3.7844, -0.3384 -0.9999 -3.8952, -0.3291 -0.9999 -3.8798, -0.3782 -0.9999 -3.8466, -0.322 -0.9999 -3.8632, -0.3172 -0.9999 -3.8457, -0.7573 -0.9999 -3.8346, -0.7689 -0.9999 -3.8417, -0.7397 -0.9999 -3.8932, -0.7807 -0.9999 -3.8517, -0.7909 -0.9999 -3.8635, -0.489 -0.9999 -3.8933, -0.5121 -0.9999 -3.9419, -0.5093 -0.9999 -3.9447, -0.5888 -0.9999 -3.5706, -0.5878 -0.9999 -3.6275, -0.5822 -0.9999 -3.5707, -0.5698 -0.9999 -3.6288, -0.8495 -0.9999 -3.7557, -0.9077 -0.9999 -3.7409, -0.8554 -0.9999 -3.7695, -0.9142 -0.9999 -3.7594, -0.8589 -0.9999 -3.784, -0.9183 -0.9999 -3.7787, -0.8602 -0.9999 -3.7993, -0.9199 -0.9999 -3.7972, -0.8601 -0.9999 -3.802, -0.9199 -0.9999 -3.8012, -0.9187 -0.9999 -3.8206, -0.4474 -0.9999 -3.7461, -0.434 -0.9999 -3.7474, -0.4049 -0.9999 -3.6961, -0.4213 -0.9999 -3.7509, -0.389 -0.9999 -3.7028, -0.373 -0.9999 -3.7122, -0.5195 -0.9999 -3.9226, -0.5187 -0.9999 -3.9295, -0.5162 -0.9999 -3.9359, -0.4862 -0.9999 -3.8939, -0.503 -0.9999 -3.949, -0.6107 -0.9999 -3.5718, -0.6081 -0.9999 -3.629, -0.5906 -0.9999 -3.6276, -0.4972 -0.9999 -3.8941, -0.5037 -0.9999 -3.8966, -0.5194 -0.9999 -3.9198, -0.5096 -0.9999 -3.9006, -0.5142 -0.9999 -3.9059, -0.5177 -0.9999 -3.9125, -0.872 -0.9999 -3.6898, -0.8753 -0.9999 -3.693, -0.8414 -0.9999 -3.7429, -0.8881 -0.9999 -3.7076, -0.8989 -0.9999 -3.7236, -0.4901 -0.9999 -3.8932, -0.4554 -0.9999 -3.6241, -0.4598 -0.9999 -3.6199, -0.5046 -0.9999 -3.6568, -0.4778 -0.9999 -3.6059, -0.5195 -0.9999 -3.6465, -0.4971 -0.9999 -3.5941, -0.5355 -0.9999 -3.6383, -0.5175 -0.9999 -3.5845, -0.5524 -0.9999 -3.6324, -0.5387 -0.9999 -3.5774, -0.5603 -0.9999 -3.5728, -0.5157 -0.996 -3.7898, -0.4863 -0.996 -3.8401, -0.6429 -0.996 -3.8562, -0.6192 -0.996 -3.9103, -0.6705 -0.996 -4.004, -0.6192 -0.996 -3.9198, -0.6199 -0.996 -3.9319, -0.6576 -0.996 -3.9959, -0.647 -0.996 -3.9868, -0.7239 -0.996 -3.8848, -0.7322 -0.996 -3.888, -0.8032 -0.996 -3.8865, -0.7397 -0.996 -3.8932, -0.6434 -0.996 -3.6394, -0.6596 -0.996 -3.648, -0.6924 -0.996 -3.6007, -0.7805 -0.996 -3.9879, -0.7905 -0.996 -3.9766, -0.7491 -0.996 -3.9063, -0.7984 -0.996 -3.964, -0.8042 -0.996 -3.9501, -0.6843 -0.996 -3.9414, -0.6801 -0.996 -3.9331, -0.6781 -0.996 -3.924, -0.6785 -0.996 -3.9148, -0.8545 -0.996 -3.8314, -0.848 -0.996 -3.8456, -0.9004 -0.996 -3.8761, -0.6232 -0.996 -3.9471, -0.629 -0.996 -3.9616, -0.637 -0.996 -3.975, -0.715 -0.996 -3.9577, -0.7059 -0.996 -3.9566, -0.6988 -0.996 -4.0134, -0.8071 -0.996 -3.7142, -0.8233 -0.996 -3.6585, -0.7927 -0.996 -3.7084, -0.8048 -0.996 -3.6524, -0.7774 -0.996 -3.7052, -0.7858 -0.996 -3.6487, -0.7653 -0.996 -3.7044, -0.8897 -0.996 -3.8928, -0.8399 -0.996 -3.8577, -0.8801 -0.996 -3.9046, -0.8292 -0.996 -3.8693, -0.8657 -0.996 -3.9185, -0.8499 -0.996 -3.9302, -0.8169 -0.996 -3.8789, -0.833 -0.996 -3.9396, -0.8149 -0.996 -3.947, -0.7444 -0.996 -3.8983, -0.4809 -0.996 -3.6813, -0.4273 -0.996 -3.6578, -0.4709 -0.996 -3.6968, -0.4168 -0.996 -3.6759, -0.463 -0.996 -3.7135, -0.4085 -0.996 -3.6949, -0.4576 -0.996 -3.7311, -0.7026 -0.996 -3.6076, -0.6743 -0.996 -3.6588, -0.7177 -0.996 -3.6197, -0.4213 -0.996 -3.7509, -0.434 -0.996 -3.7474, -0.7516 -0.996 -3.9153, -0.7518 -0.996 -3.9246, -0.7498 -0.996 -3.9334, -0.7315 -0.996 -3.6336, -0.6874 -0.996 -3.6716, -0.7444 -0.996 -3.6493, -0.6987 -0.996 -3.6859, -0.7079 -0.996 -3.7016, -0.3782 -0.996 -3.8466, -0.3291 -0.996 -3.8798, -0.384 -0.996 -3.8586, -0.3384 -0.996 -3.8952, -0.3919 -0.996 -3.8695, -0.3497 -0.996 -3.9093, -0.3963 -0.996 -3.874, -0.3551 -0.996 -3.9149, -0.4069 -0.996 -3.8825, -0.3817 -0.996 -3.7861, -0.3263 -0.996 -3.7677, -0.3765 -0.996 -3.7988, -0.32 -0.996 -3.7844, -0.3738 -0.996 -3.8124, -0.3161 -0.996 -3.8015, -0.3734 -0.996 -3.8201, -0.4474 -0.996 -3.7461, -0.455 -0.996 -3.7461, -0.7322 -0.996 -3.9534, -0.7701 -0.996 -3.9966, -0.7398 -0.996 -3.9482, -0.7458 -0.996 -3.9412, -0.715 -0.996 -3.8837, -0.7091 -0.996 -3.8241, -0.7086 -0.996 -3.8843, -0.6947 -0.996 -3.8259, -0.6996 -0.996 -3.8871, -0.7662 -0.996 -3.6474, -0.7553 -0.996 -3.648, -0.7505 -0.996 -3.7056, -0.7361 -0.996 -3.7091, -0.6843 -0.996 -4.0098, -0.6976 -0.996 -3.9534, -0.6904 -0.996 -3.9483, -0.6798 -0.996 -3.8302, -0.666 -0.996 -3.8369, -0.6918 -0.996 -3.8919, -0.6536 -0.996 -3.8456, -0.6854 -0.996 -3.8985, -0.681 -0.996 -3.9061, -0.7573 -0.996 -3.8346, -0.7435 -0.996 -3.8287, -0.7218 -0.996 -3.7149, -0.715 -0.996 -3.7186, -0.5093 -0.996 -3.9447, -0.5121 -0.996 -3.9419, -0.489 -0.996 -3.8933, -0.5162 -0.996 -3.9359, -0.3146 -0.996 -3.8192, -0.3148 -0.996 -3.8275, -0.3746 -0.996 -3.8338, -0.3172 -0.996 -3.8457, -0.322 -0.996 -3.8632, -0.4049 -0.996 -3.6961, -0.389 -0.996 -3.7028, -0.4094 -0.996 -3.7567, -0.373 -0.996 -3.7122, -0.3985 -0.996 -3.7646, -0.3585 -0.996 -3.7237, -0.3891 -0.996 -3.7746, -0.3457 -0.996 -3.737, -0.3348 -0.996 -3.7519, -0.714 -0.996 -4.0146, -0.7271 -0.996 -4.0138, -0.7235 -0.996 -3.9567, -0.7425 -0.996 -4.0104, -0.7569 -0.996 -4.0046, -0.7909 -0.996 -3.8635, -0.7807 -0.996 -3.8517, -0.7689 -0.996 -3.8417, -0.7291 -0.996 -3.8252, -0.714 -0.996 -3.8239, -0.8554 -0.996 -3.7695, -0.9077 -0.996 -3.7409, -0.8495 -0.996 -3.7557, -0.8989 -0.996 -3.7236, -0.8414 -0.996 -3.7429, -0.9089 -0.996 -3.8583, -0.915 -0.996 -3.8397, -0.8586 -0.996 -3.8163, -0.9187 -0.996 -3.8206, -0.8601 -0.996 -3.802, -0.9199 -0.996 -3.8012, -0.8602 -0.996 -3.7993, -0.9199 -0.996 -3.7972, -0.8589 -0.996 -3.784, -0.9183 -0.996 -3.7787, -0.9142 -0.996 -3.7594, -0.3692 -0.996 -3.9268, -0.3846 -0.996 -3.9366, -0.419 -0.996 -3.8888, -0.401 -0.996 -3.9441, -0.4322 -0.996 -3.8928, -0.4181 -0.996 -3.9492, -0.4417 -0.996 -3.8941, -0.436 -0.996 -3.952, -0.4844 -0.996 -3.8941, -0.492 -0.996 -3.952, -0.4862 -0.996 -3.8939, -0.4967 -0.996 -3.9513, -0.503 -0.996 -3.949, -0.5187 -0.996 -3.9295, -0.5195 -0.996 -3.9226, -0.5194 -0.996 -3.9198, -0.799 -0.996 -3.8768, -0.8881 -0.996 -3.7076, -0.8753 -0.996 -3.693, -0.8323 -0.996 -3.7322, -0.872 -0.996 -3.6898, -0.8205 -0.996 -3.7222, -0.8576 -0.996 -3.6777, -0.841 -0.996 -3.6669, -0.5177 -0.996 -3.9125, -0.5142 -0.996 -3.9059, -0.5096 -0.996 -3.9006, -0.5037 -0.996 -3.8966, -0.5046 -0.996 -3.6568, -0.4598 -0.996 -3.6199, -0.493 -0.996 -3.6673, -0.4554 -0.996 -3.6241, -0.4402 -0.996 -3.6404, -0.673 -0.996 -3.5899, -0.6528 -0.996 -3.5815, -0.6262 -0.996 -3.633, -0.6321 -0.996 -3.5755, -0.6081 -0.996 -3.629, -0.6107 -0.996 -3.5718, -0.5906 -0.996 -3.6276, -0.5888 -0.996 -3.5706, -0.5878 -0.996 -3.6275, -0.5822 -0.996 -3.5707, -0.5698 -0.996 -3.6288, -0.5603 -0.996 -3.5728, -0.5524 -0.996 -3.6324, -0.5387 -0.996 -3.5774, -0.5355 -0.996 -3.6383, -0.5175 -0.996 -3.5845, -0.5195 -0.996 -3.6465, -0.4971 -0.996 -3.5941, -0.4778 -0.996 -3.6059, -0.4972 -0.996 -3.8941, -0.4901 -0.996 -3.8932, -0.1349 -0.9999 -3.7246, -0.1349 -0.9999 -3.7399, -0.1349 -0.996 -3.7246, -0.1349 -0.996 -3.7399, -0.1881 -0.9999 -3.7246, -0.1881 -0.996 -3.7246, -0.1881 -0.9999 -3.6064, -0.1881 -0.996 -3.6064, -0.2053 -0.9999 -3.6064, -0.2053 -0.996 -3.6064, -0.2053 -0.9999 -3.7399, -0.2053 -0.996 -3.7399, -0.0665 -0.9999 -3.7421, -0.0665 -0.996 -3.7421, -0.0583 -0.996 -3.7418, -0.0583 -0.9999 -3.7418, -0.0508 -0.996 -3.741, -0.0508 -0.9999 -3.741, -0.0439 -0.996 -3.7397, -0.0439 -0.9999 -3.7397, -0.0378 -0.996 -3.7379, -0.0378 -0.9999 -3.7379, -0.0323 -0.996 -3.7357, -0.0323 -0.9999 -3.7357, -0.0295 -0.996 -3.7343, -0.0295 -0.9999 -3.7343, -0.0295 -0.9999 -3.7178, -0.0295 -0.996 -3.7178, -0.0346 -0.996 -3.7205, -0.0346 -0.9999 -3.7205, -0.0399 -0.996 -3.7228, -0.0399 -0.9999 -3.7228, -0.0455 -0.996 -3.7245, -0.0455 -0.9999 -3.7245, -0.0515 -0.996 -3.7258, -0.0515 -0.9999 -3.7258, -0.0578 -0.996 -3.7265, -0.0578 -0.9999 -3.7265, -0.064 -0.996 -3.7268, -0.064 -0.9999 -3.7268, -0.0698 -0.996 -3.7265, -0.0698 -0.9999 -3.7265, -0.0753 -0.996 -3.7256, -0.0753 -0.9999 -3.7256, -0.0803 -0.996 -3.7243, -0.0803 -0.9999 -3.7243, -0.085 -0.996 -3.7224, -0.085 -0.9999 -3.7224, -0.0893 -0.996 -3.7201, -0.0893 -0.9999 -3.7201, -0.0933 -0.996 -3.7173, -0.0933 -0.9999 -3.7173, -0.097 -0.996 -3.714, -0.097 -0.9999 -3.714, -0.0983 -0.996 -3.7127, -0.0983 -0.9999 -3.7127, -0.1015 -0.996 -3.7088, -0.1015 -0.9999 -3.7088, -0.1043 -0.996 -3.7046, -0.1043 -0.9999 -3.7046, -0.1066 -0.996 -3.7, -0.1066 -0.9999 -3.7, -0.1085 -0.996 -3.695, -0.1085 -0.9999 -3.695, -0.1099 -0.996 -3.6896, -0.1099 -0.9999 -3.6896, -0.1109 -0.996 -3.6838, -0.1109 -0.9999 -3.6838, -0.1113 -0.996 -3.6774, -0.1113 -0.9999 -3.6774, -0.1114 -0.996 -3.6746, -0.1114 -0.9999 -3.6746, -0.1111 -0.996 -3.6677, -0.1111 -0.9999 -3.6677, -0.1103 -0.996 -3.6613, -0.1103 -0.9999 -3.6613, -0.1089 -0.996 -3.6553, -0.1089 -0.9999 -3.6553, -0.1071 -0.996 -3.6499, -0.1071 -0.9999 -3.6499, -0.1048 -0.996 -3.645, -0.1048 -0.9999 -3.645, -0.1021 -0.996 -3.6405, -0.1021 -0.9999 -3.6405, -0.099 -0.996 -3.6363, -0.099 -0.9999 -3.6363, -0.0974 -0.996 -3.6345, -0.0974 -0.9999 -3.6345, -0.0935 -0.996 -3.6309, -0.0935 -0.9999 -3.6309, -0.0894 -0.996 -3.6277, -0.0894 -0.9999 -3.6277, -0.085 -0.996 -3.6251, -0.085 -0.9999 -3.6251, -0.0804 -0.996 -3.6231, -0.0804 -0.9999 -3.6231, -0.0755 -0.996 -3.6215, -0.0755 -0.9999 -3.6215, -0.0703 -0.996 -3.6204, -0.0703 -0.9999 -3.6204, -0.0647 -0.996 -3.6198, -0.0647 -0.9999 -3.6198, -0.061 -0.996 -3.6197, -0.061 -0.9999 -3.6197, -0.0546 -0.996 -3.62, -0.0546 -0.9999 -3.62, -0.0484 -0.996 -3.6208, -0.0484 -0.9999 -3.6208, -0.0425 -0.996 -3.6222, -0.0425 -0.9999 -3.6222, -0.0369 -0.996 -3.6241, -0.0369 -0.9999 -3.6241, -0.0315 -0.996 -3.6266, -0.0315 -0.9999 -3.6266, -0.0295 -0.996 -3.6276, -0.0295 -0.9999 -3.6276, -0.0295 -0.9999 -3.6096, -0.0295 -0.996 -3.6096, -0.0347 -0.996 -3.6077, -0.0347 -0.9999 -3.6077, -0.0404 -0.996 -3.6062, -0.0404 -0.9999 -3.6062, -0.0468 -0.996 -3.605, -0.0468 -0.9999 -3.605, -0.054 -0.996 -3.6044, -0.054 -0.9999 -3.6044, -0.0612 -0.996 -3.6041, -0.0612 -0.9999 -3.6041, -0.0681 -0.996 -3.6044, -0.0681 -0.9999 -3.6044, -0.0748 -0.996 -3.6053, -0.0748 -0.9999 -3.6053, -0.081 -0.996 -3.6066, -0.081 -0.9999 -3.6066, -0.0869 -0.996 -3.6085, -0.0869 -0.9999 -3.6085, -0.0924 -0.996 -3.6109, -0.0924 -0.9999 -3.6109, -0.0976 -0.996 -3.6137, -0.0976 -0.9999 -3.6137, -0.1025 -0.996 -3.6171, -0.1025 -0.9999 -3.6171, -0.1072 -0.996 -3.621, -0.1072 -0.9999 -3.621, -0.1102 -0.996 -3.6238, -0.1102 -0.9999 -3.6238, -0.1143 -0.996 -3.6284, -0.1143 -0.9999 -3.6284, -0.1179 -0.996 -3.6332, -0.1179 -0.9999 -3.6332, -0.121 -0.996 -3.6384, -0.121 -0.9999 -3.6384, -0.1236 -0.996 -3.6438, -0.1236 -0.9999 -3.6438, -0.1257 -0.996 -3.6496, -0.1257 -0.9999 -3.6496, -0.1274 -0.996 -3.6558, -0.1274 -0.9999 -3.6558, -0.1286 -0.996 -3.6624, -0.1286 -0.9999 -3.6624, -0.1293 -0.996 -3.6694, -0.1293 -0.9999 -3.6694, -0.1295 -0.996 -3.6756, -0.1295 -0.9999 -3.6756, -0.1292 -0.996 -3.6831, -0.1292 -0.9999 -3.6831, -0.1283 -0.996 -3.6902, -0.1283 -0.9999 -3.6902, -0.127 -0.996 -3.6968, -0.127 -0.9999 -3.6968, -0.1252 -0.996 -3.7028, -0.1252 -0.9999 -3.7028, -0.1228 -0.996 -3.7084, -0.1228 -0.9999 -3.7084, -0.1201 -0.996 -3.7136, -0.1201 -0.9999 -3.7136, -0.1169 -0.996 -3.7185, -0.1169 -0.9999 -3.7185, -0.1134 -0.996 -3.7227, -0.1134 -0.9999 -3.7227, -0.1123 -0.996 -3.7239, -0.1123 -0.9999 -3.7239, -0.1082 -0.996 -3.7279, -0.1082 -0.9999 -3.7279, -0.1037 -0.996 -3.7314, -0.1037 -0.9999 -3.7314, -0.099 -0.996 -3.7343, -0.099 -0.9999 -3.7343, -0.094 -0.996 -3.7368, -0.094 -0.9999 -3.7368, -0.0887 -0.996 -3.7389, -0.0887 -0.9999 -3.7389, -0.083 -0.996 -3.7404, -0.083 -0.9999 -3.7404, -0.0769 -0.996 -3.7415, -0.0769 -0.9999 -3.7415, -0.0704 -0.996 -3.742, -0.0704 -0.9999 -3.742, 0.0689 -0.9999 -3.7246, 0.0689 -0.9999 -3.7399, 0.0689 -0.996 -3.7246, 0.0689 -0.996 -3.7399, 0.0144 -0.9999 -3.7246, 0.0144 -0.996 -3.7246, 0.0144 -0.9999 -3.6797, 0.0144 -0.996 -3.6797, 0.0621 -0.9999 -3.6797, 0.0621 -0.996 -3.6797, 0.0621 -0.9999 -3.6645, 0.0621 -0.996 -3.6645, 0.0144 -0.9999 -3.6645, 0.0144 -0.996 -3.6645, 0.0144 -0.9999 -3.6218, 0.0144 -0.996 -3.6218, 0.0659 -0.9999 -3.6218, 0.0659 -0.996 -3.6218, 0.0659 -0.9999 -3.6064, 0.0659 -0.996 -3.6064, -0.0028 -0.9999 -3.6064, -0.0028 -0.996 -3.6064, -0.0028 -0.9999 -3.7399, -0.0028 -0.996 -3.7399, 0.1555 -0.9999 -3.7203, 0.1648 -0.9999 -3.7331, 0.1604 -0.9999 -3.7181, 0.1703 -0.9999 -3.7303, 0.1648 -0.9999 -3.7154, 0.1755 -0.9999 -3.727, 0.1687 -0.9999 -3.7123, 0.1804 -0.9999 -3.7232, 0.1704 -0.9999 -3.7107, 0.1827 -0.9999 -3.7212, 0.1738 -0.9999 -3.7071, 0.1869 -0.9999 -3.7168, 0.1767 -0.9999 -3.703, 0.1907 -0.9999 -3.7121, 0.1792 -0.9999 -3.6987, 0.1939 -0.9999 -3.7072, 0.1812 -0.9999 -3.6939, 0.1836 -0.9999 -3.659, 0.2003 -0.9999 -3.652, 0.1822 -0.9999 -3.6535, 0.1984 -0.9999 -3.6464, 0.1804 -0.9999 -3.6485, 0.1961 -0.9999 -3.6411, 0.1782 -0.9999 -3.6441, 0.1932 -0.9999 -3.6362, 0.1755 -0.9999 -3.6401, 0.1899 -0.9999 -3.6316, 0.1861 -0.9999 -3.6273, 0.1725 -0.9999 -3.6366, 0.1827 -0.9999 -3.6241, 0.17 -0.9999 -3.6343, 0.1777 -0.9999 -3.6201, 0.1659 -0.9999 -3.6311, 0.1725 -0.9999 -3.6166, 0.1614 -0.9999 -3.6284, 0.167 -0.9999 -3.6137, 0.1566 -0.9999 -3.6262, 0.1612 -0.9999 -3.6113, 0.1514 -0.9999 -3.6244, 0.1551 -0.9999 -3.6093, 0.1458 -0.9999 -3.623, 0.1487 -0.9999 -3.6078, 0.1397 -0.9999 -3.6221, 0.1419 -0.9999 -3.6069, 0.1332 -0.9999 -3.6218, 0.1347 -0.9999 -3.6064, 0.1315 -0.9999 -3.6218, 0.1322 -0.9999 -3.6064, 0.1114 -0.9999 -3.6218, 0.0941 -0.9999 -3.6064, 0.1114 -0.9999 -3.7246, 0.0941 -0.9999 -3.7399, 0.1308 -0.9999 -3.7246, 0.1309 -0.9999 -3.7399, 0.1378 -0.9999 -3.7244, 0.1385 -0.9999 -3.7396, 0.1443 -0.9999 -3.7235, 0.1458 -0.9999 -3.7387, 0.1502 -0.9999 -3.7222, 0.1525 -0.9999 -3.7373, 0.1589 -0.9999 -3.7355, 0.1966 -0.9999 -3.702, 0.1988 -0.9999 -3.6965, 0.1828 -0.9999 -3.6888, 0.2006 -0.9999 -3.6907, 0.1839 -0.9999 -3.6831, 0.2018 -0.9999 -3.6845, 0.1845 -0.9999 -3.677, 0.2026 -0.9999 -3.6779, 0.1847 -0.9999 -3.6719, 0.2028 -0.9999 -3.6714, 0.1844 -0.9999 -3.6652, 0.2025 -0.9999 -3.6646, 0.2017 -0.9999 -3.658, 0.1659 -0.996 -3.6311, 0.1777 -0.996 -3.6201, 0.17 -0.996 -3.6343, 0.1827 -0.996 -3.6241, 0.1725 -0.996 -3.6366, 0.1861 -0.996 -3.6273, 0.1755 -0.996 -3.6401, 0.1899 -0.996 -3.6316, 0.1782 -0.996 -3.6441, 0.1932 -0.996 -3.6362, 0.1804 -0.996 -3.6485, 0.1961 -0.996 -3.6411, 0.1822 -0.996 -3.6535, 0.1604 -0.996 -3.7181, 0.1648 -0.996 -3.7331, 0.1555 -0.996 -3.7203, 0.1589 -0.996 -3.7355, 0.1502 -0.996 -3.7222, 0.1525 -0.996 -3.7373, 0.1443 -0.996 -3.7235, 0.1458 -0.996 -3.7387, 0.1378 -0.996 -3.7244, 0.1385 -0.996 -3.7396, 0.1308 -0.996 -3.7246, 0.1309 -0.996 -3.7399, 0.1114 -0.996 -3.7246, 0.0941 -0.996 -3.7399, 0.1114 -0.996 -3.6218, 0.0941 -0.996 -3.6064, 0.1315 -0.996 -3.6218, 0.1322 -0.996 -3.6064, 0.1332 -0.996 -3.6218, 0.1347 -0.996 -3.6064, 0.1397 -0.996 -3.6221, 0.1419 -0.996 -3.6069, 0.1458 -0.996 -3.623, 0.1487 -0.996 -3.6078, 0.1514 -0.996 -3.6244, 0.1551 -0.996 -3.6093, 0.1566 -0.996 -3.6262, 0.1612 -0.996 -3.6113, 0.1614 -0.996 -3.6284, 0.167 -0.996 -3.6137, 0.1725 -0.996 -3.6166, 0.1828 -0.996 -3.6888, 0.1988 -0.996 -3.6965, 0.1812 -0.996 -3.6939, 0.1966 -0.996 -3.702, 0.1792 -0.996 -3.6987, 0.1939 -0.996 -3.7072, 0.1767 -0.996 -3.703, 0.1907 -0.996 -3.7121, 0.1738 -0.996 -3.7071, 0.1869 -0.996 -3.7168, 0.1704 -0.996 -3.7107, 0.1827 -0.996 -3.7212, 0.1687 -0.996 -3.7123, 0.1804 -0.996 -3.7232, 0.1648 -0.996 -3.7154, 0.1755 -0.996 -3.727, 0.1703 -0.996 -3.7303, 0.1984 -0.996 -3.6464, 0.2003 -0.996 -3.652, 0.1836 -0.996 -3.659, 0.2017 -0.996 -3.658, 0.1844 -0.996 -3.6652, 0.2025 -0.996 -3.6646, 0.1847 -0.996 -3.6719, 0.2028 -0.996 -3.6714, 0.1845 -0.996 -3.677, 0.2026 -0.996 -3.6779, 0.1839 -0.996 -3.6831, 0.2018 -0.996 -3.6845, 0.2006 -0.996 -3.6907, 0.2475 -0.9999 -3.6883, 0.2421 -0.9999 -3.7033, 0.2923 -0.9999 -3.6883, 0.2976 -0.9999 -3.7033, 0.2675 -0.9999 -3.6328, 0.261 -0.9999 -3.6064, 0.2102 -0.9999 -3.7399, 0.2292 -0.9999 -3.7399, 0.2686 -0.9999 -3.6288, 0.2697 -0.9999 -3.6235, 0.2794 -0.9999 -3.6064, 0.2701 -0.9999 -3.6235, 0.2711 -0.9999 -3.6291, 0.2721 -0.9999 -3.6328, 0.3303 -0.9999 -3.7399, 0.3112 -0.9999 -3.7399, 0.2923 -0.996 -3.6883, 0.2721 -0.996 -3.6328, 0.2794 -0.996 -3.6064, 0.2711 -0.996 -3.6291, 0.2701 -0.996 -3.6235, 0.261 -0.996 -3.6064, 0.2697 -0.996 -3.6235, 0.2686 -0.996 -3.6288, 0.2675 -0.996 -3.6328, 0.2475 -0.996 -3.6883, 0.2102 -0.996 -3.7399, 0.3303 -0.996 -3.7399, 0.3112 -0.996 -3.7399, 0.2976 -0.996 -3.7033, 0.2292 -0.996 -3.7399, 0.2421 -0.996 -3.7033, -0.1335 -0.9999 -3.9363, -0.1335 -0.9999 -3.9516, -0.1335 -0.996 -3.9363, -0.1335 -0.996 -3.9516, -0.1881 -0.9999 -3.9363, -0.1881 -0.996 -3.9363, -0.1881 -0.9999 -3.8914, -0.1881 -0.996 -3.8914, -0.1403 -0.9999 -3.8914, -0.1403 -0.996 -3.8914, -0.1403 -0.9999 -3.8762, -0.1403 -0.996 -3.8762, -0.1881 -0.9999 -3.8762, -0.1881 -0.996 -3.8762, -0.1881 -0.9999 -3.8335, -0.1881 -0.996 -3.8335, -0.1366 -0.9999 -3.8335, -0.1366 -0.996 -3.8335, -0.1366 -0.9999 -3.8181, -0.1366 -0.996 -3.8181, -0.2053 -0.9999 -3.8181, -0.2053 -0.996 -3.8181, -0.2053 -0.9999 -3.9516, -0.2053 -0.996 -3.9516, -0.0577 -0.9999 -3.9516, -0.0409 -0.9999 -3.9516, -0.0577 -0.9999 -3.9368, -0.0409 -0.9999 -3.8902, -0.0704 -0.9999 -3.8684, -0.0678 -0.9999 -3.8694, -0.0609 -0.9999 -3.8561, -0.1002 -0.9999 -3.8987, -0.1038 -0.9999 -3.9005, -0.0942 -0.9999 -3.9111, -0.0961 -0.9999 -3.9126, -0.0576 -0.9999 -3.8574, -0.0655 -0.9999 -3.8707, -0.0546 -0.9999 -3.859, -0.0636 -0.9999 -3.8723, -0.0519 -0.9999 -3.8609, -0.0974 -0.9999 -3.934, -0.0988 -0.9999 -3.9321, -0.1127 -0.9999 -3.9425, -0.1069 -0.9999 -3.9025, -0.1095 -0.9999 -3.9048, -0.0977 -0.9999 -3.9144, -0.096 -0.9999 -3.8972, -0.0919 -0.9999 -3.9098, -0.0912 -0.9999 -3.8959, -0.089 -0.9999 -3.9087, -0.0859 -0.9999 -3.8949, -0.0496 -0.9999 -3.8631, -0.0619 -0.9999 -3.8742, -0.0474 -0.9999 -3.8656, -0.0606 -0.9999 -3.8764, -0.0456 -0.9999 -3.8685, -0.11 -0.9999 -3.9053, -0.1121 -0.9999 -3.9078, -0.0989 -0.9999 -3.9165, -0.1139 -0.9999 -3.9105, -0.0998 -0.9999 -3.9188, -0.0609 -0.9999 -3.9269, -0.0581 -0.9999 -3.9368, -0.0627 -0.9999 -3.9297, -0.0589 -0.9999 -3.9382, -0.0795 -0.9999 -3.9399, -0.0757 -0.9999 -3.952, -0.0762 -0.9999 -3.9393, -0.0723 -0.9999 -3.9506, -0.0732 -0.9999 -3.9383, -0.0693 -0.9999 -3.9489, -0.0704 -0.9999 -3.9369, -0.0577 -0.9999 -3.9137, -0.0579 -0.9999 -3.9173, -0.0586 -0.9999 -3.9208, -0.0596 -0.9999 -3.924, -0.044 -0.9999 -3.8718, -0.0594 -0.9999 -3.879, -0.0427 -0.9999 -3.8756, -0.0585 -0.9999 -3.8821, -0.0418 -0.9999 -3.8799, -0.0957 -0.9999 -3.9358, -0.1039 -0.9999 -3.9501, -0.0937 -0.9999 -3.9373, -0.1008 -0.9999 -3.9515, -0.0914 -0.9999 -3.9385, -0.0974 -0.9999 -3.9526, -0.0889 -0.9999 -3.9394, -0.1107 -0.9999 -3.945, -0.1093 -0.9999 -3.9463, -0.1067 -0.9999 -3.9484, -0.1004 -0.9999 -3.9274, -0.1167 -0.9999 -3.9336, -0.0998 -0.9999 -3.9299, -0.1157 -0.9999 -3.9369, -0.1144 -0.9999 -3.9398, -0.0577 -0.9999 -3.9037, -0.0577 -0.9999 -3.891, -0.08 -0.9999 -3.9067, -0.0852 -0.9999 -3.9077, -0.0664 -0.9999 -3.9468, -0.0637 -0.9999 -3.9444, -0.0679 -0.9999 -3.9352, -0.0612 -0.9999 -3.9415, -0.0655 -0.9999 -3.933, -0.0648 -0.9999 -3.9323, -0.0411 -0.9999 -3.8848, -0.0579 -0.9999 -3.8856, -0.0577 -0.9999 -3.8898, -0.0577 -0.9999 -3.9129, -0.0937 -0.9999 -3.9534, -0.0896 -0.9999 -3.9538, -0.086 -0.9999 -3.9399, -0.0873 -0.9999 -3.9538, -0.083 -0.9999 -3.9401, -0.0832 -0.9999 -3.9536, -0.0793 -0.9999 -3.953, -0.1153 -0.9999 -3.9134, -0.1164 -0.9999 -3.9167, -0.1004 -0.9999 -3.9215, -0.1171 -0.9999 -3.9202, -0.1006 -0.9999 -3.9247, -0.0646 -0.9999 -3.8551, -0.0687 -0.9999 -3.8544, -0.0735 -0.9999 -3.8678, -0.0733 -0.9999 -3.8541, -0.077 -0.9999 -3.8676, -0.0754 -0.9999 -3.8541, -0.0787 -0.9999 -3.8677, -0.081 -0.9999 -3.8543, -0.0831 -0.9999 -3.868, -0.0864 -0.9999 -3.8549, -0.0875 -0.9999 -3.8688, -0.0915 -0.9999 -3.8559, -0.0917 -0.9999 -3.87, -0.0963 -0.9999 -3.8573, -0.0959 -0.9999 -3.8716, -0.1009 -0.9999 -3.8591, -0.1001 -0.9999 -3.8736, -0.1052 -0.9999 -3.8612, -0.1042 -0.9999 -3.8762, -0.1082 -0.9999 -3.8629, -0.1082 -0.9999 -3.8792, -0.1175 -0.9999 -3.924, -0.1175 -0.9999 -3.926, -0.1173 -0.9999 -3.93, -0.1042 -0.996 -3.8762, -0.1082 -0.996 -3.8792, -0.1082 -0.996 -3.8629, -0.0655 -0.996 -3.8707, -0.0546 -0.996 -3.859, -0.0636 -0.996 -3.8723, -0.0519 -0.996 -3.8609, -0.0619 -0.996 -3.8742, -0.0586 -0.996 -3.9208, -0.0579 -0.996 -3.9173, -0.0409 -0.996 -3.8902, -0.0974 -0.996 -3.934, -0.1127 -0.996 -3.9425, -0.0988 -0.996 -3.9321, -0.1144 -0.996 -3.9398, -0.0998 -0.996 -3.9299, -0.0496 -0.996 -3.8631, -0.0474 -0.996 -3.8656, -0.0606 -0.996 -3.8764, -0.0456 -0.996 -3.8685, -0.0594 -0.996 -3.879, -0.0735 -0.996 -3.8678, -0.0687 -0.996 -3.8544, -0.0704 -0.996 -3.8684, -0.0646 -0.996 -3.8551, -0.0678 -0.996 -3.8694, -0.0609 -0.996 -3.8561, -0.0576 -0.996 -3.8574, -0.0596 -0.996 -3.924, -0.0577 -0.996 -3.9368, -0.0577 -0.996 -3.9516, -0.0409 -0.996 -3.9516, -0.0961 -0.996 -3.9126, -0.1038 -0.996 -3.9005, -0.0942 -0.996 -3.9111, -0.1002 -0.996 -3.8987, -0.0919 -0.996 -3.9098, -0.096 -0.996 -3.8972, -0.089 -0.996 -3.9087, -0.0912 -0.996 -3.8959, -0.0852 -0.996 -3.9077, -0.0859 -0.996 -3.8949, -0.0977 -0.996 -3.9144, -0.1095 -0.996 -3.9048, -0.1069 -0.996 -3.9025, -0.0957 -0.996 -3.9358, -0.1093 -0.996 -3.9463, -0.1107 -0.996 -3.945, -0.0937 -0.996 -3.9373, -0.1039 -0.996 -3.9501, -0.1067 -0.996 -3.9484, -0.0577 -0.996 -3.9037, -0.0411 -0.996 -3.8848, -0.0577 -0.996 -3.9129, -0.0577 -0.996 -3.9137, -0.0989 -0.996 -3.9165, -0.1121 -0.996 -3.9078, -0.11 -0.996 -3.9053, -0.044 -0.996 -3.8718, -0.0427 -0.996 -3.8756, -0.0585 -0.996 -3.8821, -0.0418 -0.996 -3.8799, -0.0579 -0.996 -3.8856, -0.0577 -0.996 -3.8898, -0.1157 -0.996 -3.9369, -0.1167 -0.996 -3.9336, -0.1004 -0.996 -3.9274, -0.0577 -0.996 -3.891, -0.08 -0.996 -3.9067, -0.1001 -0.996 -3.8736, -0.1052 -0.996 -3.8612, -0.0959 -0.996 -3.8716, -0.1009 -0.996 -3.8591, -0.0917 -0.996 -3.87, -0.0963 -0.996 -3.8573, -0.0875 -0.996 -3.8688, -0.0915 -0.996 -3.8559, -0.0831 -0.996 -3.868, -0.0864 -0.996 -3.8549, -0.0787 -0.996 -3.8677, -0.081 -0.996 -3.8543, -0.077 -0.996 -3.8676, -0.0754 -0.996 -3.8541, -0.0733 -0.996 -3.8541, -0.1004 -0.996 -3.9215, -0.1164 -0.996 -3.9167, -0.0998 -0.996 -3.9188, -0.1153 -0.996 -3.9134, -0.1139 -0.996 -3.9105, -0.1173 -0.996 -3.93, -0.1175 -0.996 -3.926, -0.1006 -0.996 -3.9247, -0.1175 -0.996 -3.924, -0.1171 -0.996 -3.9202, -0.0589 -0.996 -3.9382, -0.0612 -0.996 -3.9415, -0.0679 -0.996 -3.9352, -0.0637 -0.996 -3.9444, -0.0704 -0.996 -3.9369, -0.0664 -0.996 -3.9468, -0.0732 -0.996 -3.9383, -0.0693 -0.996 -3.9489, -0.0762 -0.996 -3.9393, -0.086 -0.996 -3.9399, -0.0896 -0.996 -3.9538, -0.0889 -0.996 -3.9394, -0.0937 -0.996 -3.9534, -0.0914 -0.996 -3.9385, -0.0974 -0.996 -3.9526, -0.1008 -0.996 -3.9515, -0.0723 -0.996 -3.9506, -0.0757 -0.996 -3.952, -0.0795 -0.996 -3.9399, -0.0793 -0.996 -3.953, -0.083 -0.996 -3.9401, -0.0832 -0.996 -3.9536, -0.0873 -0.996 -3.9538, -0.0655 -0.996 -3.933, -0.0648 -0.996 -3.9323, -0.0581 -0.996 -3.9368, -0.0627 -0.996 -3.9297, -0.0609 -0.996 -3.9269, 0.0092 -0.9999 -3.9402, 0.0092 -0.996 -3.9402, 0.0049 -0.996 -3.94, 0.0049 -0.9999 -3.94, 0.0008 -0.996 -3.9394, 0.0008 -0.9999 -3.9394, -0.0033 -0.996 -3.9384, -0.0033 -0.9999 -3.9384, -0.0073 -0.996 -3.937, -0.0073 -0.9999 -3.937, -0.0112 -0.996 -3.9353, -0.0112 -0.9999 -3.9353, -0.0151 -0.996 -3.9331, -0.0151 -0.9999 -3.9331, -0.0183 -0.996 -3.9309, -0.0183 -0.9999 -3.9309, -0.0183 -0.9999 -3.9482, -0.0183 -0.996 -3.9482, -0.0143 -0.996 -3.95, -0.0143 -0.9999 -3.95, -0.01 -0.996 -3.9514, -0.01 -0.9999 -3.9514, -0.0056 -0.996 -3.9525, -0.0056 -0.9999 -3.9525, -0.0008 -0.996 -3.9533, -0.0008 -0.9999 -3.9533, 0.0043 -0.996 -3.9537, 0.0043 -0.9999 -3.9537, 0.0076 -0.996 -3.9538, 0.0076 -0.9999 -3.9538, 0.0129 -0.996 -3.9536, 0.0129 -0.9999 -3.9536, 0.0178 -0.996 -3.953, 0.0178 -0.9999 -3.953, 0.0223 -0.996 -3.9521, 0.0223 -0.9999 -3.9521, 0.0264 -0.996 -3.9508, 0.0264 -0.9999 -3.9508, 0.0302 -0.996 -3.9493, 0.0302 -0.9999 -3.9493, 0.0336 -0.996 -3.9474, 0.0336 -0.9999 -3.9474, 0.0353 -0.996 -3.9462, 0.0353 -0.9999 -3.9462, 0.038 -0.996 -3.9441, 0.038 -0.9999 -3.9441, 0.0403 -0.996 -3.9418, 0.0403 -0.9999 -3.9418, 0.0422 -0.996 -3.9394, 0.0422 -0.9999 -3.9394, 0.0437 -0.996 -3.9368, 0.0437 -0.9999 -3.9368, 0.0448 -0.996 -3.934, 0.0448 -0.9999 -3.934, 0.0456 -0.996 -3.931, 0.0456 -0.9999 -3.931, 0.046 -0.996 -3.9279, 0.046 -0.9999 -3.9279, 0.0461 -0.996 -3.9256, 0.0461 -0.9999 -3.9256, 0.0459 -0.996 -3.9222, 0.0459 -0.9999 -3.9222, 0.0453 -0.996 -3.9191, 0.0453 -0.9999 -3.9191, 0.0444 -0.996 -3.9162, 0.0444 -0.9999 -3.9162, 0.0431 -0.996 -3.9135, 0.0431 -0.9999 -3.9135, 0.0415 -0.996 -3.9111, 0.0415 -0.9999 -3.9111, 0.0405 -0.996 -3.9099, 0.0405 -0.9999 -3.9099, 0.0384 -0.996 -3.9078, 0.0384 -0.9999 -3.9078, 0.0357 -0.996 -3.9057, 0.0357 -0.9999 -3.9057, 0.0323 -0.996 -3.9036, 0.0323 -0.9999 -3.9036, 0.0279 -0.996 -3.9013, 0.0279 -0.9999 -3.9013, 0.0226 -0.996 -3.8989, 0.0226 -0.9999 -3.8989, 0.0189 -0.996 -3.8975, 0.0189 -0.9999 -3.8975, 0.0117 -0.996 -3.8945, 0.0117 -0.9999 -3.8945, 0.0072 -0.996 -3.8923, 0.0072 -0.9999 -3.8923, 0.0042 -0.996 -3.8905, 0.0042 -0.9999 -3.8905, 0.0027 -0.996 -3.8893, 0.0027 -0.9999 -3.8893, 0.0013 -0.996 -3.8879, 0.0013 -0.9999 -3.8879, 0.0002 -0.996 -3.8861, 0.0002 -0.9999 -3.8861, -0.0005 -0.996 -3.8842, -0.0005 -0.9999 -3.8842, -0.0009 -0.996 -3.8821, -0.0009 -0.9999 -3.8821, -0.001 -0.996 -3.8805, -0.001 -0.9999 -3.8805, -0.0008 -0.996 -3.8783, -0.0008 -0.9999 -3.8783, -0.0002 -0.996 -3.8763, -0.0002 -0.9999 -3.8763, 0.0008 -0.996 -3.8745, 0.0008 -0.9999 -3.8745, 0.002 -0.996 -3.8729, 0.002 -0.9999 -3.8729, 0.0037 -0.996 -3.8715, 0.0037 -0.9999 -3.8715, 0.0041 -0.996 -3.8712, 0.0041 -0.9999 -3.8712, 0.0063 -0.996 -3.8699, 0.0063 -0.9999 -3.8699, 0.0088 -0.996 -3.8689, 0.0088 -0.9999 -3.8689, 0.0116 -0.996 -3.8681, 0.0116 -0.9999 -3.8681, 0.0147 -0.996 -3.8677, 0.0147 -0.9999 -3.8677, 0.0173 -0.996 -3.8676, 0.0173 -0.9999 -3.8676, 0.0218 -0.996 -3.8678, 0.0218 -0.9999 -3.8678, 0.0261 -0.996 -3.8684, 0.0261 -0.9999 -3.8684, 0.0301 -0.996 -3.8694, 0.0301 -0.9999 -3.8694, 0.034 -0.996 -3.8707, 0.034 -0.9999 -3.8707, 0.0378 -0.996 -3.8724, 0.0378 -0.9999 -3.8724, 0.0415 -0.996 -3.8745, 0.0415 -0.9999 -3.8745, 0.0415 -0.9999 -3.8583, 0.0415 -0.996 -3.8583, 0.0372 -0.996 -3.8567, 0.0372 -0.9999 -3.8567, 0.0327 -0.996 -3.8555, 0.0327 -0.9999 -3.8555, 0.0281 -0.996 -3.8547, 0.0281 -0.9999 -3.8547, 0.0232 -0.996 -3.8542, 0.0232 -0.9999 -3.8542, 0.0189 -0.996 -3.8541, 0.0189 -0.9999 -3.8541, 0.014 -0.996 -3.8543, 0.014 -0.9999 -3.8543, 0.0094 -0.996 -3.8548, 0.0094 -0.9999 -3.8548, 0.0051 -0.996 -3.8558, 0.0051 -0.9999 -3.8558, 0.0011 -0.996 -3.8571, 0.0011 -0.9999 -3.8571, -0.0025 -0.996 -3.8587, -0.0025 -0.9999 -3.8587, -0.006 -0.996 -3.8606, -0.006 -0.9999 -3.8606, -0.0075 -0.996 -3.8616, -0.0075 -0.9999 -3.8616, -0.0102 -0.996 -3.8638, -0.0102 -0.9999 -3.8638, -0.0126 -0.996 -3.8662, -0.0126 -0.9999 -3.8662, -0.0144 -0.996 -3.8687, -0.0144 -0.9999 -3.8687, -0.0159 -0.996 -3.8714, -0.0159 -0.9999 -3.8714, -0.017 -0.996 -3.8742, -0.017 -0.9999 -3.8742, -0.0178 -0.996 -3.8771, -0.0178 -0.9999 -3.8771, -0.0181 -0.996 -3.8802, -0.0181 -0.9999 -3.8802, -0.0182 -0.996 -3.882, -0.0182 -0.9999 -3.882, -0.018 -0.996 -3.8854, -0.018 -0.9999 -3.8854, -0.0174 -0.996 -3.8887, -0.0174 -0.9999 -3.8887, -0.0165 -0.996 -3.8917, -0.0165 -0.9999 -3.8917, -0.0152 -0.996 -3.8944, -0.0152 -0.9999 -3.8944, -0.0137 -0.996 -3.8967, -0.0137 -0.9999 -3.8967, -0.0134 -0.996 -3.897, -0.0134 -0.9999 -3.897, -0.0117 -0.996 -3.899, -0.0117 -0.9999 -3.899, -0.0095 -0.996 -3.9009, -0.0095 -0.9999 -3.9009, -0.0065 -0.996 -3.903, -0.0065 -0.9999 -3.903, -0.0025 -0.996 -3.9053, -0.0025 -0.9999 -3.9053, 0.0024 -0.996 -3.9077, 0.0024 -0.9999 -3.9077, 0.0071 -0.996 -3.9097, 0.0071 -0.9999 -3.9097, 0.0145 -0.996 -3.9126, 0.0145 -0.9999 -3.9126, 0.0193 -0.996 -3.9149, 0.0193 -0.9999 -3.9149, 0.0226 -0.996 -3.9167, 0.0226 -0.9999 -3.9167, 0.0246 -0.996 -3.9182, 0.0246 -0.9999 -3.9182, 0.0263 -0.996 -3.9198, 0.0263 -0.9999 -3.9198, 0.0275 -0.996 -3.9216, 0.0275 -0.9999 -3.9216, 0.0284 -0.996 -3.9235, 0.0284 -0.9999 -3.9235, 0.0288 -0.996 -3.9256, 0.0288 -0.9999 -3.9256, 0.0289 -0.996 -3.9273, 0.0289 -0.9999 -3.9273, 0.0287 -0.996 -3.9297, 0.0287 -0.9999 -3.9297, 0.0282 -0.996 -3.9318, 0.0282 -0.9999 -3.9318, 0.0273 -0.996 -3.9337, 0.0273 -0.9999 -3.9337, 0.026 -0.996 -3.9353, 0.026 -0.9999 -3.9353, 0.0245 -0.996 -3.9366, 0.0245 -0.9999 -3.9366, 0.0225 -0.996 -3.9378, 0.0225 -0.9999 -3.9378, 0.0201 -0.996 -3.9387, 0.0201 -0.9999 -3.9387, 0.0173 -0.996 -3.9395, 0.0173 -0.9999 -3.9395, 0.0138 -0.996 -3.94, 0.0138 -0.9999 -3.94, 0.1289 -0.9999 -3.8562, 0.1463 -0.9999 -3.8562, 0.1289 -0.996 -3.8562, 0.1463 -0.996 -3.8562, 0.1029 -0.9999 -3.928, 0.1029 -0.996 -3.928, 0.1016 -0.996 -3.9325, 0.1016 -0.9999 -3.9325, 0.1009 -0.996 -3.9357, 0.1009 -0.9999 -3.9357, 0.1004 -0.9999 -3.9357, 0.1004 -0.996 -3.9357, 0.0984 -0.9999 -3.9279, 0.0984 -0.996 -3.9279, 0.0735 -0.9999 -3.8562, 0.0735 -0.996 -3.8562, 0.0548 -0.9999 -3.8562, 0.0548 -0.996 -3.8562, 0.0922 -0.9999 -3.9513, 0.0922 -0.996 -3.9513, 0.0848 -0.9999 -3.9687, 0.0848 -0.996 -3.9687, 0.0829 -0.996 -3.9726, 0.0829 -0.9999 -3.9726, 0.0809 -0.996 -3.9756, 0.0809 -0.9999 -3.9756, 0.0785 -0.996 -3.9781, 0.0785 -0.9999 -3.9781, 0.0761 -0.996 -3.9799, 0.0761 -0.9999 -3.9799, 0.0734 -0.996 -3.9812, 0.0734 -0.9999 -3.9812, 0.0706 -0.996 -3.9819, 0.0706 -0.9999 -3.9819, 0.0677 -0.996 -3.9821, 0.0677 -0.9999 -3.9821, 0.0641 -0.996 -3.9818, 0.0641 -0.9999 -3.9818, 0.0604 -0.996 -3.981, 0.0604 -0.9999 -3.981, 0.0582 -0.996 -3.9802, 0.0582 -0.9999 -3.9802, 0.0582 -0.9999 -3.9951, 0.0582 -0.996 -3.9951, 0.0622 -0.996 -3.996, 0.0622 -0.9999 -3.996, 0.0668 -0.996 -3.9964, 0.0668 -0.9999 -3.9964, 0.069 -0.996 -3.9964, 0.069 -0.9999 -3.9964, 0.0731 -0.996 -3.9962, 0.0731 -0.9999 -3.9962, 0.077 -0.996 -3.9953, 0.077 -0.9999 -3.9953, 0.0807 -0.996 -3.994, 0.0807 -0.9999 -3.994, 0.0842 -0.996 -3.9921, 0.0842 -0.9999 -3.9921, 0.0875 -0.996 -3.9897, 0.0875 -0.9999 -3.9897, 0.0908 -0.996 -3.9866, 0.0908 -0.9999 -3.9866, 0.0939 -0.996 -3.9829, 0.0939 -0.9999 -3.9829, 0.0969 -0.996 -3.9784, 0.0969 -0.9999 -3.9784, 0.0998 -0.996 -3.9731, 0.0998 -0.9999 -3.9731, 0.1026 -0.996 -3.967, 0.1026 -0.9999 -3.967, 0.103 -0.996 -3.9659, 0.103 -0.9999 -3.9659, 0.2361 -0.9999 -3.9363, 0.2361 -0.9999 -3.9516, 0.2361 -0.996 -3.9363, 0.2361 -0.996 -3.9516, 0.1815 -0.9999 -3.9363, 0.1815 -0.996 -3.9363, 0.1815 -0.9999 -3.8914, 0.1815 -0.996 -3.8914, 0.2292 -0.9999 -3.8914, 0.2292 -0.996 -3.8914, 0.2292 -0.9999 -3.8762, 0.2292 -0.996 -3.8762, 0.1815 -0.9999 -3.8762, 0.1815 -0.996 -3.8762, 0.1815 -0.9999 -3.8335, 0.1815 -0.996 -3.8335, 0.233 -0.9999 -3.8335, 0.233 -0.996 -3.8335, 0.233 -0.9999 -3.8181, 0.233 -0.996 -3.8181, 0.1643 -0.9999 -3.8181, 0.1643 -0.996 -3.8181, 0.1643 -0.9999 -3.9516, 0.1643 -0.996 -3.9516, 0.3227 -0.9999 -3.932, 0.3319 -0.9999 -3.9448, 0.3275 -0.9999 -3.9298, 0.3374 -0.9999 -3.942, 0.3319 -0.9999 -3.9271, 0.3426 -0.9999 -3.9387, 0.3359 -0.9999 -3.924, 0.3475 -0.9999 -3.9349, 0.3375 -0.9999 -3.9224, 0.3498 -0.9999 -3.9329, 0.3409 -0.9999 -3.9188, 0.3541 -0.9999 -3.9285, 0.3438 -0.9999 -3.9147, 0.3578 -0.9999 -3.9238, 0.3463 -0.9999 -3.9104, 0.361 -0.9999 -3.9189, 0.3483 -0.9999 -3.9056, 0.3507 -0.9999 -3.8707, 0.3674 -0.9999 -3.8637, 0.3493 -0.9999 -3.8652, 0.3655 -0.9999 -3.8581, 0.3475 -0.9999 -3.8602, 0.3632 -0.9999 -3.8528, 0.3453 -0.9999 -3.8558, 0.3604 -0.9999 -3.8479, 0.3427 -0.9999 -3.8518, 0.357 -0.9999 -3.8433, 0.3532 -0.9999 -3.839, 0.3396 -0.9999 -3.8483, 0.3498 -0.9999 -3.8358, 0.3372 -0.9999 -3.846, 0.3448 -0.9999 -3.8318, 0.333 -0.9999 -3.8428, 0.3396 -0.9999 -3.8283, 0.3286 -0.9999 -3.8401, 0.3341 -0.9999 -3.8254, 0.3237 -0.9999 -3.8379, 0.3284 -0.9999 -3.823, 0.3185 -0.9999 -3.8361, 0.3223 -0.9999 -3.821, 0.3129 -0.9999 -3.8347, 0.3158 -0.9999 -3.8195, 0.3068 -0.9999 -3.8338, 0.309 -0.9999 -3.8186, 0.3003 -0.9999 -3.8335, 0.3018 -0.9999 -3.8181, 0.2987 -0.9999 -3.8335, 0.2993 -0.9999 -3.8181, 0.2785 -0.9999 -3.8335, 0.2613 -0.9999 -3.8181, 0.2785 -0.9999 -3.9363, 0.2613 -0.9999 -3.9516, 0.2979 -0.9999 -3.9363, 0.298 -0.9999 -3.9516, 0.3049 -0.9999 -3.9361, 0.3056 -0.9999 -3.9513, 0.3114 -0.9999 -3.9352, 0.3129 -0.9999 -3.9504, 0.3173 -0.9999 -3.9339, 0.3197 -0.9999 -3.949, 0.326 -0.9999 -3.9472, 0.3637 -0.9999 -3.9137, 0.366 -0.9999 -3.9082, 0.3499 -0.9999 -3.9005, 0.3677 -0.9999 -3.9024, 0.351 -0.9999 -3.8948, 0.3689 -0.9999 -3.8962, 0.3516 -0.9999 -3.8887, 0.3697 -0.9999 -3.8896, 0.3518 -0.9999 -3.8836, 0.3699 -0.9999 -3.8831, 0.3515 -0.9999 -3.8769, 0.3696 -0.9999 -3.8763, 0.3688 -0.9999 -3.8698, 0.333 -0.996 -3.8428, 0.3448 -0.996 -3.8318, 0.3372 -0.996 -3.846, 0.3498 -0.996 -3.8358, 0.3396 -0.996 -3.8483, 0.3532 -0.996 -3.839, 0.3427 -0.996 -3.8518, 0.357 -0.996 -3.8433, 0.3453 -0.996 -3.8558, 0.3604 -0.996 -3.8479, 0.3475 -0.996 -3.8602, 0.3632 -0.996 -3.8528, 0.3493 -0.996 -3.8652, 0.3275 -0.996 -3.9298, 0.3319 -0.996 -3.9448, 0.3227 -0.996 -3.932, 0.326 -0.996 -3.9472, 0.3173 -0.996 -3.9339, 0.3197 -0.996 -3.949, 0.3114 -0.996 -3.9352, 0.3129 -0.996 -3.9504, 0.3049 -0.996 -3.9361, 0.3056 -0.996 -3.9513, 0.2979 -0.996 -3.9363, 0.298 -0.996 -3.9516, 0.2785 -0.996 -3.9363, 0.2613 -0.996 -3.9516, 0.2785 -0.996 -3.8335, 0.2613 -0.996 -3.8181, 0.2987 -0.996 -3.8335, 0.2993 -0.996 -3.8181, 0.3003 -0.996 -3.8335, 0.3018 -0.996 -3.8181, 0.3068 -0.996 -3.8338, 0.309 -0.996 -3.8186, 0.3129 -0.996 -3.8347, 0.3158 -0.996 -3.8195, 0.3185 -0.996 -3.8361, 0.3223 -0.996 -3.821, 0.3237 -0.996 -3.8379, 0.3284 -0.996 -3.823, 0.3286 -0.996 -3.8401, 0.3341 -0.996 -3.8254, 0.3396 -0.996 -3.8283, 0.3499 -0.996 -3.9005, 0.366 -0.996 -3.9082, 0.3483 -0.996 -3.9056, 0.3637 -0.996 -3.9137, 0.3463 -0.996 -3.9104, 0.361 -0.996 -3.9189, 0.3438 -0.996 -3.9147, 0.3578 -0.996 -3.9238, 0.3409 -0.996 -3.9188, 0.3541 -0.996 -3.9285, 0.3375 -0.996 -3.9224, 0.3498 -0.996 -3.9329, 0.3359 -0.996 -3.924, 0.3475 -0.996 -3.9349, 0.3319 -0.996 -3.9271, 0.3426 -0.996 -3.9387, 0.3374 -0.996 -3.942, 0.3655 -0.996 -3.8581, 0.3674 -0.996 -3.8637, 0.3507 -0.996 -3.8707, 0.3688 -0.996 -3.8698, 0.3515 -0.996 -3.8769, 0.3696 -0.996 -3.8763, 0.3518 -0.996 -3.8836, 0.3699 -0.996 -3.8831, 0.3516 -0.996 -3.8887, 0.3697 -0.996 -3.8896, 0.351 -0.996 -3.8948, 0.3689 -0.996 -3.8962, 0.3677 -0.996 -3.9024, 0.4146 -0.9999 -3.9, 0.4092 -0.9999 -3.9151, 0.4594 -0.9999 -3.9, 0.4647 -0.9999 -3.9151, 0.4346 -0.9999 -3.8445, 0.4281 -0.9999 -3.8181, 0.3773 -0.9999 -3.9516, 0.3964 -0.9999 -3.9516, 0.4357 -0.9999 -3.8405, 0.4368 -0.9999 -3.8352, 0.4466 -0.9999 -3.8181, 0.4372 -0.9999 -3.8352, 0.4383 -0.9999 -3.8408, 0.4393 -0.9999 -3.8445, 0.4974 -0.9999 -3.9516, 0.4784 -0.9999 -3.9516, 0.4594 -0.996 -3.9, 0.4393 -0.996 -3.8445, 0.4466 -0.996 -3.8181, 0.4383 -0.996 -3.8408, 0.4372 -0.996 -3.8352, 0.4281 -0.996 -3.8181, 0.4368 -0.996 -3.8352, 0.4357 -0.996 -3.8405, 0.4346 -0.996 -3.8445, 0.4146 -0.996 -3.9, 0.3773 -0.996 -3.9516, 0.4974 -0.996 -3.9516, 0.4784 -0.996 -3.9516, 0.4647 -0.996 -3.9151, 0.3964 -0.996 -3.9516, 0.4092 -0.996 -3.9151, 0.4092 -0.996 -3.9151
            ]
        }
        coordIndex [
            0,1,2,-1,3,4,5,-1,6,7,8,-1,9,10,11,-1,11,10,12,-1,11,12,13,-1,14,15,16,-1,17,18,19,-1,20,21,2,-1,2,21,22,-1,2,22,0,-1,23,24,25,-1,25,24,26,-1,25,26,27,-1,27,26,28,-1,27,28,29,-1,29,28,30,-1,29,30,31,-1,32,33,34,-1,34,33,35,-1,34,35,36,-1,37,1,38,-1,38,1,39,-1,38,39,32,-1,32,39,40,-1,32,40,33,-1,41,42,26,-1,26,42,43,-1,26,43,28,-1,28,43,44,-1,28,44,45,-1,46,47,48,-1,19,18,49,-1,49,18,50,-1,49,50,51,-1,51,50,52,-1,51,52,53,-1,8,7,54,-1,54,7,55,-1,54,55,56,-1,57,58,2,-1,2,58,59,-1,2,59,20,-1,46,48,60,-1,60,48,61,-1,60,61,62,-1,62,61,63,-1,62,63,64,-1,31,65,29,-1,29,65,66,-1,29,66,67,-1,68,2,69,-1,69,2,1,-1,69,1,70,-1,70,1,37,-1,16,15,71,-1,71,15,72,-1,71,72,73,-1,74,75,76,-1,76,75,77,-1,76,77,78,-1,78,77,79,-1,78,79,80,-1,80,79,81,-1,80,81,82,-1,83,84,85,-1,85,84,86,-1,85,86,57,-1,57,86,87,-1,57,87,58,-1,47,46,88,-1,88,46,89,-1,88,89,90,-1,90,89,91,-1,90,91,92,-1,92,91,93,-1,92,93,5,-1,5,93,94,-1,5,94,3,-1,68,95,2,-1,2,95,96,-1,2,96,97,-1,97,96,98,-1,99,100,101,-1,101,100,102,-1,101,102,103,-1,16,104,14,-1,14,104,105,-1,14,105,99,-1,99,105,106,-1,99,106,100,-1,45,107,28,-1,28,107,108,-1,28,108,109,-1,109,108,36,-1,109,36,110,-1,110,36,35,-1,19,111,17,-1,17,111,112,-1,17,112,113,-1,113,112,114,-1,113,114,115,-1,115,114,116,-1,115,116,117,-1,117,116,118,-1,117,118,119,-1,8,120,6,-1,6,120,121,-1,6,121,122,-1,122,121,123,-1,122,123,124,-1,124,123,125,-1,124,125,126,-1,126,125,5,-1,126,5,127,-1,127,5,4,-1,11,128,9,-1,9,128,129,-1,9,129,130,-1,130,129,131,-1,130,131,132,-1,133,134,135,-1,135,134,136,-1,135,136,137,-1,137,136,138,-1,137,138,83,-1,83,138,139,-1,83,139,84,-1,73,72,26,-1,26,72,140,-1,26,140,41,-1,141,142,143,-1,143,142,144,-1,143,144,145,-1,145,144,146,-1,145,146,74,-1,74,146,147,-1,74,147,75,-1,118,148,119,-1,119,148,149,-1,119,149,150,-1,150,149,151,-1,150,151,141,-1,141,151,152,-1,141,152,142,-1,102,153,103,-1,103,153,154,-1,103,154,155,-1,155,154,156,-1,155,156,98,-1,98,156,157,-1,98,157,97,-1,158,159,160,-1,161,162,163,-1,163,162,164,-1,165,166,167,-1,167,166,168,-1,167,168,169,-1,169,168,170,-1,169,170,171,-1,171,170,172,-1,171,172,173,-1,173,172,174,-1,173,174,133,-1,133,174,175,-1,133,175,134,-1,13,176,11,-1,11,176,177,-1,11,177,178,-1,178,177,179,-1,178,179,180,-1,180,179,82,-1,180,82,181,-1,181,82,81,-1,182,183,158,-1,158,183,184,-1,158,184,159,-1,52,185,53,-1,53,185,158,-1,53,158,186,-1,186,158,160,-1,56,55,187,-1,187,55,188,-1,187,188,161,-1,161,188,189,-1,161,189,162,-1,190,191,192,-1,191,193,192,-1,192,193,194,-1,192,194,195,-1,63,196,64,-1,64,196,197,-1,64,197,198,-1,198,197,199,-1,198,199,165,-1,165,199,200,-1,165,200,166,-1,182,158,192,-1,192,158,201,-1,192,201,190,-1,131,202,132,-1,132,202,203,-1,132,203,204,-1,204,203,205,-1,204,205,206,-1,206,205,207,-1,206,207,208,-1,208,207,209,-1,208,209,210,-1,210,209,211,-1,210,211,164,-1,164,211,212,-1,164,212,163,-1,213,214,215,-1,215,214,216,-1,215,216,217,-1,216,218,217,-1,217,218,219,-1,217,219,220,-1,220,219,221,-1,222,223,224,-1,224,223,225,-1,226,227,228,-1,229,230,231,-1,231,230,232,-1,231,232,233,-1,234,235,217,-1,217,235,236,-1,217,236,215,-1,215,236,237,-1,238,239,240,-1,241,242,219,-1,219,242,243,-1,219,243,221,-1,244,245,246,-1,247,248,249,-1,249,248,250,-1,249,250,251,-1,251,250,252,-1,251,252,253,-1,240,239,254,-1,254,239,255,-1,254,255,256,-1,256,255,257,-1,256,257,258,-1,258,257,259,-1,259,257,260,-1,259,260,261,-1,261,260,224,-1,261,224,262,-1,262,224,225,-1,262,225,233,-1,233,225,263,-1,233,263,231,-1,264,265,266,-1,266,265,267,-1,266,267,268,-1,268,267,269,-1,268,269,270,-1,228,227,271,-1,271,227,272,-1,271,272,273,-1,274,275,269,-1,231,276,229,-1,229,276,277,-1,229,277,278,-1,273,272,279,-1,279,272,280,-1,279,280,281,-1,281,280,282,-1,281,282,283,-1,284,285,286,-1,286,285,287,-1,286,287,288,-1,288,287,289,-1,288,289,290,-1,290,289,291,-1,290,291,292,-1,293,294,295,-1,295,294,296,-1,295,296,297,-1,297,296,298,-1,297,298,299,-1,275,300,269,-1,269,300,301,-1,269,301,270,-1,302,303,304,-1,304,303,229,-1,304,229,305,-1,305,229,278,-1,306,307,308,-1,308,307,309,-1,308,309,310,-1,252,311,253,-1,253,311,312,-1,253,312,313,-1,313,312,281,-1,313,281,314,-1,246,245,315,-1,315,245,316,-1,315,316,217,-1,217,316,317,-1,217,317,234,-1,309,318,310,-1,310,318,319,-1,310,319,320,-1,320,319,321,-1,320,321,322,-1,322,321,215,-1,322,215,323,-1,323,215,237,-1,306,324,325,-1,314,281,326,-1,326,281,283,-1,326,283,327,-1,328,329,330,-1,330,329,331,-1,298,332,299,-1,299,332,333,-1,299,333,334,-1,334,333,335,-1,334,335,284,-1,284,335,336,-1,284,336,285,-1,269,337,274,-1,274,337,338,-1,274,338,339,-1,339,338,340,-1,339,340,341,-1,341,340,342,-1,341,342,343,-1,343,342,344,-1,343,344,293,-1,293,344,345,-1,293,345,294,-1,246,346,244,-1,244,346,347,-1,244,347,348,-1,348,347,349,-1,348,349,302,-1,302,349,350,-1,302,350,303,-1,351,352,306,-1,306,352,353,-1,306,353,324,-1,325,354,306,-1,306,354,355,-1,306,355,307,-1,356,357,358,-1,358,357,359,-1,358,359,360,-1,240,361,238,-1,238,361,362,-1,238,362,363,-1,363,362,364,-1,363,364,365,-1,365,364,366,-1,365,366,367,-1,367,366,368,-1,367,368,369,-1,369,368,370,-1,369,370,356,-1,356,370,371,-1,356,371,357,-1,291,372,292,-1,292,372,373,-1,292,373,374,-1,374,373,375,-1,374,375,376,-1,376,375,377,-1,376,377,378,-1,378,377,379,-1,378,379,380,-1,380,379,381,-1,380,381,382,-1,382,381,383,-1,382,383,330,-1,330,383,384,-1,330,384,328,-1,331,385,330,-1,330,385,386,-1,330,386,387,-1,222,224,306,-1,306,224,388,-1,306,388,351,-1,359,389,360,-1,360,389,390,-1,360,390,391,-1,391,390,392,-1,391,392,393,-1,393,392,394,-1,393,394,247,-1,247,394,395,-1,247,395,248,-1,396,397,387,-1,387,397,398,-1,387,398,399,-1,400,401,402,-1,402,401,403,-1,402,403,264,-1,264,403,404,-1,264,404,265,-1,228,405,226,-1,226,405,406,-1,226,406,407,-1,407,406,408,-1,407,408,409,-1,409,408,410,-1,409,410,411,-1,411,410,412,-1,411,412,413,-1,413,412,414,-1,413,414,415,-1,415,414,416,-1,415,416,417,-1,417,416,418,-1,417,418,419,-1,419,418,420,-1,419,420,421,-1,421,420,422,-1,421,422,400,-1,400,422,423,-1,400,423,401,-1,399,424,387,-1,387,424,425,-1,387,425,330,-1,144,332,298,-1,144,298,146,-1,146,298,296,-1,146,296,147,-1,147,296,294,-1,147,294,75,-1,75,294,345,-1,75,345,77,-1,77,345,344,-1,77,344,79,-1,79,344,342,-1,79,342,81,-1,81,342,340,-1,81,340,181,-1,181,340,338,-1,181,338,180,-1,180,338,337,-1,180,337,178,-1,178,337,269,-1,178,269,11,-1,11,269,267,-1,11,267,128,-1,128,267,265,-1,128,265,129,-1,129,265,404,-1,129,404,131,-1,131,404,403,-1,131,403,202,-1,202,403,401,-1,202,401,203,-1,203,401,423,-1,203,423,205,-1,205,423,422,-1,205,422,207,-1,207,422,420,-1,207,420,209,-1,209,420,418,-1,209,418,211,-1,211,418,416,-1,211,416,212,-1,212,416,414,-1,212,414,163,-1,163,414,412,-1,163,412,161,-1,161,412,410,-1,161,410,187,-1,187,410,408,-1,187,408,56,-1,56,408,406,-1,56,406,54,-1,54,406,405,-1,54,405,8,-1,8,405,228,-1,8,228,120,-1,120,228,271,-1,120,271,121,-1,121,271,273,-1,121,273,123,-1,123,273,279,-1,123,279,125,-1,125,279,281,-1,125,281,5,-1,5,281,312,-1,5,312,92,-1,92,312,311,-1,92,311,90,-1,90,311,252,-1,90,252,88,-1,88,252,250,-1,88,250,47,-1,47,250,248,-1,47,248,48,-1,48,248,395,-1,48,395,61,-1,61,395,394,-1,61,394,63,-1,63,394,392,-1,63,392,196,-1,196,392,390,-1,196,390,197,-1,197,390,389,-1,197,389,199,-1,199,389,359,-1,199,359,200,-1,200,359,357,-1,200,357,166,-1,166,357,371,-1,166,371,168,-1,168,371,370,-1,168,370,170,-1,170,370,368,-1,170,368,172,-1,172,368,366,-1,172,366,174,-1,174,366,364,-1,174,364,175,-1,175,364,362,-1,175,362,134,-1,134,362,361,-1,134,361,136,-1,136,361,240,-1,136,240,138,-1,138,240,254,-1,138,254,139,-1,139,254,256,-1,139,256,84,-1,84,256,258,-1,84,258,86,-1,86,258,259,-1,86,259,87,-1,87,259,261,-1,87,261,58,-1,58,261,262,-1,58,262,59,-1,59,262,233,-1,59,233,20,-1,20,233,232,-1,20,232,21,-1,21,232,230,-1,21,230,22,-1,22,230,229,-1,22,229,0,-1,0,229,303,-1,0,303,1,-1,1,303,350,-1,1,350,39,-1,39,350,349,-1,39,349,40,-1,40,349,347,-1,40,347,33,-1,33,347,346,-1,33,346,35,-1,35,346,246,-1,35,246,110,-1,110,246,315,-1,110,315,109,-1,109,315,217,-1,109,217,28,-1,28,217,220,-1,28,220,30,-1,30,220,221,-1,30,221,31,-1,31,221,243,-1,31,243,65,-1,65,243,242,-1,65,242,66,-1,66,242,241,-1,66,241,67,-1,67,241,219,-1,67,219,29,-1,29,219,218,-1,29,218,27,-1,25,27,216,-1,216,27,218,-1,23,25,214,-1,214,25,216,-1,24,23,213,-1,213,23,214,-1,26,24,215,-1,215,24,213,-1,26,215,321,-1,26,321,73,-1,73,321,319,-1,73,319,71,-1,71,319,318,-1,71,318,16,-1,16,318,309,-1,16,309,104,-1,104,309,307,-1,104,307,105,-1,105,307,355,-1,105,355,106,-1,106,355,354,-1,106,354,100,-1,100,354,325,-1,100,325,102,-1,102,325,324,-1,102,324,153,-1,153,324,353,-1,153,353,154,-1,154,353,352,-1,154,352,156,-1,156,352,351,-1,156,351,157,-1,157,351,388,-1,157,388,97,-1,97,388,224,-1,97,224,2,-1,2,224,260,-1,2,260,57,-1,57,260,257,-1,57,257,85,-1,85,257,255,-1,85,255,83,-1,83,255,239,-1,83,239,137,-1,137,239,238,-1,137,238,135,-1,135,238,363,-1,135,363,133,-1,133,363,365,-1,133,365,173,-1,173,365,367,-1,173,367,171,-1,171,367,369,-1,171,369,169,-1,169,369,356,-1,169,356,167,-1,167,356,358,-1,167,358,165,-1,165,358,360,-1,165,360,198,-1,198,360,391,-1,198,391,64,-1,64,391,393,-1,64,393,62,-1,62,393,247,-1,62,247,60,-1,60,247,249,-1,60,249,46,-1,46,249,251,-1,46,251,89,-1,89,251,253,-1,89,253,91,-1,91,253,313,-1,91,313,93,-1,93,313,314,-1,93,314,94,-1,94,314,326,-1,94,326,3,-1,3,326,327,-1,3,327,4,-1,4,327,283,-1,4,283,127,-1,127,283,282,-1,127,282,126,-1,126,282,280,-1,126,280,124,-1,124,280,272,-1,124,272,122,-1,122,272,227,-1,122,227,6,-1,6,227,226,-1,6,226,7,-1,7,226,407,-1,7,407,55,-1,55,407,409,-1,55,409,188,-1,188,409,411,-1,188,411,189,-1,189,411,413,-1,189,413,162,-1,162,413,415,-1,162,415,164,-1,164,415,417,-1,164,417,210,-1,210,417,419,-1,210,419,208,-1,208,419,421,-1,208,421,206,-1,206,421,400,-1,206,400,204,-1,204,400,402,-1,204,402,132,-1,132,402,264,-1,132,264,130,-1,130,264,266,-1,130,266,9,-1,9,266,268,-1,9,268,10,-1,10,268,270,-1,10,270,12,-1,12,270,301,-1,12,301,13,-1,176,13,300,-1,300,13,301,-1,176,300,275,-1,176,275,177,-1,177,275,274,-1,177,274,179,-1,179,274,339,-1,179,339,82,-1,82,339,341,-1,82,341,80,-1,80,341,343,-1,80,343,78,-1,78,343,293,-1,78,293,76,-1,76,293,295,-1,76,295,74,-1,74,295,297,-1,74,297,145,-1,145,297,299,-1,145,299,143,-1,143,299,334,-1,143,334,141,-1,141,334,284,-1,141,284,150,-1,150,284,286,-1,150,286,119,-1,119,286,288,-1,119,288,117,-1,117,288,290,-1,117,290,115,-1,115,290,292,-1,115,292,113,-1,113,292,374,-1,113,374,17,-1,17,374,376,-1,17,376,18,-1,18,376,378,-1,18,378,50,-1,52,50,380,-1,380,50,378,-1,52,380,382,-1,52,382,185,-1,185,382,330,-1,185,330,158,-1,158,330,425,-1,158,425,201,-1,201,425,424,-1,201,424,190,-1,190,424,399,-1,190,399,191,-1,191,399,398,-1,191,398,193,-1,193,398,397,-1,193,397,194,-1,194,397,396,-1,194,396,195,-1,195,396,387,-1,195,387,192,-1,192,387,386,-1,192,386,182,-1,182,386,385,-1,182,385,183,-1,183,385,331,-1,183,331,184,-1,184,331,329,-1,184,329,159,-1,159,329,328,-1,159,328,160,-1,160,328,384,-1,160,384,186,-1,186,384,383,-1,186,383,53,-1,53,383,381,-1,53,381,51,-1,49,51,379,-1,379,51,381,-1,49,379,377,-1,49,377,19,-1,19,377,375,-1,19,375,111,-1,111,375,373,-1,111,373,112,-1,112,373,372,-1,112,372,114,-1,114,372,291,-1,114,291,116,-1,116,291,289,-1,116,289,118,-1,118,289,287,-1,118,287,148,-1,148,287,285,-1,148,285,149,-1,149,285,336,-1,149,336,151,-1,151,336,335,-1,151,335,152,-1,152,335,333,-1,152,333,142,-1,142,333,332,-1,142,332,144,-1,99,306,308,-1,99,308,14,-1,14,308,310,-1,14,310,15,-1,15,310,320,-1,15,320,72,-1,72,320,322,-1,72,322,140,-1,140,322,323,-1,140,323,41,-1,41,323,237,-1,41,237,42,-1,42,237,236,-1,42,236,43,-1,43,236,235,-1,43,235,44,-1,44,235,234,-1,44,234,45,-1,45,234,317,-1,45,317,107,-1,107,317,316,-1,107,316,108,-1,108,316,245,-1,108,245,36,-1,36,245,244,-1,36,244,34,-1,34,244,348,-1,34,348,32,-1,32,348,302,-1,32,302,38,-1,38,302,304,-1,38,304,37,-1,37,304,305,-1,37,305,70,-1,70,305,278,-1,70,278,69,-1,69,278,277,-1,69,277,68,-1,68,277,276,-1,68,276,95,-1,95,276,231,-1,95,231,96,-1,96,231,263,-1,96,263,98,-1,98,263,225,-1,98,225,155,-1,155,225,223,-1,155,223,103,-1,103,223,222,-1,103,222,101,-1,101,222,306,-1,101,306,99,-1,426,427,428,-1,428,427,429,-1,430,426,431,-1,431,426,428,-1,432,430,433,-1,433,430,431,-1,434,432,435,-1,435,432,433,-1,436,434,437,-1,437,434,435,-1,427,436,429,-1,429,436,437,-1,432,434,430,-1,430,434,436,-1,430,436,426,-1,426,436,427,-1,428,429,431,-1,431,429,437,-1,431,437,433,-1,433,437,435,-1,438,439,440,-1,438,440,441,-1,441,440,442,-1,441,442,443,-1,443,442,444,-1,443,444,445,-1,445,444,446,-1,445,446,447,-1,447,446,448,-1,447,448,449,-1,449,448,450,-1,449,450,451,-1,452,451,453,-1,453,451,450,-1,452,453,454,-1,452,454,455,-1,455,454,456,-1,455,456,457,-1,457,456,458,-1,457,458,459,-1,459,458,460,-1,459,460,461,-1,461,460,462,-1,461,462,463,-1,463,462,464,-1,463,464,465,-1,465,464,466,-1,465,466,467,-1,467,466,468,-1,467,468,469,-1,469,468,470,-1,469,470,471,-1,471,470,472,-1,471,472,473,-1,473,472,474,-1,473,474,475,-1,475,474,476,-1,475,476,477,-1,477,476,478,-1,477,478,479,-1,479,478,480,-1,479,480,481,-1,481,480,482,-1,481,482,483,-1,483,482,484,-1,483,484,485,-1,485,484,486,-1,485,486,487,-1,487,486,488,-1,487,488,489,-1,489,488,490,-1,489,490,491,-1,491,490,492,-1,491,492,493,-1,493,492,494,-1,493,494,495,-1,495,494,496,-1,495,496,497,-1,497,496,498,-1,497,498,499,-1,499,498,500,-1,499,500,501,-1,501,500,502,-1,501,502,503,-1,503,502,504,-1,503,504,505,-1,505,504,506,-1,505,506,507,-1,507,506,508,-1,507,508,509,-1,509,508,510,-1,509,510,511,-1,511,510,512,-1,511,512,513,-1,513,512,514,-1,513,514,515,-1,515,514,516,-1,515,516,517,-1,517,516,518,-1,517,518,519,-1,519,518,520,-1,519,520,521,-1,521,520,522,-1,521,522,523,-1,523,522,524,-1,523,524,525,-1,525,524,526,-1,525,526,527,-1,527,526,528,-1,527,528,529,-1,529,528,530,-1,529,530,531,-1,531,530,532,-1,531,532,533,-1,533,532,534,-1,533,534,535,-1,535,534,536,-1,535,536,537,-1,537,536,538,-1,537,538,539,-1,539,538,540,-1,539,540,541,-1,542,541,543,-1,543,541,540,-1,542,543,544,-1,542,544,545,-1,545,544,546,-1,545,546,547,-1,547,546,548,-1,547,548,549,-1,549,548,550,-1,549,550,551,-1,551,550,552,-1,551,552,553,-1,553,552,554,-1,553,554,555,-1,555,554,556,-1,555,556,557,-1,557,556,558,-1,557,558,559,-1,559,558,560,-1,559,560,561,-1,561,560,562,-1,561,562,563,-1,563,562,564,-1,563,564,565,-1,565,564,566,-1,565,566,567,-1,567,566,568,-1,567,568,569,-1,569,568,570,-1,569,570,571,-1,571,570,572,-1,571,572,573,-1,573,572,574,-1,573,574,575,-1,575,574,576,-1,575,576,577,-1,577,576,578,-1,577,578,579,-1,579,578,580,-1,579,580,581,-1,581,580,582,-1,581,582,583,-1,583,582,584,-1,583,584,585,-1,585,584,586,-1,585,586,587,-1,587,586,588,-1,587,588,589,-1,589,588,590,-1,589,590,591,-1,591,590,592,-1,591,592,593,-1,593,592,594,-1,593,594,595,-1,595,594,596,-1,595,596,597,-1,597,596,598,-1,597,598,599,-1,599,598,600,-1,599,600,601,-1,601,600,602,-1,601,602,603,-1,603,602,604,-1,603,604,605,-1,605,604,606,-1,605,606,607,-1,607,606,608,-1,607,608,609,-1,609,608,610,-1,609,610,611,-1,611,610,612,-1,611,612,613,-1,613,612,614,-1,613,614,615,-1,615,614,616,-1,615,616,617,-1,617,616,618,-1,617,618,619,-1,619,618,620,-1,619,620,621,-1,621,620,622,-1,621,622,623,-1,623,622,439,-1,623,439,438,-1,539,541,542,-1,483,603,605,-1,483,605,481,-1,481,605,607,-1,481,607,479,-1,479,607,609,-1,479,609,477,-1,477,609,611,-1,477,611,475,-1,475,611,613,-1,475,613,473,-1,459,447,457,-1,457,447,449,-1,457,449,455,-1,455,449,451,-1,455,451,452,-1,613,615,473,-1,473,615,617,-1,473,617,471,-1,471,617,619,-1,471,619,469,-1,469,619,621,-1,469,621,467,-1,467,621,623,-1,467,623,465,-1,465,623,438,-1,465,438,463,-1,463,438,441,-1,463,441,461,-1,461,441,443,-1,461,443,459,-1,459,443,445,-1,459,445,447,-1,515,569,513,-1,513,569,571,-1,513,571,511,-1,511,571,573,-1,511,573,509,-1,509,573,575,-1,509,575,507,-1,507,575,577,-1,507,577,505,-1,505,577,579,-1,505,579,503,-1,503,579,581,-1,503,581,501,-1,539,542,537,-1,537,542,545,-1,537,545,535,-1,535,545,547,-1,535,547,533,-1,533,547,549,-1,533,549,531,-1,531,549,551,-1,531,551,529,-1,529,551,553,-1,529,553,527,-1,527,553,555,-1,527,555,525,-1,525,555,557,-1,525,557,523,-1,523,557,559,-1,523,559,521,-1,521,559,561,-1,521,561,519,-1,519,561,563,-1,519,563,517,-1,517,563,565,-1,517,565,515,-1,515,565,567,-1,515,567,569,-1,603,483,601,-1,601,483,485,-1,601,485,599,-1,599,485,487,-1,599,487,597,-1,597,487,489,-1,597,489,595,-1,595,489,491,-1,595,491,593,-1,593,491,591,-1,591,491,493,-1,591,493,589,-1,581,583,501,-1,501,583,585,-1,501,585,499,-1,499,585,587,-1,499,587,497,-1,497,587,589,-1,497,589,495,-1,495,589,493,-1,454,453,450,-1,454,450,456,-1,470,616,472,-1,472,616,614,-1,472,614,474,-1,474,614,612,-1,474,612,476,-1,476,612,610,-1,476,610,478,-1,478,610,608,-1,478,608,480,-1,540,538,543,-1,543,538,536,-1,543,536,544,-1,544,536,534,-1,608,606,480,-1,480,606,604,-1,480,604,482,-1,482,604,602,-1,482,602,484,-1,484,602,600,-1,484,600,486,-1,486,600,598,-1,486,598,488,-1,450,448,456,-1,456,448,446,-1,456,446,458,-1,458,446,444,-1,458,444,460,-1,460,444,442,-1,460,442,462,-1,462,442,440,-1,462,440,464,-1,464,440,439,-1,464,439,466,-1,466,439,622,-1,466,622,468,-1,468,622,620,-1,468,620,470,-1,470,620,618,-1,470,618,616,-1,508,572,510,-1,510,572,570,-1,510,570,512,-1,512,570,568,-1,512,568,514,-1,514,568,566,-1,514,566,516,-1,516,566,564,-1,516,564,518,-1,518,564,562,-1,518,562,520,-1,520,562,560,-1,520,560,522,-1,522,560,558,-1,522,558,524,-1,524,558,556,-1,524,556,526,-1,526,556,554,-1,526,554,528,-1,528,554,552,-1,528,552,530,-1,530,552,550,-1,530,550,532,-1,532,550,548,-1,532,548,534,-1,534,548,546,-1,534,546,544,-1,588,586,498,-1,498,586,584,-1,498,584,500,-1,500,584,582,-1,500,582,502,-1,502,582,580,-1,502,580,504,-1,504,580,578,-1,504,578,506,-1,506,578,576,-1,506,576,508,-1,508,576,574,-1,508,574,572,-1,598,596,488,-1,488,596,594,-1,488,594,490,-1,490,594,592,-1,490,592,492,-1,492,592,590,-1,492,590,494,-1,494,590,588,-1,494,588,496,-1,496,588,498,-1,624,625,626,-1,626,625,627,-1,628,624,629,-1,629,624,626,-1,630,628,631,-1,631,628,629,-1,632,630,633,-1,633,630,631,-1,634,632,635,-1,635,632,633,-1,636,634,637,-1,637,634,635,-1,638,636,639,-1,639,636,637,-1,640,638,641,-1,641,638,639,-1,642,640,643,-1,643,640,641,-1,644,642,645,-1,645,642,643,-1,646,644,647,-1,647,644,645,-1,625,646,627,-1,627,646,647,-1,646,625,624,-1,624,628,646,-1,646,628,630,-1,646,630,644,-1,640,642,638,-1,638,642,644,-1,638,644,636,-1,636,644,630,-1,636,630,634,-1,634,630,632,-1,645,643,641,-1,641,639,645,-1,645,639,637,-1,645,637,647,-1,626,627,629,-1,629,627,647,-1,629,647,631,-1,631,647,637,-1,631,637,633,-1,633,637,635,-1,648,649,650,-1,650,649,651,-1,650,651,652,-1,652,651,653,-1,652,653,654,-1,654,653,655,-1,654,655,656,-1,656,655,657,-1,656,657,658,-1,658,657,659,-1,658,659,660,-1,660,659,661,-1,660,661,662,-1,662,661,663,-1,662,663,664,-1,665,666,667,-1,667,666,668,-1,667,668,669,-1,669,668,670,-1,669,670,671,-1,671,670,672,-1,671,672,673,-1,672,674,673,-1,673,674,675,-1,673,675,676,-1,676,675,677,-1,676,677,678,-1,678,677,679,-1,678,679,680,-1,680,679,681,-1,680,681,682,-1,682,681,683,-1,682,683,684,-1,684,683,685,-1,684,685,686,-1,686,685,687,-1,686,687,688,-1,688,687,689,-1,688,689,690,-1,690,689,691,-1,690,691,692,-1,692,691,693,-1,692,693,694,-1,694,693,695,-1,694,695,696,-1,696,695,697,-1,696,697,698,-1,698,697,699,-1,698,699,700,-1,700,699,701,-1,700,701,702,-1,702,701,703,-1,702,703,704,-1,704,703,705,-1,704,705,706,-1,706,705,707,-1,706,707,648,-1,648,707,708,-1,648,708,649,-1,663,709,664,-1,664,709,710,-1,664,710,711,-1,711,710,712,-1,711,712,713,-1,713,712,714,-1,713,714,715,-1,715,714,716,-1,715,716,717,-1,717,716,718,-1,717,718,719,-1,719,718,720,-1,719,720,665,-1,665,720,721,-1,665,721,666,-1,722,723,724,-1,724,723,725,-1,724,725,726,-1,726,725,727,-1,726,727,728,-1,728,727,729,-1,728,729,730,-1,730,729,731,-1,730,731,732,-1,732,731,733,-1,732,733,734,-1,735,736,737,-1,737,736,738,-1,737,738,739,-1,739,738,740,-1,739,740,741,-1,741,740,742,-1,741,742,743,-1,743,742,744,-1,743,744,745,-1,745,744,746,-1,745,746,747,-1,747,746,748,-1,747,748,749,-1,749,748,750,-1,749,750,751,-1,751,750,752,-1,751,752,753,-1,753,752,754,-1,753,754,755,-1,755,754,756,-1,755,756,757,-1,757,756,758,-1,757,758,759,-1,759,758,760,-1,759,760,761,-1,761,760,762,-1,761,762,763,-1,763,762,764,-1,763,764,722,-1,722,764,765,-1,722,765,723,-1,766,767,768,-1,768,767,769,-1,768,769,770,-1,770,769,771,-1,770,771,772,-1,772,771,773,-1,772,773,774,-1,774,773,775,-1,774,775,776,-1,776,775,777,-1,776,777,778,-1,778,777,779,-1,778,779,780,-1,780,779,781,-1,780,781,735,-1,735,781,782,-1,735,782,736,-1,733,783,734,-1,734,783,784,-1,734,784,785,-1,785,784,786,-1,785,786,787,-1,787,786,788,-1,787,788,789,-1,789,788,790,-1,789,790,791,-1,791,790,792,-1,791,792,793,-1,793,792,794,-1,793,794,766,-1,766,794,795,-1,766,795,767,-1,701,699,746,-1,746,699,748,-1,701,746,744,-1,701,744,703,-1,703,744,742,-1,703,742,705,-1,705,742,740,-1,705,740,707,-1,707,740,738,-1,707,738,708,-1,708,738,736,-1,708,736,649,-1,649,736,782,-1,649,782,651,-1,651,782,781,-1,651,781,653,-1,653,781,779,-1,653,779,655,-1,655,779,777,-1,655,777,657,-1,657,777,775,-1,657,775,659,-1,659,775,773,-1,659,773,661,-1,661,773,771,-1,661,771,663,-1,663,771,769,-1,663,769,709,-1,709,769,767,-1,709,767,710,-1,710,767,795,-1,710,795,712,-1,712,795,794,-1,712,794,714,-1,714,794,792,-1,714,792,716,-1,716,792,790,-1,716,790,718,-1,718,790,788,-1,718,788,720,-1,720,788,786,-1,720,786,721,-1,721,786,784,-1,721,784,666,-1,666,784,783,-1,666,783,668,-1,668,783,733,-1,668,733,670,-1,670,733,731,-1,670,731,672,-1,672,731,729,-1,672,729,674,-1,674,729,727,-1,674,727,675,-1,675,727,725,-1,675,725,677,-1,677,725,723,-1,677,723,679,-1,679,723,765,-1,679,765,681,-1,681,765,764,-1,681,764,683,-1,683,764,762,-1,683,762,685,-1,685,762,760,-1,685,760,687,-1,687,760,758,-1,687,758,689,-1,689,758,756,-1,689,756,691,-1,691,756,754,-1,691,754,693,-1,693,754,752,-1,693,752,695,-1,697,695,750,-1,750,695,752,-1,699,697,748,-1,748,697,750,-1,694,696,751,-1,751,696,749,-1,696,698,749,-1,749,698,747,-1,698,700,747,-1,747,700,745,-1,656,776,778,-1,656,778,654,-1,654,778,780,-1,654,780,652,-1,652,780,735,-1,652,735,650,-1,650,735,737,-1,650,737,648,-1,648,737,739,-1,648,739,706,-1,706,739,741,-1,706,741,704,-1,704,741,743,-1,704,743,702,-1,702,743,745,-1,702,745,700,-1,717,789,791,-1,717,791,715,-1,715,791,793,-1,715,793,713,-1,713,793,766,-1,713,766,711,-1,711,766,768,-1,711,768,664,-1,664,768,770,-1,664,770,662,-1,662,770,772,-1,662,772,660,-1,660,772,774,-1,660,774,658,-1,658,774,776,-1,658,776,656,-1,678,724,726,-1,678,726,676,-1,676,726,728,-1,676,728,673,-1,673,728,730,-1,673,730,671,-1,671,730,732,-1,671,732,669,-1,669,732,734,-1,669,734,667,-1,667,734,785,-1,667,785,665,-1,665,785,787,-1,665,787,719,-1,719,787,789,-1,719,789,717,-1,694,751,753,-1,694,753,692,-1,692,753,755,-1,692,755,690,-1,690,755,757,-1,690,757,688,-1,688,757,759,-1,688,759,686,-1,686,759,761,-1,686,761,684,-1,684,761,763,-1,684,763,682,-1,682,763,722,-1,682,722,680,-1,680,722,724,-1,680,724,678,-1,796,797,798,-1,798,797,799,-1,800,801,796,-1,796,801,802,-1,796,802,797,-1,797,802,803,-1,800,804,801,-1,801,804,805,-1,801,805,806,-1,806,805,807,-1,806,807,808,-1,808,809,806,-1,806,809,798,-1,806,798,810,-1,810,798,799,-1,810,799,811,-1,812,813,814,-1,813,815,814,-1,814,815,816,-1,814,816,817,-1,817,816,818,-1,817,818,819,-1,819,820,817,-1,817,820,821,-1,817,821,822,-1,823,824,825,-1,826,822,827,-1,827,822,821,-1,827,821,825,-1,825,821,812,-1,825,812,823,-1,823,812,814,-1,806,810,814,-1,814,810,823,-1,801,806,817,-1,817,806,814,-1,802,801,822,-1,822,801,817,-1,803,802,826,-1,826,802,822,-1,797,803,827,-1,827,803,826,-1,799,797,825,-1,825,797,827,-1,811,799,824,-1,824,799,825,-1,810,811,823,-1,823,811,824,-1,796,798,821,-1,821,798,812,-1,798,809,812,-1,812,809,813,-1,807,816,815,-1,807,815,808,-1,808,815,813,-1,808,813,809,-1,807,805,816,-1,816,805,818,-1,800,820,819,-1,800,819,804,-1,804,819,818,-1,804,818,805,-1,800,796,820,-1,820,796,821,-1,828,829,830,-1,830,829,831,-1,832,828,833,-1,833,828,830,-1,834,832,835,-1,835,832,833,-1,836,834,837,-1,837,834,835,-1,838,836,839,-1,839,836,837,-1,840,838,841,-1,841,838,839,-1,842,840,843,-1,843,840,841,-1,844,842,845,-1,845,842,843,-1,846,844,847,-1,847,844,845,-1,848,846,849,-1,849,846,847,-1,850,848,851,-1,851,848,849,-1,829,850,831,-1,831,850,851,-1,850,829,828,-1,828,832,850,-1,850,832,834,-1,850,834,848,-1,844,846,842,-1,842,846,848,-1,842,848,840,-1,840,848,834,-1,840,834,838,-1,838,834,836,-1,849,847,845,-1,845,843,849,-1,849,843,841,-1,849,841,851,-1,830,831,833,-1,833,831,851,-1,833,851,835,-1,835,851,841,-1,835,841,837,-1,837,841,839,-1,852,853,854,-1,854,853,855,-1,856,857,858,-1,859,860,861,-1,861,860,862,-1,858,857,863,-1,863,857,864,-1,863,864,865,-1,865,864,866,-1,865,866,867,-1,868,869,870,-1,860,871,862,-1,862,871,872,-1,862,872,873,-1,859,861,874,-1,874,861,875,-1,874,875,876,-1,876,875,877,-1,876,877,878,-1,867,866,879,-1,879,866,880,-1,879,880,881,-1,881,880,882,-1,881,882,883,-1,872,884,873,-1,873,884,885,-1,873,885,886,-1,886,885,887,-1,886,887,888,-1,854,889,890,-1,890,889,891,-1,890,891,892,-1,893,894,895,-1,895,894,896,-1,895,896,897,-1,897,896,898,-1,897,898,899,-1,900,901,855,-1,855,901,902,-1,855,902,854,-1,854,902,903,-1,854,903,889,-1,883,882,904,-1,904,882,905,-1,904,905,906,-1,906,905,907,-1,906,907,908,-1,909,910,911,-1,911,910,912,-1,911,912,913,-1,913,912,914,-1,913,914,915,-1,870,916,868,-1,868,916,917,-1,868,917,909,-1,909,917,918,-1,909,918,910,-1,919,920,921,-1,921,920,922,-1,921,922,869,-1,869,922,923,-1,869,923,870,-1,924,925,926,-1,926,925,878,-1,926,878,927,-1,927,878,877,-1,898,928,899,-1,899,928,929,-1,899,929,930,-1,930,929,931,-1,930,931,932,-1,932,931,892,-1,932,892,933,-1,933,892,891,-1,908,907,934,-1,934,907,935,-1,934,935,936,-1,936,925,934,-1,934,925,924,-1,934,924,855,-1,855,924,937,-1,855,937,900,-1,914,938,915,-1,915,938,939,-1,915,939,940,-1,940,939,941,-1,940,941,942,-1,942,941,943,-1,942,943,893,-1,893,943,944,-1,893,944,894,-1,887,945,888,-1,888,945,946,-1,888,946,947,-1,947,946,948,-1,947,948,949,-1,858,950,856,-1,856,950,951,-1,856,951,952,-1,952,951,953,-1,952,953,954,-1,954,953,955,-1,954,955,956,-1,956,955,957,-1,956,957,958,-1,958,957,959,-1,958,959,960,-1,960,959,961,-1,960,961,962,-1,962,961,963,-1,962,963,964,-1,964,963,965,-1,964,965,966,-1,966,965,967,-1,966,967,968,-1,968,967,969,-1,968,969,970,-1,948,971,949,-1,949,971,972,-1,949,972,919,-1,919,972,973,-1,919,973,920,-1,974,975,976,-1,977,978,979,-1,979,978,980,-1,979,980,981,-1,982,983,984,-1,985,986,987,-1,987,986,988,-1,987,988,989,-1,980,990,981,-1,981,990,991,-1,981,991,992,-1,992,991,993,-1,992,993,994,-1,995,996,997,-1,997,996,998,-1,997,998,999,-1,999,998,1000,-1,999,1000,977,-1,977,1000,1001,-1,977,1001,978,-1,1002,982,1003,-1,1003,982,984,-1,1003,984,1004,-1,1004,984,1005,-1,1006,1007,1008,-1,1008,1007,1009,-1,1008,1009,1010,-1,1010,1009,1011,-1,1010,1011,1012,-1,1012,1011,1013,-1,1012,1013,1014,-1,1014,1013,1015,-1,1016,1017,1006,-1,1006,1017,1018,-1,1006,1018,1007,-1,1019,1020,985,-1,985,1020,1021,-1,985,1021,986,-1,1022,1023,1019,-1,1019,1023,1024,-1,1019,1024,1020,-1,1025,1026,1027,-1,1027,1026,984,-1,1027,984,1028,-1,1028,984,983,-1,1029,1030,1016,-1,1016,1030,1031,-1,1016,1031,1017,-1,993,1032,994,-1,994,1032,1033,-1,994,1033,1034,-1,1034,1033,1035,-1,1034,1035,1036,-1,1036,1035,1026,-1,1036,1026,1037,-1,988,1038,989,-1,989,1038,1039,-1,989,1039,1040,-1,1037,1026,1041,-1,1041,1026,1025,-1,1041,1025,1015,-1,1015,1025,1042,-1,1015,1042,1014,-1,974,976,1043,-1,1043,976,1044,-1,1043,1044,1045,-1,1045,1044,1046,-1,1045,1046,1047,-1,1047,1046,1048,-1,1047,1048,1049,-1,1049,1048,1050,-1,1049,1050,1051,-1,1051,1050,1052,-1,1051,1052,1053,-1,1053,1052,1054,-1,1053,1054,1055,-1,1055,1054,1056,-1,1055,1056,995,-1,995,1056,1057,-1,995,1057,996,-1,1058,1059,1060,-1,1060,1059,1061,-1,1060,1061,1029,-1,1029,1061,1062,-1,1029,1062,1030,-1,1039,1063,1040,-1,1040,1063,1064,-1,1040,1064,1065,-1,1065,1064,1066,-1,1065,1066,1058,-1,1058,1066,1067,-1,1058,1067,1059,-1,1068,1069,1070,-1,1070,1069,1071,-1,1070,1071,1072,-1,1072,1071,1073,-1,1072,1073,1074,-1,1074,1073,1075,-1,1074,1075,1076,-1,1077,1078,1079,-1,1079,1078,1080,-1,1079,1080,1081,-1,1081,1080,1082,-1,1081,1082,1022,-1,1022,1082,1083,-1,1022,1083,1023,-1,1075,1084,1076,-1,1076,1084,1085,-1,1076,1085,1086,-1,1086,1085,1087,-1,1086,1087,1088,-1,1088,1087,1089,-1,1088,1089,1077,-1,1077,1089,1090,-1,1077,1090,1078,-1,1070,1091,1068,-1,1068,1091,1092,-1,1068,1092,1093,-1,1093,1092,1094,-1,1093,1094,1003,-1,1003,1094,1095,-1,1003,1095,1002,-1,955,1056,1054,-1,955,1054,957,-1,957,1054,1052,-1,957,1052,959,-1,959,1052,1050,-1,959,1050,961,-1,961,1050,1048,-1,961,1048,963,-1,963,1048,1046,-1,963,1046,965,-1,965,1046,1044,-1,965,1044,967,-1,967,1044,976,-1,967,976,969,-1,970,969,975,-1,975,969,976,-1,970,975,974,-1,970,974,968,-1,968,974,1043,-1,968,1043,966,-1,966,1043,1045,-1,966,1045,964,-1,964,1045,1047,-1,964,1047,962,-1,962,1047,1049,-1,962,1049,960,-1,960,1049,1051,-1,960,1051,958,-1,958,1051,1053,-1,958,1053,956,-1,956,1053,1055,-1,956,1055,954,-1,954,1055,995,-1,954,995,952,-1,952,995,997,-1,952,997,856,-1,856,997,999,-1,856,999,857,-1,857,999,977,-1,857,977,864,-1,864,977,979,-1,864,979,866,-1,866,979,981,-1,866,981,880,-1,880,981,992,-1,880,992,882,-1,882,992,994,-1,882,994,905,-1,905,994,1034,-1,905,1034,907,-1,907,1034,1036,-1,907,1036,935,-1,935,1036,1037,-1,935,1037,936,-1,936,1037,1041,-1,936,1041,925,-1,878,925,1015,-1,1015,925,1041,-1,878,1015,1013,-1,878,1013,876,-1,876,1013,1011,-1,876,1011,874,-1,874,1011,1009,-1,874,1009,859,-1,859,1009,1007,-1,859,1007,860,-1,860,1007,1018,-1,860,1018,871,-1,871,1018,1017,-1,871,1017,872,-1,872,1017,1031,-1,872,1031,884,-1,884,1031,1030,-1,884,1030,885,-1,885,1030,1062,-1,885,1062,887,-1,887,1062,1061,-1,887,1061,945,-1,945,1061,1059,-1,945,1059,946,-1,946,1059,1067,-1,946,1067,948,-1,948,1067,1066,-1,948,1066,971,-1,971,1066,1064,-1,971,1064,972,-1,972,1064,1063,-1,972,1063,973,-1,973,1063,1039,-1,973,1039,920,-1,920,1039,1038,-1,920,1038,922,-1,922,1038,988,-1,922,988,923,-1,923,988,986,-1,923,986,870,-1,870,986,1021,-1,870,1021,916,-1,916,1021,1020,-1,916,1020,917,-1,917,1020,1024,-1,917,1024,918,-1,918,1024,1023,-1,918,1023,910,-1,910,1023,1083,-1,910,1083,912,-1,912,1083,1082,-1,912,1082,914,-1,914,1082,1080,-1,914,1080,938,-1,938,1080,1078,-1,938,1078,939,-1,939,1078,1090,-1,939,1090,941,-1,941,1090,1089,-1,941,1089,943,-1,943,1089,1087,-1,943,1087,944,-1,944,1087,1085,-1,944,1085,894,-1,894,1085,1084,-1,894,1084,896,-1,896,1084,1075,-1,896,1075,898,-1,898,1075,1073,-1,898,1073,928,-1,928,1073,1071,-1,928,1071,929,-1,929,1071,1069,-1,929,1069,931,-1,931,1069,1068,-1,931,1068,892,-1,892,1068,1093,-1,892,1093,890,-1,854,890,1003,-1,1003,890,1093,-1,852,854,1004,-1,1004,854,1003,-1,853,852,1005,-1,1005,852,1004,-1,855,853,984,-1,984,853,1005,-1,855,984,1026,-1,855,1026,934,-1,934,1026,1035,-1,934,1035,908,-1,908,1035,1033,-1,908,1033,906,-1,906,1033,1032,-1,906,1032,904,-1,904,1032,993,-1,904,993,883,-1,883,993,991,-1,883,991,881,-1,881,991,990,-1,881,990,879,-1,879,990,980,-1,879,980,867,-1,867,980,978,-1,867,978,865,-1,865,978,1001,-1,865,1001,863,-1,863,1001,1000,-1,863,1000,858,-1,858,1000,998,-1,858,998,950,-1,950,998,996,-1,950,996,951,-1,951,996,1057,-1,951,1057,953,-1,953,1057,1056,-1,953,1056,955,-1,862,1006,1008,-1,862,1008,861,-1,861,1008,1010,-1,861,1010,875,-1,875,1010,1012,-1,875,1012,877,-1,877,1012,1014,-1,877,1014,927,-1,927,1014,1042,-1,927,1042,926,-1,949,1065,1058,-1,949,1058,947,-1,947,1058,1060,-1,947,1060,888,-1,888,1060,1029,-1,888,1029,886,-1,886,1029,1016,-1,886,1016,873,-1,873,1016,1006,-1,873,1006,862,-1,909,1019,985,-1,909,985,868,-1,868,985,987,-1,868,987,869,-1,869,987,989,-1,869,989,921,-1,921,989,1040,-1,921,1040,919,-1,919,1040,1065,-1,919,1065,949,-1,942,1088,1077,-1,942,1077,940,-1,940,1077,1079,-1,940,1079,915,-1,915,1079,1081,-1,915,1081,913,-1,913,1081,1022,-1,913,1022,911,-1,911,1022,1019,-1,911,1019,909,-1,933,1092,1091,-1,933,1091,932,-1,932,1091,1070,-1,932,1070,930,-1,930,1070,1072,-1,930,1072,899,-1,899,1072,1074,-1,899,1074,897,-1,897,1074,1076,-1,897,1076,895,-1,895,1076,1086,-1,895,1086,893,-1,893,1086,1088,-1,893,1088,942,-1,937,1027,1028,-1,937,1028,900,-1,900,1028,983,-1,900,983,901,-1,901,983,982,-1,901,982,902,-1,902,982,1002,-1,902,1002,903,-1,903,1002,1095,-1,903,1095,889,-1,889,1095,1094,-1,889,1094,891,-1,891,1094,1092,-1,891,1092,933,-1,937,924,1027,-1,1027,924,1025,-1,924,926,1025,-1,1025,926,1042,-1,1096,1097,1098,-1,1096,1098,1099,-1,1099,1098,1100,-1,1099,1100,1101,-1,1101,1100,1102,-1,1101,1102,1103,-1,1103,1102,1104,-1,1103,1104,1105,-1,1105,1104,1106,-1,1105,1106,1107,-1,1107,1106,1108,-1,1107,1108,1109,-1,1109,1108,1110,-1,1109,1110,1111,-1,1112,1111,1113,-1,1113,1111,1110,-1,1112,1113,1114,-1,1112,1114,1115,-1,1115,1114,1116,-1,1115,1116,1117,-1,1117,1116,1118,-1,1117,1118,1119,-1,1119,1118,1120,-1,1119,1120,1121,-1,1121,1120,1122,-1,1121,1122,1123,-1,1123,1122,1124,-1,1123,1124,1125,-1,1125,1124,1126,-1,1125,1126,1127,-1,1127,1126,1128,-1,1127,1128,1129,-1,1129,1128,1130,-1,1129,1130,1131,-1,1131,1130,1132,-1,1131,1132,1133,-1,1133,1132,1134,-1,1133,1134,1135,-1,1135,1134,1136,-1,1135,1136,1137,-1,1137,1136,1138,-1,1137,1138,1139,-1,1139,1138,1140,-1,1139,1140,1141,-1,1141,1140,1142,-1,1141,1142,1143,-1,1143,1142,1144,-1,1143,1144,1145,-1,1145,1144,1146,-1,1145,1146,1147,-1,1147,1146,1148,-1,1147,1148,1149,-1,1149,1148,1150,-1,1149,1150,1151,-1,1151,1150,1152,-1,1151,1152,1153,-1,1153,1152,1154,-1,1153,1154,1155,-1,1155,1154,1156,-1,1155,1156,1157,-1,1157,1156,1158,-1,1157,1158,1159,-1,1159,1158,1160,-1,1159,1160,1161,-1,1161,1160,1162,-1,1161,1162,1163,-1,1163,1162,1164,-1,1163,1164,1165,-1,1165,1164,1166,-1,1165,1166,1167,-1,1167,1166,1168,-1,1167,1168,1169,-1,1169,1168,1170,-1,1169,1170,1171,-1,1171,1170,1172,-1,1171,1172,1173,-1,1173,1172,1174,-1,1173,1174,1175,-1,1175,1174,1176,-1,1175,1176,1177,-1,1177,1176,1178,-1,1177,1178,1179,-1,1179,1178,1180,-1,1179,1180,1181,-1,1181,1180,1182,-1,1181,1182,1183,-1,1183,1182,1184,-1,1183,1184,1185,-1,1185,1184,1186,-1,1185,1186,1187,-1,1187,1186,1188,-1,1187,1188,1189,-1,1189,1188,1190,-1,1189,1190,1191,-1,1191,1190,1192,-1,1191,1192,1193,-1,1193,1192,1194,-1,1193,1194,1195,-1,1195,1194,1196,-1,1195,1196,1197,-1,1197,1196,1198,-1,1197,1198,1199,-1,1199,1198,1200,-1,1199,1200,1201,-1,1201,1200,1202,-1,1201,1202,1203,-1,1203,1202,1204,-1,1203,1204,1205,-1,1205,1204,1206,-1,1205,1206,1207,-1,1207,1206,1208,-1,1207,1208,1209,-1,1209,1208,1210,-1,1209,1210,1211,-1,1211,1210,1212,-1,1211,1212,1213,-1,1213,1212,1214,-1,1213,1214,1215,-1,1215,1214,1216,-1,1215,1216,1217,-1,1217,1216,1218,-1,1217,1218,1219,-1,1219,1218,1220,-1,1219,1220,1221,-1,1221,1220,1222,-1,1221,1222,1223,-1,1223,1222,1224,-1,1223,1224,1225,-1,1225,1224,1226,-1,1225,1226,1227,-1,1227,1226,1228,-1,1227,1228,1229,-1,1229,1228,1230,-1,1229,1230,1231,-1,1232,1231,1233,-1,1233,1231,1230,-1,1232,1233,1234,-1,1232,1234,1235,-1,1235,1234,1236,-1,1235,1236,1237,-1,1237,1236,1238,-1,1237,1238,1239,-1,1239,1238,1240,-1,1239,1240,1241,-1,1241,1240,1242,-1,1241,1242,1243,-1,1243,1242,1244,-1,1243,1244,1245,-1,1245,1244,1246,-1,1245,1246,1247,-1,1247,1246,1248,-1,1247,1248,1249,-1,1249,1248,1250,-1,1249,1250,1251,-1,1251,1250,1252,-1,1251,1252,1253,-1,1253,1252,1254,-1,1253,1254,1255,-1,1255,1254,1256,-1,1255,1256,1257,-1,1257,1256,1258,-1,1257,1258,1259,-1,1259,1258,1260,-1,1259,1260,1261,-1,1261,1260,1262,-1,1261,1262,1263,-1,1263,1262,1264,-1,1263,1264,1265,-1,1265,1264,1266,-1,1265,1266,1267,-1,1267,1266,1268,-1,1267,1268,1269,-1,1269,1268,1270,-1,1269,1270,1271,-1,1271,1270,1272,-1,1271,1272,1273,-1,1273,1272,1274,-1,1273,1274,1275,-1,1275,1274,1276,-1,1275,1276,1277,-1,1277,1276,1278,-1,1277,1278,1279,-1,1279,1278,1280,-1,1279,1280,1281,-1,1281,1280,1282,-1,1281,1282,1283,-1,1283,1282,1284,-1,1283,1284,1285,-1,1285,1284,1286,-1,1285,1286,1287,-1,1287,1286,1288,-1,1287,1288,1289,-1,1289,1288,1290,-1,1289,1290,1291,-1,1291,1290,1292,-1,1291,1292,1293,-1,1293,1292,1294,-1,1293,1294,1295,-1,1295,1294,1296,-1,1295,1296,1297,-1,1297,1296,1298,-1,1297,1298,1299,-1,1299,1298,1300,-1,1299,1300,1301,-1,1301,1300,1302,-1,1301,1302,1303,-1,1303,1302,1304,-1,1303,1304,1305,-1,1305,1304,1306,-1,1305,1306,1307,-1,1307,1306,1308,-1,1307,1308,1309,-1,1309,1308,1310,-1,1309,1310,1311,-1,1311,1310,1312,-1,1311,1312,1313,-1,1313,1312,1314,-1,1313,1314,1315,-1,1315,1314,1316,-1,1315,1316,1317,-1,1317,1316,1318,-1,1317,1318,1319,-1,1319,1318,1320,-1,1319,1320,1321,-1,1321,1320,1322,-1,1321,1322,1323,-1,1323,1322,1324,-1,1323,1324,1325,-1,1325,1324,1326,-1,1325,1326,1327,-1,1327,1326,1328,-1,1327,1328,1329,-1,1329,1328,1330,-1,1329,1330,1331,-1,1331,1330,1332,-1,1331,1332,1333,-1,1333,1332,1097,-1,1333,1097,1096,-1,1109,1111,1112,-1,1229,1231,1232,-1,1139,1141,1323,-1,1323,1141,1321,-1,1203,1263,1201,-1,1201,1263,1265,-1,1201,1265,1199,-1,1141,1143,1321,-1,1321,1143,1145,-1,1321,1145,1319,-1,1205,1259,1203,-1,1203,1259,1261,-1,1203,1261,1263,-1,1139,1323,1137,-1,1137,1323,1325,-1,1137,1325,1135,-1,1135,1325,1327,-1,1135,1327,1133,-1,1133,1327,1329,-1,1133,1329,1131,-1,1281,1191,1279,-1,1279,1191,1193,-1,1163,1309,1161,-1,1161,1309,1311,-1,1265,1267,1199,-1,1199,1267,1269,-1,1199,1269,1197,-1,1269,1271,1197,-1,1197,1271,1273,-1,1197,1273,1195,-1,1195,1273,1275,-1,1195,1275,1193,-1,1193,1275,1277,-1,1193,1277,1279,-1,1281,1283,1191,-1,1191,1283,1285,-1,1191,1285,1189,-1,1189,1285,1287,-1,1189,1287,1187,-1,1187,1287,1289,-1,1187,1289,1185,-1,1185,1289,1291,-1,1185,1291,1183,-1,1315,1155,1313,-1,1313,1155,1157,-1,1313,1157,1311,-1,1311,1157,1159,-1,1311,1159,1161,-1,1145,1147,1319,-1,1319,1147,1149,-1,1319,1149,1317,-1,1317,1149,1151,-1,1317,1151,1315,-1,1315,1151,1153,-1,1315,1153,1155,-1,1163,1165,1309,-1,1309,1165,1167,-1,1309,1167,1307,-1,1307,1167,1169,-1,1307,1169,1305,-1,1305,1169,1171,-1,1305,1171,1303,-1,1303,1171,1173,-1,1303,1173,1301,-1,1131,1329,1129,-1,1129,1329,1331,-1,1129,1331,1127,-1,1127,1331,1333,-1,1127,1333,1125,-1,1125,1333,1096,-1,1125,1096,1123,-1,1123,1096,1099,-1,1123,1099,1121,-1,1121,1099,1101,-1,1121,1101,1119,-1,1119,1101,1103,-1,1119,1103,1117,-1,1117,1103,1105,-1,1117,1105,1115,-1,1115,1105,1112,-1,1112,1105,1107,-1,1112,1107,1109,-1,1173,1175,1301,-1,1301,1175,1177,-1,1301,1177,1299,-1,1299,1177,1179,-1,1299,1179,1297,-1,1297,1179,1181,-1,1297,1181,1295,-1,1295,1181,1183,-1,1295,1183,1293,-1,1293,1183,1291,-1,1229,1232,1227,-1,1227,1232,1235,-1,1227,1235,1225,-1,1225,1235,1237,-1,1225,1237,1223,-1,1223,1237,1239,-1,1223,1239,1221,-1,1221,1239,1241,-1,1221,1241,1219,-1,1219,1241,1243,-1,1219,1243,1217,-1,1217,1243,1245,-1,1217,1245,1215,-1,1215,1245,1247,-1,1215,1247,1213,-1,1213,1247,1249,-1,1213,1249,1211,-1,1211,1249,1251,-1,1211,1251,1209,-1,1209,1251,1253,-1,1209,1253,1207,-1,1207,1253,1255,-1,1207,1255,1205,-1,1205,1255,1257,-1,1205,1257,1259,-1,1320,1140,1322,-1,1322,1140,1138,-1,1322,1138,1324,-1,1324,1138,1136,-1,1324,1136,1326,-1,1202,1200,1262,-1,1282,1190,1284,-1,1284,1190,1188,-1,1318,1144,1320,-1,1320,1144,1142,-1,1320,1142,1140,-1,1312,1310,1158,-1,1158,1310,1160,-1,1160,1310,1308,-1,1160,1308,1162,-1,1282,1280,1190,-1,1190,1280,1278,-1,1190,1278,1192,-1,1192,1278,1276,-1,1192,1276,1194,-1,1306,1166,1308,-1,1308,1166,1164,-1,1308,1164,1162,-1,1196,1268,1198,-1,1198,1268,1266,-1,1198,1266,1200,-1,1200,1266,1264,-1,1200,1264,1262,-1,1316,1148,1318,-1,1318,1148,1146,-1,1318,1146,1144,-1,1276,1274,1194,-1,1194,1274,1272,-1,1194,1272,1196,-1,1196,1272,1270,-1,1196,1270,1268,-1,1136,1134,1326,-1,1326,1134,1132,-1,1326,1132,1328,-1,1328,1132,1130,-1,1328,1130,1330,-1,1330,1130,1128,-1,1330,1128,1332,-1,1332,1128,1126,-1,1332,1126,1097,-1,1097,1126,1124,-1,1097,1124,1098,-1,1098,1124,1122,-1,1098,1122,1100,-1,1100,1122,1120,-1,1100,1120,1102,-1,1158,1156,1312,-1,1312,1156,1154,-1,1312,1154,1314,-1,1314,1154,1152,-1,1314,1152,1316,-1,1316,1152,1150,-1,1316,1150,1148,-1,1120,1118,1102,-1,1102,1118,1116,-1,1102,1116,1104,-1,1104,1116,1114,-1,1104,1114,1106,-1,1106,1114,1113,-1,1106,1113,1108,-1,1108,1113,1110,-1,1298,1296,1180,-1,1180,1296,1294,-1,1180,1294,1182,-1,1182,1294,1292,-1,1182,1292,1184,-1,1184,1292,1290,-1,1184,1290,1186,-1,1186,1290,1288,-1,1186,1288,1188,-1,1188,1288,1286,-1,1188,1286,1284,-1,1262,1260,1202,-1,1202,1260,1258,-1,1202,1258,1204,-1,1204,1258,1256,-1,1204,1256,1206,-1,1206,1256,1254,-1,1206,1254,1208,-1,1208,1254,1252,-1,1208,1252,1210,-1,1210,1252,1250,-1,1210,1250,1212,-1,1212,1250,1248,-1,1212,1248,1214,-1,1214,1248,1246,-1,1214,1246,1216,-1,1216,1246,1244,-1,1216,1244,1218,-1,1218,1244,1242,-1,1218,1242,1220,-1,1220,1242,1240,-1,1220,1240,1222,-1,1222,1240,1238,-1,1222,1238,1224,-1,1224,1238,1236,-1,1224,1236,1226,-1,1226,1236,1234,-1,1226,1234,1228,-1,1228,1234,1233,-1,1228,1233,1230,-1,1180,1178,1298,-1,1298,1178,1176,-1,1298,1176,1300,-1,1300,1176,1174,-1,1300,1174,1302,-1,1302,1174,1172,-1,1302,1172,1304,-1,1304,1172,1170,-1,1304,1170,1306,-1,1306,1170,1168,-1,1306,1168,1166,-1,1334,1335,1336,-1,1336,1335,1337,-1,1338,1334,1339,-1,1339,1334,1336,-1,1338,1339,1340,-1,1338,1340,1341,-1,1341,1340,1342,-1,1341,1342,1343,-1,1344,1343,1345,-1,1345,1343,1342,-1,1346,1344,1347,-1,1347,1344,1345,-1,1348,1346,1349,-1,1349,1346,1347,-1,1350,1348,1351,-1,1351,1348,1349,-1,1352,1350,1353,-1,1353,1350,1351,-1,1354,1352,1355,-1,1355,1352,1353,-1,1354,1355,1356,-1,1354,1356,1357,-1,1357,1356,1358,-1,1357,1358,1359,-1,1359,1358,1360,-1,1359,1360,1361,-1,1361,1360,1362,-1,1361,1362,1363,-1,1363,1362,1364,-1,1363,1364,1365,-1,1365,1364,1366,-1,1365,1366,1367,-1,1367,1366,1368,-1,1367,1368,1369,-1,1369,1368,1370,-1,1369,1370,1371,-1,1371,1370,1372,-1,1371,1372,1373,-1,1373,1372,1374,-1,1373,1374,1375,-1,1376,1375,1377,-1,1377,1375,1374,-1,1376,1377,1378,-1,1376,1378,1379,-1,1379,1378,1380,-1,1379,1380,1381,-1,1381,1380,1382,-1,1381,1382,1383,-1,1383,1382,1384,-1,1383,1384,1385,-1,1385,1384,1386,-1,1385,1386,1387,-1,1387,1386,1388,-1,1387,1388,1389,-1,1389,1388,1390,-1,1389,1390,1391,-1,1391,1390,1392,-1,1391,1392,1393,-1,1393,1392,1394,-1,1393,1394,1395,-1,1395,1394,1396,-1,1395,1396,1397,-1,1397,1396,1398,-1,1397,1398,1399,-1,1399,1398,1400,-1,1399,1400,1401,-1,1401,1400,1402,-1,1401,1402,1403,-1,1403,1402,1404,-1,1403,1404,1405,-1,1335,1405,1337,-1,1337,1405,1404,-1,1341,1343,1405,-1,1335,1334,1405,-1,1405,1334,1338,-1,1405,1338,1341,-1,1348,1350,1346,-1,1346,1350,1352,-1,1346,1352,1344,-1,1359,1361,1393,-1,1393,1361,1391,-1,1391,1361,1363,-1,1391,1363,1389,-1,1389,1363,1365,-1,1389,1365,1387,-1,1387,1365,1385,-1,1385,1365,1367,-1,1385,1367,1383,-1,1383,1367,1369,-1,1383,1369,1381,-1,1393,1395,1359,-1,1359,1395,1397,-1,1359,1397,1357,-1,1357,1397,1399,-1,1357,1399,1354,-1,1381,1369,1379,-1,1379,1369,1371,-1,1379,1371,1376,-1,1376,1371,1373,-1,1376,1373,1375,-1,1399,1401,1354,-1,1354,1401,1403,-1,1354,1403,1352,-1,1352,1403,1405,-1,1352,1405,1344,-1,1344,1405,1343,-1,1366,1364,1386,-1,1353,1351,1349,-1,1336,1337,1339,-1,1339,1337,1404,-1,1386,1364,1388,-1,1388,1364,1362,-1,1388,1362,1390,-1,1386,1384,1366,-1,1366,1384,1382,-1,1366,1382,1368,-1,1368,1382,1380,-1,1368,1380,1370,-1,1370,1380,1378,-1,1370,1378,1372,-1,1372,1378,1377,-1,1372,1377,1374,-1,1390,1362,1392,-1,1392,1362,1360,-1,1392,1360,1394,-1,1394,1360,1358,-1,1394,1358,1396,-1,1396,1358,1356,-1,1396,1356,1398,-1,1398,1356,1400,-1,1400,1356,1355,-1,1400,1355,1402,-1,1345,1342,1404,-1,1404,1342,1340,-1,1404,1340,1339,-1,1349,1347,1353,-1,1353,1347,1345,-1,1353,1345,1355,-1,1355,1345,1404,-1,1355,1404,1402,-1,1406,1407,1408,-1,1408,1407,1409,-1,1410,1406,1411,-1,1411,1406,1408,-1,1412,1410,1413,-1,1413,1410,1411,-1,1414,1412,1415,-1,1415,1412,1413,-1,1416,1414,1417,-1,1417,1414,1415,-1,1418,1416,1419,-1,1419,1416,1417,-1,1420,1418,1421,-1,1421,1418,1419,-1,1422,1420,1423,-1,1423,1420,1421,-1,1424,1422,1425,-1,1425,1422,1423,-1,1426,1424,1427,-1,1427,1424,1425,-1,1428,1426,1429,-1,1429,1426,1427,-1,1407,1428,1409,-1,1409,1428,1429,-1,1428,1407,1406,-1,1406,1410,1428,-1,1428,1410,1412,-1,1428,1412,1426,-1,1422,1424,1420,-1,1420,1424,1426,-1,1420,1426,1418,-1,1418,1426,1412,-1,1418,1412,1416,-1,1416,1412,1414,-1,1427,1425,1423,-1,1423,1421,1427,-1,1427,1421,1419,-1,1427,1419,1429,-1,1408,1409,1411,-1,1411,1409,1429,-1,1411,1429,1413,-1,1413,1429,1419,-1,1413,1419,1415,-1,1415,1419,1417,-1,1430,1431,1432,-1,1432,1431,1433,-1,1432,1433,1434,-1,1434,1433,1435,-1,1434,1435,1436,-1,1436,1435,1437,-1,1436,1437,1438,-1,1438,1437,1439,-1,1438,1439,1440,-1,1440,1439,1441,-1,1440,1441,1442,-1,1442,1441,1443,-1,1442,1443,1444,-1,1444,1443,1445,-1,1444,1445,1446,-1,1447,1448,1449,-1,1449,1448,1450,-1,1449,1450,1451,-1,1451,1450,1452,-1,1451,1452,1453,-1,1453,1452,1454,-1,1453,1454,1455,-1,1454,1456,1455,-1,1455,1456,1457,-1,1455,1457,1458,-1,1458,1457,1459,-1,1458,1459,1460,-1,1460,1459,1461,-1,1460,1461,1462,-1,1462,1461,1463,-1,1462,1463,1464,-1,1464,1463,1465,-1,1464,1465,1466,-1,1466,1465,1467,-1,1466,1467,1468,-1,1468,1467,1469,-1,1468,1469,1470,-1,1470,1469,1471,-1,1470,1471,1472,-1,1472,1471,1473,-1,1472,1473,1474,-1,1474,1473,1475,-1,1474,1475,1476,-1,1476,1475,1477,-1,1476,1477,1478,-1,1478,1477,1479,-1,1478,1479,1480,-1,1480,1479,1481,-1,1480,1481,1482,-1,1482,1481,1483,-1,1482,1483,1484,-1,1484,1483,1485,-1,1484,1485,1486,-1,1486,1485,1487,-1,1486,1487,1488,-1,1488,1487,1489,-1,1488,1489,1430,-1,1430,1489,1490,-1,1430,1490,1431,-1,1445,1491,1446,-1,1446,1491,1492,-1,1446,1492,1493,-1,1493,1492,1494,-1,1493,1494,1495,-1,1495,1494,1496,-1,1495,1496,1497,-1,1497,1496,1498,-1,1497,1498,1499,-1,1499,1498,1500,-1,1499,1500,1501,-1,1501,1500,1502,-1,1501,1502,1447,-1,1447,1502,1503,-1,1447,1503,1448,-1,1504,1505,1506,-1,1506,1505,1507,-1,1506,1507,1508,-1,1508,1507,1509,-1,1508,1509,1510,-1,1510,1509,1511,-1,1510,1511,1512,-1,1512,1511,1513,-1,1512,1513,1514,-1,1514,1513,1515,-1,1514,1515,1516,-1,1517,1518,1519,-1,1519,1518,1520,-1,1519,1520,1521,-1,1521,1520,1522,-1,1521,1522,1523,-1,1523,1522,1524,-1,1523,1524,1525,-1,1525,1524,1526,-1,1525,1526,1527,-1,1527,1526,1528,-1,1527,1528,1529,-1,1529,1528,1530,-1,1529,1530,1531,-1,1531,1530,1532,-1,1531,1532,1533,-1,1533,1532,1534,-1,1533,1534,1535,-1,1535,1534,1536,-1,1535,1536,1537,-1,1537,1536,1538,-1,1537,1538,1539,-1,1539,1538,1540,-1,1539,1540,1541,-1,1541,1540,1542,-1,1541,1542,1543,-1,1543,1542,1544,-1,1543,1544,1545,-1,1545,1544,1546,-1,1545,1546,1504,-1,1504,1546,1547,-1,1504,1547,1505,-1,1548,1549,1550,-1,1550,1549,1551,-1,1550,1551,1552,-1,1552,1551,1553,-1,1552,1553,1554,-1,1554,1553,1555,-1,1554,1555,1556,-1,1556,1555,1557,-1,1556,1557,1558,-1,1558,1557,1559,-1,1558,1559,1560,-1,1560,1559,1561,-1,1560,1561,1562,-1,1562,1561,1563,-1,1562,1563,1517,-1,1517,1563,1564,-1,1517,1564,1518,-1,1515,1565,1516,-1,1516,1565,1566,-1,1516,1566,1567,-1,1567,1566,1568,-1,1567,1568,1569,-1,1569,1568,1570,-1,1569,1570,1571,-1,1571,1570,1572,-1,1571,1572,1573,-1,1573,1572,1574,-1,1573,1574,1575,-1,1575,1574,1576,-1,1575,1576,1548,-1,1548,1576,1577,-1,1548,1577,1549,-1,1483,1481,1528,-1,1528,1481,1530,-1,1483,1528,1526,-1,1483,1526,1485,-1,1485,1526,1524,-1,1485,1524,1487,-1,1487,1524,1522,-1,1487,1522,1489,-1,1489,1522,1520,-1,1489,1520,1490,-1,1490,1520,1518,-1,1490,1518,1431,-1,1431,1518,1564,-1,1431,1564,1433,-1,1433,1564,1563,-1,1433,1563,1435,-1,1435,1563,1561,-1,1435,1561,1437,-1,1437,1561,1559,-1,1437,1559,1439,-1,1439,1559,1557,-1,1439,1557,1441,-1,1441,1557,1555,-1,1441,1555,1443,-1,1443,1555,1553,-1,1443,1553,1445,-1,1445,1553,1551,-1,1445,1551,1491,-1,1491,1551,1549,-1,1491,1549,1492,-1,1492,1549,1577,-1,1492,1577,1494,-1,1494,1577,1576,-1,1494,1576,1496,-1,1496,1576,1574,-1,1496,1574,1498,-1,1498,1574,1572,-1,1498,1572,1500,-1,1500,1572,1570,-1,1500,1570,1502,-1,1502,1570,1568,-1,1502,1568,1503,-1,1503,1568,1566,-1,1503,1566,1448,-1,1448,1566,1565,-1,1448,1565,1450,-1,1450,1565,1515,-1,1450,1515,1452,-1,1452,1515,1513,-1,1452,1513,1454,-1,1454,1513,1511,-1,1454,1511,1456,-1,1456,1511,1509,-1,1456,1509,1457,-1,1457,1509,1507,-1,1457,1507,1459,-1,1459,1507,1505,-1,1459,1505,1461,-1,1461,1505,1547,-1,1461,1547,1463,-1,1463,1547,1546,-1,1463,1546,1465,-1,1465,1546,1544,-1,1465,1544,1467,-1,1467,1544,1542,-1,1467,1542,1469,-1,1469,1542,1540,-1,1469,1540,1471,-1,1471,1540,1538,-1,1471,1538,1473,-1,1473,1538,1536,-1,1473,1536,1475,-1,1475,1536,1534,-1,1475,1534,1477,-1,1479,1477,1532,-1,1532,1477,1534,-1,1481,1479,1530,-1,1530,1479,1532,-1,1476,1478,1533,-1,1533,1478,1531,-1,1478,1480,1531,-1,1531,1480,1529,-1,1480,1482,1529,-1,1529,1482,1527,-1,1438,1558,1560,-1,1438,1560,1436,-1,1436,1560,1562,-1,1436,1562,1434,-1,1434,1562,1517,-1,1434,1517,1432,-1,1432,1517,1519,-1,1432,1519,1430,-1,1430,1519,1521,-1,1430,1521,1488,-1,1488,1521,1523,-1,1488,1523,1486,-1,1486,1523,1525,-1,1486,1525,1484,-1,1484,1525,1527,-1,1484,1527,1482,-1,1499,1571,1573,-1,1499,1573,1497,-1,1497,1573,1575,-1,1497,1575,1495,-1,1495,1575,1548,-1,1495,1548,1493,-1,1493,1548,1550,-1,1493,1550,1446,-1,1446,1550,1552,-1,1446,1552,1444,-1,1444,1552,1554,-1,1444,1554,1442,-1,1442,1554,1556,-1,1442,1556,1440,-1,1440,1556,1558,-1,1440,1558,1438,-1,1460,1506,1508,-1,1460,1508,1458,-1,1458,1508,1510,-1,1458,1510,1455,-1,1455,1510,1512,-1,1455,1512,1453,-1,1453,1512,1514,-1,1453,1514,1451,-1,1451,1514,1516,-1,1451,1516,1449,-1,1449,1516,1567,-1,1449,1567,1447,-1,1447,1567,1569,-1,1447,1569,1501,-1,1501,1569,1571,-1,1501,1571,1499,-1,1476,1533,1535,-1,1476,1535,1474,-1,1474,1535,1537,-1,1474,1537,1472,-1,1472,1537,1539,-1,1472,1539,1470,-1,1470,1539,1541,-1,1470,1541,1468,-1,1468,1541,1543,-1,1468,1543,1466,-1,1466,1543,1545,-1,1466,1545,1464,-1,1464,1545,1504,-1,1464,1504,1462,-1,1462,1504,1506,-1,1462,1506,1460,-1,1578,1579,1580,-1,1580,1579,1581,-1,1582,1583,1578,-1,1578,1583,1584,-1,1578,1584,1579,-1,1579,1584,1585,-1,1582,1586,1583,-1,1583,1586,1587,-1,1583,1587,1588,-1,1588,1587,1589,-1,1588,1589,1590,-1,1590,1591,1588,-1,1588,1591,1580,-1,1588,1580,1592,-1,1592,1580,1581,-1,1592,1581,1593,-1,1594,1595,1596,-1,1595,1597,1596,-1,1596,1597,1598,-1,1596,1598,1599,-1,1599,1598,1600,-1,1599,1600,1601,-1,1601,1602,1599,-1,1599,1602,1603,-1,1599,1603,1604,-1,1605,1606,1607,-1,1608,1604,1609,-1,1609,1604,1603,-1,1609,1603,1607,-1,1607,1603,1594,-1,1607,1594,1605,-1,1605,1594,1596,-1,1588,1592,1596,-1,1596,1592,1605,-1,1583,1588,1599,-1,1599,1588,1596,-1,1584,1583,1604,-1,1604,1583,1599,-1,1585,1584,1608,-1,1608,1584,1604,-1,1579,1585,1609,-1,1609,1585,1608,-1,1581,1579,1607,-1,1607,1579,1609,-1,1593,1581,1606,-1,1606,1581,1607,-1,1592,1593,1605,-1,1605,1593,1606,-1,1578,1580,1603,-1,1603,1580,1594,-1,1580,1591,1594,-1,1594,1591,1595,-1,1589,1598,1597,-1,1589,1597,1590,-1,1590,1597,1595,-1,1590,1595,1591,-1,1589,1587,1598,-1,1598,1587,1600,-1,1582,1602,1601,-1,1582,1601,1586,-1,1586,1601,1600,-1,1586,1600,1587,-1,1582,1578,1602,-1,1602,1578,1603,-1,
        ]
    }
}
Shape{
    appearance Appearance {
        material  Material 	{
            diffuseColor 0.25098039215686274 0.25098039215686274 0.25098039215686274
            specularColor 0.2196078431372549 0.2196078431372549 0.2196078431372549
            ambientIntensity 0.2
            transparency 0
            shininess 0.5
        }
    }
    geometry IndexedFaceSet {
        ccw TRUE
        solid FALSE
        coord DEF co Coordinate {
            point [
                1.6339 4.5709 -3.5608, 1.5945 4.5709 -3.5608, 1.5945 4.5729 -3.5608, 2.7165 4.9686 -3.5608, 2.5787 4.5729 -3.5608, 2.3819 4.5729 -3.5608, 1.3976 4.376 -3.5608, 1.437 4.376 -3.5608, 1.2756 4.0827 -3.5608, 1.437 4.3741 -3.5608, 1.2795 4.0827 -3.5608, 1.6339 4.3741 -3.5608, 1.9478 3.5188 -3.5608, 2.3425 3.9056 -3.5608, 2.3425 3.5788 -3.5608, 2.3128 3.582 -3.5608, 2.2155 3.5839 -3.5608, 1.7835 2.9607 -3.5608, 1.2795 2.9607 -3.5608, 1.7835 3.4151 -3.5608, 1.8621 3.4725 -3.5608, 1.3976 4.5729 -3.5608, 1.2756 4.9686 -3.5608, 2.3819 4.376 -3.5608, 2.4213 4.376 -3.5608, 2.4213 4.3741 -3.5608, 2.1187 3.5727 -3.5608, 2.0388 3.5533 -3.5608, 2.5787 4.5709 -3.5608, 2.6181 4.5709 -3.5608, 2.6181 4.3741 -3.5608, 2.7165 3.9056 -3.5608, 2.7165 3.9056 -3.5608
            ]
        }
        coordIndex [
            0,1,2,-1,3,4,5,-1,6,7,8,-1,8,7,9,-1,8,9,10,-1,10,9,11,-1,10,11,12,-1,13,14,11,-1,11,14,15,-1,11,15,16,-1,17,18,19,-1,19,18,10,-1,19,10,20,-1,20,10,12,-1,6,8,21,-1,21,8,22,-1,21,22,2,-1,2,22,3,-1,2,3,0,-1,0,3,5,-1,0,5,23,-1,23,24,25,-1,16,26,11,-1,11,26,27,-1,11,27,12,-1,28,4,29,-1,29,4,3,-1,29,3,30,-1,30,3,31,-1,30,31,25,-1,25,31,13,-1,25,13,23,-1,23,13,11,-1,23,11,0,-1,
        ]
    }
}
Shape{
    appearance Appearance {
        material  Material 	{
            diffuseColor 1.0 1.0 0.0
            specularColor 0.5019607843137255 0.5019607843137255 0.0
            ambientIntensity 0.2
            transparency 0
            shininess 0.5
        }
    }
    geometry IndexedFaceSet {
        ccw TRUE
        solid FALSE
        coord DEF co Coordinate {
            point [
                2.4213 4.3741 1.7739, 2.5145 4.3741 1.7739, 2.5145 4.1989 1.7739, 1.5157 4.8682 1.7739, 2.3963 4.8682 1.7739, 2.5145 4.7501 1.7739, 2.4226 4.8652 1.7739, 1.6339 4.3741 1.7739, 1.5157 4.0808 1.7739, 1.4895 4.0837 1.7739, 2.4226 4.0837 1.7739, 2.3963 4.0808 1.7739, 2.4213 4.5709 1.7739, 1.6339 4.5709 1.7739, 2.4887 4.8237 1.7739, 2.5115 4.7763 1.7739, 2.5028 4.8013 1.7739, 2.4887 4.1252 1.7739, 2.47 4.1065 1.7739, 2.4476 4.0925 1.7739, 2.4476 4.8565 1.7739, 2.47 4.8424 1.7739, 1.4645 4.8565 1.7739, 1.4895 4.8652 1.7739, 2.5145 4.5709 1.7739, 2.5028 4.1476 1.7739, 1.4645 4.0925 1.7739, 1.4421 4.1065 1.7739, 1.4234 4.1252 1.7739, 2.5115 4.1726 1.7739, 1.4093 4.1476 1.7739, 1.4006 4.1726 1.7739, 1.437 4.3741 1.7739, 1.3976 4.1989 1.7739, 1.437 4.5709 1.7739, 1.3976 4.7501 1.7739, 1.4006 4.7763 1.7739, 1.4093 4.8013 1.7739, 1.4234 4.8237 1.7739, 1.4421 4.8424 1.7739, 1.4421 4.8424 1.7739
            ]
        }
        coordIndex [
            0,1,2,-1,3,4,5,-1,5,4,6,-1,7,8,9,-1,10,11,2,-1,2,11,8,-1,2,8,0,-1,0,8,7,-1,0,7,12,-1,12,7,13,-1,5,14,15,-1,15,14,16,-1,17,18,19,-1,6,20,5,-1,5,20,21,-1,5,21,14,-1,22,23,13,-1,13,23,3,-1,13,3,12,-1,12,3,5,-1,12,5,24,-1,17,19,25,-1,9,26,7,-1,7,26,27,-1,7,27,28,-1,10,2,19,-1,19,2,29,-1,19,29,25,-1,28,30,7,-1,7,30,31,-1,7,31,32,-1,32,31,33,-1,32,33,34,-1,34,33,35,-1,34,35,13,-1,13,35,36,-1,13,36,37,-1,37,38,13,-1,13,38,39,-1,13,39,22,-1,
        ]
    }
}
Shape{
    appearance Appearance {
        material  Material 	{
            diffuseColor 0.25098039215686274 0.25098039215686274 0.25098039215686274
            specularColor 0.2196078431372549 0.2196078431372549 0.2196078431372549
            ambientIntensity 0.2
            transparency 0
            shininess 0.5
        }
    }
    geometry IndexedFaceSet {
        ccw TRUE
        solid FALSE
        coord DEF co Coordinate {
            point [
                1.3976 4.8682 -2.5765, 1.3976 4.5729 -2.5765, 1.8705 4.8682 -2.5765, 1.5945 4.5729 -2.5765, 1.437 4.376 -2.5765, 1.3976 4.376 -2.5765, 1.437 4.3741 -2.5765, 1.3976 4.0808 -2.5765, 1.6339 4.3741 -2.5765, 1.8705 4.0808 -2.5765, 1.6339 4.5709 -2.5765, 1.5945 4.5709 -2.5765, 1.5945 4.5709 -3.5608, 1.5945 4.5729 -3.5608, 1.437 4.376 -3.5608, 1.3976 4.376 -3.5608, 2.4213 4.3741 -2.5765, 2.4213 4.376 -2.5765, 2.3819 4.376 -2.5765, 2.1059 4.0808 -2.5765, 2.5787 4.0808 -2.5765, 2.5787 4.3741 -2.5765, 2.5787 4.5729 -2.5765, 2.5787 4.8682 -2.5765, 2.3819 4.5729 -2.5765, 2.1059 4.8682 -2.5765, 2.4213 4.376 -3.5608, 2.3819 4.376 -3.5608, 2.5787 4.5729 -3.5608, 2.5787 4.5709 -3.5608, 2.5787 4.5709 1.7739, 2.5787 4.3741 1.7739, 2.5787 4.0808 2.1479, 2.5787 4.8682 2.1479, -1.3976 4.7501 2.1479, -1.3976 4.8682 2.1479, -1.3976 4.7501 1.7739, -1.3976 4.8682 -2.5765, -1.3976 4.5729 -3.5608, -1.3976 4.376 -3.5608, -1.3976 4.5729 -2.5765, -1.3976 4.376 -2.5765, -1.3976 4.0808 2.1479, -1.3976 4.1989 2.1479, -1.3976 4.1989 1.7739, -1.3976 4.0808 -2.5765, -2.3963 4.8682 1.7739, -2.3963 4.8682 2.1479, -2.5787 4.8682 2.1479, -1.8705 4.8682 0.6125, -1.8705 4.8682 -2.5765, -2.5787 4.8682 -2.5765, -2.1059 4.8682 -2.5765, -2.1059 4.8682 0.6125, -1.5157 4.8682 2.1479, -1.5157 4.8682 1.7739, -2.7165 3.2378 -5.1598, -2.7165 3.316 -5.045, -2.6984 3.3338 -5.045, -2.5863 3.0704 -5.608, -2.6151 3.0158 -5.608, -2.7165 3.0158 -5.3995, -2.5228 3.1476 -5.608, -2.7165 3.1525 -5.2694, -2.7165 3.0883 -5.3385, -1.7835 3.0158 -5.3995, -1.8849 3.0158 -5.608, -1.7835 3.0886 -5.3382, -1.9137 3.0704 -5.608, -1.7835 3.1525 -5.2694, -1.7835 3.2376 -5.16, -1.9772 3.1476 -5.608, -1.7835 3.316 -5.045, -2.5992 3.4061 -5.045, -2.4421 3.2065 -5.608, -2.5657 3.4306 -5.045, -2.4666 3.4699 -5.045, -2.3492 3.2434 -5.608, -2.413 3.4912 -5.045, -2.3234 3.5026 -5.045, -2.25 3.256 -5.608, -2.25 3.5119 -5.045, -2.1766 3.5026 -5.045, -2.1508 3.2434 -5.608, -2.087 3.4912 -5.045, -2.0334 3.4699 -5.045, -2.0579 3.2065 -5.608, -1.9343 3.4306 -5.045, -1.9008 3.4061 -5.045, -1.8016 3.3338 -5.045, -2.7165 3.316 -4.9584, -2.636 3.3857 -4.9584, -2.5996 3.4058 -4.9584, -2.4919 3.4655 -4.9584, -2.4677 3.4717 -4.9584, -2.3324 3.5067 -4.9584, -2.3241 3.5067 -4.9584, -2.1759 3.5067 -4.9584, -2.1676 3.5067 -4.9584, -2.0323 3.4717 -4.9584, -2.0081 3.4655 -4.9584, -1.9004 3.4058 -4.9584, -1.864 3.3857 -4.9584, -1.7835 3.316 -4.9584, -1.7835 2.4006 -5.045, -1.7835 2.4006 -4.9584, -1.8016 2.3829 -5.045, -1.864 2.331 -4.9584, -1.9008 2.3105 -5.045, -1.9004 2.3108 -4.9584, -1.9343 2.2861 -5.045, -2.0081 2.2512 -4.9584, -2.0334 2.2467 -5.045, -2.0323 2.2449 -4.9584, -2.087 2.2254 -5.045, -2.1766 2.2141 -5.045, -2.1676 2.21 -4.9584, -2.1759 2.21 -4.9584, -2.25 2.2048 -5.045, -2.3234 2.2141 -5.045, -2.3241 2.21 -4.9584, -2.3324 2.21 -4.9584, -2.413 2.2254 -5.045, -2.4677 2.2449 -4.9584, -2.4666 2.2467 -5.045, -2.4919 2.2512 -4.9584, -2.5657 2.2861 -5.045, -2.5996 2.3108 -4.9584, -2.5992 2.3105 -5.045, -2.636 2.331 -4.9584, -2.6984 2.3829 -5.045, -2.7165 2.4006 -4.9584, -2.7165 2.4006 -5.045, -1.7835 2.479 -5.16, -1.9137 2.6462 -5.608, -1.8849 2.7008 -5.608, -1.7835 2.7008 -5.3995, -1.9772 2.569 -5.608, -1.7835 2.5641 -5.2694, -1.7835 2.628 -5.3382, -2.7165 2.7008 -5.3995, -2.6151 2.7008 -5.608, -2.7165 2.628 -5.3382, -2.5863 2.6462 -5.608, -2.7165 2.5641 -5.2694, -2.7165 2.479 -5.16, -2.5228 2.569 -5.608, -2.0579 2.5101 -5.608, -2.1508 2.4732 -5.608, -2.25 2.4607 -5.608, -2.3492 2.4732 -5.608, -2.4421 2.5101 -5.608, -1.7717 0.252 0.7896, -1.7717 0.252 -3.5608, -1.7717 0.693 0.7896, -1.7717 0.693 -3.5608, -1.7835 2.567 -4.0923, -1.7835 2.9607 -4.0923, 1.7835 2.567 -4.0923, 1.7835 2.9607 -4.0923, 1.7717 0.693 0.7896, 1.7717 0.693 -3.5608, 1.7717 0.3386 0.7896, 1.7717 0.3386 -3.5608, -1.7835 2.567 -3.5608, 1.7835 2.567 -3.5608, 2.7165 2.4789 -5.1598, 2.7165 2.4006 -5.045, 2.6984 2.3829 -5.045, 2.5863 2.6462 -5.608, 2.6151 2.7008 -5.608, 2.7165 2.7008 -5.3995, 2.5228 2.569 -5.608, 2.7165 2.5641 -5.2694, 2.7165 2.6284 -5.3385, 1.7835 2.7008 -5.3995, 1.8849 2.7008 -5.608, 1.7835 2.628 -5.3382, 1.9137 2.6462 -5.608, 1.7835 2.5641 -5.2694, 1.7835 2.479 -5.16, 1.9772 2.569 -5.608, 1.7835 2.4006 -5.045, 2.5992 2.3105 -5.045, 2.4421 2.5101 -5.608, 2.5657 2.2861 -5.045, 2.4666 2.2467 -5.045, 2.3492 2.4732 -5.608, 2.413 2.2254 -5.045, 2.3234 2.2141 -5.045, 2.25 2.4607 -5.608, 2.25 2.2048 -5.045, 2.1766 2.2141 -5.045, 2.1508 2.4732 -5.608, 2.087 2.2254 -5.045, 2.0334 2.2467 -5.045, 2.0579 2.5101 -5.608, 1.9343 2.2861 -5.045, 1.9008 2.3105 -5.045, 1.8016 2.3829 -5.045, 1.7835 3.2378 -5.1598, 1.7835 3.316 -5.045, 1.8016 3.3338 -5.045, 1.9137 3.0704 -5.608, 1.8849 3.0158 -5.608, 1.7835 3.0158 -5.3995, 1.9772 3.1476 -5.608, 1.7835 3.1525 -5.2694, 1.7835 3.0883 -5.3385, 2.7165 3.0158 -5.3995, 2.6151 3.0158 -5.608, 2.7165 3.0886 -5.3382, 2.5863 3.0704 -5.608, 2.7165 3.1525 -5.2694, 2.7165 3.2376 -5.16, 2.5228 3.1476 -5.608, 2.7165 3.316 -5.045, 1.9008 3.4061 -5.045, 2.0579 3.2065 -5.608, 1.9343 3.4306 -5.045, 2.0334 3.4699 -5.045, 2.1508 3.2434 -5.608, 2.087 3.4912 -5.045, 2.1766 3.5026 -5.045, 2.25 3.256 -5.608, 2.25 3.5119 -5.045, 2.3234 3.5026 -5.045, 2.3492 3.2434 -5.608, 2.413 3.4912 -5.045, 2.4666 3.4699 -5.045, 2.4421 3.2065 -5.608, 2.5657 3.4306 -5.045, 2.5992 3.4061 -5.045, 2.6984 3.3338 -5.045, 1.7835 3.316 -4.9584, 1.864 3.3857 -4.9584, 1.9004 3.4058 -4.9584, 2.0081 3.4655 -4.9584, 2.0323 3.4717 -4.9584, 2.1676 3.5067 -4.9584, 2.1759 3.5067 -4.9584, 2.3241 3.5067 -4.9584, 2.3324 3.5067 -4.9584, 2.4677 3.4717 -4.9584, 2.4919 3.4655 -4.9584, 2.5996 3.4058 -4.9584, 2.636 3.3857 -4.9584, 2.7165 3.316 -4.9584, 2.7165 2.4006 -4.9584, 2.636 2.331 -4.9584, 2.5996 2.3108 -4.9584, 2.4919 2.2512 -4.9584, 2.4677 2.2449 -4.9584, 2.3324 2.21 -4.9584, 2.3241 2.21 -4.9584, 2.1759 2.21 -4.9584, 2.1676 2.21 -4.9584, 2.0323 2.2449 -4.9584, 2.0081 2.2512 -4.9584, 1.9004 2.3108 -4.9584, 1.864 2.331 -4.9584, 1.7835 2.4006 -4.9584, -2.7165 3.2486 -4.9131, -2.6093 3.3491 -4.9131, -2.6053 3.3513 -4.9131, -2.4751 3.4234 -4.9131, -2.4725 3.4241 -4.9131, -2.3267 3.4617 -4.9131, -2.3258 3.4617 -4.9131, -2.1742 3.4617 -4.9131, -2.1733 3.4617 -4.9131, -2.0275 3.4241 -4.9131, -2.0249 3.4234 -4.9131, -1.8947 3.3513 -4.9131, -1.8907 3.3491 -4.9131, -1.7835 3.2486 -4.9131, -2.1744 2.2568 -3.6789, -2.1456 2.2591 -3.6789, -2.1453 2.2574 -3.6591, -2.0277 2.2928 -3.6789, -1.9309 2.3405 -3.6789, -1.93 2.3391 -3.6591, -1.896 2.3669 -3.6789, -1.8389 2.41 -3.6789, -1.8378 2.4088 -3.6591, -1.7968 2.2907 -3.5608, -1.869 2.24 -3.5608, -1.8793 2.2568 -3.5624, -1.9585 2.1928 -3.5608, -1.993 2.1805 -3.5608, -1.9995 2.1976 -3.5624, -2.0508 2.1598 -3.5608, -2.1256 2.1437 -3.5608, -2.1287 2.1622 -3.5624, -2.3406 2.2568 -3.6789, -2.3257 2.2556 -3.6789, -2.3406 2.2545 -3.6592, -2.2606 2.2485 -3.6591, -2.3406 2.2536 -3.6514, -2.2608 2.2401 -3.6312, -2.3406 2.2502 -3.6401, -2.2611 2.2252 -3.6063, -2.3406 2.2379 -3.6151, -2.3406 2.246 -3.6316, -2.2614 2.2046 -3.5857, -2.3406 2.2111 -3.5859, -2.3406 2.2311 -3.6057, -2.2618 2.1797 -3.5708, -2.3406 2.2017 -3.5793, -2.3406 2.2108 -3.5857, -2.3406 2.1575 -3.563, -2.3406 2.1648 -3.5639, -2.2623 2.1518 -3.5624, -2.3406 2.1761 -3.5671, -2.3406 2.1853 -3.5715, -2.3406 2.1376 -3.5608, -2.2626 2.133 -3.5608, -2.2427 2.1319 -3.5608, -2.146 2.1393 -3.5608, -1.8725 2.2376 -3.5608, -1.7835 2.3016 -3.5608, -1.7835 2.3277 -3.5639, -1.7835 2.3496 -3.5665, -1.8939 2.2805 -3.5708, -1.8081 2.3765 -3.5857, -1.7835 2.3651 -3.5712, -1.7912 2.3581 -3.5708, -1.7835 2.3606 -3.5693, -1.7835 2.3504 -3.5666, -1.822 2.3916 -3.6063, -1.7835 2.4235 -3.6008, -1.7835 2.4022 -3.5868, -1.8321 2.4026 -3.6312, -1.7835 2.4462 -3.6227, -1.7835 2.4295 -3.6066, -1.7835 2.4651 -3.6591, -1.7835 2.4646 -3.6562, -1.7835 2.4618 -3.6483, -1.7835 2.4508 -3.6287, -1.7835 2.4679 -3.6743, -1.7835 2.468 -3.6789, -2.2606 2.2501 -3.6789, -2.1335 2.1896 -3.5708, -2.1378 2.2142 -3.5857, -2.1413 2.2345 -3.6063, -2.1439 2.2492 -3.6312, -2.0094 2.2237 -3.5708, -2.0182 2.247 -3.5857, -2.0255 2.2662 -3.6063, -2.0308 2.2802 -3.6312, -2.0338 2.288 -3.6591, -2.0344 2.2896 -3.6789, -1.907 2.3017 -3.5857, -1.9178 2.3192 -3.6063, -1.9256 2.3319 -3.6312, -1.7835 2.468 -4.9131, -1.8907 2.3675 -4.9131, -1.8947 2.3653 -4.9131, -2.0249 2.2932 -4.9131, -2.0275 2.2926 -4.9131, -2.1733 2.2549 -4.9131, -2.1742 2.2549 -4.9131, -2.3258 2.2549 -4.9131, -2.3267 2.2549 -4.9131, -2.4725 2.2926 -4.9131, -2.4751 2.2932 -4.9131, -2.6053 2.3653 -4.9131, -2.6093 2.3675 -4.9131, -2.7165 2.468 -4.9131, -1.7835 3.3513 -3.5709, -1.7835 3.3656 -3.5668, -1.7835 2.9607 -3.5608, -1.7835 3.2545 -3.6491, -1.7835 3.2513 -3.6591, -1.7835 3.251 -3.66, -1.7835 3.3675 -3.5665, -1.7835 3.3889 -3.5639, -1.7835 3.4151 -3.5608, -1.7835 3.3053 -3.5922, -1.7835 3.317 -3.5867, -1.7835 3.3477 -3.572, -1.7835 3.2645 -3.6313, -1.7835 3.2663 -3.6281, -1.7835 3.27 -3.6232, -1.7835 3.2873 -3.6067, -1.7835 3.2951 -3.5993, -1.7835 2.7008 -4.356, -1.7835 2.7062 -4.3153, -1.7835 2.7219 -4.2773, -1.7835 2.747 -4.2447, -1.7835 2.8991 -4.2039, -1.7835 2.9371 -4.2197, -1.7835 2.9697 -4.2447, -1.7835 2.9947 -4.2773, -1.7835 3.0104 -4.3153, -1.7835 3.0158 -4.356, -1.7835 3.2486 -3.6789, -1.7835 2.7796 -4.2197, -1.7835 2.8176 -4.2039, -1.7835 2.8583 -4.1986, -2.7165 2.7008 -4.356, -2.7165 2.7062 -4.3153, -2.7165 2.7219 -4.2773, -2.7165 2.747 -4.2447, -2.7165 2.7796 -4.2197, -2.7165 2.8176 -4.2039, -2.7165 2.8583 -4.1986, -2.7165 2.8991 -4.2039, -2.7165 2.9371 -4.2197, -2.7165 2.9697 -4.2447, -2.7165 2.9947 -4.2773, -2.7165 3.0104 -4.3153, -2.7165 3.0158 -4.356, -2.3406 0.252 0.7896, -2.3406 0.252 -3.5608, 1.5276 0.693 -3.5608, 1.5276 0.693 0.7896, 1.5276 2.0749 -3.5608, 1.5276 2.0749 -2.9072, 1.2992 2.0749 -3.5608, 1.2992 2.0749 -2.9072, 1.2992 0.693 -3.5608, 1.2992 0.693 0.7896, 1.1237 0.693 -3.5608, 1.1237 0.693 0.7896, 1.1237 2.0749 -3.5608, 1.1237 2.0749 -2.9072, 0.8954 2.0749 -3.5608, 0.8954 2.0749 -2.9072, 0.8954 0.693 -3.5608, 0.8954 0.693 0.7896, 0.7199 0.693 -3.5608, 0.7199 0.693 0.7896, 0.7199 2.0749 -3.5608, 0.7199 2.0749 -2.9072, 0.4916 2.0749 -3.5608, 0.4916 2.0749 -2.9072, 0.4916 0.693 -3.5608, 0.4916 0.693 0.7896, 0.3161 0.693 -3.5608, 0.3161 0.693 0.7896, 0.3161 2.0749 -3.5608, 0.3161 2.0749 -2.9072, 0.0877 2.0749 -3.5608, 0.0877 2.0749 -2.9072, 0.0877 0.693 -3.5608, 0.0877 0.693 0.7896, -0.0877 0.693 -3.5608, -0.0877 0.693 0.7896, -0.0877 2.0749 -3.5608, -0.0877 2.0749 -2.9072, -0.3161 2.0749 -3.5608, -0.3161 2.0749 -2.9072, -0.3161 0.693 -3.5608, -0.3161 0.693 0.7896, -0.4916 0.693 -3.5608, -0.4916 0.693 0.7896, -0.4916 2.0749 -3.5608, -0.4916 2.0749 -2.9072, -0.7199 2.0749 -3.5608, -0.7199 2.0749 -2.9072, -0.7199 0.693 -3.5608, -0.7199 0.693 0.7896, -0.8954 0.693 -3.5608, -0.8954 0.693 0.7896, -0.8954 2.0749 -3.5608, -0.8954 2.0749 -2.9072, -1.1237 2.0749 -3.5608, -1.1237 2.0749 -2.9072, -1.1237 0.693 -3.5608, -1.1237 0.693 0.7896, -1.2992 0.693 -3.5608, -1.2992 0.693 0.7896, -1.2992 2.0749 -3.5608, -1.2992 2.0749 -2.9072, -1.5276 2.0749 -3.5608, -1.5276 2.0749 -2.9072, -1.5276 0.693 0.7896, -1.5276 0.693 -3.5608, -1.2795 2.9607 -3.5608, 1.7835 2.9607 -3.5608, 1.2795 2.9607 -3.5608, 1.2795 2.9607 -2.9072, -1.2795 2.9607 -2.9072, 2.3406 0.3386 0.7896, 2.3406 0.3386 -3.5608, 2.3406 2.1376 -3.5608, 1.8626 2.2437 -3.5608, 1.7835 2.3016 -3.5608, 1.8691 2.2402 -3.5608, 1.9479 2.1976 -3.5608, 1.9931 2.1806 -3.5608, 2.039 2.1633 -3.5608, 2.1255 2.1432 -3.5608, 2.1345 2.1411 -3.5608, 2.231 2.132 -3.5608, 2.2626 2.1333 -3.5608, 2.3234 2.1357 -3.5608, 1.7835 3.0158 -4.356, 2.7165 3.0158 -4.356, 1.7835 3.0104 -4.3153, 2.7165 3.0104 -4.3153, 1.7835 2.9947 -4.2773, 2.7165 2.9947 -4.2773, 1.7835 2.9697 -4.2447, 2.7165 2.9697 -4.2447, 1.7835 2.9371 -4.2197, 2.7165 2.9371 -4.2197, 1.7835 2.8991 -4.2039, 2.7165 2.8991 -4.2039, 1.7835 2.8583 -4.1986, 2.7165 2.8583 -4.1986, 1.7835 2.8176 -4.2039, 2.7165 2.8176 -4.2039, 1.7835 2.7796 -4.2197, 2.7165 2.7796 -4.2197, 1.7835 2.747 -4.2447, 2.7165 2.747 -4.2447, 1.7835 2.7219 -4.2773, 2.7165 2.7219 -4.2773, 1.7835 2.7062 -4.3153, 2.7165 2.7062 -4.3153, 1.7835 2.7008 -4.356, 2.7165 2.7008 -4.356, 1.7835 3.2486 -4.9131, 1.8907 3.3491 -4.9131, 1.8947 3.3513 -4.9131, 2.0249 3.4234 -4.9131, 2.0275 3.4241 -4.9131, 2.1733 3.4617 -4.9131, 2.1742 3.4617 -4.9131, 2.3258 3.4617 -4.9131, 2.3267 3.4617 -4.9131, 2.4725 3.4241 -4.9131, 2.4751 3.4234 -4.9131, 2.6053 3.3513 -4.9131, 2.6093 3.3491 -4.9131, 2.7165 3.2486 -4.9131, 1.896 2.3669 -3.6789, 1.9309 2.3405 -3.6789, 1.93 2.3391 -3.6591, 2.0277 2.2928 -3.6789, 2.0344 2.2896 -3.6789, 2.0338 2.288 -3.6591, 2.1744 2.2568 -3.6789, 2.2606 2.2501 -3.6789, 2.2606 2.2485 -3.6591, 2.3257 2.2556 -3.6789, 2.3406 2.2568 -3.6789, 2.3406 2.2545 -3.6592, 1.9995 2.1976 -3.5624, 1.7835 2.4215 -3.5993, 1.7835 2.4293 -3.6067, 1.822 2.3916 -3.6063, 1.7835 2.4504 -3.6281, 1.7835 2.4522 -3.6313, 1.8321 2.4026 -3.6312, 1.7835 2.4621 -3.6491, 1.8378 2.4088 -3.6591, 1.7835 2.4654 -3.6591, 1.7835 2.4657 -3.66, 1.7835 2.4466 -3.6232, 1.8081 2.3765 -3.5857, 1.7835 2.3997 -3.5867, 1.7835 2.4114 -3.5922, 1.7835 2.3495 -3.5666, 1.7835 2.351 -3.5668, 1.7912 2.3581 -3.5708, 1.7835 2.3653 -3.5709, 1.7835 2.3689 -3.572, 1.8939 2.2805 -3.5708, 1.8793 2.2568 -3.5624, 1.7835 2.3277 -3.5639, 2.1287 2.1622 -3.5624, 2.2623 2.1518 -3.5624, 2.3406 2.1575 -3.563, 2.2618 2.1797 -3.5708, 2.3406 2.1761 -3.5671, 2.3406 2.1648 -3.5639, 2.2614 2.2046 -3.5857, 2.3406 2.2017 -3.5793, 2.3406 2.1853 -3.5715, 2.2611 2.2252 -3.6063, 2.3406 2.2111 -3.5859, 2.3406 2.2108 -3.5857, 2.3406 2.2502 -3.6401, 2.3406 2.246 -3.6316, 2.2608 2.2401 -3.6312, 2.3406 2.2379 -3.6151, 2.3406 2.2311 -3.6057, 2.3406 2.2536 -3.6514, 1.8389 2.41 -3.6789, 1.907 2.3017 -3.5857, 1.9178 2.3192 -3.6063, 1.9256 2.3319 -3.6312, 1.7835 2.468 -3.6789, 2.0094 2.2237 -3.5708, 2.0182 2.247 -3.5857, 2.0255 2.2662 -3.6063, 2.0308 2.2802 -3.6312, 2.1335 2.1896 -3.5708, 2.1378 2.2142 -3.5857, 2.1413 2.2345 -3.6063, 2.1439 2.2492 -3.6312, 2.1453 2.2574 -3.6591, 2.1456 2.2591 -3.6789, 1.7835 2.468 -4.9131, 1.7835 3.4151 -3.5608, 1.7835 3.3889 -3.5639, 1.7835 3.3675 -3.5665, 1.7835 3.3662 -3.5666, 1.7835 3.356 -3.5693, 1.7835 3.3515 -3.5712, 1.7835 3.3144 -3.5868, 1.7835 3.2931 -3.6008, 1.7835 3.2871 -3.6066, 1.7835 3.2704 -3.6227, 1.7835 3.2658 -3.6287, 1.7835 3.2548 -3.6483, 1.7835 3.252 -3.6562, 1.7835 3.2515 -3.6591, 1.7835 3.2486 -3.6789, 1.7835 3.2488 -3.6743, 2.7165 2.468 -4.9131, 2.6093 2.3675 -4.9131, 2.6053 2.3653 -4.9131, 2.4751 2.2932 -4.9131, 2.4725 2.2926 -4.9131, 2.3267 2.2549 -4.9131, 2.3258 2.2549 -4.9131, 2.1742 2.2549 -4.9131, 2.1733 2.2549 -4.9131, 2.0275 2.2926 -4.9131, 2.0249 2.2932 -4.9131, 1.8947 2.3653 -4.9131, 1.8907 2.3675 -4.9131, -2.3425 3.4595 -4.0923, -2.3425 3.4595 -3.6789, -2.3257 3.461 -3.6789, -2.4726 3.4244 -4.0923, -2.6056 3.3518 -4.0923, -2.7165 3.2486 -4.0923, -2.2623 3.4665 -3.6789, -2.1744 3.4599 -3.6789, -2.147 3.4578 -3.6789, -1.8391 3.3068 -3.6789, -1.896 3.3497 -3.6789, -1.9314 3.3765 -3.6789, -2.0277 3.4237 -3.6789, -2.0353 3.4274 -3.6789, -2.7165 2.468 -4.0923, -2.6056 2.3648 -4.0923, -2.4726 2.2922 -4.0923, -2.3406 2.2568 -4.0923, -1.5945 4.5729 -3.5608, -1.5945 4.5729 -2.5765, -1.5945 4.5709 -3.5608, -1.5945 4.5709 -2.5765, -2.5787 4.3741 -2.5765, -2.5787 4.0808 -2.5765, -2.4213 4.3741 -2.5765, -2.1059 4.0808 -2.5765, -2.4213 4.376 -2.5765, -2.3819 4.376 -2.5765, -2.3819 4.5729 -2.5765, -2.5787 4.5729 -2.5765, -2.1059 4.0808 0.6125, -1.8705 4.0808 0.6125, -1.437 4.376 -2.5765, -1.437 4.3741 -2.5765, -1.6339 4.5709 -2.5765, -1.6339 4.3741 -2.5765, -1.8705 4.0808 -2.5765, -2.3406 -0.7401 -3.3049, -2.3406 -0.7401 -2.9702, -1.75 -0.7401 -3.3049, -1.75 -0.7401 -2.9702, 2.3406 -0.7401 -2.9702, 2.3406 -0.7401 -3.3049, 1.75 -0.7401 -2.9702, 1.75 -0.7401 -3.3049, -2.3406 0.0591 0.7896, -2.3406 0.0591 -4.0923, 2.3425 2.9607 -2.0056, 2.3425 3.3938 -2.0056, 1.2795 2.9607 -2.0056, 1.2795 3.3938 -2.0056, -2.3425 3.3938 -2.0056, -2.3425 2.9607 -2.0056, -1.2795 3.3938 -2.0056, -1.2795 2.9607 -2.0056, -2.687 2.567 2.1479, -2.7953 2.567 2.1479, -2.7602 2.567 2.144, -2.7269 2.567 2.1323, -2.6971 2.567 2.1135, -2.5 2.567 2.1479, -2.6722 2.567 2.0886, -2.465 2.567 2.144, -2.6534 2.567 2.0587, -2.4317 2.567 2.1323, -2.6417 2.567 2.0255, -2.4018 2.567 2.1135, -2.6378 2.567 -2.9072, -2.3425 2.567 -2.9072, -2.6378 2.567 1.9904, -2.3425 2.567 1.9904, -2.3465 2.567 2.0255, -2.3581 2.567 2.0587, -2.3769 2.567 2.0886, -2.7602 1.563 2.144, -2.7953 1.563 2.1479, -2.687 1.563 2.1479, -2.7269 1.563 2.1323, -2.3425 1.563 -2.9072, -2.6378 1.563 -2.9072, -2.3425 1.563 1.9904, -2.6378 1.563 1.9904, -2.4213 1.563 2.1268, -2.3886 1.563 2.1018, -2.6417 1.563 2.0255, -2.3636 1.563 2.0692, -2.3479 1.563 2.0312, -2.4592 1.563 2.1425, -2.6534 1.563 2.0587, -2.5 1.563 2.1479, -2.6722 1.563 2.0886, -2.6971 1.563 2.1135, 1.5276 0.7363 0.7896, 1.5276 0.7363 -2.9072, 1.2992 0.7363 0.7896, 1.2992 0.7363 -2.9072, 1.1237 0.7363 0.7896, 1.1237 0.7363 -2.9072, 0.8954 0.7363 0.7896, 0.8954 0.7363 -2.9072, 0.7199 0.7363 0.7896, 0.7199 0.7363 -2.9072, 0.4916 0.7363 0.7896, 0.4916 0.7363 -2.9072, 0.3161 0.7363 0.7896, 0.3161 0.7363 -2.9072, 0.0877 0.7363 0.7896, 0.0877 0.7363 -2.9072, -0.0877 0.7363 0.7896, -0.0877 0.7363 -2.9072, -0.3161 0.7363 0.7896, -0.3161 0.7363 -2.9072, -0.4916 0.7363 0.7896, -0.4916 0.7363 -2.9072, -0.7199 0.7363 0.7896, -0.7199 0.7363 -2.9072, -0.8954 0.7363 0.7896, -0.8954 0.7363 -2.9072, -1.1237 0.7363 0.7896, -1.1237 0.7363 -2.9072, -1.2992 0.7363 0.7896, -1.2992 0.7363 -2.9072, -1.5276 0.7363 0.7896, -1.5276 0.7363 -2.9072, -2.3425 2.9607 -2.9072, -2.3425 0.7363 -2.9072, 2.3425 2.9607 -2.9072, 2.3425 0.7363 -2.9072, 2.3425 1.563 -2.9072, 2.6378 1.563 -2.9072, 2.6378 2.567 -2.9072, 2.3425 2.567 -2.9072, 2.6971 2.567 2.1135, 2.7269 2.567 2.1323, 2.5 2.567 2.1479, 2.7602 2.567 2.144, 2.7953 2.567 2.1479, 2.6417 2.567 2.0255, 2.6534 2.567 2.0587, 2.4592 2.567 2.1425, 2.6722 2.567 2.0886, 2.3425 2.567 1.9904, 2.6378 2.567 1.9904, 2.3479 2.567 2.0312, 2.4213 2.567 2.1268, 2.3886 2.567 2.1018, 2.3636 2.567 2.0692, 2.7953 1.563 2.1479, 2.7602 1.563 2.144, 2.5 1.563 2.1479, 2.7269 1.563 2.1323, 2.6378 1.563 1.9904, 2.3425 1.563 1.9904, 2.6971 1.563 2.1135, 2.6722 1.563 2.0886, 2.465 1.563 2.144, 2.6534 1.563 2.0587, 2.4317 1.563 2.1323, 2.6417 1.563 2.0255, 2.4018 1.563 2.1135, 2.3465 1.563 2.0255, 2.3581 1.563 2.0587, 2.3769 1.563 2.0886, -2.3406 -0.8188 -4.0923, -2.3406 -0.996 -4.0923, -2.3446 -0.996 -4.1228, -2.3446 -0.6417 -4.1228, -2.3406 -0.6417 -4.0923, -2.3564 -0.996 -4.1513, -2.3564 -0.6417 -4.1513, -2.3751 -0.996 -4.1758, -2.3751 -0.6417 -4.1758, -2.3996 -0.996 -4.1945, -2.3996 -0.6417 -4.1945, -2.4281 -0.996 -4.2063, -2.4281 -0.6417 -4.2063, -2.4587 -0.996 -4.2104, -2.4587 -0.6417 -4.2104, -2.9094 -0.8385 1.9904, -2.9094 -0.8385 -4.2104, -2.9041 -0.8793 -4.2104, -2.9041 -0.8793 1.9904, -2.8884 -0.9173 -4.2104, -2.8884 -0.9173 1.9904, -2.8633 -0.9499 -4.2104, -2.8633 -0.9499 1.9904, -2.8307 -0.9749 -4.2104, -2.8307 -0.9749 1.9904, -2.7927 -0.9906 -4.2104, -2.7927 -0.9906 1.9904, -2.752 -0.996 -4.2104, -2.752 -0.996 1.9904, -2.9094 -0.6417 -4.2104, 2.3406 -0.8188 -4.0923, 2.3406 -0.6417 -4.0923, 2.3446 -0.6417 -4.1228, 2.3446 -0.996 -4.1228, 2.3406 -0.996 -4.0923, 2.3564 -0.6417 -4.1513, 2.3564 -0.996 -4.1513, 2.3751 -0.6417 -4.1758, 2.3751 -0.996 -4.1758, 2.3996 -0.6417 -4.1945, 2.3996 -0.996 -4.1945, 2.4281 -0.6417 -4.2063, 2.4281 -0.996 -4.2063, 2.4587 -0.6417 -4.2104, 2.4587 -0.996 -4.2104, 2.3406 0.0591 -4.0923, 2.3406 0.0591 0.7896, 2.3406 2.2568 -4.0923, 2.1059 4.8682 0.6125, 1.8705 4.8682 0.6125, 2.1059 4.0808 0.6125, 1.8705 4.0808 0.6125, 2.752 -0.996 1.9904, 2.752 -0.996 -4.2104, 2.7927 -0.9906 -4.2104, 2.7927 -0.9906 1.9904, 2.8307 -0.9749 -4.2104, 2.8307 -0.9749 1.9904, 2.8633 -0.9499 -4.2104, 2.8633 -0.9499 1.9904, 2.8884 -0.9173 -4.2104, 2.8884 -0.9173 1.9904, 2.9041 -0.8793 -4.2104, 2.9041 -0.8793 1.9904, 2.9094 -0.8385 -4.2104, 2.9094 -0.8385 1.9904, 2.9094 -0.6417 -4.2104, 2.7165 3.2486 -4.0923, 2.6056 3.3518 -4.0923, 2.4726 3.4244 -4.0923, 2.3425 3.4595 -4.0923, 1.8391 3.3068 -3.6789, 1.896 3.3497 -3.6789, 1.9314 3.3765 -3.6789, 2.0277 3.4237 -3.6789, 2.0353 3.4274 -3.6789, 2.147 3.4578 -3.6789, 2.3425 3.4595 -3.6789, 2.3257 3.461 -3.6789, 2.2623 3.4665 -3.6789, 2.1744 3.4599 -3.6789, 2.4726 2.2922 -4.0923, 2.6056 2.3648 -4.0923, 2.7165 2.468 -4.0923, 2.3425 3.9056 -4.0923, 2.7165 3.9056 -4.0923, 2.3819 4.5729 -3.5608, -2.7165 3.9056 -4.0923, -2.3425 3.9056 -4.0923, -2.7165 0.5788 -4.0923, -2.7165 0.5788 -3.8757, -2.7165 3.9056 -3.8757, -2.9094 0.5788 -3.8757, -2.9094 0.5788 -4.0923, -1.437 4.376 -3.5608, -2.3819 4.376 -3.5608, -2.4213 4.376 -3.5608, -2.3819 4.5729 -3.5608, -2.5787 4.5729 -3.5608, -2.3406 -0.8188 -3.6986, -2.3406 -0.8188 0.7896, -2.3406 -0.8188 -2.9702, -2.3406 -0.6417 0.7896, -1.75 -0.8188 -2.9702, -1.75 -0.8188 -3.6986, 2.3406 -0.8188 -3.6986, 1.75 -0.8188 -3.6986, 1.75 -0.8188 -2.9702, 2.3406 -0.8188 -2.9702, 2.3406 -0.8188 0.7896, 2.3406 -0.6417 0.7896, -1.5748 -0.8188 2.1479, -1.5748 -0.8188 0.7896, -1.5748 -0.681 2.1479, -1.5748 -0.681 0.7896, 1.5748 -0.681 2.1479, 1.5748 -0.681 0.7896, 1.5748 -0.8188 2.1479, 1.5748 -0.8188 0.7896, -2.5177 0.0591 -4.0923, -2.9094 -0.6417 -4.0923, -2.5177 -0.6417 -4.0923, -2.5177 -0.6417 2.1479, -2.3406 -0.6417 2.1479, -2.3406 0.0591 2.1479, -2.5177 0.0591 2.1479, 2.3425 3.3938 1.9904, 1.2795 3.3938 1.9904, -1.2795 3.3938 1.9904, -2.3425 3.3938 1.9904, -2.3425 0.7363 1.9904, 2.3425 0.7363 1.9904, 2.752 -0.9499 2.1018, 2.752 -0.9749 2.0692, 2.7927 -0.9703 2.0665, 2.9041 -0.8779 2.001, 2.8884 -0.9146 2.0108, 2.8633 -0.9461 2.0192, 2.8307 -0.9703 2.0257, 2.7927 -0.9855 2.0298, 2.752 -0.9906 2.0312, 2.9041 -0.8738 2.0108, 2.8884 -0.9067 2.0298, 2.8633 -0.935 2.0461, 2.8307 -0.9566 2.0586, 2.9041 -0.8589 2.0257, 2.9041 -0.8673 2.0192, 2.8884 -0.8779 2.0586, 2.8884 -0.8942 2.0461, 2.8633 -0.8942 2.0869, 2.8633 -0.9173 2.0692, 2.8307 -0.9067 2.1085, 2.8307 -0.935 2.0869, 2.7927 -0.9146 2.1222, 2.7927 -0.9461 2.098, 2.752 -0.9173 2.1268, 2.9041 -0.8491 2.0298, 2.8884 -0.8589 2.0665, 2.8633 -0.8673 2.098, 2.8307 -0.8738 2.1222, 2.7927 -0.8779 2.1374, 2.752 -0.8793 2.1425, 2.9041 -0.8385 2.0312, 2.8884 -0.8385 2.0692, 2.8633 -0.8385 2.1018, 2.8307 -0.8385 2.1268, 2.7927 -0.8385 2.1425, 2.752 -0.8385 2.1479, -2.9041 -0.8491 2.0298, -2.9041 -0.8385 2.0312, -2.9041 -0.8589 2.0257, -2.8884 -0.9067 2.0298, -2.9041 -0.8673 2.0192, -2.9041 -0.8738 2.0108, -2.8633 -0.9461 2.0192, -2.8884 -0.9146 2.0108, -2.9041 -0.8779 2.001, -2.8884 -0.8385 2.0692, -2.8884 -0.8589 2.0665, -2.8884 -0.8779 2.0586, -2.8884 -0.8942 2.0461, -2.8633 -0.8385 2.1018, -2.8633 -0.8673 2.098, -2.8633 -0.8942 2.0869, -2.8633 -0.9173 2.0692, -2.8633 -0.935 2.0461, -2.8307 -0.8385 2.1268, -2.8307 -0.8738 2.1222, -2.8307 -0.9067 2.1085, -2.8307 -0.935 2.0869, -2.8307 -0.9566 2.0586, -2.8307 -0.9703 2.0257, -2.7927 -0.8385 2.1425, -2.7927 -0.8779 2.1374, -2.7927 -0.9146 2.1222, -2.7927 -0.9461 2.098, -2.7927 -0.9703 2.0665, -2.7927 -0.9855 2.0298, -2.752 -0.8385 2.1479, -2.752 -0.8793 2.1425, -2.752 -0.9173 2.1268, -2.752 -0.9499 2.1018, -2.752 -0.9749 2.0692, -2.752 -0.9906 2.0312, -2.9094 0.5788 1.9904, 2.3406 -0.6417 2.1479, 2.5177 -0.6417 2.1479, 2.5177 -0.6417 -4.0923, 2.9094 -0.6417 -4.0923, 2.7165 0.5788 -4.0923, 2.5177 0.0591 -4.0923, 2.9094 0.5788 -4.0923, 2.5177 0.0591 2.1479, 2.3406 0.0591 2.1479, 2.9094 0.5788 -3.8757, 2.9094 0.5788 1.9904, 2.7165 3.9056 -3.8757, 2.7165 0.5788 -3.8757, 1.2756 4.0827 -3.5608, 1.2795 4.0827 -3.5608, 1.2756 4.0827 0.514, 1.2795 4.0827 2.1479, 0.7933 4.0827 0.514, 0.7933 4.0827 2.1479, 0.7933 4.9686 0.514, 1.2756 4.9686 0.514, 1.3976 4.5729 -3.5608, 2.3425 3.9056 -3.5608, 2.7165 3.9056 -3.5608, 2.7165 4.9686 -3.8757, 2.7165 4.9686 -3.5608, 1.2795 3.5512 2.1479, 1.2795 3.4093 2.0587, 1.2795 3.4281 2.0886, 1.2795 3.3977 2.0255, 1.2795 3.453 2.1135, 1.2795 3.4829 2.1323, 1.2795 3.5162 2.144, 2.1467 3.4594 -3.6591, 1.9306 3.3779 -3.6591, 1.8379 3.308 -3.6591, 2.3425 3.4619 -3.6592, 2.2624 3.4681 -3.6591, 2.3425 3.4628 -3.6514, 2.2626 3.4765 -3.6312, 2.3425 3.4661 -3.6401, 2.3425 3.4703 -3.6316, 2.3425 3.4784 -3.6151, 2.2629 3.4914 -3.6063, 2.3425 3.4852 -3.6057, 2.3425 3.5052 -3.5859, 2.2633 3.512 -3.5857, 2.3425 3.5055 -3.5857, 2.3425 3.5147 -3.5793, 2.2638 3.5369 -3.5708, 2.3425 3.5311 -3.5715, 2.3425 3.5403 -3.5671, 2.2643 3.5648 -3.5624, 2.3425 3.5515 -3.5639, 2.3425 3.5589 -3.563, 2.2647 3.5845 -3.5608, 2.3425 3.5788 -3.5608, 1.8696 3.4771 -3.5608, 1.8799 3.4603 -3.5624, 1.8945 3.4365 -3.5708, 1.8083 3.3403 -3.5857, 1.7915 3.3588 -3.5708, 1.8222 3.3252 -3.6063, 1.8323 3.3142 -3.6312, 1.9262 3.385 -3.6312, 1.9184 3.3977 -3.6063, 1.9076 3.4153 -3.5857, 2.0347 3.429 -3.6591, 2.0318 3.4368 -3.6312, 2.0265 3.4508 -3.6063, 2.0192 3.47 -3.5857, 2.0104 3.4934 -3.5708, 2.0006 3.5194 -3.5624, 1.9936 3.538 -3.5608, 2.1453 3.4677 -3.6312, 2.1427 3.4824 -3.6063, 2.1393 3.5027 -3.5857, 2.135 3.5273 -3.5708, 2.1303 3.5547 -3.5624, 2.127 3.5742 -3.5608, -1.2795 4.0827 -3.5608, -1.2795 4.0827 2.1479, -1.2795 3.5512 2.1479, -1.2795 3.5162 2.144, -1.2795 3.4829 2.1323, -1.2795 3.453 2.1135, -1.2795 3.3977 2.0255, -1.2795 3.4281 2.0886, -1.2795 3.4093 2.0587, -2.7165 4.9686 -3.8757, -2.7165 4.9686 -3.5608, -2.7165 3.9056 -3.5608, -2.3425 3.9056 -3.5608, -2.3425 3.5589 -3.5631, -2.3425 3.5788 -3.5608, -2.3425 3.4616 -3.6591, -2.3425 3.5506 -3.5641, -2.3425 3.539 -3.5675, -2.3425 3.531 -3.5714, -2.3425 3.5136 -3.58, -2.3425 3.5038 -3.5871, -2.3425 3.4848 -3.6064, -2.3425 3.4841 -3.6071, -2.3425 3.4771 -3.6172, -2.3425 3.4704 -3.6316, -2.3425 3.4654 -3.6423, -2.3425 3.4622 -3.6541, -1.9306 3.3779 -3.6591, -2.0347 3.429 -3.6591, -2.2624 3.4681 -3.6591, -1.8222 3.3252 -3.6063, -1.8323 3.3142 -3.6312, -1.8379 3.308 -3.6591, -1.8083 3.3403 -3.5857, -1.7915 3.3588 -3.5708, -1.8945 3.4365 -3.5708, -1.8799 3.4603 -3.5624, -1.8696 3.4771 -3.5608, -2.2647 3.5845 -3.5608, -2.2643 3.5648 -3.5624, -2.2638 3.5369 -3.5708, -2.2633 3.512 -3.5857, -2.2629 3.4914 -3.6063, -2.2626 3.4765 -3.6312, -1.9076 3.4153 -3.5857, -1.9184 3.3977 -3.6063, -1.9262 3.385 -3.6312, -2.1467 3.4594 -3.6591, -2.1453 3.4677 -3.6312, -2.1427 3.4824 -3.6063, -2.1393 3.5027 -3.5857, -2.135 3.5273 -3.5708, -2.1303 3.5547 -3.5624, -2.127 3.5742 -3.5608, -2.0318 3.4368 -3.6312, -2.0265 3.4508 -3.6063, -2.0192 3.47 -3.5857, -2.0104 3.4934 -3.5708, -2.0006 3.5194 -3.5624, -1.9936 3.538 -3.5608, -0.7933 4.9686 0.514, -0.7933 4.0827 0.514, -1.2756 4.9686 0.514, -1.2756 4.0827 0.514, -0.7933 4.0827 2.1479, -1.2756 4.0827 -3.5608, -2.752 0.5291 2.1479, -2.874 0.5676 2.1479, -2.7927 0.5419 2.1425, -2.8307 0.5539 2.1268, -3.0315 0.6173 -3.8757, -3.0315 0.6173 1.9904, -3.0301 0.6169 2.011, -2.9081 0.5784 2.011, -2.9041 0.5771 2.0312, -3.0195 0.6136 2.0507, -3.0261 0.6156 2.0312, -2.8633 0.5642 2.1018, -2.9148 0.5805 2.1425, -2.8769 0.5685 2.0863, -2.9528 0.5925 2.1268, -2.8884 0.5721 2.0692, -2.9854 0.6028 2.1018, -2.8975 0.575 2.0507, -2.999 0.6071 2.0863, -3.0104 0.6107 2.0692, -2.874 5.3426 -3.8757, -2.7165 5.3426 -3.8757, -2.9148 5.3372 -3.8757, -3.0315 5.1851 -3.8757, -3.0261 5.2259 -3.8757, -3.0104 5.2638 -3.8757, -2.9854 5.2964 -3.8757, -2.9528 5.3215 -3.8757, -1.5157 4.0808 1.7739, -1.5157 4.0808 2.1479, -2.5787 4.0808 2.1479, -2.3963 4.0808 1.7739, -2.3963 4.0808 2.1479, -2.5787 4.3741 1.7739, -2.5787 4.5709 1.7739, -2.5787 4.5709 -3.5608, 0.0 -0.8188 2.1479, 0.0 -0.681 2.1479, 2.3435 3.3947 2.0081, 2.3468 3.398 2.0254, 2.3479 3.3991 2.0312, 2.3581 3.4093 2.0587, 2.3644 3.4156 2.0687, 2.3769 3.4281 2.0886, 2.3893 3.4406 2.1011, 2.4018 3.453 2.1135, 2.4217 3.473 2.1261, 2.4317 3.4829 2.1323, 2.4594 3.5107 2.142, 2.465 3.5162 2.144, 2.5 3.5512 2.1479, 1.9577 3.5512 2.1479, -1.9577 3.5512 2.1479, -2.5 3.5512 2.1479, -2.465 3.5162 2.144, -2.3435 3.3947 2.0081, -2.4317 3.4829 2.1323, -2.4018 3.453 2.1135, -2.3769 3.4281 2.0886, -2.3581 3.4093 2.0587, -2.3514 3.4026 2.0424, -2.3465 3.3977 2.0255, -2.7953 2.3298 2.1479, -2.3435 0.7353 2.0081, -2.3468 0.732 2.0254, -2.3479 0.7309 2.0312, -2.3581 0.7207 2.0587, -2.3644 0.7144 2.0687, -2.3769 0.7019 2.0886, -2.3893 0.6894 2.1011, -2.4018 0.677 2.1135, -2.4217 0.6571 2.1261, -2.4317 0.6471 2.1323, -2.4594 0.6194 2.142, -2.465 0.6138 2.144, -2.5 0.5788 2.1479, 2.3435 0.7353 2.0081, 2.3465 0.7323 2.0255, 2.3581 0.7207 2.0587, 2.3514 0.7274 2.0424, 2.3769 0.7019 2.0886, 2.4018 0.677 2.1135, 2.4317 0.6471 2.1323, 2.465 0.6138 2.144, -1.9577 0.5788 2.1479, 0.0 0.5788 2.1479, 1.9577 0.5788 2.1479, 2.5 0.5788 2.1479, 2.7953 2.3298 2.1479, 2.7927 0.5419 2.1425, 2.752 0.5291 2.1479, 2.752 0.319 2.1479, 2.752 -0.6614 2.1479, 2.752 -0.8287 2.1479, 2.8307 0.5539 2.1268, 2.8633 0.5642 2.1018, 2.8769 0.5685 2.0863, 2.8884 0.5721 2.0692, 2.8975 0.575 2.0507, 2.9041 0.5771 2.0312, 2.9081 0.5784 2.011, -2.687 -0.8385 2.1479, 1.9577 -0.8385 2.1479, 0.0 -0.8385 2.1479, -1.9577 -0.8385 2.1479, -2.752 -0.8287 2.1479, -2.752 -0.6614 2.1479, -2.752 0.319 2.1479, -3.0256 5.1851 2.031, -3.0097 5.1851 2.0687, -2.874 2.3298 2.1479, -2.874 5.1851 2.1479, -2.9091 5.1851 2.144, -2.874 4.9184 2.1479, -2.9146 5.1851 2.142, -2.9423 5.1851 2.1323, -2.9523 5.1851 2.1261, -2.9722 5.1851 2.1135, -2.9847 5.1851 2.1011, -2.9971 5.1851 2.0886, -3.0159 5.1851 2.0587, -3.0275 5.1851 2.0255, -3.0315 5.1851 1.9904, 1.3976 4.8682 2.1479, 1.3976 4.7501 2.1479, 1.3976 4.7501 1.7739, 1.3976 4.1989 2.1479, 1.3976 4.0808 2.1479, 1.3976 4.1989 1.7739, 2.3963 4.0808 1.7739, 2.3963 4.0808 2.1479, 1.5157 4.0808 2.1479, 1.5157 4.0808 1.7739, 1.5157 4.8682 1.7739, 1.5157 4.8682 2.1479, 2.3963 4.8682 2.1479, 2.3963 4.8682 1.7739, 3.0315 0.6173 1.9904, 3.0315 5.1851 1.9904, 3.0301 0.6169 2.011, 3.0275 5.1851 2.0255, 3.0261 0.6156 2.0312, 3.0256 5.1851 2.031, 3.0195 0.6136 2.0507, 3.0159 5.1851 2.0587, 3.0104 0.6107 2.0692, 3.0097 5.1851 2.0687, 2.999 0.6071 2.0863, 2.9971 5.1851 2.0886, 2.9854 0.6028 2.1018, 2.9847 5.1851 2.1011, 2.9528 0.5925 2.1268, 2.9722 5.1851 2.1135, 2.9523 5.1851 2.1261, 2.9148 0.5805 2.1425, 2.9423 5.1851 2.1323, 2.9146 5.1851 2.142, 2.874 0.5676 2.1479, 2.874 2.3298 2.1479, 2.874 4.9184 2.1479, 2.9091 5.1851 2.144, 2.874 5.1851 2.1479, 3.0315 0.6173 -3.8757, 3.0315 5.1851 -3.8757, 2.7165 5.3426 -3.8757, 2.874 5.3426 -3.8757, 2.9148 5.3372 -3.8757, 2.9528 5.3215 -3.8757, 2.9854 5.2964 -3.8757, 3.0104 5.2638 -3.8757, 3.0261 5.2259 -3.8757, -0.7933 4.9184 2.1479, -0.7933 4.9686 2.1479, 0.7933 4.9686 2.1479, 0.7933 4.9184 2.1479, 1.2756 4.9686 -3.5608, -1.6339 4.3741 -3.5608, -1.437 4.3741 -3.5608, -1.2756 4.9686 -3.5608, -1.6339 4.5709 -3.5608, -2.6181 4.5709 -3.5608, -2.6181 4.3741 -3.5608, -2.2454 3.5847 -3.5608, -2.1482 3.5775 -3.5608, -2.4213 4.3741 -3.5608, -1.8067 3.4338 -3.5608, -1.8877 3.4879 -3.5608, -1.9752 3.5307 -3.5608, -2.0529 3.5574 -3.5608, -2.9146 5.3367 1.9904, -2.9423 5.327 1.9904, -2.9423 5.3234 2.022, -2.9091 5.2193 2.1401, -2.9523 5.3207 1.9904, -2.9722 5.3082 1.9904, -2.9722 5.3051 2.0178, -2.9423 5.2167 2.1287, -2.9722 5.2125 2.1105, -2.9971 5.2069 2.0861, -3.0159 5.2003 2.057, -3.0275 5.2193 1.9982, -3.0275 5.2201 1.9904, -3.0275 5.2167 2.0056, -3.0275 5.2125 2.0123, -3.0275 5.2069 2.0178, -3.0275 5.2003 2.022, -3.0275 5.1929 2.0246, -3.0159 5.2147 2.052, -3.0159 5.2277 2.0438, -3.0159 5.2385 2.033, -3.0159 5.2467 2.0201, -3.0159 5.2517 2.0056, -2.9847 5.2957 1.9904, -2.9971 5.2833 1.9904, -2.9971 5.2808 2.0123, -2.9971 5.2736 2.033, -2.9971 5.2619 2.0516, -2.9971 5.2463 2.0672, -2.9971 5.2277 2.0789, -3.0097 5.2634 1.9904, -3.0159 5.2534 1.9904, -3.0256 5.2257 1.9904, -2.9722 5.296 2.0438, -2.9722 5.2814 2.0672, -2.9722 5.2619 2.0867, -2.9722 5.2385 2.1014, -2.9423 5.3129 2.052, -2.9423 5.296 2.0789, -2.9423 5.2736 2.1014, -2.9423 5.2467 2.1183, -2.9091 5.3386 1.9904, -2.9091 5.3348 2.0246, -2.9091 5.3234 2.057, -2.9091 5.3051 2.0861, -2.9091 5.2808 2.1105, -2.9091 5.2517 2.1287, -2.874 5.3426 1.9904, -2.874 5.3386 2.0255, -2.874 5.327 2.0587, -2.874 5.3082 2.0886, -2.874 5.2833 2.1135, -2.874 5.2534 2.1323, -2.874 5.2201 2.144, -2.687 -0.6614 2.1479, -2.687 -0.8287 2.1479, -1.9577 -0.8287 2.1479, -1.9577 4.9184 2.1479, -2.687 4.9184 2.1479, -1.9577 4.8682 2.1479, 1.9577 -0.8287 2.1479, 0.0 -0.8287 2.1479, -1.9577 -0.6614 2.1479, 0.0 -0.6614 2.1479, 1.9577 4.8682 2.1479, 1.9577 4.9184 2.1479, 1.9577 4.0808 2.1479, 0.0 5.1851 2.1479, 0.0 4.9686 2.1479, 1.9577 5.1851 2.1479, -1.9577 5.1851 2.1479, -1.9577 4.0808 2.1479, -2.687 0.319 2.1479, 1.9577 0.319 2.1479, 0.0 0.319 2.1479, -1.9577 0.319 2.1479, 1.9577 -0.6614 2.1479, -2.687 5.1851 2.1479, 3.0275 5.2167 2.0056, 3.0275 5.2125 2.0123, 3.0275 5.2193 1.9982, 3.0275 5.2201 1.9904, 3.0275 5.1929 2.0246, 2.874 5.2201 2.144, 2.874 5.3082 2.0886, 2.874 5.2833 2.1135, 2.9091 5.2808 2.1105, 2.874 5.327 2.0587, 2.9091 5.3051 2.0861, 2.874 5.3386 2.0255, 2.9091 5.3234 2.057, 2.9091 5.3386 1.9904, 2.874 5.3426 1.9904, 2.9091 5.3348 2.0246, 2.9091 5.2193 2.1401, 2.9423 5.2167 2.1287, 2.9722 5.2125 2.1105, 2.9423 5.3234 2.022, 2.9722 5.3051 2.0178, 2.9722 5.3082 1.9904, 2.9523 5.3207 1.9904, 2.9423 5.327 1.9904, 2.9146 5.3367 1.9904, 2.9971 5.2069 2.0861, 3.0159 5.2003 2.057, 2.9423 5.296 2.0789, 2.9423 5.3129 2.052, 2.9722 5.2814 2.0672, 2.9722 5.296 2.0438, 2.9971 5.2619 2.0516, 2.9971 5.2736 2.033, 3.0159 5.2385 2.033, 3.0159 5.2467 2.0201, 2.9971 5.2808 2.0123, 3.0159 5.2517 2.0056, 3.0256 5.2257 1.9904, 3.0159 5.2534 1.9904, 3.0097 5.2634 1.9904, 2.9971 5.2833 1.9904, 2.9847 5.2957 1.9904, 3.0275 5.2003 2.022, 3.0159 5.2147 2.052, 2.9971 5.2277 2.0789, 2.9722 5.2385 2.1014, 2.9423 5.2467 2.1183, 2.9091 5.2517 2.1287, 2.874 5.2534 2.1323, 3.0275 5.2069 2.0178, 3.0159 5.2277 2.0438, 2.9971 5.2463 2.0672, 2.9722 5.2619 2.0867, 2.9423 5.2736 2.1014, -2.3406 4.9686 -4.0923, 2.3406 4.9686 -4.0923, 2.3406 4.9686 -4.2104, 2.7165 4.9686 -4.2104, -2.7165 4.9686 -4.2104, -2.3406 4.9686 -4.2104, 2.7165 5.3426 -4.2104, 2.3406 5.3426 -4.2104, 2.3406 5.3426 -4.0923, -2.3406 5.3426 -4.0923, -2.3406 5.3426 -4.2104, -2.7165 5.3426 -4.2104, -2.7165 5.3426 -4.2104
            ]
        }
        coordIndex [
            0,1,2,-1,2,1,3,-1,4,5,6,-1,6,5,7,-1,6,7,8,-1,8,7,9,-1,8,9,10,-1,10,9,2,-1,10,2,11,-1,11,2,3,-1,11,3,12,-1,12,3,13,-1,14,15,4,-1,4,15,5,-1,16,17,18,-1,19,20,21,-1,22,23,24,-1,24,23,25,-1,24,25,18,-1,18,25,19,-1,18,19,16,-1,16,19,21,-1,26,27,17,-1,17,27,18,-1,28,29,22,-1,22,29,30,-1,21,20,31,-1,31,20,32,-1,31,32,30,-1,30,32,33,-1,30,33,22,-1,22,33,23,-1,34,35,36,-1,36,35,37,-1,38,39,40,-1,40,39,41,-1,42,43,44,-1,37,40,36,-1,36,40,41,-1,36,41,44,-1,44,41,45,-1,44,45,42,-1,46,47,48,-1,49,50,37,-1,51,52,53,-1,35,54,55,-1,37,35,49,-1,49,35,55,-1,49,55,53,-1,53,55,46,-1,53,46,51,-1,51,46,48,-1,56,57,58,-1,59,60,61,-1,56,62,63,-1,63,62,59,-1,63,59,64,-1,64,59,61,-1,65,66,67,-1,67,66,68,-1,67,68,69,-1,69,68,70,-1,70,68,71,-1,70,71,72,-1,56,58,62,-1,62,58,73,-1,62,73,74,-1,73,75,74,-1,74,75,76,-1,74,76,77,-1,76,78,77,-1,77,78,79,-1,77,79,80,-1,79,81,80,-1,80,81,82,-1,80,82,83,-1,82,84,83,-1,83,84,85,-1,83,85,86,-1,85,87,86,-1,86,87,88,-1,86,88,71,-1,71,88,89,-1,71,89,72,-1,57,90,58,-1,58,90,91,-1,58,91,73,-1,73,91,92,-1,73,92,75,-1,75,92,93,-1,75,93,76,-1,76,93,94,-1,76,94,78,-1,78,94,79,-1,94,95,79,-1,79,95,96,-1,79,96,81,-1,81,96,82,-1,96,97,82,-1,82,97,98,-1,82,98,84,-1,84,98,99,-1,84,99,85,-1,85,99,100,-1,85,100,87,-1,87,100,101,-1,87,101,88,-1,88,101,102,-1,88,102,89,-1,89,102,103,-1,89,103,72,-1,104,105,106,-1,106,105,107,-1,106,107,108,-1,108,107,109,-1,108,109,110,-1,110,109,111,-1,110,111,112,-1,112,111,113,-1,112,113,114,-1,114,113,115,-1,113,116,115,-1,115,116,117,-1,115,117,118,-1,118,117,119,-1,117,120,119,-1,119,120,121,-1,119,121,122,-1,122,121,123,-1,122,123,124,-1,124,123,125,-1,124,125,126,-1,126,125,127,-1,126,127,128,-1,128,127,129,-1,128,129,130,-1,130,129,131,-1,130,131,132,-1,133,104,106,-1,134,135,136,-1,133,137,138,-1,138,137,134,-1,138,134,139,-1,139,134,136,-1,140,141,142,-1,142,141,143,-1,142,143,144,-1,144,143,145,-1,145,143,146,-1,145,146,132,-1,133,106,137,-1,137,106,108,-1,137,108,147,-1,108,110,147,-1,147,110,112,-1,147,112,148,-1,112,114,148,-1,148,114,115,-1,148,115,149,-1,115,118,149,-1,149,118,119,-1,149,119,150,-1,119,122,150,-1,150,122,124,-1,150,124,151,-1,124,126,151,-1,151,126,128,-1,151,128,146,-1,146,128,130,-1,146,130,132,-1,152,153,154,-1,154,153,155,-1,156,157,158,-1,158,157,159,-1,160,161,162,-1,162,161,163,-1,164,156,165,-1,165,156,158,-1,166,167,168,-1,169,170,171,-1,166,172,173,-1,173,172,169,-1,173,169,174,-1,174,169,171,-1,175,176,177,-1,177,176,178,-1,177,178,179,-1,179,178,180,-1,180,178,181,-1,180,181,182,-1,166,168,172,-1,172,168,183,-1,172,183,184,-1,183,185,184,-1,184,185,186,-1,184,186,187,-1,186,188,187,-1,187,188,189,-1,187,189,190,-1,189,191,190,-1,190,191,192,-1,190,192,193,-1,192,194,193,-1,193,194,195,-1,193,195,196,-1,195,197,196,-1,196,197,198,-1,196,198,181,-1,181,198,199,-1,181,199,182,-1,200,201,202,-1,203,204,205,-1,200,206,207,-1,207,206,203,-1,207,203,208,-1,208,203,205,-1,209,210,211,-1,211,210,212,-1,211,212,213,-1,213,212,214,-1,214,212,215,-1,214,215,216,-1,200,202,206,-1,206,202,217,-1,206,217,218,-1,217,219,218,-1,218,219,220,-1,218,220,221,-1,220,222,221,-1,221,222,223,-1,221,223,224,-1,223,225,224,-1,224,225,226,-1,224,226,227,-1,226,228,227,-1,227,228,229,-1,227,229,230,-1,229,231,230,-1,230,231,232,-1,230,232,215,-1,215,232,233,-1,215,233,216,-1,201,234,202,-1,202,234,235,-1,202,235,217,-1,217,235,236,-1,217,236,219,-1,219,236,237,-1,219,237,220,-1,220,237,238,-1,220,238,222,-1,222,238,223,-1,238,239,223,-1,223,239,240,-1,223,240,225,-1,225,240,226,-1,240,241,226,-1,226,241,242,-1,226,242,228,-1,228,242,243,-1,228,243,229,-1,229,243,244,-1,229,244,231,-1,231,244,245,-1,231,245,232,-1,232,245,246,-1,232,246,233,-1,233,246,247,-1,233,247,216,-1,167,248,168,-1,168,248,249,-1,168,249,183,-1,183,249,250,-1,183,250,185,-1,185,250,251,-1,185,251,186,-1,186,251,252,-1,186,252,188,-1,188,252,189,-1,252,253,189,-1,189,253,254,-1,189,254,191,-1,191,254,192,-1,254,255,192,-1,192,255,256,-1,192,256,194,-1,194,256,257,-1,194,257,195,-1,195,257,258,-1,195,258,197,-1,197,258,259,-1,197,259,198,-1,198,259,260,-1,198,260,199,-1,199,260,261,-1,199,261,182,-1,62,74,77,-1,77,80,62,-1,62,80,83,-1,62,83,86,-1,86,71,62,-1,62,71,68,-1,62,68,59,-1,59,68,66,-1,59,66,60,-1,90,262,91,-1,91,262,263,-1,91,263,92,-1,92,263,264,-1,92,264,93,-1,93,264,265,-1,93,265,94,-1,94,265,266,-1,94,266,95,-1,95,266,267,-1,95,267,96,-1,96,267,268,-1,96,268,97,-1,97,268,269,-1,97,269,98,-1,98,269,270,-1,98,270,99,-1,99,270,271,-1,99,271,100,-1,100,271,272,-1,100,272,101,-1,101,272,273,-1,101,273,102,-1,102,273,274,-1,102,274,103,-1,103,274,275,-1,276,277,278,-1,279,280,281,-1,282,283,284,-1,285,286,287,-1,288,289,290,-1,291,292,293,-1,294,295,296,-1,296,295,297,-1,296,297,298,-1,298,297,299,-1,298,299,300,-1,301,302,299,-1,299,302,303,-1,299,303,300,-1,304,305,301,-1,301,305,306,-1,301,306,302,-1,307,308,304,-1,304,308,309,-1,304,309,305,-1,310,311,312,-1,312,311,313,-1,312,313,307,-1,307,313,314,-1,307,314,308,-1,315,310,316,-1,316,310,312,-1,316,312,317,-1,317,312,318,-1,288,290,319,-1,320,285,321,-1,321,285,287,-1,321,287,322,-1,322,287,323,-1,324,325,326,-1,326,325,327,-1,326,327,328,-1,329,330,324,-1,324,330,331,-1,324,331,325,-1,332,333,329,-1,329,333,334,-1,329,334,330,-1,335,336,284,-1,284,336,337,-1,284,337,332,-1,332,337,338,-1,332,338,333,-1,335,284,339,-1,339,284,283,-1,339,283,340,-1,276,278,341,-1,292,318,293,-1,293,318,312,-1,293,312,342,-1,342,312,307,-1,342,307,343,-1,343,307,304,-1,343,304,344,-1,344,304,301,-1,344,301,345,-1,345,301,299,-1,345,299,278,-1,278,299,297,-1,278,297,341,-1,341,297,295,-1,289,291,290,-1,290,291,293,-1,290,293,346,-1,346,293,342,-1,346,342,347,-1,347,342,343,-1,347,343,348,-1,348,343,344,-1,348,344,349,-1,349,344,345,-1,349,345,350,-1,350,345,278,-1,350,278,351,-1,351,278,277,-1,286,319,287,-1,287,319,290,-1,287,290,323,-1,323,290,346,-1,323,346,352,-1,352,346,347,-1,352,347,353,-1,353,347,348,-1,353,348,354,-1,354,348,349,-1,354,349,281,-1,281,349,350,-1,281,350,279,-1,279,350,351,-1,328,322,326,-1,326,322,323,-1,326,323,324,-1,324,323,352,-1,324,352,329,-1,329,352,353,-1,329,353,332,-1,332,353,354,-1,332,354,284,-1,284,354,281,-1,284,281,282,-1,282,281,280,-1,105,355,107,-1,107,355,356,-1,107,356,109,-1,109,356,357,-1,109,357,111,-1,111,357,358,-1,111,358,113,-1,113,358,359,-1,113,359,116,-1,116,359,360,-1,116,360,117,-1,117,360,361,-1,117,361,120,-1,120,361,362,-1,120,362,121,-1,121,362,363,-1,121,363,123,-1,123,363,364,-1,123,364,125,-1,125,364,365,-1,125,365,127,-1,127,365,366,-1,127,366,129,-1,129,366,367,-1,129,367,131,-1,131,367,368,-1,369,370,371,-1,372,371,373,-1,373,371,374,-1,370,375,371,-1,371,375,376,-1,371,376,377,-1,164,328,327,-1,378,379,371,-1,371,379,380,-1,371,380,369,-1,72,103,70,-1,70,103,275,-1,70,275,69,-1,69,275,67,-1,105,104,355,-1,355,104,133,-1,320,321,164,-1,164,321,322,-1,164,322,328,-1,327,325,164,-1,164,325,331,-1,164,331,330,-1,133,138,355,-1,355,138,139,-1,355,139,136,-1,330,334,164,-1,164,334,333,-1,164,333,338,-1,372,381,371,-1,371,381,382,-1,371,382,383,-1,383,384,371,-1,371,384,385,-1,371,385,378,-1,386,387,156,-1,156,387,388,-1,156,388,389,-1,390,391,157,-1,157,391,392,-1,157,392,393,-1,394,395,275,-1,275,395,65,-1,275,65,67,-1,338,337,164,-1,164,337,336,-1,164,336,335,-1,393,394,157,-1,157,394,275,-1,157,275,371,-1,371,275,396,-1,371,396,374,-1,335,339,164,-1,164,339,340,-1,164,340,156,-1,156,340,355,-1,156,355,386,-1,386,355,136,-1,389,397,156,-1,156,397,398,-1,156,398,157,-1,157,398,399,-1,157,399,390,-1,137,143,134,-1,134,143,141,-1,134,141,135,-1,151,148,150,-1,150,148,149,-1,137,147,143,-1,143,147,148,-1,143,148,146,-1,146,148,151,-1,386,400,387,-1,387,400,401,-1,387,401,388,-1,388,401,402,-1,388,402,389,-1,389,402,403,-1,389,403,397,-1,397,403,404,-1,397,404,398,-1,398,404,405,-1,398,405,399,-1,399,405,406,-1,399,406,390,-1,390,406,407,-1,390,407,391,-1,391,407,408,-1,391,408,392,-1,392,408,409,-1,392,409,393,-1,393,409,410,-1,393,410,394,-1,394,410,411,-1,394,411,395,-1,395,411,412,-1,413,414,152,-1,152,414,153,-1,161,160,415,-1,415,160,416,-1,417,418,419,-1,419,418,420,-1,421,422,423,-1,423,422,424,-1,425,426,427,-1,427,426,428,-1,429,430,431,-1,431,430,432,-1,433,434,435,-1,435,434,436,-1,437,438,439,-1,439,438,440,-1,441,442,443,-1,443,442,444,-1,445,446,447,-1,447,446,448,-1,449,450,451,-1,451,450,452,-1,453,454,455,-1,455,454,456,-1,457,458,459,-1,459,458,460,-1,461,462,463,-1,463,462,464,-1,465,466,467,-1,467,466,468,-1,469,470,471,-1,471,470,472,-1,473,474,475,-1,475,474,476,-1,154,155,477,-1,477,155,478,-1,159,157,479,-1,479,157,371,-1,480,159,481,-1,481,159,479,-1,481,479,482,-1,482,479,483,-1,162,163,484,-1,484,163,485,-1,155,153,414,-1,467,469,471,-1,419,421,423,-1,285,320,475,-1,485,163,486,-1,486,163,161,-1,165,425,427,-1,475,320,473,-1,473,320,164,-1,473,164,165,-1,414,315,155,-1,155,315,316,-1,155,316,317,-1,429,431,427,-1,427,431,433,-1,427,433,165,-1,165,433,435,-1,487,415,488,-1,488,415,417,-1,488,417,165,-1,165,417,419,-1,165,419,425,-1,425,419,423,-1,437,439,435,-1,435,439,441,-1,435,441,165,-1,165,441,443,-1,445,447,443,-1,443,447,449,-1,443,449,165,-1,165,449,451,-1,487,489,415,-1,415,489,490,-1,415,490,491,-1,491,492,415,-1,415,492,493,-1,415,493,161,-1,161,493,494,-1,161,494,495,-1,495,496,161,-1,161,496,497,-1,161,497,486,-1,453,455,451,-1,451,455,457,-1,451,457,165,-1,165,457,459,-1,461,463,459,-1,459,463,465,-1,459,465,165,-1,165,465,467,-1,165,467,473,-1,473,467,471,-1,317,318,155,-1,155,318,292,-1,155,292,478,-1,478,292,291,-1,478,291,289,-1,289,288,478,-1,478,288,319,-1,478,319,475,-1,475,319,286,-1,475,286,285,-1,181,178,169,-1,169,178,176,-1,169,176,170,-1,184,187,196,-1,196,187,190,-1,196,190,193,-1,181,169,196,-1,196,169,172,-1,196,172,184,-1,210,204,203,-1,210,203,212,-1,212,203,206,-1,212,206,218,-1,218,221,212,-1,212,221,224,-1,212,224,215,-1,215,224,227,-1,215,227,230,-1,498,499,500,-1,500,499,501,-1,500,501,502,-1,502,501,503,-1,502,503,504,-1,504,503,505,-1,504,505,506,-1,506,505,507,-1,506,507,508,-1,508,507,509,-1,508,509,510,-1,510,509,511,-1,510,511,512,-1,512,511,513,-1,512,513,514,-1,514,513,515,-1,514,515,516,-1,516,515,517,-1,516,517,518,-1,518,517,519,-1,518,519,520,-1,520,519,521,-1,520,521,522,-1,522,521,523,-1,234,524,235,-1,235,524,525,-1,235,525,236,-1,236,525,526,-1,236,526,237,-1,237,526,527,-1,237,527,238,-1,238,527,528,-1,238,528,239,-1,239,528,529,-1,239,529,240,-1,240,529,530,-1,240,530,241,-1,241,530,531,-1,241,531,242,-1,242,531,532,-1,242,532,243,-1,243,532,533,-1,243,533,244,-1,244,533,534,-1,244,534,245,-1,245,534,535,-1,245,535,246,-1,246,535,536,-1,246,536,247,-1,247,536,537,-1,538,539,540,-1,541,542,543,-1,544,545,546,-1,547,548,549,-1,492,491,550,-1,551,552,553,-1,554,555,556,-1,556,555,557,-1,556,557,558,-1,558,557,559,-1,558,559,560,-1,553,552,556,-1,556,552,561,-1,556,561,554,-1,562,563,553,-1,553,563,564,-1,553,564,551,-1,565,566,567,-1,567,566,568,-1,567,568,562,-1,562,568,569,-1,562,569,563,-1,570,571,572,-1,488,572,487,-1,487,572,571,-1,487,571,489,-1,489,571,490,-1,492,550,493,-1,495,494,573,-1,496,574,497,-1,497,574,575,-1,497,575,486,-1,576,577,574,-1,574,577,578,-1,574,578,575,-1,579,580,576,-1,576,580,581,-1,576,581,577,-1,582,583,579,-1,579,583,584,-1,579,584,580,-1,585,586,587,-1,587,586,588,-1,587,588,582,-1,582,588,589,-1,582,589,583,-1,585,587,590,-1,590,587,546,-1,590,546,549,-1,549,546,545,-1,549,545,547,-1,538,540,591,-1,572,565,570,-1,570,565,567,-1,570,567,592,-1,592,567,562,-1,592,562,593,-1,593,562,553,-1,593,553,594,-1,594,553,556,-1,594,556,540,-1,540,556,558,-1,540,558,591,-1,591,558,560,-1,591,560,595,-1,491,490,550,-1,550,490,571,-1,550,571,596,-1,596,571,570,-1,596,570,597,-1,597,570,592,-1,597,592,598,-1,598,592,593,-1,598,593,599,-1,599,593,594,-1,599,594,543,-1,543,594,540,-1,543,540,541,-1,541,540,539,-1,494,493,573,-1,573,493,550,-1,573,550,600,-1,600,550,596,-1,600,596,601,-1,601,596,597,-1,601,597,602,-1,602,597,598,-1,602,598,603,-1,603,598,599,-1,603,599,604,-1,604,599,543,-1,604,543,605,-1,605,543,542,-1,496,495,574,-1,574,495,573,-1,574,573,576,-1,576,573,600,-1,576,600,579,-1,579,600,601,-1,579,601,582,-1,582,601,602,-1,582,602,587,-1,587,602,603,-1,587,603,546,-1,546,603,604,-1,546,604,544,-1,544,604,605,-1,568,566,165,-1,557,165,559,-1,559,165,560,-1,560,165,595,-1,595,165,158,-1,595,158,606,-1,566,565,165,-1,165,565,572,-1,165,572,488,-1,480,607,608,-1,564,563,165,-1,165,563,569,-1,165,569,568,-1,182,261,180,-1,180,261,606,-1,234,201,524,-1,524,201,200,-1,524,200,207,-1,608,609,480,-1,480,609,610,-1,480,610,611,-1,611,612,480,-1,480,612,613,-1,480,613,614,-1,175,177,606,-1,606,177,179,-1,606,179,180,-1,514,516,158,-1,614,615,480,-1,480,615,616,-1,480,616,617,-1,557,555,165,-1,165,555,554,-1,165,554,561,-1,561,552,165,-1,165,552,551,-1,165,551,564,-1,207,208,524,-1,524,208,205,-1,524,205,498,-1,500,502,159,-1,159,502,504,-1,159,504,506,-1,506,508,159,-1,159,508,510,-1,159,510,158,-1,158,510,512,-1,158,512,514,-1,617,618,480,-1,480,618,619,-1,480,619,620,-1,516,518,158,-1,158,518,520,-1,158,520,606,-1,606,520,522,-1,606,522,175,-1,498,500,524,-1,524,500,159,-1,524,159,621,-1,621,159,480,-1,621,480,622,-1,622,480,620,-1,248,623,249,-1,249,623,624,-1,249,624,250,-1,250,624,625,-1,250,625,251,-1,251,625,626,-1,251,626,252,-1,252,626,627,-1,252,627,253,-1,253,627,628,-1,253,628,254,-1,254,628,629,-1,254,629,255,-1,255,629,630,-1,255,630,256,-1,256,630,631,-1,256,631,257,-1,257,631,632,-1,257,632,258,-1,258,632,633,-1,258,633,259,-1,259,633,634,-1,259,634,260,-1,260,634,635,-1,260,635,261,-1,261,635,606,-1,395,412,65,-1,65,412,61,-1,65,61,66,-1,66,61,60,-1,636,637,638,-1,639,636,268,-1,268,267,639,-1,639,267,266,-1,639,266,640,-1,640,266,265,-1,262,641,263,-1,263,641,640,-1,263,640,264,-1,264,640,265,-1,636,638,268,-1,268,638,642,-1,268,642,269,-1,269,642,643,-1,269,643,270,-1,270,643,644,-1,270,644,271,-1,396,275,645,-1,645,275,274,-1,645,274,646,-1,646,274,273,-1,646,273,647,-1,647,273,272,-1,647,272,648,-1,648,272,271,-1,648,271,649,-1,649,271,644,-1,650,368,651,-1,651,368,367,-1,367,366,651,-1,651,366,365,-1,651,365,652,-1,362,653,363,-1,363,653,652,-1,363,652,364,-1,364,652,365,-1,355,340,356,-1,356,340,283,-1,356,283,357,-1,357,283,282,-1,357,282,358,-1,358,282,280,-1,358,280,359,-1,280,279,359,-1,359,279,351,-1,359,351,360,-1,360,351,277,-1,360,277,361,-1,294,653,295,-1,295,653,362,-1,295,362,341,-1,341,362,361,-1,341,361,276,-1,276,361,277,-1,400,386,140,-1,140,386,136,-1,140,136,141,-1,141,136,135,-1,654,655,656,-1,656,655,657,-1,658,659,660,-1,660,659,661,-1,662,660,663,-1,663,660,661,-1,663,661,664,-1,664,661,52,-1,664,52,665,-1,665,52,51,-1,666,667,53,-1,53,667,49,-1,41,668,669,-1,670,50,671,-1,671,50,672,-1,671,672,669,-1,669,672,45,-1,669,45,41,-1,40,37,655,-1,655,37,50,-1,655,50,657,-1,657,50,670,-1,673,674,675,-1,675,674,676,-1,677,678,679,-1,679,678,680,-1,294,296,309,-1,309,296,298,-1,294,309,653,-1,653,309,308,-1,653,308,314,-1,413,681,414,-1,414,681,682,-1,414,682,315,-1,315,682,653,-1,315,653,310,-1,298,300,309,-1,309,300,303,-1,309,303,305,-1,305,303,302,-1,305,302,306,-1,314,313,653,-1,653,313,311,-1,653,311,310,-1,683,684,685,-1,685,684,686,-1,687,688,689,-1,689,688,690,-1,691,692,693,-1,693,694,691,-1,691,694,695,-1,691,695,696,-1,696,695,697,-1,696,697,698,-1,698,697,699,-1,698,699,700,-1,700,699,701,-1,700,701,702,-1,703,704,705,-1,705,704,706,-1,706,707,705,-1,705,707,708,-1,705,708,701,-1,701,708,709,-1,701,709,702,-1,710,711,712,-1,710,712,713,-1,714,715,716,-1,716,715,717,-1,718,719,720,-1,720,719,721,-1,720,721,717,-1,717,721,722,-1,717,722,716,-1,718,720,723,-1,723,720,724,-1,723,724,725,-1,725,724,726,-1,725,726,712,-1,712,726,727,-1,712,727,713,-1,416,728,729,-1,418,417,729,-1,729,417,415,-1,729,415,416,-1,730,422,731,-1,731,422,421,-1,731,421,420,-1,420,421,419,-1,424,732,733,-1,426,425,733,-1,733,425,423,-1,733,423,424,-1,734,430,735,-1,735,430,429,-1,735,429,428,-1,428,429,427,-1,432,736,737,-1,434,433,737,-1,737,433,431,-1,737,431,432,-1,738,438,739,-1,739,438,437,-1,739,437,436,-1,436,437,435,-1,440,740,741,-1,442,441,741,-1,741,441,439,-1,741,439,440,-1,742,446,743,-1,743,446,445,-1,743,445,444,-1,444,445,443,-1,448,744,745,-1,450,449,745,-1,745,449,447,-1,745,447,448,-1,746,454,747,-1,747,454,453,-1,747,453,452,-1,452,453,451,-1,456,748,749,-1,458,457,749,-1,749,457,455,-1,749,455,456,-1,750,462,751,-1,751,462,461,-1,751,461,460,-1,460,461,459,-1,464,752,753,-1,466,465,753,-1,753,465,463,-1,753,463,464,-1,754,470,755,-1,755,470,469,-1,755,469,468,-1,468,469,467,-1,472,756,757,-1,474,473,757,-1,757,473,471,-1,757,471,472,-1,758,477,759,-1,759,477,478,-1,759,478,476,-1,476,478,475,-1,483,760,704,-1,761,759,714,-1,714,759,476,-1,714,476,715,-1,757,755,474,-1,474,755,468,-1,452,450,482,-1,703,715,704,-1,704,715,476,-1,704,476,483,-1,483,476,474,-1,483,474,482,-1,482,474,468,-1,482,468,466,-1,458,749,747,-1,747,452,458,-1,458,452,482,-1,458,482,460,-1,460,482,466,-1,460,466,751,-1,751,466,753,-1,442,741,739,-1,739,436,442,-1,442,436,482,-1,442,482,444,-1,444,482,450,-1,444,450,743,-1,743,450,745,-1,737,735,434,-1,434,735,428,-1,426,762,428,-1,428,762,482,-1,428,482,434,-1,434,482,436,-1,729,763,418,-1,418,763,764,-1,765,766,767,-1,733,731,426,-1,426,731,420,-1,426,420,762,-1,762,420,418,-1,762,418,767,-1,767,418,764,-1,767,764,765,-1,768,769,770,-1,770,769,771,-1,770,771,772,-1,773,774,775,-1,775,774,770,-1,770,774,776,-1,770,776,768,-1,767,766,777,-1,777,766,778,-1,777,778,779,-1,775,780,773,-1,773,780,781,-1,773,781,778,-1,778,781,782,-1,778,782,779,-1,783,784,785,-1,785,784,786,-1,765,764,787,-1,787,764,788,-1,786,789,785,-1,785,789,790,-1,785,790,791,-1,791,790,792,-1,791,792,793,-1,793,792,794,-1,793,794,795,-1,788,796,787,-1,787,796,797,-1,787,797,794,-1,794,797,798,-1,794,798,795,-1,799,800,801,-1,802,803,799,-1,799,801,802,-1,802,801,804,-1,802,804,805,-1,805,804,806,-1,805,806,807,-1,807,806,808,-1,807,808,809,-1,809,808,810,-1,809,810,811,-1,811,810,812,-1,811,812,813,-1,814,815,816,-1,814,816,817,-1,817,816,818,-1,817,818,819,-1,819,818,820,-1,819,820,821,-1,821,820,822,-1,821,822,823,-1,823,822,824,-1,823,824,825,-1,825,824,826,-1,825,826,827,-1,813,812,828,-1,828,812,826,-1,828,826,815,-1,815,826,824,-1,815,824,822,-1,822,820,815,-1,815,820,818,-1,815,818,816,-1,829,830,831,-1,832,833,829,-1,829,831,832,-1,832,831,834,-1,832,834,835,-1,835,834,836,-1,835,836,837,-1,837,836,838,-1,837,838,839,-1,839,838,840,-1,839,840,841,-1,841,840,842,-1,841,842,843,-1,844,845,484,-1,484,485,844,-1,844,485,486,-1,844,486,846,-1,846,486,575,-1,846,575,578,-1,549,548,581,-1,581,548,846,-1,581,846,577,-1,577,846,578,-1,586,581,580,-1,586,585,581,-1,581,585,590,-1,581,590,549,-1,580,584,586,-1,586,584,583,-1,586,583,588,-1,588,583,589,-1,847,848,849,-1,849,848,850,-1,851,852,853,-1,851,853,854,-1,854,853,855,-1,854,855,856,-1,856,855,857,-1,856,857,858,-1,858,857,859,-1,858,859,860,-1,860,859,861,-1,860,861,862,-1,862,861,863,-1,862,863,864,-1,853,852,863,-1,843,842,852,-1,852,842,865,-1,852,865,863,-1,863,861,859,-1,859,857,863,-1,863,857,855,-1,863,855,853,-1,522,523,175,-1,175,523,171,-1,175,171,176,-1,176,171,170,-1,499,498,209,-1,209,498,205,-1,209,205,210,-1,210,205,204,-1,866,537,867,-1,867,537,536,-1,536,535,867,-1,867,535,534,-1,867,534,868,-1,531,869,532,-1,532,869,868,-1,532,868,533,-1,533,868,534,-1,524,621,525,-1,525,621,870,-1,525,870,526,-1,870,871,526,-1,526,871,872,-1,526,872,527,-1,527,872,528,-1,872,873,528,-1,528,873,874,-1,528,874,529,-1,529,874,875,-1,529,875,530,-1,876,869,877,-1,877,869,531,-1,877,531,878,-1,878,531,530,-1,878,530,879,-1,879,530,875,-1,846,548,547,-1,880,846,629,-1,629,628,880,-1,880,628,627,-1,880,627,881,-1,881,627,626,-1,623,882,624,-1,624,882,881,-1,624,881,625,-1,625,881,626,-1,846,547,629,-1,629,547,545,-1,629,545,630,-1,630,545,544,-1,630,544,631,-1,595,606,591,-1,591,606,635,-1,591,635,538,-1,538,635,634,-1,538,634,539,-1,539,634,633,-1,539,633,541,-1,541,633,632,-1,541,632,542,-1,542,632,631,-1,542,631,605,-1,605,631,544,-1,762,683,482,-1,482,683,685,-1,869,883,868,-1,868,883,884,-1,868,884,867,-1,867,884,866,-1,24,18,885,-1,885,18,27,-1,688,760,690,-1,690,760,483,-1,640,641,886,-1,887,636,886,-1,886,636,639,-1,886,639,640,-1,888,889,650,-1,650,889,890,-1,650,890,641,-1,641,890,886,-1,650,401,368,-1,368,401,400,-1,368,400,140,-1,132,131,145,-1,145,131,368,-1,140,142,368,-1,368,142,144,-1,368,144,145,-1,90,57,262,-1,262,57,56,-1,262,56,63,-1,411,641,412,-1,412,641,262,-1,411,410,641,-1,641,410,409,-1,641,409,408,-1,404,403,650,-1,650,403,402,-1,650,402,401,-1,63,64,262,-1,262,64,61,-1,262,61,412,-1,408,407,641,-1,641,407,406,-1,641,406,650,-1,650,406,405,-1,650,405,404,-1,891,889,892,-1,892,889,888,-1,40,655,38,-1,38,655,654,-1,41,39,668,-1,668,39,893,-1,666,53,661,-1,661,53,52,-1,49,667,50,-1,50,667,672,-1,663,894,662,-1,662,894,895,-1,664,665,896,-1,896,665,897,-1,898,799,803,-1,899,900,901,-1,901,900,674,-1,901,674,803,-1,803,674,673,-1,803,673,898,-1,674,900,676,-1,676,900,902,-1,676,902,675,-1,675,902,903,-1,898,673,903,-1,903,673,675,-1,799,829,800,-1,800,829,833,-1,678,904,680,-1,680,904,905,-1,905,906,680,-1,680,906,679,-1,907,677,906,-1,906,677,679,-1,677,907,908,-1,830,829,904,-1,904,678,830,-1,830,678,677,-1,830,677,909,-1,909,677,908,-1,910,911,912,-1,912,911,913,-1,914,915,916,-1,916,915,917,-1,652,653,682,-1,888,650,651,-1,651,652,888,-1,888,652,682,-1,888,682,892,-1,892,682,918,-1,892,918,919,-1,919,918,920,-1,921,922,901,-1,828,919,813,-1,813,919,920,-1,813,920,811,-1,811,920,809,-1,921,901,920,-1,920,901,803,-1,920,803,802,-1,802,805,920,-1,920,805,807,-1,920,807,809,-1,923,924,681,-1,681,924,918,-1,681,918,682,-1,762,767,683,-1,683,767,777,-1,683,777,684,-1,684,777,925,-1,684,925,686,-1,686,925,926,-1,689,927,687,-1,687,927,928,-1,704,760,688,-1,687,928,688,-1,688,928,706,-1,688,706,704,-1,715,703,717,-1,717,703,705,-1,714,716,761,-1,761,716,929,-1,763,729,930,-1,930,729,728,-1,930,728,929,-1,929,728,730,-1,734,735,737,-1,736,738,929,-1,737,736,734,-1,734,736,929,-1,734,929,732,-1,732,929,730,-1,732,730,733,-1,733,730,731,-1,742,743,745,-1,744,746,929,-1,745,744,742,-1,742,744,929,-1,742,929,740,-1,740,929,738,-1,740,738,741,-1,741,738,739,-1,750,751,753,-1,752,754,929,-1,753,752,750,-1,750,752,929,-1,750,929,748,-1,748,929,746,-1,748,746,749,-1,749,746,747,-1,759,761,758,-1,758,761,929,-1,758,929,756,-1,756,929,754,-1,756,754,757,-1,757,754,755,-1,763,930,764,-1,764,930,788,-1,766,765,778,-1,778,765,787,-1,931,932,933,-1,864,934,862,-1,862,934,935,-1,862,935,860,-1,860,935,936,-1,860,936,858,-1,858,936,937,-1,858,937,856,-1,856,937,938,-1,856,938,854,-1,854,938,939,-1,854,939,851,-1,864,940,934,-1,934,940,941,-1,934,941,935,-1,935,941,942,-1,935,942,936,-1,936,942,943,-1,936,943,937,-1,937,943,933,-1,937,933,938,-1,938,933,932,-1,938,932,939,-1,864,944,945,-1,945,944,946,-1,945,946,947,-1,947,946,948,-1,947,948,949,-1,949,948,950,-1,949,950,951,-1,951,950,952,-1,951,952,953,-1,953,952,954,-1,953,954,931,-1,864,955,944,-1,944,955,956,-1,944,956,946,-1,946,956,957,-1,946,957,948,-1,948,957,958,-1,948,958,950,-1,950,958,959,-1,950,959,952,-1,952,959,960,-1,952,960,954,-1,864,961,955,-1,955,961,962,-1,955,962,956,-1,956,962,963,-1,956,963,957,-1,957,963,964,-1,957,964,958,-1,958,964,965,-1,958,965,959,-1,959,965,966,-1,959,966,960,-1,931,933,953,-1,953,933,943,-1,953,943,951,-1,951,943,942,-1,951,942,949,-1,949,942,941,-1,949,941,947,-1,947,941,940,-1,947,940,945,-1,945,940,864,-1,827,826,812,-1,800,833,851,-1,851,833,843,-1,851,843,852,-1,804,812,806,-1,806,812,810,-1,806,810,808,-1,851,827,800,-1,800,827,812,-1,800,812,801,-1,801,812,804,-1,835,837,832,-1,832,837,839,-1,832,839,833,-1,833,839,841,-1,833,841,843,-1,967,968,814,-1,967,814,969,-1,970,971,972,-1,972,971,814,-1,973,970,974,-1,974,970,972,-1,974,972,975,-1,975,972,814,-1,976,968,977,-1,977,968,967,-1,977,967,978,-1,978,967,969,-1,978,969,979,-1,980,976,981,-1,981,976,977,-1,981,977,982,-1,982,977,978,-1,982,978,983,-1,983,978,979,-1,983,979,984,-1,814,817,975,-1,975,817,819,-1,975,819,974,-1,974,819,821,-1,974,821,973,-1,973,821,823,-1,985,980,986,-1,986,980,981,-1,986,981,987,-1,987,981,982,-1,987,982,988,-1,988,982,983,-1,988,983,989,-1,989,983,984,-1,989,984,990,-1,991,985,992,-1,992,985,986,-1,992,986,993,-1,993,986,987,-1,993,987,994,-1,994,987,988,-1,994,988,995,-1,995,988,989,-1,995,989,996,-1,996,989,990,-1,996,990,825,-1,825,990,823,-1,997,991,998,-1,998,991,992,-1,998,992,999,-1,999,992,993,-1,999,993,1000,-1,1000,993,994,-1,1000,994,1001,-1,1001,994,995,-1,1001,995,1002,-1,1002,995,996,-1,1002,996,827,-1,827,996,825,-1,823,990,973,-1,973,990,984,-1,973,984,970,-1,970,984,979,-1,970,979,971,-1,971,979,969,-1,971,969,814,-1,891,892,919,-1,828,815,919,-1,919,815,814,-1,919,814,891,-1,891,814,1003,-1,758,756,477,-1,477,756,472,-1,438,738,736,-1,454,746,744,-1,899,901,911,-1,911,901,913,-1,734,732,430,-1,430,732,424,-1,901,681,913,-1,913,681,413,-1,913,413,152,-1,754,752,470,-1,470,752,464,-1,742,740,446,-1,446,740,440,-1,908,917,915,-1,909,162,845,-1,845,162,484,-1,154,477,152,-1,152,477,472,-1,152,472,913,-1,913,472,470,-1,913,470,915,-1,915,470,464,-1,915,464,462,-1,730,728,422,-1,422,728,416,-1,744,448,454,-1,454,448,915,-1,454,915,456,-1,456,915,462,-1,456,462,748,-1,748,462,750,-1,736,432,438,-1,438,432,908,-1,438,908,440,-1,440,908,915,-1,440,915,446,-1,446,915,448,-1,432,430,908,-1,908,430,424,-1,908,424,909,-1,909,424,422,-1,909,422,162,-1,162,422,416,-1,162,416,160,-1,1004,1005,909,-1,909,1005,1006,-1,1007,865,1006,-1,1006,865,842,-1,1006,842,840,-1,840,838,1006,-1,1006,838,836,-1,1006,836,834,-1,834,831,1006,-1,1006,831,830,-1,1006,830,909,-1,881,882,1008,-1,844,1008,1009,-1,1009,1008,1010,-1,1009,1010,1006,-1,1006,1010,1007,-1,844,846,1008,-1,1008,846,880,-1,1008,880,881,-1,844,1009,845,-1,845,1009,1011,-1,845,1011,1012,-1,850,848,9,-1,9,848,2,-1,847,849,25,-1,25,849,19,-1,863,865,1007,-1,1007,1010,1013,-1,863,1007,864,-1,864,1007,1013,-1,864,1013,1014,-1,884,1015,866,-1,866,1015,1016,-1,866,1016,882,-1,882,1016,1008,-1,623,248,167,-1,507,505,866,-1,216,247,214,-1,214,247,537,-1,167,166,623,-1,623,166,173,-1,623,173,174,-1,209,211,537,-1,537,211,213,-1,537,213,214,-1,519,517,882,-1,882,517,515,-1,515,513,882,-1,882,513,511,-1,882,511,866,-1,866,511,509,-1,866,509,507,-1,505,503,866,-1,866,503,501,-1,866,501,537,-1,537,501,499,-1,537,499,209,-1,174,171,623,-1,623,171,523,-1,623,523,882,-1,882,523,521,-1,882,521,519,-1,1010,1008,1013,-1,1013,1008,1016,-1,1017,1018,1019,-1,1019,1018,1020,-1,1019,1020,1021,-1,1021,1020,1022,-1,1021,1023,1019,-1,1019,1023,1024,-1,3,1,13,-1,13,1,1025,-1,1026,1027,883,-1,883,1027,1015,-1,883,1015,884,-1,1028,1015,1029,-1,1029,1015,1027,-1,1030,1020,1018,-1,482,685,686,-1,1031,1032,1030,-1,1031,1030,1033,-1,481,482,1018,-1,1018,482,686,-1,1018,686,1030,-1,1030,686,926,-1,1030,926,1033,-1,1032,1034,1030,-1,1030,1034,1035,-1,1030,1035,1036,-1,879,875,1037,-1,873,872,1038,-1,871,870,1039,-1,876,877,1040,-1,1040,877,1041,-1,1040,1041,1042,-1,1042,1041,1043,-1,1042,1043,1044,-1,1044,1043,1045,-1,1045,1043,1046,-1,1046,1043,1047,-1,1046,1047,1048,-1,1048,1047,1049,-1,1049,1047,1050,-1,1049,1050,1051,-1,1051,1050,1052,-1,1052,1050,1053,-1,1052,1053,1054,-1,1054,1053,1055,-1,1055,1053,1056,-1,1055,1056,1057,-1,1057,1056,1058,-1,1058,1056,1059,-1,1058,1059,1060,-1,607,1061,608,-1,608,1061,1062,-1,608,1062,609,-1,609,1062,1063,-1,1064,612,1065,-1,1065,612,611,-1,1065,611,610,-1,1066,614,1064,-1,1064,614,613,-1,1064,613,612,-1,1067,616,1066,-1,1066,616,615,-1,1066,615,614,-1,620,619,1039,-1,1039,619,618,-1,1039,618,1067,-1,1067,618,617,-1,1067,617,616,-1,620,1039,622,-1,622,1039,870,-1,622,870,621,-1,879,1037,878,-1,872,871,1038,-1,1038,871,1039,-1,1038,1039,1068,-1,1068,1039,1067,-1,1068,1067,1069,-1,1069,1067,1066,-1,1069,1066,1070,-1,1070,1066,1064,-1,1070,1064,1063,-1,1063,1064,1065,-1,1063,1065,609,-1,609,1065,610,-1,874,873,1071,-1,1071,873,1038,-1,1071,1038,1072,-1,1072,1038,1068,-1,1072,1068,1073,-1,1073,1068,1069,-1,1073,1069,1074,-1,1074,1069,1070,-1,1074,1070,1075,-1,1075,1070,1063,-1,1075,1063,1076,-1,1076,1063,1062,-1,1076,1062,1077,-1,1077,1062,1061,-1,875,874,1037,-1,1037,874,1071,-1,1037,1071,1078,-1,1078,1071,1072,-1,1078,1072,1079,-1,1079,1072,1073,-1,1079,1073,1080,-1,1080,1073,1074,-1,1080,1074,1081,-1,1081,1074,1075,-1,1081,1075,1082,-1,1082,1075,1076,-1,1082,1076,1083,-1,1083,1076,1077,-1,877,878,1041,-1,1041,878,1037,-1,1041,1037,1043,-1,1043,1037,1078,-1,1043,1078,1047,-1,1047,1078,1079,-1,1047,1079,1050,-1,1050,1079,1080,-1,1050,1080,1053,-1,1053,1080,1081,-1,1053,1081,1056,-1,1056,1081,1082,-1,1056,1082,1059,-1,1059,1082,1083,-1,1026,883,1060,-1,1060,883,869,-1,1060,869,1058,-1,1058,869,876,-1,1058,876,1040,-1,1040,1042,1058,-1,1058,1042,1044,-1,1058,1044,1045,-1,1054,1045,1052,-1,1052,1045,1051,-1,1054,1055,1045,-1,1045,1055,1057,-1,1045,1057,1058,-1,1051,1045,1049,-1,1049,1045,1046,-1,1049,1046,1048,-1,22,24,28,-1,28,24,885,-1,1084,1085,1086,-1,689,690,1084,-1,1084,690,483,-1,1084,483,479,-1,689,1084,927,-1,927,1084,1086,-1,927,1086,1087,-1,1087,1088,927,-1,927,1088,1089,-1,927,1089,1090,-1,1090,1089,1091,-1,1090,1091,1092,-1,1093,1094,890,-1,890,1094,1095,-1,1095,1096,890,-1,890,1096,887,-1,890,887,886,-1,1097,887,1098,-1,1098,887,1096,-1,636,887,637,-1,637,887,1099,-1,1097,1100,887,-1,887,1100,1101,-1,887,1101,1102,-1,1102,1103,887,-1,887,1103,1104,-1,887,1104,1105,-1,1105,1106,887,-1,887,1106,1107,-1,887,1107,1108,-1,1108,1109,887,-1,887,1109,1110,-1,887,1110,1099,-1,646,647,1111,-1,648,649,1112,-1,643,642,1113,-1,385,384,1114,-1,382,381,1115,-1,1115,381,372,-1,1115,372,1116,-1,1116,372,373,-1,1116,373,374,-1,1114,384,1115,-1,1115,384,383,-1,1115,383,382,-1,1117,379,1114,-1,1114,379,378,-1,1114,378,385,-1,375,370,1118,-1,1118,370,369,-1,1118,369,1117,-1,1117,369,380,-1,1117,380,379,-1,1119,1120,376,-1,376,1120,1121,-1,376,1121,377,-1,1098,1122,1097,-1,1097,1122,1123,-1,1097,1123,1100,-1,1100,1123,1124,-1,1100,1124,1101,-1,1101,1124,1102,-1,1102,1124,1103,-1,1103,1124,1125,-1,1103,1125,1104,-1,1104,1125,1126,-1,1104,1126,1105,-1,1105,1126,1106,-1,1106,1126,1127,-1,1106,1127,1107,-1,1099,1110,1113,-1,1113,1110,1109,-1,1113,1109,1127,-1,1127,1109,1108,-1,1127,1108,1107,-1,1113,642,1099,-1,1099,642,638,-1,1099,638,637,-1,646,1111,645,-1,376,375,1119,-1,1119,375,1118,-1,1119,1118,1128,-1,1128,1118,1117,-1,1128,1117,1129,-1,1129,1117,1114,-1,1129,1114,1130,-1,1130,1114,1115,-1,1130,1115,1111,-1,1111,1115,1116,-1,1111,1116,645,-1,645,1116,374,-1,645,374,396,-1,644,643,1131,-1,1131,643,1113,-1,1131,1113,1132,-1,1132,1113,1127,-1,1132,1127,1133,-1,1133,1127,1126,-1,1133,1126,1134,-1,1134,1126,1125,-1,1134,1125,1135,-1,1135,1125,1124,-1,1135,1124,1136,-1,1136,1124,1123,-1,1136,1123,1137,-1,1137,1123,1122,-1,649,644,1112,-1,1112,644,1131,-1,1112,1131,1138,-1,1138,1131,1132,-1,1138,1132,1139,-1,1139,1132,1133,-1,1139,1133,1140,-1,1140,1133,1134,-1,1140,1134,1141,-1,1141,1134,1135,-1,1141,1135,1142,-1,1142,1135,1136,-1,1142,1136,1143,-1,1143,1136,1137,-1,647,648,1111,-1,1111,648,1112,-1,1111,1112,1130,-1,1130,1112,1138,-1,1130,1138,1129,-1,1129,1138,1139,-1,1129,1139,1128,-1,1128,1139,1140,-1,1128,1140,1119,-1,1119,1140,1141,-1,1119,1141,1120,-1,1120,1141,1142,-1,1120,1142,1121,-1,1121,1142,1143,-1,663,664,894,-1,894,664,896,-1,1144,1145,1146,-1,1146,1145,1147,-1,1147,1145,1148,-1,1148,1085,1147,-1,1147,1085,1084,-1,1147,1084,1149,-1,1150,1151,1152,-1,1152,1151,1153,-1,1154,891,1155,-1,1155,891,1003,-1,1155,1003,1156,-1,1156,1003,1157,-1,1158,1159,1157,-1,1157,1159,1160,-1,1157,1160,1156,-1,1153,1151,1161,-1,1161,1151,1162,-1,1161,1162,1163,-1,1163,1162,1164,-1,1163,1164,1165,-1,1165,1164,1166,-1,1165,1166,1167,-1,1167,1166,1168,-1,1167,1168,1158,-1,1158,1168,1169,-1,1158,1169,1159,-1,1170,1171,1093,-1,1170,1093,1172,-1,890,889,891,-1,891,1154,890,-1,890,1154,1173,-1,890,1173,1093,-1,1093,1173,1174,-1,1093,1174,1175,-1,1175,1176,1093,-1,1093,1176,1177,-1,1093,1177,1172,-1,1178,1179,42,-1,659,1180,1181,-1,1181,1180,1182,-1,45,672,667,-1,661,659,666,-1,666,659,1181,-1,666,1181,667,-1,667,1181,1178,-1,667,1178,45,-1,45,1178,42,-1,665,51,48,-1,659,658,1180,-1,1180,658,1183,-1,1180,1183,48,-1,48,1183,1184,-1,48,1184,665,-1,665,1184,1185,-1,665,1185,897,-1,1186,916,917,-1,829,799,903,-1,903,799,898,-1,904,829,905,-1,905,829,903,-1,905,903,906,-1,906,903,902,-1,899,911,900,-1,900,911,902,-1,910,1186,911,-1,911,1186,917,-1,911,917,902,-1,902,917,908,-1,902,908,906,-1,906,908,907,-1,915,914,913,-1,913,914,1187,-1,913,1187,912,-1,924,921,918,-1,918,921,920,-1,681,901,923,-1,923,901,922,-1,925,777,1188,-1,1188,777,779,-1,1188,779,1189,-1,1189,779,1190,-1,1190,779,1191,-1,1191,779,782,-1,1191,782,1192,-1,1192,782,1193,-1,1193,782,781,-1,1193,781,1194,-1,1194,781,1195,-1,1195,781,780,-1,1195,780,1196,-1,1196,780,1197,-1,1197,780,775,-1,1197,775,1198,-1,1198,775,1199,-1,1199,775,770,-1,1199,770,1200,-1,1194,1195,1034,-1,1030,1036,1201,-1,1201,1036,1199,-1,1201,1199,1200,-1,1034,1195,1035,-1,1195,1196,1035,-1,1035,1196,1197,-1,1035,1197,1036,-1,1036,1197,1198,-1,1036,1198,1199,-1,1194,1034,1193,-1,1193,1034,1032,-1,1193,1032,1192,-1,1192,1032,1031,-1,1192,1031,1191,-1,1033,926,925,-1,925,1188,1033,-1,1033,1188,1189,-1,1033,1189,1031,-1,1031,1189,1190,-1,1031,1190,1191,-1,1202,1203,1204,-1,928,927,1205,-1,1205,927,1090,-1,1087,1206,1088,-1,1088,1206,1207,-1,1088,1207,1089,-1,1089,1207,1208,-1,1089,1208,1091,-1,1091,1208,1209,-1,1091,1209,1092,-1,1092,1209,1210,-1,1092,1210,1090,-1,1090,1210,1211,-1,1090,1211,1205,-1,1086,1202,1087,-1,1087,1202,1204,-1,1087,1204,1206,-1,1203,696,698,-1,1203,698,1204,-1,1204,698,700,-1,1204,700,1206,-1,1206,700,702,-1,1206,702,1207,-1,1207,702,709,-1,1207,709,1208,-1,1208,709,708,-1,1208,708,1209,-1,707,706,928,-1,928,1205,707,-1,707,1205,1211,-1,707,1211,708,-1,708,1211,1210,-1,708,1210,1209,-1,1212,711,710,-1,693,692,1212,-1,1212,710,693,-1,693,710,713,-1,693,713,694,-1,694,713,727,-1,694,727,695,-1,695,727,726,-1,695,726,697,-1,697,726,724,-1,697,724,699,-1,699,724,720,-1,699,720,701,-1,701,720,717,-1,701,717,705,-1,929,716,1213,-1,1213,716,722,-1,1213,722,1214,-1,1214,722,1215,-1,1215,722,1216,-1,1216,722,721,-1,1216,721,1217,-1,1217,721,1218,-1,1218,721,719,-1,1218,719,1219,-1,1219,719,1220,-1,1220,719,718,-1,1220,718,1221,-1,1221,718,1222,-1,1222,718,723,-1,1222,723,1223,-1,1223,723,1224,-1,1224,723,725,-1,1224,725,1225,-1,1226,930,929,-1,1226,929,1227,-1,1214,1215,1228,-1,929,1213,1227,-1,1227,1213,1214,-1,1227,1214,1229,-1,1229,1214,1228,-1,1215,1216,1228,-1,1228,1216,1217,-1,1228,1217,1230,-1,1230,1217,1218,-1,1230,1218,1231,-1,1218,1219,1231,-1,1231,1219,1220,-1,1231,1220,1232,-1,1220,1221,1232,-1,1232,1221,1222,-1,1232,1222,1233,-1,1233,1222,1223,-1,1233,1223,1224,-1,1225,1234,1224,-1,1224,1234,1235,-1,1224,1235,1233,-1,1233,1235,1236,-1,1233,1236,1237,-1,1237,785,791,-1,1237,791,1233,-1,1233,791,793,-1,1233,793,1232,-1,1232,793,795,-1,1232,795,1231,-1,1231,795,798,-1,1231,798,1230,-1,1230,798,797,-1,1230,797,1228,-1,796,788,930,-1,930,1226,796,-1,796,1226,1227,-1,796,1227,797,-1,797,1227,1229,-1,797,1229,1228,-1,1238,772,771,-1,784,783,1238,-1,1238,771,784,-1,784,771,769,-1,784,769,786,-1,786,769,768,-1,786,768,789,-1,789,768,776,-1,789,776,790,-1,790,776,774,-1,790,774,792,-1,792,774,773,-1,792,773,794,-1,794,773,778,-1,794,778,787,-1,1239,1240,1241,-1,1241,1242,965,-1,965,1242,1243,-1,965,1243,966,-1,1241,965,1239,-1,1239,965,964,-1,1239,964,1244,-1,1244,964,963,-1,1244,963,1245,-1,1245,963,1246,-1,1246,963,962,-1,1246,962,1247,-1,1247,962,1248,-1,1248,962,961,-1,1248,961,1249,-1,1249,961,1250,-1,1250,961,864,-1,1250,864,1014,-1,1251,997,998,-1,827,851,939,-1,827,939,1002,-1,1002,939,932,-1,1002,932,1001,-1,1001,932,931,-1,1001,931,1000,-1,1000,931,954,-1,1000,954,999,-1,999,954,960,-1,999,960,998,-1,966,1252,960,-1,960,1252,1253,-1,960,1253,998,-1,998,1253,1254,-1,998,1254,1251,-1,1003,814,1157,-1,1157,814,968,-1,1157,968,1158,-1,1158,968,1167,-1,1167,968,976,-1,1167,976,1165,-1,1165,976,1163,-1,1163,976,980,-1,1163,980,1161,-1,1161,980,985,-1,1161,985,1153,-1,1153,985,991,-1,1153,991,1152,-1,991,997,1255,-1,1255,1256,991,-1,991,1256,1257,-1,991,1257,1152,-1,1152,1257,1150,-1,1156,1160,1258,-1,1159,1169,1259,-1,1162,1151,1260,-1,1261,1262,1263,-1,1263,1262,1264,-1,1263,1264,1260,-1,1260,1264,1162,-1,1162,1264,1265,-1,1162,1265,1164,-1,1265,1266,1164,-1,1164,1266,1267,-1,1164,1267,1166,-1,1166,1267,1268,-1,1166,1268,1168,-1,1168,1268,1169,-1,1169,1268,1269,-1,1169,1269,1259,-1,1159,1259,1160,-1,1160,1259,1270,-1,1160,1270,1258,-1,1156,1258,1155,-1,1155,1258,1271,-1,1155,1271,1272,-1,909,845,1004,-1,1004,845,1012,-1,1005,1011,1006,-1,1006,1011,1009,-1,15,1025,5,-1,5,1025,1,-1,1273,1274,1275,-1,1276,1277,1278,-1,1278,1277,7,-1,1278,7,1275,-1,1275,7,5,-1,1275,5,1273,-1,1273,5,1,-1,1273,1,0,-1,1279,1280,32,-1,850,9,7,-1,20,19,849,-1,1277,1281,1282,-1,7,1277,850,-1,850,1277,1282,-1,850,1282,849,-1,849,1282,1279,-1,849,1279,20,-1,20,1279,32,-1,1283,1284,1273,-1,847,25,23,-1,0,2,848,-1,33,1285,1286,-1,1273,0,1283,-1,1283,0,848,-1,1283,848,1286,-1,1286,848,847,-1,1286,847,33,-1,33,847,23,-1,1287,1288,1289,-1,1289,1288,1290,-1,1289,1290,1291,-1,1291,1290,1292,-1,1291,1292,1293,-1,1293,1292,1294,-1,1293,1294,1295,-1,1295,1294,1296,-1,1295,1296,1297,-1,1297,1296,1298,-1,1297,1298,1299,-1,1299,1298,1300,-1,1299,1300,1301,-1,1300,1302,1301,-1,1301,1302,1303,-1,1301,1303,1304,-1,1304,1303,1305,-1,1304,1305,1306,-1,1307,1304,1308,-1,1308,1304,1306,-1,1308,1306,1309,-1,1309,1306,1310,-1,1309,1310,1311,-1,1014,1013,1312,-1,1250,1293,1249,-1,1249,1293,1295,-1,1249,1295,1248,-1,1312,1287,1014,-1,1014,1287,1289,-1,1014,1289,1250,-1,1250,1289,1291,-1,1250,1291,1293,-1,1240,1239,1307,-1,1307,1239,1244,-1,1307,1244,1304,-1,1304,1244,1245,-1,1304,1245,1301,-1,1245,1246,1301,-1,1301,1246,1247,-1,1301,1247,1299,-1,1299,1247,1248,-1,1299,1248,1297,-1,1297,1248,1295,-1,1313,1015,1028,-1,1313,1312,1015,-1,1015,1312,1013,-1,1015,1013,1016,-1,1028,1314,1315,-1,1315,1316,1028,-1,1028,1316,1317,-1,1028,1317,1318,-1,1318,1319,1028,-1,1028,1319,1320,-1,1028,1320,1313,-1,1148,1145,1321,-1,1321,1145,1144,-1,1321,1144,1322,-1,1323,1023,1324,-1,1324,1023,1021,-1,1324,1021,1022,-1,1325,1017,1024,-1,1024,1017,1019,-1,1084,1326,1149,-1,1149,1326,1327,-1,479,371,377,-1,1328,896,1094,-1,1094,896,897,-1,1094,897,1185,-1,895,894,479,-1,654,656,1329,-1,1185,1330,1094,-1,1094,1330,1331,-1,1094,1331,1095,-1,1095,1331,1096,-1,1098,1096,1332,-1,1332,1096,1333,-1,895,479,1334,-1,1334,479,377,-1,1334,377,1331,-1,1331,377,1096,-1,1096,377,1335,-1,1096,1335,1336,-1,1336,1337,1096,-1,1096,1337,1338,-1,1096,1338,1333,-1,1084,479,1326,-1,1326,479,894,-1,1326,894,1329,-1,1329,894,896,-1,1329,896,654,-1,654,896,1328,-1,654,1328,38,-1,38,1328,1149,-1,38,1149,39,-1,39,1149,1327,-1,39,1327,893,-1,1149,1328,1147,-1,1147,1328,1146,-1,1154,1155,1173,-1,1173,1155,1272,-1,1339,1340,1341,-1,1264,1262,1342,-1,1343,1344,1345,-1,1266,1265,1346,-1,1268,1267,1347,-1,1259,1269,1348,-1,1258,1270,1349,-1,1350,1351,1272,-1,1350,1272,1352,-1,1353,1352,1272,-1,1354,1353,1272,-1,1355,1354,1272,-1,1356,1355,1272,-1,1271,1356,1272,-1,1271,1258,1356,-1,1356,1258,1349,-1,1356,1349,1355,-1,1355,1349,1357,-1,1355,1357,1354,-1,1354,1357,1358,-1,1354,1358,1353,-1,1353,1358,1359,-1,1353,1359,1352,-1,1352,1359,1360,-1,1352,1360,1350,-1,1350,1360,1361,-1,1362,1363,1364,-1,1364,1363,1361,-1,1364,1361,1365,-1,1365,1361,1360,-1,1365,1360,1366,-1,1366,1360,1359,-1,1366,1359,1367,-1,1367,1359,1358,-1,1367,1358,1368,-1,1368,1358,1357,-1,1368,1357,1348,-1,1348,1357,1349,-1,1348,1349,1259,-1,1259,1349,1270,-1,1363,1369,1361,-1,1361,1369,1370,-1,1361,1370,1350,-1,1350,1370,1371,-1,1350,1371,1351,-1,1344,1362,1345,-1,1345,1362,1364,-1,1345,1364,1372,-1,1372,1364,1365,-1,1372,1365,1373,-1,1373,1365,1366,-1,1373,1366,1374,-1,1374,1366,1367,-1,1374,1367,1375,-1,1375,1367,1368,-1,1375,1368,1347,-1,1347,1368,1348,-1,1347,1348,1268,-1,1268,1348,1269,-1,1340,1343,1341,-1,1341,1343,1345,-1,1341,1345,1376,-1,1376,1345,1372,-1,1376,1372,1377,-1,1377,1372,1373,-1,1377,1373,1378,-1,1378,1373,1374,-1,1378,1374,1379,-1,1379,1374,1375,-1,1379,1375,1346,-1,1346,1375,1347,-1,1346,1347,1266,-1,1266,1347,1267,-1,1380,1339,1381,-1,1381,1339,1341,-1,1381,1341,1382,-1,1382,1341,1376,-1,1382,1376,1383,-1,1383,1376,1377,-1,1383,1377,1384,-1,1384,1377,1378,-1,1384,1378,1385,-1,1385,1378,1379,-1,1385,1379,1342,-1,1342,1379,1346,-1,1342,1346,1264,-1,1264,1346,1265,-1,1386,1380,1387,-1,1387,1380,1381,-1,1387,1381,1388,-1,1388,1381,1382,-1,1388,1382,1389,-1,1389,1382,1383,-1,1389,1383,1390,-1,1390,1383,1384,-1,1390,1384,1391,-1,1391,1384,1385,-1,1391,1385,1392,-1,1392,1385,1342,-1,1392,1342,1261,-1,1261,1342,1262,-1,1393,1394,1395,-1,1085,1148,1321,-1,1321,1396,35,-1,35,1396,54,-1,35,34,1321,-1,1321,34,43,-1,1321,43,1085,-1,1085,43,42,-1,1085,42,1086,-1,1086,42,1179,-1,1086,1179,1202,-1,691,696,1203,-1,1180,48,1397,-1,1397,48,47,-1,1397,47,1396,-1,1396,47,1398,-1,1396,1398,54,-1,914,916,1399,-1,1399,916,1400,-1,910,912,1401,-1,1401,912,1402,-1,1285,33,1309,-1,1309,33,32,-1,1309,32,1308,-1,1200,770,772,-1,1201,1200,1280,-1,1280,1200,32,-1,32,1200,772,-1,32,772,1308,-1,1284,1403,1404,-1,1284,1404,1273,-1,1276,1020,1277,-1,1277,1020,1030,-1,1277,1030,1281,-1,1281,1030,1201,-1,1281,1201,1405,-1,1405,1201,1280,-1,1276,1274,1020,-1,1020,1274,1324,-1,1020,1324,1022,-1,1406,1407,1323,-1,1274,1273,1324,-1,1324,1273,1404,-1,1324,1404,1323,-1,1323,1404,1408,-1,1323,1408,1406,-1,1407,1406,1322,-1,1322,1406,1409,-1,1322,1409,1321,-1,1179,1410,1202,-1,1202,1410,1182,-1,1202,1182,1203,-1,1203,1182,1180,-1,1203,1180,691,-1,691,1180,1397,-1,691,1397,692,-1,692,1397,1263,-1,692,1263,1260,-1,725,712,1225,-1,1225,712,1411,-1,1225,1411,1234,-1,1237,1236,1412,-1,1412,1236,1235,-1,1412,1235,1413,-1,1413,1235,1234,-1,1413,1234,1414,-1,1414,1234,1411,-1,772,1238,1308,-1,1308,1238,783,-1,1308,783,1307,-1,1307,783,1240,-1,1412,1241,1237,-1,1237,1241,1240,-1,1237,1240,785,-1,785,1240,783,-1,1005,1242,1011,-1,1011,1242,1241,-1,1011,1241,1012,-1,1012,1241,1412,-1,1012,1412,1004,-1,1005,1004,1242,-1,1242,1004,1415,-1,1242,1415,1243,-1,912,1187,1402,-1,1402,1187,914,-1,1402,914,1415,-1,1415,914,1399,-1,1415,1399,1243,-1,1243,1399,966,-1,1255,1394,1256,-1,1256,1394,1393,-1,1256,1393,1257,-1,1257,1393,1411,-1,1257,1411,1150,-1,1150,1411,712,-1,1150,712,1151,-1,1151,712,711,-1,1151,711,1260,-1,1260,711,1212,-1,1260,1212,692,-1,1321,1409,1396,-1,1396,1409,1416,-1,1396,1416,1397,-1,1397,1416,1261,-1,1397,1261,1263,-1,1393,921,1411,-1,1411,921,924,-1,1411,924,1414,-1,1414,924,923,-1,916,1186,1400,-1,1400,1186,910,-1,1400,910,1395,-1,1395,910,1401,-1,1395,1401,1393,-1,1393,1401,922,-1,1393,922,921,-1,1004,1412,1415,-1,1415,1412,1413,-1,1415,1413,1402,-1,1402,1413,1414,-1,1402,1414,1401,-1,1401,1414,923,-1,1401,923,922,-1,966,1399,1252,-1,1252,1399,1400,-1,1252,1400,1253,-1,1253,1400,1395,-1,1253,1395,1254,-1,1254,1395,1394,-1,1254,1394,1251,-1,1251,1394,1255,-1,1251,1255,997,-1,1403,1285,1404,-1,1404,1285,1309,-1,1404,1309,1408,-1,1408,1309,1311,-1,1288,1417,1418,-1,1419,1417,1288,-1,1420,1419,1288,-1,1288,1421,1290,-1,1422,1311,1310,-1,1423,1424,1425,-1,1426,1423,1427,-1,1428,1426,1429,-1,1430,1431,1432,-1,1432,1431,1428,-1,1422,1310,1433,-1,1433,1310,1306,-1,1433,1306,1434,-1,1306,1305,1434,-1,1434,1305,1303,-1,1434,1303,1435,-1,1436,1437,1438,-1,1438,1439,1436,-1,1436,1439,1440,-1,1436,1440,1432,-1,1432,1440,1441,-1,1432,1441,1430,-1,1303,1302,1435,-1,1435,1302,1300,-1,1435,1300,1442,-1,1442,1300,1298,-1,1442,1298,1443,-1,1426,1427,1429,-1,1429,1427,1444,-1,1429,1444,1445,-1,1445,1444,1446,-1,1445,1446,1447,-1,1447,1446,1448,-1,1447,1448,1449,-1,1449,1448,1450,-1,1449,1450,1451,-1,1428,1429,1432,-1,1432,1429,1445,-1,1432,1445,1436,-1,1436,1445,1447,-1,1436,1447,1437,-1,1437,1447,1449,-1,1437,1449,1452,-1,1452,1449,1451,-1,1452,1451,1453,-1,1454,1455,1453,-1,1453,1455,1456,-1,1453,1456,1452,-1,1452,1456,1457,-1,1452,1457,1437,-1,1437,1457,1458,-1,1437,1458,1438,-1,1298,1296,1443,-1,1443,1296,1294,-1,1443,1294,1421,-1,1421,1294,1292,-1,1421,1292,1290,-1,1288,1459,1421,-1,1421,1459,1460,-1,1421,1460,1443,-1,1443,1460,1461,-1,1443,1461,1442,-1,1442,1461,1462,-1,1442,1462,1435,-1,1435,1462,1463,-1,1435,1463,1434,-1,1434,1463,1464,-1,1434,1464,1433,-1,1433,1464,1465,-1,1433,1465,1422,-1,1288,1466,1459,-1,1459,1466,1467,-1,1459,1467,1460,-1,1460,1467,1468,-1,1460,1468,1461,-1,1461,1468,1469,-1,1461,1469,1462,-1,1462,1469,1470,-1,1462,1470,1463,-1,1463,1470,1425,-1,1463,1425,1464,-1,1464,1425,1424,-1,1464,1424,1465,-1,1420,1454,1419,-1,1419,1454,1453,-1,1419,1453,1417,-1,1417,1453,1451,-1,1417,1451,1418,-1,1418,1451,1450,-1,1423,1425,1427,-1,1427,1425,1470,-1,1427,1470,1444,-1,1444,1470,1469,-1,1444,1469,1446,-1,1446,1469,1468,-1,1446,1468,1448,-1,1448,1468,1467,-1,1448,1467,1450,-1,1450,1467,1466,-1,1450,1466,1418,-1,1418,1466,1288,-1,1313,1288,1312,-1,1312,1288,1287,-1,1144,1146,1328,-1,1325,1471,1472,-1,1473,1474,1028,-1,1473,1028,1472,-1,1472,1028,1029,-1,1472,1029,1325,-1,1475,1476,1093,-1,1093,1476,1471,-1,1093,1471,1094,-1,1094,1471,1328,-1,1325,1024,1023,-1,1023,1323,1407,-1,1471,1325,1328,-1,1328,1325,1023,-1,1328,1023,1144,-1,1144,1023,1407,-1,1144,1407,1322,-1,1380,1386,1170,-1,1380,1170,1339,-1,1339,1170,1172,-1,1339,1172,1340,-1,1340,1172,1343,-1,1343,1172,1177,-1,1343,1177,1344,-1,1344,1177,1362,-1,1362,1177,1176,-1,1362,1176,1363,-1,1363,1176,1175,-1,1363,1175,1369,-1,1369,1175,1370,-1,1370,1175,1174,-1,1370,1174,1371,-1,1371,1174,1351,-1,1351,1174,1173,-1,1351,1173,1272,-1,1408,1311,1422,-1,1431,1386,1387,-1,1261,1416,1392,-1,1392,1416,1409,-1,1392,1409,1406,-1,1431,1387,1428,-1,1428,1387,1388,-1,1428,1388,1426,-1,1426,1388,1389,-1,1426,1389,1423,-1,1423,1389,1390,-1,1423,1390,1424,-1,1424,1390,1391,-1,1424,1391,1465,-1,1465,1391,1392,-1,1465,1392,1422,-1,1422,1392,1406,-1,1422,1406,1408,-1,1420,1288,1313,-1,1420,1313,1454,-1,1454,1313,1320,-1,1454,1320,1455,-1,1455,1320,1456,-1,1456,1320,1319,-1,1456,1319,1457,-1,1457,1319,1458,-1,1458,1319,1318,-1,1458,1318,1438,-1,1438,1318,1317,-1,1438,1317,1439,-1,1439,1317,1440,-1,1440,1317,1316,-1,1440,1316,1441,-1,1441,1316,1430,-1,1430,1316,1315,-1,1430,1315,1431,-1,1314,1028,1477,-1,1477,1028,1474,-1,1474,1473,1477,-1,1477,1473,1478,-1,1478,1473,1479,-1,1479,1473,1472,-1,1479,1472,1480,-1,1480,1472,1471,-1,1476,1481,1471,-1,1471,1481,1480,-1,1482,1481,1475,-1,1475,1481,1476,-1,1482,1475,1171,-1,1171,1475,1093,-1,1386,1431,1315,-1,1477,1478,1314,-1,1314,1478,1479,-1,1171,1170,1386,-1,1481,1482,1480,-1,1480,1482,1171,-1,1480,1171,1479,-1,1479,1171,1386,-1,1479,1386,1314,-1,1314,1386,1315,-1,
        ]
    }
}
Shape{
    appearance Appearance {
        material  Material 	{
            diffuseColor 0.0 1.0 0.0
            specularColor 0.0 0.5019607843137255 0.0
            ambientIntensity 0.2
            transparency 0
            shininess 0.5
        }
    }
    geometry IndexedFaceSet {
        ccw TRUE
        solid FALSE
        coord DEF co Coordinate {
            point [
                -2.3963 4.8682 2.1479, -2.3963 4.8682 2.1676, -1.9577 4.8682 2.1479, -1.5157 4.8682 2.1676, -1.5157 4.8682 2.1479, -1.3976 4.7501 2.1676, -1.3976 4.1989 2.1676, -1.3976 4.7501 2.1479, -1.3976 4.1989 2.1479, -1.5157 4.0808 2.1479, -1.5157 4.0808 2.1676, -1.9577 4.0808 2.1479, -2.3963 4.0808 2.1676, -2.3963 4.0808 2.1479, -2.4226 4.0837 2.1676, -2.3963 4.0808 1.7739, -2.4226 4.0837 1.7739, -2.4476 4.0925 2.1676, -2.4476 4.0925 1.7739, -2.47 4.1065 2.1676, -2.47 4.1065 1.7739, -2.4887 4.1252 2.1676, -2.4887 4.1252 1.7739, -2.5028 4.1476 2.1676, -2.5028 4.1476 1.7739, -2.5115 4.1726 2.1676, -2.5115 4.1726 1.7739, -2.5145 4.1989 2.1676, -2.5145 4.1989 1.7739, -2.5145 4.3741 1.7739, -2.5145 4.7501 2.1676, -2.5145 4.5709 1.7739, -2.5145 4.7501 1.7739, -2.5115 4.7763 2.1676, -2.4226 4.8652 2.1676, -2.5115 4.7763 1.7739, -2.5028 4.8013 2.1676, -2.5028 4.8013 1.7739, -2.4887 4.8237 2.1676, -2.4887 4.8237 1.7739, -2.47 4.8424 2.1676, -2.47 4.8424 1.7739, -2.4476 4.8565 2.1676, -2.4476 4.8565 1.7739, -2.4226 4.8652 1.7739, -2.3963 4.8682 1.7739, -1.4895 4.8652 2.1676, -1.5157 4.8682 1.7739, -1.4006 4.7763 2.1676, -1.4895 4.8652 1.7739, -1.4645 4.8565 2.1676, -1.4645 4.8565 1.7739, -1.4421 4.8424 2.1676, -1.4421 4.8424 1.7739, -1.4234 4.8237 2.1676, -1.4234 4.8237 1.7739, -1.4093 4.8013 2.1676, -1.4093 4.8013 1.7739, -1.4006 4.7763 1.7739, -1.3976 4.7501 1.7739, -1.4006 4.1726 2.1676, -1.3976 4.1989 1.7739, -1.4895 4.0837 2.1676, -1.4006 4.1726 1.7739, -1.4093 4.1476 2.1676, -1.4093 4.1476 1.7739, -1.4234 4.1252 2.1676, -1.4234 4.1252 1.7739, -1.4421 4.1065 2.1676, -1.4421 4.1065 1.7739, -1.4645 4.0925 2.1676, -1.4645 4.0925 1.7739, -1.4895 4.0837 1.7739, -1.5157 4.0808 1.7739, -2.4213 4.5709 1.7739, -1.6339 4.5709 1.7739, -2.4213 4.3741 1.7739, -1.6339 4.3741 1.7739, -1.437 4.5709 1.7739, -1.437 4.3741 1.7739, -1.437 4.3741 1.7739
            ]
        }
        coordIndex [
            0,1,2,-1,2,1,3,-1,2,3,4,-1,5,6,7,-1,7,6,8,-1,9,10,11,-1,11,10,12,-1,11,12,13,-1,13,12,14,-1,13,14,15,-1,15,14,16,-1,16,14,17,-1,16,17,18,-1,18,17,19,-1,18,19,20,-1,20,19,21,-1,20,21,22,-1,22,21,23,-1,22,23,24,-1,24,23,25,-1,24,25,26,-1,26,25,27,-1,26,27,28,-1,28,27,29,-1,29,27,30,-1,29,30,31,-1,31,30,32,-1,32,30,33,-1,34,1,0,-1,32,33,35,-1,35,33,36,-1,35,36,37,-1,37,36,38,-1,37,38,39,-1,39,38,40,-1,39,40,41,-1,41,40,42,-1,41,42,43,-1,43,42,34,-1,43,34,44,-1,44,34,0,-1,44,0,45,-1,4,3,46,-1,4,46,47,-1,48,5,7,-1,47,46,49,-1,49,46,50,-1,49,50,51,-1,51,50,52,-1,51,52,53,-1,53,52,54,-1,53,54,55,-1,55,54,56,-1,55,56,57,-1,57,56,48,-1,57,48,58,-1,58,48,7,-1,58,7,59,-1,8,6,60,-1,8,60,61,-1,62,10,9,-1,61,60,63,-1,63,60,64,-1,63,64,65,-1,65,64,66,-1,65,66,67,-1,67,66,68,-1,67,68,69,-1,69,68,70,-1,69,70,71,-1,71,70,62,-1,71,62,72,-1,72,62,9,-1,72,9,73,-1,74,75,76,-1,76,75,77,-1,73,15,28,-1,28,15,16,-1,28,16,18,-1,31,32,44,-1,71,72,77,-1,77,72,73,-1,77,73,76,-1,76,73,28,-1,76,28,29,-1,58,59,78,-1,78,59,61,-1,78,61,79,-1,18,20,22,-1,47,78,45,-1,45,78,75,-1,45,75,44,-1,44,75,74,-1,44,74,31,-1,37,39,35,-1,35,39,41,-1,35,41,32,-1,32,41,43,-1,32,43,44,-1,22,24,18,-1,18,24,26,-1,18,26,28,-1,79,61,77,-1,77,61,63,-1,77,63,65,-1,65,67,77,-1,77,67,69,-1,77,69,71,-1,47,49,78,-1,78,49,51,-1,78,51,53,-1,53,55,78,-1,78,55,57,-1,78,57,58,-1,14,12,27,-1,27,12,6,-1,27,6,30,-1,30,6,5,-1,48,56,54,-1,50,46,5,-1,5,46,3,-1,5,3,30,-1,30,3,1,-1,48,54,5,-1,5,54,52,-1,5,52,50,-1,1,34,30,-1,30,34,42,-1,30,42,40,-1,23,21,25,-1,25,21,19,-1,25,19,27,-1,27,19,17,-1,27,17,14,-1,64,62,66,-1,66,62,70,-1,66,70,68,-1,40,38,30,-1,30,38,36,-1,30,36,33,-1,12,10,6,-1,6,10,62,-1,6,62,60,-1,60,62,64,-1,
        ]
    }
}
Shape{
    appearance Appearance {
        material  Material 	{
            diffuseColor 1.0 1.0 0.0
            specularColor 0.5019607843137255 0.5019607843137255 0.0
            ambientIntensity 0.2
            transparency 0
            shininess 0.5
        }
    }
    geometry IndexedFaceSet {
        ccw TRUE
        solid FALSE
        coord DEF co Coordinate {
            point [
                2.3963 4.0808 2.1479, 2.3963 4.0808 2.1676, 1.9577 4.0808 2.1479, 1.5157 4.0808 2.1676, 1.5157 4.0808 2.1479, 1.3976 4.1989 2.1479, 1.3976 4.1989 2.1676, 1.3976 4.7501 2.1479, 1.3976 4.7501 2.1676, 1.5157 4.8682 2.1479, 1.5157 4.8682 2.1676, 1.9577 4.8682 2.1479, 2.3963 4.8682 2.1676, 2.3963 4.8682 2.1479, 2.5145 4.1989 1.7739, 2.5145 4.1989 2.1676, 2.5115 4.1726 2.1676, 2.4226 4.0837 2.1676, 2.5115 4.1726 1.7739, 2.5028 4.1476 2.1676, 2.5028 4.1476 1.7739, 2.4887 4.1252 2.1676, 2.4887 4.1252 1.7739, 2.47 4.1065 2.1676, 2.47 4.1065 1.7739, 2.4476 4.0925 2.1676, 2.4476 4.0925 1.7739, 2.4226 4.0837 1.7739, 2.3963 4.0808 1.7739, 1.4895 4.0837 2.1676, 1.5157 4.0808 1.7739, 1.4006 4.1726 2.1676, 1.4895 4.0837 1.7739, 1.4645 4.0925 2.1676, 1.4645 4.0925 1.7739, 1.4421 4.1065 2.1676, 1.4421 4.1065 1.7739, 1.4234 4.1252 2.1676, 1.4234 4.1252 1.7739, 1.4093 4.1476 2.1676, 1.4093 4.1476 1.7739, 1.4006 4.1726 1.7739, 1.3976 4.1989 1.7739, 1.4006 4.7763 2.1676, 1.3976 4.7501 1.7739, 1.4895 4.8652 2.1676, 1.4006 4.7763 1.7739, 1.4093 4.8013 2.1676, 1.4093 4.8013 1.7739, 1.4234 4.8237 2.1676, 1.4234 4.8237 1.7739, 1.4421 4.8424 2.1676, 1.4421 4.8424 1.7739, 1.4645 4.8565 2.1676, 1.4645 4.8565 1.7739, 1.4895 4.8652 1.7739, 1.5157 4.8682 1.7739, 2.4226 4.8652 2.1676, 2.3963 4.8682 1.7739, 2.4226 4.8652 1.7739, 2.4476 4.8565 2.1676, 2.4476 4.8565 1.7739, 2.47 4.8424 2.1676, 2.47 4.8424 1.7739, 2.4887 4.8237 2.1676, 2.4887 4.8237 1.7739, 2.5028 4.8013 2.1676, 2.5028 4.8013 1.7739, 2.5115 4.7763 2.1676, 2.5115 4.7763 1.7739, 2.5145 4.7501 2.1676, 2.5145 4.7501 1.7739, 2.5145 4.5709 1.7739, 2.5145 4.3741 1.7739, 2.5145 4.3741 1.7739
            ]
        }
        coordIndex [
            0,1,2,-1,2,1,3,-1,2,3,4,-1,5,6,7,-1,7,6,8,-1,9,10,11,-1,11,10,12,-1,11,12,13,-1,14,15,16,-1,17,1,0,-1,14,16,18,-1,18,16,19,-1,18,19,20,-1,20,19,21,-1,20,21,22,-1,22,21,23,-1,22,23,24,-1,24,23,25,-1,24,25,26,-1,26,25,17,-1,26,17,27,-1,27,17,0,-1,27,0,28,-1,4,3,29,-1,4,29,30,-1,31,6,5,-1,30,29,32,-1,32,29,33,-1,32,33,34,-1,34,33,35,-1,34,35,36,-1,36,35,37,-1,36,37,38,-1,38,37,39,-1,38,39,40,-1,40,39,31,-1,40,31,41,-1,41,31,5,-1,41,5,42,-1,7,8,43,-1,7,43,44,-1,45,10,9,-1,44,43,46,-1,46,43,47,-1,46,47,48,-1,48,47,49,-1,48,49,50,-1,50,49,51,-1,50,51,52,-1,52,51,53,-1,52,53,54,-1,54,53,45,-1,54,45,55,-1,55,45,9,-1,55,9,56,-1,13,12,57,-1,13,57,58,-1,58,57,59,-1,59,57,60,-1,59,60,61,-1,61,60,62,-1,61,62,63,-1,63,62,64,-1,63,64,65,-1,65,64,66,-1,65,66,67,-1,67,66,68,-1,67,68,69,-1,69,68,70,-1,69,70,71,-1,71,70,72,-1,72,70,15,-1,72,15,73,-1,73,15,14,-1,3,1,15,-1,68,12,70,-1,70,12,8,-1,70,8,15,-1,15,8,6,-1,15,6,3,-1,35,33,6,-1,6,33,29,-1,6,29,3,-1,35,6,37,-1,37,6,31,-1,37,31,39,-1,1,17,15,-1,15,17,25,-1,15,25,23,-1,23,21,15,-1,15,21,19,-1,15,19,16,-1,62,68,64,-1,64,68,66,-1,62,60,68,-1,68,60,57,-1,68,57,12,-1,47,45,49,-1,49,45,53,-1,49,53,51,-1,12,10,8,-1,8,10,45,-1,8,45,43,-1,43,45,47,-1,
        ]
    }
}
Shape{
    appearance Appearance {
        material  Material 	{
            diffuseColor 0.7529411764705882 0.7529411764705882 0.7529411764705882
            specularColor 0.3764705882352941 0.3764705882352941 0.3764705882352941
            ambientIntensity 0.2
            transparency 0
            shininess 0.5
        }
    }
    geometry IndexedFaceSet {
        ccw TRUE
        solid FALSE
        coord DEF co Coordinate {
            point [
                2.6181 4.3741 -3.5608, 2.6181 4.3741 -5.234, 2.6181 4.5709 -3.5608, 2.6181 4.5709 -5.234, 2.5145 4.5709 1.7739, 2.5145 4.3741 1.7739, 2.5787 4.5709 1.7739, 2.5787 4.3741 1.7739, 2.4213 4.376 -2.5765, 2.4213 4.3741 -2.5765, 2.4213 4.3741 1.7739, 2.4213 4.5709 -5.234, 2.4213 4.3741 -5.234, 2.4213 4.3741 -3.5608, 2.4213 4.376 -3.5608, 2.4213 4.5709 1.7739, 2.5787 4.3741 -2.5765, 2.5787 4.5709 -3.5608, 1.6339 4.3741 -3.5608, 1.6339 4.3741 -5.234, 1.6339 4.5709 -3.5608, 1.6339 4.5709 -5.234, 1.6339 4.5709 -2.5765, 1.6339 4.5709 1.7739, 1.6339 4.3741 -2.5765, 1.6339 4.3741 1.7739, 1.437 4.3741 -3.5608, 1.437 4.3741 -5.234, 1.437 4.3741 -2.5765, 1.437 4.3741 1.7739, 1.5945 4.5709 -3.5608, 1.437 4.5709 -5.234, 1.5945 4.5709 -2.5765, 1.437 4.5709 1.7739, 1.437 4.376 -2.5765, 1.437 4.376 -3.5608, -2.6181 4.5709 -5.234, -2.6181 4.3741 -5.234, -2.6181 4.5709 -3.5608, -2.6181 4.3741 -3.5608, -2.4213 4.3741 -3.5608, -2.4213 4.3741 -5.234, -2.4213 4.376 -3.5608, -2.4213 4.5709 -5.234, -2.4213 4.376 -2.5765, -2.4213 4.5709 1.7739, -2.4213 4.3741 -2.5765, -2.4213 4.3741 1.7739, -2.5787 4.3741 1.7739, -2.5787 4.3741 -2.5765, -2.5145 4.3741 1.7739, -2.5787 4.5709 -3.5608, -2.5787 4.5709 1.7739, -2.5145 4.5709 1.7739, -1.437 4.3741 -3.5608, -1.437 4.3741 -5.234, -1.437 4.376 -3.5608, -1.437 4.5709 -5.234, -1.437 4.376 -2.5765, -1.437 4.5709 1.7739, -1.437 4.3741 -2.5765, -1.437 4.3741 1.7739, -1.6339 4.3741 1.7739, -1.6339 4.3741 -2.5765, -1.6339 4.3741 -5.234, -1.6339 4.3741 -3.5608, -1.6339 4.5709 1.7739, -1.6339 4.5709 -2.5765, -1.6339 4.5709 -5.234, -1.6339 4.5709 -3.5608, -1.5945 4.5709 -2.5765, -1.5945 4.5709 -3.5608, -1.5945 4.5709 -3.5608
            ]
        }
        coordIndex [
            0,1,2,-1,2,1,3,-1,4,5,6,-1,6,5,7,-1,8,9,10,-1,11,12,13,-1,13,14,11,-1,11,14,8,-1,11,8,15,-1,15,8,10,-1,10,9,5,-1,5,9,16,-1,5,16,7,-1,13,12,0,-1,0,12,1,-1,2,3,17,-1,17,3,11,-1,11,15,17,-1,17,15,4,-1,17,4,6,-1,3,1,11,-1,11,1,12,-1,18,19,20,-1,20,19,21,-1,22,23,24,-1,24,23,25,-1,26,27,18,-1,18,27,19,-1,24,25,28,-1,28,25,29,-1,20,21,30,-1,30,21,31,-1,30,31,32,-1,32,31,33,-1,32,33,22,-1,22,33,23,-1,34,28,29,-1,31,27,26,-1,26,35,31,-1,31,35,34,-1,31,34,33,-1,33,34,29,-1,21,19,31,-1,31,19,27,-1,36,37,38,-1,38,37,39,-1,40,41,42,-1,42,41,43,-1,42,43,44,-1,44,43,45,-1,44,45,46,-1,46,45,47,-1,48,49,50,-1,50,49,46,-1,50,46,47,-1,37,41,39,-1,39,41,40,-1,51,52,53,-1,53,45,51,-1,51,45,43,-1,51,43,38,-1,38,43,36,-1,37,36,41,-1,41,36,43,-1,50,53,48,-1,48,53,52,-1,54,55,56,-1,56,55,57,-1,56,57,58,-1,58,57,59,-1,58,59,60,-1,60,59,61,-1,61,62,60,-1,60,62,63,-1,64,55,65,-1,65,55,54,-1,62,66,63,-1,63,66,67,-1,68,64,69,-1,69,64,65,-1,70,67,66,-1,57,68,69,-1,69,71,57,-1,57,71,70,-1,57,70,59,-1,59,70,66,-1,64,68,55,-1,55,68,57,-1,
        ]
    }
}