#VRML V2.0 utf8
# 3D model generated by easyeda2kicad.py (https://github.com/uPesy/easyeda2kicad.py)

Shape{
    appearance Appearance {
        material  Material 	{
            diffuseColor 0.2235294117647059 0.2235294117647059 0.2235294117647059
            specularColor 0.11372549019607843 0.11372549019607843 0.11372549019607843
            ambientIntensity 0.2235
            transparency 0.0
            shininess 0.5
        }
    }
    geometry IndexedFaceSet {
        ccw TRUE
        solid FALSE
        coord DEF co Coordinate {
            point [
                1.0433 -0.8467 1.437, 1.0433 -0.8467 1.3583, 1.0395 -0.8082 1.437, 1.0366 -0.7957 1.3583, 1.0358 -0.7959 1.437, 1.0283 -0.7713 1.437, 1.0169 -0.7482 1.3583, 1.0162 -0.7486 1.437, 1.0101 -0.7373 1.437, 0.9857 -0.7075 1.3583, 0.9857 -0.7075 1.437, 0.9558 -0.683 1.437, 0.9449 -0.6762 1.3583, 0.9445 -0.6769 1.437, 0.9218 -0.6648 1.437, 0.8974 -0.6565 1.3583, 0.8972 -0.6573 1.437, 0.8849 -0.6536 1.437, 0.8465 -0.6498 1.3583, 0.8465 -0.6498 1.437, 0.8081 -0.6536 1.437, 0.7955 -0.6565 1.3583, 0.7958 -0.6573 1.437, 0.7711 -0.6648 1.437, 0.748 -0.6762 1.3583, 0.7484 -0.6769 1.437, 0.7371 -0.683 1.437, 0.7073 -0.7075 1.3583, 0.7073 -0.7075 1.437, 0.6828 -0.7373 1.437, 0.676 -0.7482 1.3583, 0.6767 -0.7486 1.437, 0.6646 -0.7713 1.437, 0.6563 -0.7957 1.3583, 0.6571 -0.7959 1.437, 0.6534 -0.8082 1.437, 0.6496 -0.8467 1.3583, 0.6496 -0.8467 1.437, 0.6534 -0.8851 1.437, 0.6563 -0.8976 1.3583, 0.6571 -0.8974 1.437, 0.6646 -0.922 1.437, 0.676 -0.9451 1.3583, 0.6767 -0.9447 1.437, 0.6828 -0.956 1.437, 0.7073 -0.9858 1.3583, 0.7073 -0.9858 1.437, 0.7371 -1.0103 1.437, 0.748 -1.0171 1.3583, 0.7484 -1.0164 1.437, 0.7711 -1.0285 1.437, 0.7955 -1.0368 1.3583, 0.7958 -1.036 1.437, 0.8081 -1.0397 1.437, 0.8465 -1.0435 1.3583, 0.8465 -1.0435 1.437, 0.8849 -1.0397 1.437, 0.8974 -1.0368 1.3583, 0.8972 -1.036 1.437, 0.9218 -1.0285 1.437, 0.9449 -1.0171 1.3583, 0.9445 -1.0164 1.437, 0.9558 -1.0103 1.437, 0.9857 -0.9858 1.3583, 0.9857 -0.9858 1.437, 1.0101 -0.956 1.437, 1.0169 -0.9451 1.3583, 1.0162 -0.9447 1.437, 1.0283 -0.922 1.437, 1.0366 -0.8976 1.3583, 1.0358 -0.8974 1.437, 1.0395 -0.8851 1.437, 0.7283 -0.8467 1.5157, 0.708 -0.8467 1.5131, 0.7106 -0.8737 1.5131, 0.689 -0.8467 1.5052, 0.692 -0.8774 1.5052, 0.6727 -0.8467 1.4927, 0.676 -0.8806 1.4927, 0.6602 -0.8467 1.4764, 0.6637 -0.883 1.4764, 0.6523 -0.8467 1.4574, 0.656 -0.8845 1.4574, 0.685 -0.9545 1.4574, 0.6671 -0.921 1.4574, 0.7092 -0.984 1.4574, 0.7386 -1.0081 1.4574, 0.7722 -1.026 1.4574, 0.8086 -1.0371 1.4574, 0.8465 -1.0408 1.4574, 0.8843 -1.0371 1.4574, 0.9208 -1.026 1.4574, 0.9543 -1.0081 1.4574, 0.9838 -0.984 1.4574, 1.0079 -0.9545 1.4574, 1.0258 -0.921 1.4574, 1.0369 -0.8845 1.4574, 1.0406 -0.8467 1.4574, 0.6743 -0.9179 1.4764, 0.6916 -0.9502 1.4764, 0.7147 -0.9784 1.4764, 0.743 -1.0016 1.4764, 0.7752 -1.0188 1.4764, 0.8101 -1.0294 1.4764, 0.8465 -1.033 1.4764, 0.8828 -1.0294 1.4764, 0.9178 -1.0188 1.4764, 0.95 -1.0016 1.4764, 0.9782 -0.9784 1.4764, 1.0014 -0.9502 1.4764, 1.0186 -0.9179 1.4764, 1.0292 -0.883 1.4764, 1.0328 -0.8467 1.4764, 0.6859 -0.9132 1.4927, 0.702 -0.9432 1.4927, 0.7236 -0.9695 1.4927, 0.7499 -0.9912 1.4927, 0.78 -1.0072 1.4927, 0.8126 -1.0171 1.4927, 0.8465 -1.0204 1.4927, 0.8804 -1.0171 1.4927, 0.913 -1.0072 1.4927, 0.943 -0.9912 1.4927, 0.9693 -0.9695 1.4927, 0.991 -0.9432 1.4927, 1.007 -0.9132 1.4927, 1.0169 -0.8806 1.4927, 1.0202 -0.8467 1.4927, 0.701 -0.9069 1.5052, 0.7155 -0.9341 1.5052, 0.7351 -0.958 1.5052, 0.759 -0.9776 1.5052, 0.7862 -0.9921 1.5052, 0.8157 -1.0011 1.5052, 0.8465 -1.0041 1.5052, 0.8772 -1.0011 1.5052, 0.9067 -0.9921 1.5052, 0.9339 -0.9776 1.5052, 0.9578 -0.958 1.5052, 0.9774 -0.9341 1.5052, 0.9919 -0.9069 1.5052, 1.0009 -0.8774 1.5052, 1.0039 -0.8467 1.5052, 0.7185 -0.8997 1.5131, 0.7313 -0.9236 1.5131, 0.7485 -0.9446 1.5131, 0.7695 -0.9618 1.5131, 0.7935 -0.9746 1.5131, 0.8194 -0.9825 1.5131, 0.8465 -0.9851 1.5131, 0.8735 -0.9825 1.5131, 0.8995 -0.9746 1.5131, 0.9234 -0.9618 1.5131, 0.9444 -0.9446 1.5131, 0.9616 -0.9236 1.5131, 0.9744 -0.8997 1.5131, 0.9823 -0.8737 1.5131, 0.9849 -0.8467 1.5131, 0.7306 -0.8697 1.5157, 0.7373 -0.8919 1.5157, 0.7483 -0.9123 1.5157, 0.7629 -0.9302 1.5157, 0.7808 -0.9449 1.5157, 0.8013 -0.9558 1.5157, 0.8234 -0.9625 1.5157, 0.8465 -0.9648 1.5157, 0.8695 -0.9625 1.5157, 0.8917 -0.9558 1.5157, 0.9121 -0.9449 1.5157, 0.93 -0.9302 1.5157, 0.9447 -0.9123 1.5157, 0.9556 -0.8919 1.5157, 0.9623 -0.8697 1.5157, 0.9646 -0.8467 1.5157, 0.9823 -0.8196 1.5131, 1.0009 -0.8159 1.5052, 1.0169 -0.8127 1.4927, 1.0292 -0.8103 1.4764, 1.0369 -0.8088 1.4574, 1.0079 -0.7388 1.4574, 1.0258 -0.7723 1.4574, 0.9838 -0.7094 1.4574, 0.9543 -0.6852 1.4574, 0.9208 -0.6673 1.4574, 0.8843 -0.6562 1.4574, 0.8465 -0.6525 1.4574, 0.8086 -0.6562 1.4574, 0.7722 -0.6673 1.4574, 0.7386 -0.6852 1.4574, 0.7092 -0.7094 1.4574, 0.685 -0.7388 1.4574, 0.6671 -0.7723 1.4574, 0.656 -0.8088 1.4574, 1.0186 -0.7754 1.4764, 1.0014 -0.7431 1.4764, 0.9782 -0.7149 1.4764, 0.95 -0.6917 1.4764, 0.9178 -0.6745 1.4764, 0.8828 -0.6639 1.4764, 0.8465 -0.6604 1.4764, 0.8101 -0.6639 1.4764, 0.7752 -0.6745 1.4764, 0.743 -0.6917 1.4764, 0.7147 -0.7149 1.4764, 0.6916 -0.7431 1.4764, 0.6743 -0.7754 1.4764, 0.6637 -0.8103 1.4764, 1.007 -0.7801 1.4927, 0.991 -0.7501 1.4927, 0.9693 -0.7238 1.4927, 0.943 -0.7022 1.4927, 0.913 -0.6861 1.4927, 0.8804 -0.6762 1.4927, 0.8465 -0.6729 1.4927, 0.8126 -0.6762 1.4927, 0.78 -0.6861 1.4927, 0.7499 -0.7022 1.4927, 0.7236 -0.7238 1.4927, 0.702 -0.7501 1.4927, 0.6859 -0.7801 1.4927, 0.676 -0.8127 1.4927, 0.9919 -0.7864 1.5052, 0.9774 -0.7592 1.5052, 0.9578 -0.7353 1.5052, 0.9339 -0.7157 1.5052, 0.9067 -0.7012 1.5052, 0.8772 -0.6922 1.5052, 0.8465 -0.6892 1.5052, 0.8157 -0.6922 1.5052, 0.7862 -0.7012 1.5052, 0.759 -0.7157 1.5052, 0.7351 -0.7353 1.5052, 0.7155 -0.7592 1.5052, 0.701 -0.7864 1.5052, 0.692 -0.8159 1.5052, 0.9744 -0.7937 1.5131, 0.9616 -0.7697 1.5131, 0.9444 -0.7487 1.5131, 0.9234 -0.7315 1.5131, 0.8995 -0.7187 1.5131, 0.8735 -0.7108 1.5131, 0.8465 -0.7082 1.5131, 0.8194 -0.7108 1.5131, 0.7935 -0.7187 1.5131, 0.7695 -0.7315 1.5131, 0.7485 -0.7487 1.5131, 0.7313 -0.7697 1.5131, 0.7185 -0.7937 1.5131, 0.7106 -0.8196 1.5131, 0.9623 -0.8236 1.5157, 0.9556 -0.8015 1.5157, 0.9447 -0.781 1.5157, 0.93 -0.7631 1.5157, 0.9121 -0.7484 1.5157, 0.8917 -0.7375 1.5157, 0.8695 -0.7308 1.5157, 0.8465 -0.7285 1.5157, 0.8234 -0.7308 1.5157, 0.8013 -0.7375 1.5157, 0.7808 -0.7484 1.5157, 0.7629 -0.7631 1.5157, 0.7483 -0.781 1.5157, 0.7373 -0.8015 1.5157, 0.7306 -0.8236 1.5157, 0.6496 0.8463 1.437, 0.6496 0.8463 1.3583, 0.6534 0.8079 1.437, 0.6563 0.7953 1.3583, 0.6571 0.7956 1.437, 0.6646 0.7709 1.437, 0.676 0.7478 1.3583, 0.6767 0.7482 1.437, 0.6828 0.7369 1.437, 0.7073 0.7071 1.3583, 0.7073 0.7071 1.437, 0.7371 0.6826 1.437, 0.748 0.6758 1.3583, 0.7484 0.6765 1.437, 0.7711 0.6644 1.437, 0.7955 0.6561 1.3583, 0.7958 0.6569 1.437, 0.8081 0.6532 1.437, 0.8465 0.6494 1.3583, 0.8465 0.6494 1.437, 0.8849 0.6532 1.437, 0.8974 0.6561 1.3583, 0.8972 0.6569 1.437, 0.9218 0.6644 1.437, 0.9449 0.6758 1.3583, 0.9445 0.6765 1.437, 0.9558 0.6826 1.437, 0.9857 0.7071 1.3583, 0.9857 0.7071 1.437, 1.0101 0.7369 1.437, 1.0169 0.7478 1.3583, 1.0162 0.7482 1.437, 1.0283 0.7709 1.437, 1.0366 0.7953 1.3583, 1.0358 0.7956 1.437, 1.0395 0.8079 1.437, 1.0433 0.8463 1.3583, 1.0433 0.8463 1.437, 0.7283 0.8463 1.5157, 0.708 0.8463 1.5131, 0.7106 0.8192 1.5131, 0.689 0.8463 1.5052, 0.692 0.8155 1.5052, 0.6727 0.8463 1.4927, 0.676 0.8124 1.4927, 0.6602 0.8463 1.4764, 0.6637 0.8099 1.4764, 0.6523 0.8463 1.4574, 0.656 0.8084 1.4574, 0.685 0.7384 1.4574, 0.6671 0.772 1.4574, 0.7092 0.709 1.4574, 0.7386 0.6848 1.4574, 0.7722 0.6669 1.4574, 0.8086 0.6558 1.4574, 0.8465 0.6521 1.4574, 0.8843 0.6558 1.4574, 0.9208 0.6669 1.4574, 0.9543 0.6848 1.4574, 0.9838 0.709 1.4574, 1.0079 0.7384 1.4574, 1.0258 0.772 1.4574, 1.0369 0.8084 1.4574, 1.0406 0.8463 1.4574, 0.6743 0.775 1.4764, 0.6916 0.7428 1.4764, 0.7147 0.7145 1.4764, 0.743 0.6914 1.4764, 0.7752 0.6741 1.4764, 0.8101 0.6635 1.4764, 0.8465 0.66 1.4764, 0.8828 0.6635 1.4764, 0.9178 0.6741 1.4764, 0.95 0.6914 1.4764, 0.9782 0.7145 1.4764, 1.0014 0.7428 1.4764, 1.0186 0.775 1.4764, 1.0292 0.8099 1.4764, 1.0328 0.8463 1.4764, 0.6859 0.7798 1.4927, 0.702 0.7497 1.4927, 0.7236 0.7234 1.4927, 0.7499 0.7018 1.4927, 0.78 0.6857 1.4927, 0.8126 0.6758 1.4927, 0.8465 0.6725 1.4927, 0.8804 0.6758 1.4927, 0.913 0.6857 1.4927, 0.943 0.7018 1.4927, 0.9693 0.7234 1.4927, 0.991 0.7497 1.4927, 1.007 0.7798 1.4927, 1.0169 0.8124 1.4927, 1.0202 0.8463 1.4927, 0.701 0.786 1.5052, 0.7155 0.7588 1.5052, 0.7351 0.7349 1.5052, 0.759 0.7153 1.5052, 0.7862 0.7008 1.5052, 0.8157 0.6918 1.5052, 0.8465 0.6888 1.5052, 0.8772 0.6918 1.5052, 0.9067 0.7008 1.5052, 0.9339 0.7153 1.5052, 0.9578 0.7349 1.5052, 0.9774 0.7588 1.5052, 0.9919 0.786 1.5052, 1.0009 0.8155 1.5052, 1.0039 0.8463 1.5052, 0.7185 0.7933 1.5131, 0.7313 0.7693 1.5131, 0.7485 0.7483 1.5131, 0.7695 0.7311 1.5131, 0.7935 0.7183 1.5131, 0.8194 0.7104 1.5131, 0.8465 0.7078 1.5131, 0.8735 0.7104 1.5131, 0.8995 0.7183 1.5131, 0.9234 0.7311 1.5131, 0.9444 0.7483 1.5131, 0.9616 0.7693 1.5131, 0.9744 0.7933 1.5131, 0.9823 0.8192 1.5131, 0.9849 0.8463 1.5131, 0.7306 0.8232 1.5157, 0.7373 0.8011 1.5157, 0.7483 0.7806 1.5157, 0.7629 0.7627 1.5157, 0.7808 0.7481 1.5157, 0.8013 0.7371 1.5157, 0.8234 0.7304 1.5157, 0.8465 0.7281 1.5157, 0.8695 0.7304 1.5157, 0.8917 0.7371 1.5157, 0.9121 0.7481 1.5157, 0.93 0.7627 1.5157, 0.9447 0.7806 1.5157, 0.9556 0.8011 1.5157, 0.9623 0.8232 1.5157, 0.9646 0.8463 1.5157, 0.8013 0.9554 1.5157, 0.7808 0.9445 1.5157, 0.9623 0.8693 1.5157, 0.9556 0.8915 1.5157, 0.9447 0.9119 1.5157, 0.93 0.9298 1.5157, 0.8917 0.9554 1.5157, 0.8695 0.9621 1.5157, 0.7373 0.8915 1.5157, 0.7306 0.8693 1.5157, 0.9121 0.9445 1.5157, 0.8465 0.9644 1.5157, 0.8234 0.9621 1.5157, 0.7629 0.9298 1.5157, 0.7483 0.9119 1.5157, 0.9823 0.8733 1.5131, 1.0009 0.877 1.5052, 1.0169 0.8802 1.4927, 1.0292 0.8826 1.4764, 1.0369 0.8841 1.4574, 1.0162 0.9443 1.437, 1.0079 0.9541 1.4574, 1.0283 0.9216 1.437, 1.0258 0.9206 1.4574, 1.0358 0.897 1.437, 1.0395 0.8847 1.437, 1.0101 0.9556 1.437, 0.9857 0.9855 1.437, 0.9838 0.9836 1.4574, 0.9558 1.0099 1.437, 0.9543 1.0077 1.4574, 0.9445 1.016 1.437, 0.9208 1.0256 1.4574, 0.9218 1.0281 1.437, 0.8843 1.0367 1.4574, 0.8972 1.0356 1.437, 0.8849 1.0393 1.437, 0.8465 1.0431 1.437, 0.8465 1.0404 1.4574, 0.8081 1.0393 1.437, 0.8086 1.0367 1.4574, 0.7958 1.0356 1.437, 0.7722 1.0256 1.4574, 0.7711 1.0281 1.437, 0.7386 1.0077 1.4574, 0.7484 1.016 1.437, 0.7371 1.0099 1.437, 0.7073 0.9855 1.437, 0.7092 0.9836 1.4574, 0.6828 0.9556 1.437, 0.685 0.9541 1.4574, 0.6767 0.9443 1.437, 0.6671 0.9206 1.4574, 0.6646 0.9216 1.437, 0.656 0.8841 1.4574, 0.6571 0.897 1.437, 0.6534 0.8847 1.437, 1.0186 0.9176 1.4764, 1.0014 0.9498 1.4764, 0.9782 0.978 1.4764, 0.95 1.0012 1.4764, 0.9178 1.0184 1.4764, 0.8828 1.029 1.4764, 0.8465 1.0326 1.4764, 0.8101 1.029 1.4764, 0.7752 1.0184 1.4764, 0.743 1.0012 1.4764, 0.7147 0.978 1.4764, 0.6916 0.9498 1.4764, 0.6743 0.9176 1.4764, 0.6637 0.8826 1.4764, 1.007 0.9128 1.4927, 0.991 0.9428 1.4927, 0.9693 0.9691 1.4927, 0.943 0.9908 1.4927, 0.913 1.0068 1.4927, 0.8804 1.0167 1.4927, 0.8465 1.02 1.4927, 0.8126 1.0167 1.4927, 0.78 1.0068 1.4927, 0.7499 0.9908 1.4927, 0.7236 0.9691 1.4927, 0.702 0.9428 1.4927, 0.6859 0.9128 1.4927, 0.676 0.8802 1.4927, 0.9919 0.9065 1.5052, 0.9774 0.9338 1.5052, 0.9578 0.9576 1.5052, 0.9339 0.9772 1.5052, 0.9067 0.9918 1.5052, 0.8772 1.0007 1.5052, 0.8465 1.0037 1.5052, 0.8157 1.0007 1.5052, 0.7862 0.9918 1.5052, 0.759 0.9772 1.5052, 0.7351 0.9576 1.5052, 0.7155 0.9338 1.5052, 0.701 0.9065 1.5052, 0.692 0.877 1.5052, 0.9744 0.8993 1.5131, 0.9616 0.9232 1.5131, 0.9444 0.9442 1.5131, 0.9234 0.9614 1.5131, 0.8995 0.9742 1.5131, 0.8735 0.9821 1.5131, 0.8465 0.9847 1.5131, 0.8194 0.9821 1.5131, 0.7935 0.9742 1.5131, 0.7695 0.9614 1.5131, 0.7485 0.9442 1.5131, 0.7313 0.9232 1.5131, 0.7185 0.8993 1.5131, 0.7106 0.8733 1.5131, 1.0366 0.8972 1.3583, 1.0169 0.9447 1.3583, 0.9857 0.9855 1.3583, 0.9449 1.0167 1.3583, 0.8974 1.0364 1.3583, 0.8465 1.0431 1.3583, 0.7955 1.0364 1.3583, 0.748 1.0167 1.3583, 0.7073 0.9855 1.3583, 0.676 0.9447 1.3583, 0.6563 0.8972 1.3583, -1.0358 -0.8974 1.437, -1.0283 -0.922 1.437, -1.0258 -0.921 1.4574, -0.9445 -1.0164 1.437, -0.9218 -1.0285 1.437, -0.9208 -1.026 1.4574, -0.7958 -1.036 1.437, -0.7711 -1.0285 1.437, -0.7722 -1.026 1.4574, -0.6767 -0.9447 1.437, -0.6646 -0.922 1.437, -0.6671 -0.921 1.4574, -0.7306 -0.8697 1.5157, -0.7373 -0.8919 1.5157, -0.7106 -0.8737 1.5131, -0.7185 -0.8997 1.5131, -0.692 -0.8774 1.5052, -0.701 -0.9069 1.5052, -0.676 -0.8806 1.4927, -0.6859 -0.9132 1.4927, -0.6637 -0.883 1.4764, -0.6743 -0.9179 1.4764, -0.656 -0.8845 1.4574, -0.7808 -0.9449 1.5157, -0.8013 -0.9558 1.5157, -0.7695 -0.9618 1.5131, -0.7935 -0.9746 1.5131, -0.759 -0.9776 1.5052, -0.7862 -0.9921 1.5052, -0.7499 -0.9912 1.4927, -0.78 -1.0072 1.4927, -0.743 -1.0016 1.4764, -0.7752 -1.0188 1.4764, -0.7386 -1.0081 1.4574, -0.8695 -0.9625 1.5157, -0.8917 -0.9558 1.5157, -0.8735 -0.9825 1.5131, -0.8995 -0.9746 1.5131, -0.8772 -1.0011 1.5052, -0.9067 -0.9921 1.5052, -0.8804 -1.0171 1.4927, -0.913 -1.0072 1.4927, -0.8828 -1.0294 1.4764, -0.9178 -1.0188 1.4764, -0.8843 -1.0371 1.4574, -0.9447 -0.9123 1.5157, -0.9556 -0.8919 1.5157, -0.9616 -0.9236 1.5131, -0.9744 -0.8997 1.5131, -0.9774 -0.9341 1.5052, -0.9919 -0.9069 1.5052, -0.991 -0.9432 1.4927, -1.007 -0.9132 1.4927, -1.0014 -0.9502 1.4764, -1.0186 -0.9179 1.4764, -1.0079 -0.9545 1.4574, -0.7283 -0.8467 1.5157, -0.708 -0.8467 1.5131, -0.689 -0.8467 1.5052, -0.6727 -0.8467 1.4927, -0.6602 -0.8467 1.4764, -0.6523 -0.8467 1.4574, -0.6496 -0.8467 1.437, -0.6534 -0.8851 1.437, -0.6571 -0.8974 1.437, -0.6828 -0.956 1.437, -0.685 -0.9545 1.4574, -0.6916 -0.9502 1.4764, -0.702 -0.9432 1.4927, -0.7155 -0.9341 1.5052, -0.7313 -0.9236 1.5131, -0.7483 -0.9123 1.5157, -0.7629 -0.9302 1.5157, -0.7485 -0.9446 1.5131, -0.7351 -0.958 1.5052, -0.7236 -0.9695 1.4927, -0.7147 -0.9784 1.4764, -0.7092 -0.984 1.4574, -0.7073 -0.9858 1.437, -0.7371 -1.0103 1.437, -0.7484 -1.0164 1.437, -0.8081 -1.0397 1.437, -0.8086 -1.0371 1.4574, -0.8101 -1.0294 1.4764, -0.8126 -1.0171 1.4927, -0.8157 -1.0011 1.5052, -0.8194 -0.9825 1.5131, -0.8234 -0.9625 1.5157, -0.8465 -0.9648 1.5157, -0.8465 -0.9851 1.5131, -0.8465 -1.0041 1.5052, -0.8465 -1.0204 1.4927, -0.8465 -1.033 1.4764, -0.8465 -1.0408 1.4574, -0.8465 -1.0435 1.437, -0.8849 -1.0397 1.437, -0.8972 -1.036 1.437, -0.9558 -1.0103 1.437, -0.9543 -1.0081 1.4574, -0.95 -1.0016 1.4764, -0.943 -0.9912 1.4927, -0.9339 -0.9776 1.5052, -0.9234 -0.9618 1.5131, -0.9121 -0.9449 1.5157, -0.93 -0.9302 1.5157, -0.9444 -0.9446 1.5131, -0.9578 -0.958 1.5052, -0.9693 -0.9695 1.4927, -0.9782 -0.9784 1.4764, -0.9838 -0.984 1.4574, -0.9857 -0.9858 1.437, -1.0101 -0.956 1.437, -1.0162 -0.9447 1.437, -1.0395 -0.8851 1.437, -1.0369 -0.8845 1.4574, -1.0292 -0.883 1.4764, -1.0169 -0.8806 1.4927, -1.0009 -0.8774 1.5052, -0.9823 -0.8737 1.5131, -0.9623 -0.8697 1.5157, -0.9646 -0.8467 1.5157, -0.9849 -0.8467 1.5131, -1.0039 -0.8467 1.5052, -1.0202 -0.8467 1.4927, -1.0328 -0.8467 1.4764, -1.0406 -0.8467 1.4574, -1.0433 -0.8467 1.437, -0.6496 -0.8467 1.3583, -0.6563 -0.8976 1.3583, -0.676 -0.9451 1.3583, -0.7073 -0.9858 1.3583, -0.748 -1.0171 1.3583, -0.7955 -1.0368 1.3583, -0.8465 -1.0435 1.3583, -0.8974 -1.0368 1.3583, -0.9449 -1.0171 1.3583, -0.9857 -0.9858 1.3583, -1.0169 -0.9451 1.3583, -1.0366 -0.8976 1.3583, -1.0433 -0.8467 1.3583
            ]
        }
        coordIndex [
            0,1,2,-1,2,1,3,-1,2,3,4,-1,4,3,5,-1,5,3,6,-1,5,6,7,-1,7,6,8,-1,8,6,9,-1,8,9,10,-1,10,9,11,-1,11,9,12,-1,11,12,13,-1,13,12,14,-1,14,12,15,-1,14,15,16,-1,16,15,17,-1,17,15,18,-1,17,18,19,-1,19,18,20,-1,20,18,21,-1,20,21,22,-1,22,21,23,-1,23,21,24,-1,23,24,25,-1,25,24,26,-1,26,24,27,-1,26,27,28,-1,28,27,29,-1,29,27,30,-1,29,30,31,-1,31,30,32,-1,32,30,33,-1,32,33,34,-1,34,33,35,-1,35,33,36,-1,35,36,37,-1,37,36,38,-1,38,36,39,-1,38,39,40,-1,40,39,41,-1,41,39,42,-1,41,42,43,-1,43,42,44,-1,44,42,45,-1,44,45,46,-1,46,45,47,-1,47,45,48,-1,47,48,49,-1,49,48,50,-1,50,48,51,-1,50,51,52,-1,52,51,53,-1,53,51,54,-1,53,54,55,-1,55,54,56,-1,56,54,57,-1,56,57,58,-1,58,57,59,-1,59,57,60,-1,59,60,61,-1,61,60,62,-1,62,60,63,-1,62,63,64,-1,64,63,65,-1,65,63,66,-1,65,66,67,-1,67,66,68,-1,68,66,69,-1,68,69,70,-1,70,69,71,-1,71,69,1,-1,71,1,0,-1,72,73,74,-1,73,75,76,-1,75,77,78,-1,77,79,80,-1,79,81,82,-1,43,83,41,-1,41,83,84,-1,41,84,40,-1,40,84,82,-1,40,82,38,-1,38,82,81,-1,38,81,37,-1,43,44,83,-1,83,44,46,-1,83,46,85,-1,85,46,47,-1,85,47,86,-1,86,47,49,-1,86,49,87,-1,87,49,50,-1,87,50,88,-1,88,50,52,-1,52,53,88,-1,88,53,55,-1,88,55,89,-1,89,55,56,-1,89,56,90,-1,90,56,58,-1,90,58,91,-1,91,58,59,-1,91,59,92,-1,92,59,61,-1,61,62,92,-1,92,62,64,-1,92,64,93,-1,93,64,65,-1,93,65,94,-1,94,65,67,-1,94,67,95,-1,95,67,68,-1,95,68,96,-1,96,68,70,-1,70,71,96,-1,96,71,0,-1,96,0,97,-1,79,82,80,-1,80,82,84,-1,80,84,98,-1,98,84,83,-1,98,83,99,-1,99,83,85,-1,99,85,100,-1,100,85,86,-1,100,86,101,-1,101,86,87,-1,101,87,102,-1,102,87,88,-1,102,88,103,-1,103,88,89,-1,103,89,104,-1,104,89,90,-1,104,90,105,-1,105,90,91,-1,105,91,106,-1,106,91,92,-1,106,92,107,-1,107,92,93,-1,107,93,108,-1,108,93,94,-1,108,94,109,-1,109,94,95,-1,109,95,110,-1,110,95,96,-1,110,96,111,-1,111,96,97,-1,111,97,112,-1,77,80,78,-1,78,80,98,-1,78,98,113,-1,113,98,99,-1,113,99,114,-1,114,99,100,-1,114,100,115,-1,115,100,101,-1,115,101,116,-1,116,101,102,-1,116,102,117,-1,117,102,103,-1,117,103,118,-1,118,103,104,-1,118,104,119,-1,119,104,105,-1,119,105,120,-1,120,105,106,-1,120,106,121,-1,121,106,107,-1,121,107,122,-1,122,107,108,-1,122,108,123,-1,123,108,109,-1,123,109,124,-1,124,109,110,-1,124,110,125,-1,125,110,111,-1,125,111,126,-1,126,111,112,-1,126,112,127,-1,75,78,76,-1,76,78,113,-1,76,113,128,-1,128,113,114,-1,128,114,129,-1,129,114,115,-1,129,115,130,-1,130,115,116,-1,130,116,131,-1,131,116,117,-1,131,117,132,-1,132,117,118,-1,132,118,133,-1,133,118,119,-1,133,119,134,-1,134,119,120,-1,134,120,135,-1,135,120,121,-1,135,121,136,-1,136,121,122,-1,136,122,137,-1,137,122,123,-1,137,123,138,-1,138,123,124,-1,138,124,139,-1,139,124,125,-1,139,125,140,-1,140,125,126,-1,140,126,141,-1,141,126,127,-1,141,127,142,-1,73,76,74,-1,74,76,128,-1,74,128,143,-1,143,128,129,-1,143,129,144,-1,144,129,130,-1,144,130,145,-1,145,130,131,-1,145,131,146,-1,146,131,132,-1,146,132,147,-1,147,132,133,-1,147,133,148,-1,148,133,134,-1,148,134,149,-1,149,134,135,-1,149,135,150,-1,150,135,136,-1,150,136,151,-1,151,136,137,-1,151,137,152,-1,152,137,138,-1,152,138,153,-1,153,138,139,-1,153,139,154,-1,154,139,140,-1,154,140,155,-1,155,140,141,-1,155,141,156,-1,156,141,142,-1,156,142,157,-1,72,74,158,-1,158,74,143,-1,158,143,159,-1,159,143,144,-1,159,144,160,-1,160,144,145,-1,160,145,161,-1,161,145,146,-1,161,146,162,-1,162,146,147,-1,162,147,163,-1,163,147,148,-1,163,148,164,-1,164,148,149,-1,164,149,165,-1,165,149,150,-1,165,150,166,-1,166,150,151,-1,166,151,167,-1,167,151,152,-1,167,152,168,-1,168,152,153,-1,168,153,169,-1,169,153,154,-1,169,154,170,-1,170,154,155,-1,170,155,171,-1,171,155,156,-1,171,156,172,-1,172,156,157,-1,172,157,173,-1,173,157,174,-1,157,142,175,-1,142,127,176,-1,127,112,177,-1,112,97,178,-1,7,179,5,-1,5,179,180,-1,5,180,4,-1,4,180,178,-1,4,178,2,-1,2,178,97,-1,2,97,0,-1,7,8,179,-1,179,8,10,-1,179,10,181,-1,181,10,11,-1,181,11,182,-1,182,11,13,-1,182,13,183,-1,183,13,14,-1,183,14,184,-1,184,14,16,-1,16,17,184,-1,184,17,19,-1,184,19,185,-1,185,19,20,-1,185,20,186,-1,186,20,22,-1,186,22,187,-1,187,22,23,-1,187,23,188,-1,188,23,25,-1,25,26,188,-1,188,26,28,-1,188,28,189,-1,189,28,29,-1,189,29,190,-1,190,29,31,-1,190,31,191,-1,191,31,32,-1,191,32,192,-1,192,32,34,-1,34,35,192,-1,192,35,37,-1,192,37,81,-1,112,178,177,-1,177,178,180,-1,177,180,193,-1,193,180,179,-1,193,179,194,-1,194,179,181,-1,194,181,195,-1,195,181,182,-1,195,182,196,-1,196,182,183,-1,196,183,197,-1,197,183,184,-1,197,184,198,-1,198,184,185,-1,198,185,199,-1,199,185,186,-1,199,186,200,-1,200,186,187,-1,200,187,201,-1,201,187,188,-1,201,188,202,-1,202,188,189,-1,202,189,203,-1,203,189,190,-1,203,190,204,-1,204,190,191,-1,204,191,205,-1,205,191,192,-1,205,192,206,-1,206,192,81,-1,206,81,79,-1,127,177,176,-1,176,177,193,-1,176,193,207,-1,207,193,194,-1,207,194,208,-1,208,194,195,-1,208,195,209,-1,209,195,196,-1,209,196,210,-1,210,196,197,-1,210,197,211,-1,211,197,198,-1,211,198,212,-1,212,198,199,-1,212,199,213,-1,213,199,200,-1,213,200,214,-1,214,200,201,-1,214,201,215,-1,215,201,202,-1,215,202,216,-1,216,202,203,-1,216,203,217,-1,217,203,204,-1,217,204,218,-1,218,204,205,-1,218,205,219,-1,219,205,206,-1,219,206,220,-1,220,206,79,-1,220,79,77,-1,142,176,175,-1,175,176,207,-1,175,207,221,-1,221,207,208,-1,221,208,222,-1,222,208,209,-1,222,209,223,-1,223,209,210,-1,223,210,224,-1,224,210,211,-1,224,211,225,-1,225,211,212,-1,225,212,226,-1,226,212,213,-1,226,213,227,-1,227,213,214,-1,227,214,228,-1,228,214,215,-1,228,215,229,-1,229,215,216,-1,229,216,230,-1,230,216,217,-1,230,217,231,-1,231,217,218,-1,231,218,232,-1,232,218,219,-1,232,219,233,-1,233,219,220,-1,233,220,234,-1,234,220,77,-1,234,77,75,-1,157,175,174,-1,174,175,221,-1,174,221,235,-1,235,221,222,-1,235,222,236,-1,236,222,223,-1,236,223,237,-1,237,223,224,-1,237,224,238,-1,238,224,225,-1,238,225,239,-1,239,225,226,-1,239,226,240,-1,240,226,227,-1,240,227,241,-1,241,227,228,-1,241,228,242,-1,242,228,229,-1,242,229,243,-1,243,229,230,-1,243,230,244,-1,244,230,231,-1,244,231,245,-1,245,231,232,-1,245,232,246,-1,246,232,233,-1,246,233,247,-1,247,233,234,-1,247,234,248,-1,248,234,75,-1,248,75,73,-1,173,174,249,-1,249,174,235,-1,249,235,250,-1,250,235,236,-1,250,236,251,-1,251,236,237,-1,251,237,252,-1,252,237,238,-1,252,238,253,-1,253,238,239,-1,253,239,254,-1,254,239,240,-1,254,240,255,-1,255,240,241,-1,255,241,256,-1,256,241,242,-1,256,242,257,-1,257,242,243,-1,257,243,258,-1,258,243,244,-1,258,244,259,-1,259,244,245,-1,259,245,260,-1,260,245,246,-1,260,246,261,-1,261,246,247,-1,261,247,262,-1,262,247,248,-1,262,248,263,-1,263,248,73,-1,263,73,72,-1,264,265,266,-1,266,265,267,-1,266,267,268,-1,268,267,269,-1,269,267,270,-1,269,270,271,-1,271,270,272,-1,272,270,273,-1,272,273,274,-1,274,273,275,-1,275,273,276,-1,275,276,277,-1,277,276,278,-1,278,276,279,-1,278,279,280,-1,280,279,281,-1,281,279,282,-1,281,282,283,-1,283,282,284,-1,284,282,285,-1,284,285,286,-1,286,285,287,-1,287,285,288,-1,287,288,289,-1,289,288,290,-1,290,288,291,-1,290,291,292,-1,292,291,293,-1,293,291,294,-1,293,294,295,-1,295,294,296,-1,296,294,297,-1,296,297,298,-1,298,297,299,-1,299,297,300,-1,299,300,301,-1,302,303,304,-1,303,305,306,-1,305,307,308,-1,307,309,310,-1,309,311,312,-1,271,313,269,-1,269,313,314,-1,269,314,268,-1,268,314,312,-1,268,312,266,-1,266,312,311,-1,266,311,264,-1,271,272,313,-1,313,272,274,-1,313,274,315,-1,315,274,275,-1,315,275,316,-1,316,275,277,-1,316,277,317,-1,317,277,278,-1,317,278,318,-1,318,278,280,-1,280,281,318,-1,318,281,283,-1,318,283,319,-1,319,283,284,-1,319,284,320,-1,320,284,286,-1,320,286,321,-1,321,286,287,-1,321,287,322,-1,322,287,289,-1,289,290,322,-1,322,290,292,-1,322,292,323,-1,323,292,293,-1,323,293,324,-1,324,293,295,-1,324,295,325,-1,325,295,296,-1,325,296,326,-1,326,296,298,-1,298,299,326,-1,326,299,301,-1,326,301,327,-1,309,312,310,-1,310,312,314,-1,310,314,328,-1,328,314,313,-1,328,313,329,-1,329,313,315,-1,329,315,330,-1,330,315,316,-1,330,316,331,-1,331,316,317,-1,331,317,332,-1,332,317,318,-1,332,318,333,-1,333,318,319,-1,333,319,334,-1,334,319,320,-1,334,320,335,-1,335,320,321,-1,335,321,336,-1,336,321,322,-1,336,322,337,-1,337,322,323,-1,337,323,338,-1,338,323,324,-1,338,324,339,-1,339,324,325,-1,339,325,340,-1,340,325,326,-1,340,326,341,-1,341,326,327,-1,341,327,342,-1,307,310,308,-1,308,310,328,-1,308,328,343,-1,343,328,329,-1,343,329,344,-1,344,329,330,-1,344,330,345,-1,345,330,331,-1,345,331,346,-1,346,331,332,-1,346,332,347,-1,347,332,333,-1,347,333,348,-1,348,333,334,-1,348,334,349,-1,349,334,335,-1,349,335,350,-1,350,335,336,-1,350,336,351,-1,351,336,337,-1,351,337,352,-1,352,337,338,-1,352,338,353,-1,353,338,339,-1,353,339,354,-1,354,339,340,-1,354,340,355,-1,355,340,341,-1,355,341,356,-1,356,341,342,-1,356,342,357,-1,305,308,306,-1,306,308,343,-1,306,343,358,-1,358,343,344,-1,358,344,359,-1,359,344,345,-1,359,345,360,-1,360,345,346,-1,360,346,361,-1,361,346,347,-1,361,347,362,-1,362,347,348,-1,362,348,363,-1,363,348,349,-1,363,349,364,-1,364,349,350,-1,364,350,365,-1,365,350,351,-1,365,351,366,-1,366,351,352,-1,366,352,367,-1,367,352,353,-1,367,353,368,-1,368,353,354,-1,368,354,369,-1,369,354,355,-1,369,355,370,-1,370,355,356,-1,370,356,371,-1,371,356,357,-1,371,357,372,-1,303,306,304,-1,304,306,358,-1,304,358,373,-1,373,358,359,-1,373,359,374,-1,374,359,360,-1,374,360,375,-1,375,360,361,-1,375,361,376,-1,376,361,362,-1,376,362,377,-1,377,362,363,-1,377,363,378,-1,378,363,364,-1,378,364,379,-1,379,364,365,-1,379,365,380,-1,380,365,366,-1,380,366,381,-1,381,366,367,-1,381,367,382,-1,382,367,368,-1,382,368,383,-1,383,368,369,-1,383,369,384,-1,384,369,370,-1,384,370,385,-1,385,370,371,-1,385,371,386,-1,386,371,372,-1,386,372,387,-1,302,304,388,-1,388,304,373,-1,388,373,389,-1,389,373,374,-1,389,374,390,-1,390,374,375,-1,390,375,391,-1,391,375,376,-1,391,376,392,-1,392,376,377,-1,392,377,393,-1,393,377,378,-1,393,378,394,-1,394,378,379,-1,394,379,395,-1,395,379,380,-1,395,380,396,-1,396,380,381,-1,396,381,397,-1,397,381,382,-1,397,382,398,-1,398,382,383,-1,398,383,399,-1,399,383,384,-1,399,384,400,-1,400,384,385,-1,400,385,401,-1,401,385,386,-1,401,386,402,-1,402,386,387,-1,402,387,403,-1,167,168,259,-1,261,262,166,-1,166,262,263,-1,166,263,72,-1,168,169,259,-1,259,169,170,-1,259,170,171,-1,171,172,259,-1,259,172,173,-1,259,173,249,-1,250,257,249,-1,249,257,258,-1,249,258,259,-1,167,259,166,-1,166,259,260,-1,166,260,261,-1,159,163,164,-1,255,252,254,-1,254,252,253,-1,250,251,257,-1,257,251,252,-1,257,252,256,-1,256,252,255,-1,163,159,162,-1,162,159,160,-1,162,160,161,-1,72,158,166,-1,166,158,159,-1,166,159,165,-1,165,159,164,-1,404,405,406,-1,406,388,403,-1,403,388,402,-1,389,394,388,-1,388,394,395,-1,388,395,396,-1,396,397,388,-1,388,397,398,-1,388,398,399,-1,407,408,409,-1,406,410,411,-1,412,413,406,-1,406,413,302,-1,406,302,388,-1,399,400,388,-1,388,400,401,-1,388,401,402,-1,407,409,406,-1,406,409,414,-1,406,414,410,-1,411,415,406,-1,406,415,416,-1,406,416,404,-1,405,417,406,-1,406,417,418,-1,406,418,412,-1,389,390,394,-1,394,390,391,-1,394,391,393,-1,393,391,392,-1,403,387,419,-1,387,372,420,-1,372,357,421,-1,357,342,422,-1,342,327,423,-1,424,425,426,-1,426,425,427,-1,426,427,428,-1,428,427,423,-1,428,423,429,-1,429,423,327,-1,429,327,301,-1,424,430,425,-1,425,430,431,-1,425,431,432,-1,432,431,433,-1,432,433,434,-1,434,433,435,-1,434,435,436,-1,436,435,437,-1,436,437,438,-1,438,437,439,-1,439,440,438,-1,438,440,441,-1,438,441,442,-1,442,441,443,-1,442,443,444,-1,444,443,445,-1,444,445,446,-1,446,445,447,-1,446,447,448,-1,448,447,449,-1,449,450,448,-1,448,450,451,-1,448,451,452,-1,452,451,453,-1,452,453,454,-1,454,453,455,-1,454,455,456,-1,456,455,457,-1,456,457,458,-1,458,457,459,-1,459,460,458,-1,458,460,264,-1,458,264,311,-1,342,423,422,-1,422,423,427,-1,422,427,461,-1,461,427,425,-1,461,425,462,-1,462,425,432,-1,462,432,463,-1,463,432,434,-1,463,434,464,-1,464,434,436,-1,464,436,465,-1,465,436,438,-1,465,438,466,-1,466,438,442,-1,466,442,467,-1,467,442,444,-1,467,444,468,-1,468,444,446,-1,468,446,469,-1,469,446,448,-1,469,448,470,-1,470,448,452,-1,470,452,471,-1,471,452,454,-1,471,454,472,-1,472,454,456,-1,472,456,473,-1,473,456,458,-1,473,458,474,-1,474,458,311,-1,474,311,309,-1,357,422,421,-1,421,422,461,-1,421,461,475,-1,475,461,462,-1,475,462,476,-1,476,462,463,-1,476,463,477,-1,477,463,464,-1,477,464,478,-1,478,464,465,-1,478,465,479,-1,479,465,466,-1,479,466,480,-1,480,466,467,-1,480,467,481,-1,481,467,468,-1,481,468,482,-1,482,468,469,-1,482,469,483,-1,483,469,470,-1,483,470,484,-1,484,470,471,-1,484,471,485,-1,485,471,472,-1,485,472,486,-1,486,472,473,-1,486,473,487,-1,487,473,474,-1,487,474,488,-1,488,474,309,-1,488,309,307,-1,372,421,420,-1,420,421,475,-1,420,475,489,-1,489,475,476,-1,489,476,490,-1,490,476,477,-1,490,477,491,-1,491,477,478,-1,491,478,492,-1,492,478,479,-1,492,479,493,-1,493,479,480,-1,493,480,494,-1,494,480,481,-1,494,481,495,-1,495,481,482,-1,495,482,496,-1,496,482,483,-1,496,483,497,-1,497,483,484,-1,497,484,498,-1,498,484,485,-1,498,485,499,-1,499,485,486,-1,499,486,500,-1,500,486,487,-1,500,487,501,-1,501,487,488,-1,501,488,502,-1,502,488,307,-1,502,307,305,-1,387,420,419,-1,419,420,489,-1,419,489,503,-1,503,489,490,-1,503,490,504,-1,504,490,491,-1,504,491,505,-1,505,491,492,-1,505,492,506,-1,506,492,493,-1,506,493,507,-1,507,493,494,-1,507,494,508,-1,508,494,495,-1,508,495,509,-1,509,495,496,-1,509,496,510,-1,510,496,497,-1,510,497,511,-1,511,497,498,-1,511,498,512,-1,512,498,499,-1,512,499,513,-1,513,499,500,-1,513,500,514,-1,514,500,501,-1,514,501,515,-1,515,501,502,-1,515,502,516,-1,516,502,305,-1,516,305,303,-1,403,419,406,-1,406,419,503,-1,406,503,407,-1,407,503,504,-1,407,504,408,-1,408,504,505,-1,408,505,409,-1,409,505,506,-1,409,506,414,-1,414,506,507,-1,414,507,410,-1,410,507,508,-1,410,508,411,-1,411,508,509,-1,411,509,415,-1,415,509,510,-1,415,510,416,-1,416,510,511,-1,416,511,404,-1,404,511,512,-1,404,512,405,-1,405,512,513,-1,405,513,417,-1,417,513,514,-1,417,514,418,-1,418,514,515,-1,418,515,412,-1,412,515,516,-1,412,516,413,-1,413,516,303,-1,413,303,302,-1,301,300,429,-1,429,300,517,-1,429,517,428,-1,428,517,426,-1,426,517,518,-1,426,518,424,-1,424,518,430,-1,430,518,519,-1,430,519,431,-1,431,519,433,-1,433,519,520,-1,433,520,435,-1,435,520,437,-1,437,520,521,-1,437,521,439,-1,439,521,440,-1,440,521,522,-1,440,522,441,-1,441,522,443,-1,443,522,523,-1,443,523,445,-1,445,523,447,-1,447,523,524,-1,447,524,449,-1,449,524,450,-1,450,524,525,-1,450,525,451,-1,451,525,453,-1,453,525,526,-1,453,526,455,-1,455,526,457,-1,457,526,527,-1,457,527,459,-1,459,527,460,-1,460,527,265,-1,460,265,264,-1,528,529,530,-1,531,532,533,-1,534,535,536,-1,537,538,539,-1,540,541,542,-1,542,541,543,-1,542,543,544,-1,544,543,545,-1,544,545,546,-1,546,545,547,-1,546,547,548,-1,548,547,549,-1,548,549,550,-1,550,549,539,-1,551,552,553,-1,553,552,554,-1,553,554,555,-1,555,554,556,-1,555,556,557,-1,557,556,558,-1,557,558,559,-1,559,558,560,-1,559,560,561,-1,561,560,536,-1,562,563,564,-1,564,563,565,-1,564,565,566,-1,566,565,567,-1,566,567,568,-1,568,567,569,-1,568,569,570,-1,570,569,571,-1,570,571,572,-1,572,571,533,-1,573,574,575,-1,575,574,576,-1,575,576,577,-1,577,576,578,-1,577,578,579,-1,579,578,580,-1,579,580,581,-1,581,580,582,-1,581,582,583,-1,583,582,530,-1,584,540,585,-1,585,540,542,-1,585,542,586,-1,586,542,544,-1,586,544,587,-1,587,544,546,-1,587,546,588,-1,588,546,548,-1,588,548,589,-1,589,548,550,-1,589,550,590,-1,590,550,591,-1,539,538,550,-1,550,538,592,-1,550,592,591,-1,593,537,594,-1,594,537,539,-1,594,539,595,-1,595,539,549,-1,595,549,596,-1,596,549,547,-1,596,547,597,-1,597,547,545,-1,597,545,598,-1,598,545,543,-1,598,543,599,-1,599,543,541,-1,599,600,598,-1,598,600,601,-1,598,601,597,-1,597,601,602,-1,597,602,596,-1,596,602,603,-1,596,603,595,-1,595,603,604,-1,595,604,594,-1,594,604,605,-1,594,605,593,-1,593,605,606,-1,600,551,601,-1,601,551,553,-1,601,553,602,-1,602,553,555,-1,602,555,603,-1,603,555,557,-1,603,557,604,-1,604,557,559,-1,604,559,605,-1,605,559,561,-1,605,561,606,-1,606,561,607,-1,536,535,561,-1,561,535,608,-1,561,608,607,-1,609,534,610,-1,610,534,536,-1,610,536,611,-1,611,536,560,-1,611,560,612,-1,612,560,558,-1,612,558,613,-1,613,558,556,-1,613,556,614,-1,614,556,554,-1,614,554,615,-1,615,554,552,-1,615,616,614,-1,614,616,617,-1,614,617,613,-1,613,617,618,-1,613,618,612,-1,612,618,619,-1,612,619,611,-1,611,619,620,-1,611,620,610,-1,610,620,621,-1,610,621,609,-1,609,621,622,-1,616,562,617,-1,617,562,564,-1,617,564,618,-1,618,564,566,-1,618,566,619,-1,619,566,568,-1,619,568,620,-1,620,568,570,-1,620,570,621,-1,621,570,572,-1,621,572,622,-1,622,572,623,-1,533,532,572,-1,572,532,624,-1,572,624,623,-1,625,531,626,-1,626,531,533,-1,626,533,627,-1,627,533,571,-1,627,571,628,-1,628,571,569,-1,628,569,629,-1,629,569,567,-1,629,567,630,-1,630,567,565,-1,630,565,631,-1,631,565,563,-1,631,632,630,-1,630,632,633,-1,630,633,629,-1,629,633,634,-1,629,634,628,-1,628,634,635,-1,628,635,627,-1,627,635,636,-1,627,636,626,-1,626,636,637,-1,626,637,625,-1,625,637,638,-1,632,573,633,-1,633,573,575,-1,633,575,634,-1,634,575,577,-1,634,577,635,-1,635,577,579,-1,635,579,636,-1,636,579,581,-1,636,581,637,-1,637,581,583,-1,637,583,638,-1,638,583,639,-1,530,529,583,-1,583,529,640,-1,583,640,639,-1,641,528,642,-1,642,528,530,-1,642,530,643,-1,643,530,582,-1,643,582,644,-1,644,582,580,-1,644,580,645,-1,645,580,578,-1,645,578,646,-1,646,578,576,-1,646,576,647,-1,647,576,574,-1,647,648,646,-1,646,648,649,-1,646,649,645,-1,645,649,650,-1,645,650,644,-1,644,650,651,-1,644,651,643,-1,643,651,652,-1,643,652,642,-1,642,652,653,-1,642,653,641,-1,641,653,654,-1,590,591,655,-1,655,591,656,-1,591,592,656,-1,656,592,538,-1,656,538,657,-1,538,537,657,-1,657,537,593,-1,657,593,658,-1,593,606,658,-1,658,606,607,-1,658,607,659,-1,607,608,659,-1,659,608,535,-1,659,535,660,-1,535,534,660,-1,660,534,609,-1,660,609,661,-1,609,622,661,-1,661,622,623,-1,661,623,662,-1,623,624,662,-1,662,624,532,-1,662,532,663,-1,532,531,663,-1,663,531,625,-1,663,625,664,-1,625,638,664,-1,664,638,639,-1,664,639,665,-1,639,640,665,-1,665,640,529,-1,665,529,666,-1,654,667,641,-1,641,667,666,-1,641,666,528,-1,528,666,529,-1,
        ]
    }
}
Shape{
    appearance Appearance {
        material  Material 	{
            diffuseColor 0.8509803921568627 0.8509803921568627 0.8509803921568627
            specularColor 0.4235294117647059 0.4235294117647059 0.4235294117647059
            ambientIntensity 0.851
            transparency 0.0
            shininess 0.5
        }
    }
    geometry IndexedFaceSet {
        ccw TRUE
        solid FALSE
        coord DEF co Coordinate {
            point [
                -1.0236 -1.1813 1.3583, -1.0236 -1.1813 1.2598, 0.0 -1.1813 1.3583, 1.0236 -1.1813 1.2598, 1.0236 -1.1813 1.3583, 1.1811 -1.0238 1.2598, 1.1811 -1.0238 1.3583, 1.1757 -1.0646 1.3583, 1.1757 -1.0646 1.2598, 1.16 -1.1026 1.3583, 1.16 -1.1026 1.2598, 1.135 -1.1352 1.3583, 1.135 -1.1352 1.2598, 1.1024 -1.1602 1.3583, 1.1024 -1.1602 1.2598, 1.0644 -1.1759 1.3583, 1.0644 -1.1759 1.2598, 1.1811 -0.0002 1.3583, 1.1811 1.0234 1.2598, 1.1811 1.0234 1.3583, 1.0236 1.1809 1.2598, 1.0236 1.1809 1.3583, 1.0644 1.1755 1.3583, 1.0644 1.1755 1.2598, 1.1024 1.1598 1.3583, 1.1024 1.1598 1.2598, 1.135 1.1348 1.3583, 1.135 1.1348 1.2598, 1.16 1.1022 1.3583, 1.16 1.1022 1.2598, 1.1757 1.0642 1.3583, 1.1757 1.0642 1.2598, 0.0 1.1809 1.3583, -1.0236 1.1809 1.2598, -1.0236 1.1809 1.3583, -1.1811 1.0234 1.2598, -1.1811 1.0234 1.3583, -1.1757 1.0642 1.3583, -1.1757 1.0642 1.2598, -1.16 1.1022 1.3583, -1.16 1.1022 1.2598, -1.135 1.1348 1.3583, -1.135 1.1348 1.2598, -1.1024 1.1598 1.3583, -1.1024 1.1598 1.2598, -1.0644 1.1755 1.3583, -1.0644 1.1755 1.2598, -1.1811 -0.0002 1.3583, -1.1811 -1.0238 1.2598, -1.1811 -1.0238 1.3583, -1.0644 -1.1759 1.3583, -1.0644 -1.1759 1.2598, -1.1024 -1.1602 1.3583, -1.1024 -1.1602 1.2598, -1.135 -1.1352 1.3583, -1.135 -1.1352 1.2598, -1.16 -1.1026 1.3583, -1.16 -1.1026 1.2598, -1.1757 -1.0646 1.3583, -1.1757 -1.0646 1.2598, 0.7087 -0.0002 1.2598, 0.7087 -0.0002 1.3583, 0.7007 0.1054 1.2598, 0.7007 0.1054 1.3583, 0.6772 0.2087 1.2598, 0.6772 0.2087 1.3583, 0.6385 0.3073 1.2598, 0.6385 0.3073 1.3583, 0.5855 0.399 1.2598, 0.5855 0.399 1.3583, 0.5195 0.4818 1.2598, 0.5195 0.4818 1.3583, 0.4418 0.5539 1.2598, 0.4418 0.5539 1.3583, 0.3543 0.6135 1.2598, 0.3543 0.6135 1.3583, 0.2589 0.6595 1.2598, 0.2589 0.6595 1.3583, 0.1577 0.6907 1.2598, 0.1577 0.6907 1.3583, 0.053 0.7065 1.2598, 0.053 0.7065 1.3583, 0.0 0.7065 1.3583, -0.053 0.7065 1.2598, -0.053 0.7065 1.3583, -0.1577 0.6907 1.2598, -0.1577 0.6907 1.3583, -0.2589 0.6595 1.2598, -0.2589 0.6595 1.3583, -0.3543 0.6135 1.2598, -0.3543 0.6135 1.3583, -0.4418 0.5539 1.2598, -0.4418 0.5539 1.3583, -0.5195 0.4818 1.2598, -0.5195 0.4818 1.3583, -0.5855 0.399 1.2598, -0.5855 0.399 1.3583, -0.6385 0.3073 1.2598, -0.6385 0.3073 1.3583, -0.6772 0.2087 1.2598, -0.6772 0.2087 1.3583, -0.7007 0.1054 1.2598, -0.7007 0.1054 1.3583, -0.7087 -0.0002 1.2598, -0.7087 -0.0002 1.3583, -0.7007 -0.1058 1.2598, -0.6772 -0.2091 1.2598, 0.1577 -0.6911 1.2598, 0.2589 -0.6599 1.2598, -0.5195 -0.4822 1.2598, -0.6385 -0.3077 1.2598, -0.5855 -0.3994 1.2598, -0.4418 -0.5543 1.2598, -0.3543 -0.6139 1.2598, -0.2589 -0.6599 1.2598, -0.1577 -0.6911 1.2598, -0.053 -0.7069 1.2598, 0.053 -0.7069 1.2598, 0.5195 -0.4822 1.2598, 0.5855 -0.3994 1.2598, 0.6385 -0.3077 1.2598, 0.6772 -0.2091 1.2598, 0.7007 -0.1058 1.2598, 0.3543 -0.6139 1.2598, 0.4418 -0.5543 1.2598, -0.7007 -0.1058 1.3583, -0.6772 -0.2091 1.3583, -0.6385 -0.3077 1.3583, -0.5855 -0.3994 1.3583, -0.5195 -0.4822 1.3583, -0.4418 -0.5543 1.3583, -0.3543 -0.6139 1.3583, -0.2589 -0.6599 1.3583, -0.1577 -0.6911 1.3583, -0.053 -0.7069 1.3583, 0.0 -0.7069 1.3583, 0.053 -0.7069 1.3583, 0.1577 -0.6911 1.3583, 0.2589 -0.6599 1.3583, 0.3543 -0.6139 1.3583, 0.4418 -0.5543 1.3583, 0.5195 -0.4822 1.3583, 0.5855 -0.3994 1.3583, 0.6385 -0.3077 1.3583, 0.6772 -0.2091 1.3583, 0.7007 -0.1058 1.3583, -0.6563 0.8972 1.3583, -0.6496 0.8463 1.3583, -1.0169 -0.9451 1.3583, -1.0366 -0.8976 1.3583, -0.9857 -0.9858 1.3583, -0.676 -0.7482 1.3583, -0.6563 -0.7957 1.3583, -0.6496 -0.8467 1.3583, -0.6563 -0.8976 1.3583, -0.676 -0.9451 1.3583, -0.7073 -0.9858 1.3583, -0.8465 -1.0435 1.3583, -0.7955 -1.0368 1.3583, -0.748 -1.0171 1.3583, -1.0433 -0.8467 1.3583, -1.0366 -0.7957 1.3583, -1.0169 -0.7482 1.3583, -0.9857 -0.7075 1.3583, -0.8974 -1.0368 1.3583, -0.9449 -1.0171 1.3583, -0.8465 -0.6498 1.3583, -0.7955 -0.6565 1.3583, -0.9449 -0.6762 1.3583, -0.8974 -0.6565 1.3583, -0.7073 -0.7075 1.3583, -0.748 -0.6762 1.3583, -0.676 0.7478 1.3583, -0.7073 0.9855 1.3583, -0.676 0.9447 1.3583, -0.9449 0.6758 1.3583, -0.9857 0.7071 1.3583, -0.9449 1.0167 1.3583, -0.8974 1.0364 1.3583, -0.6563 0.7953 1.3583, -0.7073 0.7071 1.3583, -0.748 0.6758 1.3583, -0.7955 0.6561 1.3583, -0.8465 0.6494 1.3583, -0.8974 0.6561 1.3583, -1.0433 0.8463 1.3583, -1.0366 0.7953 1.3583, -1.0169 0.7478 1.3583, -0.9857 0.9855 1.3583, -0.8465 1.0431 1.3583, -0.7955 1.0364 1.3583, -0.748 1.0167 1.3583, -1.0366 0.8972 1.3583, -1.0169 0.9447 1.3583, 1.0366 0.7953 1.3583, 0.8974 0.6561 1.3583, 0.8465 0.6494 1.3583, 0.6496 0.8463 1.3583, 0.6563 0.8972 1.3583, 0.676 0.9447 1.3583, 0.7073 0.9855 1.3583, 0.9857 0.9855 1.3583, 1.0169 0.7478 1.3583, 0.9857 0.7071 1.3583, 0.9449 0.6758 1.3583, 0.8465 1.0431 1.3583, 0.7955 1.0364 1.3583, 0.748 1.0167 1.3583, 1.0169 0.9447 1.3583, 1.0366 0.8972 1.3583, 1.0433 0.8463 1.3583, 0.7955 0.6561 1.3583, 0.676 0.7478 1.3583, 0.7073 0.7071 1.3583, 0.748 0.6758 1.3583, 0.6563 0.7953 1.3583, 0.8974 1.0364 1.3583, 0.9449 1.0167 1.3583, 0.6563 -0.7957 1.3583, 0.676 -0.7482 1.3583, 0.6563 -0.8976 1.3583, 0.6496 -0.8467 1.3583, 0.9857 -0.9858 1.3583, 0.7073 -0.9858 1.3583, 0.676 -0.9451 1.3583, 1.0433 -0.8467 1.3583, 1.0366 -0.7957 1.3583, 1.0169 -0.7482 1.3583, 1.0366 -0.8976 1.3583, 1.0169 -0.9451 1.3583, 0.9449 -1.0171 1.3583, 0.8974 -1.0368 1.3583, 0.8465 -1.0435 1.3583, 0.7955 -1.0368 1.3583, 0.748 -1.0171 1.3583, 0.8465 -0.6498 1.3583, 0.8974 -0.6565 1.3583, 0.9449 -0.6762 1.3583, 0.9857 -0.7075 1.3583, 0.7955 -0.6565 1.3583, 0.748 -0.6762 1.3583, 0.7073 -0.7075 1.3583
            ]
        }
        coordIndex [
            0,1,2,-1,2,1,3,-1,2,3,4,-1,5,6,7,-1,5,7,8,-1,8,7,9,-1,8,9,10,-1,10,9,11,-1,10,11,12,-1,12,11,13,-1,12,13,14,-1,14,13,15,-1,14,15,16,-1,16,15,4,-1,16,4,3,-1,6,5,17,-1,17,5,18,-1,17,18,19,-1,20,21,22,-1,20,22,23,-1,23,22,24,-1,23,24,25,-1,25,24,26,-1,25,26,27,-1,27,26,28,-1,27,28,29,-1,29,28,30,-1,29,30,31,-1,31,30,19,-1,31,19,18,-1,21,20,32,-1,32,20,33,-1,32,33,34,-1,35,36,37,-1,35,37,38,-1,38,37,39,-1,38,39,40,-1,40,39,41,-1,40,41,42,-1,42,41,43,-1,42,43,44,-1,44,43,45,-1,44,45,46,-1,46,45,34,-1,46,34,33,-1,36,35,47,-1,47,35,48,-1,47,48,49,-1,1,0,50,-1,1,50,51,-1,51,50,52,-1,51,52,53,-1,53,52,54,-1,53,54,55,-1,55,54,56,-1,55,56,57,-1,57,56,58,-1,57,58,59,-1,59,58,49,-1,59,49,48,-1,60,61,62,-1,62,61,63,-1,62,63,64,-1,64,63,65,-1,64,65,66,-1,66,65,67,-1,66,67,68,-1,68,67,69,-1,68,69,70,-1,70,69,71,-1,70,71,72,-1,72,71,73,-1,72,73,74,-1,74,73,75,-1,74,75,76,-1,76,75,77,-1,76,77,78,-1,78,77,79,-1,78,79,80,-1,79,81,80,-1,80,81,82,-1,80,82,83,-1,83,82,84,-1,83,84,85,-1,85,84,86,-1,85,86,87,-1,87,86,88,-1,87,88,89,-1,89,88,90,-1,89,90,91,-1,91,90,92,-1,91,92,93,-1,93,92,94,-1,93,94,95,-1,95,94,96,-1,95,96,97,-1,97,96,98,-1,97,98,99,-1,99,98,100,-1,99,100,101,-1,101,100,102,-1,101,102,103,-1,103,102,104,-1,85,87,33,-1,99,35,97,-1,97,35,95,-1,93,40,42,-1,99,101,35,-1,35,101,103,-1,35,103,48,-1,48,103,105,-1,48,105,106,-1,107,108,3,-1,95,35,93,-1,93,35,38,-1,93,38,40,-1,87,89,33,-1,33,89,91,-1,33,91,46,-1,46,91,93,-1,46,93,44,-1,44,93,42,-1,53,55,109,-1,106,110,48,-1,48,110,111,-1,48,111,59,-1,59,111,109,-1,59,109,57,-1,57,109,55,-1,112,113,1,-1,1,113,114,-1,112,1,109,-1,109,1,51,-1,109,51,53,-1,114,115,1,-1,1,115,116,-1,1,116,3,-1,3,116,117,-1,3,117,107,-1,118,10,12,-1,119,120,5,-1,5,120,121,-1,121,122,5,-1,5,122,60,-1,5,60,18,-1,18,60,62,-1,18,62,64,-1,119,5,118,-1,118,5,8,-1,118,8,10,-1,108,123,3,-1,3,123,124,-1,3,124,16,-1,16,124,118,-1,16,118,14,-1,14,118,12,-1,25,27,70,-1,72,74,20,-1,20,74,76,-1,64,66,18,-1,18,66,68,-1,18,68,31,-1,31,68,70,-1,31,70,29,-1,29,70,27,-1,76,78,20,-1,20,78,80,-1,20,80,33,-1,33,80,83,-1,33,83,85,-1,72,20,70,-1,70,20,23,-1,70,23,25,-1,103,104,105,-1,105,104,125,-1,105,125,106,-1,106,125,126,-1,106,126,110,-1,110,126,127,-1,110,127,111,-1,111,127,128,-1,111,128,109,-1,109,128,129,-1,109,129,112,-1,112,129,130,-1,112,130,113,-1,113,130,131,-1,113,131,114,-1,114,131,132,-1,114,132,115,-1,115,132,133,-1,115,133,116,-1,133,134,116,-1,116,134,135,-1,116,135,117,-1,117,135,136,-1,117,136,107,-1,107,136,137,-1,107,137,108,-1,108,137,138,-1,108,138,123,-1,123,138,139,-1,123,139,124,-1,124,139,140,-1,124,140,118,-1,118,140,141,-1,118,141,119,-1,119,141,142,-1,119,142,120,-1,120,142,143,-1,120,143,121,-1,121,143,144,-1,121,144,122,-1,122,144,145,-1,122,145,60,-1,60,145,61,-1,146,147,82,-1,148,149,49,-1,56,54,150,-1,148,49,150,-1,150,49,58,-1,150,58,56,-1,151,152,132,-1,153,154,2,-1,2,154,155,-1,2,155,156,-1,157,0,158,-1,158,0,2,-1,158,2,159,-1,159,2,156,-1,149,160,49,-1,49,160,161,-1,49,161,47,-1,47,161,162,-1,47,162,163,-1,157,164,0,-1,0,164,165,-1,0,165,50,-1,50,165,150,-1,50,150,52,-1,52,150,54,-1,166,167,126,-1,163,168,47,-1,47,168,169,-1,47,169,104,-1,104,169,166,-1,104,166,125,-1,125,166,126,-1,132,131,151,-1,151,131,130,-1,151,130,170,-1,170,130,129,-1,170,129,171,-1,171,129,128,-1,171,128,167,-1,167,128,127,-1,167,127,126,-1,92,90,172,-1,173,174,32,-1,47,175,176,-1,177,178,34,-1,172,90,179,-1,90,88,179,-1,179,88,86,-1,179,86,147,-1,147,86,84,-1,147,84,82,-1,92,172,94,-1,94,172,180,-1,94,180,96,-1,96,180,181,-1,96,181,98,-1,98,181,182,-1,98,182,100,-1,100,182,102,-1,102,182,183,-1,102,183,104,-1,104,183,47,-1,47,183,184,-1,47,184,175,-1,185,36,186,-1,186,36,47,-1,186,47,187,-1,187,47,176,-1,43,41,188,-1,178,189,34,-1,34,189,190,-1,34,190,32,-1,32,190,191,-1,32,191,173,-1,177,34,188,-1,188,34,45,-1,188,45,43,-1,185,192,36,-1,36,192,193,-1,36,193,37,-1,37,193,188,-1,37,188,39,-1,39,188,41,-1,194,17,19,-1,195,196,61,-1,197,198,32,-1,32,198,199,-1,32,199,200,-1,28,26,201,-1,194,202,17,-1,17,202,203,-1,17,203,204,-1,205,21,206,-1,206,21,32,-1,206,32,207,-1,207,32,200,-1,208,209,19,-1,19,209,210,-1,19,210,194,-1,208,19,201,-1,201,19,30,-1,201,30,28,-1,211,65,196,-1,196,65,63,-1,196,63,61,-1,212,73,213,-1,213,73,71,-1,213,71,214,-1,214,71,69,-1,214,69,211,-1,211,69,67,-1,211,67,65,-1,215,77,212,-1,212,77,75,-1,212,75,73,-1,174,146,32,-1,32,146,82,-1,32,82,197,-1,197,82,81,-1,197,81,215,-1,215,81,79,-1,215,79,77,-1,205,216,21,-1,21,216,217,-1,21,217,22,-1,22,217,201,-1,22,201,24,-1,24,201,26,-1,218,219,139,-1,220,221,135,-1,13,11,222,-1,223,224,2,-1,225,6,226,-1,226,6,17,-1,226,17,227,-1,225,228,6,-1,6,228,229,-1,6,229,7,-1,7,229,222,-1,7,222,9,-1,9,222,11,-1,4,230,231,-1,139,138,218,-1,218,138,137,-1,218,137,221,-1,221,137,136,-1,221,136,135,-1,230,4,222,-1,222,4,15,-1,222,15,13,-1,231,232,4,-1,4,232,233,-1,4,233,2,-1,2,233,234,-1,2,234,223,-1,224,220,2,-1,2,220,135,-1,2,135,153,-1,153,135,134,-1,153,134,152,-1,152,134,133,-1,152,133,132,-1,235,236,17,-1,236,237,17,-1,17,237,238,-1,17,238,227,-1,239,143,240,-1,240,143,142,-1,240,142,241,-1,241,142,141,-1,241,141,219,-1,219,141,140,-1,219,140,139,-1,204,195,17,-1,17,195,61,-1,17,61,235,-1,235,61,145,-1,235,145,239,-1,239,145,144,-1,239,144,143,-1,
        ]
    }
}
Shape{
    appearance Appearance {
        material  Material 	{
            diffuseColor 0.2235294117647059 0.2235294117647059 0.2235294117647059
            specularColor 0.11372549019607843 0.11372549019607843 0.11372549019607843
            ambientIntensity 0.2235
            transparency 0.0
            shininess 0.5
        }
    }
    geometry IndexedFaceSet {
        ccw TRUE
        solid FALSE
        coord DEF co Coordinate {
            point [
                -1.0433 0.8463 1.437, -1.0395 0.8847 1.437, -1.0433 0.8463 1.3583, -1.0366 0.8972 1.3583, -1.0358 0.897 1.437, -1.0283 0.9216 1.437, -1.0169 0.9447 1.3583, -1.0162 0.9443 1.437, -1.0101 0.9556 1.437, -0.9857 0.9855 1.3583, -0.9857 0.9855 1.437, -0.9558 1.0099 1.437, -0.9449 1.0167 1.3583, -0.9445 1.016 1.437, -0.9218 1.0281 1.437, -0.8974 1.0364 1.3583, -0.8972 1.0356 1.437, -0.8849 1.0393 1.437, -0.8465 1.0431 1.3583, -0.8465 1.0431 1.437, -0.8081 1.0393 1.437, -0.7955 1.0364 1.3583, -0.7958 1.0356 1.437, -0.7711 1.0281 1.437, -0.748 1.0167 1.3583, -0.7484 1.016 1.437, -0.7371 1.0099 1.437, -0.7073 0.9855 1.3583, -0.7073 0.9855 1.437, -0.6828 0.9556 1.437, -0.676 0.9447 1.3583, -0.6767 0.9443 1.437, -0.6646 0.9216 1.437, -0.6563 0.8972 1.3583, -0.6496 0.8463 1.437, -0.6496 0.8463 1.3583, -0.6534 0.8847 1.437, -0.6571 0.897 1.437, -0.6534 0.8079 1.437, -0.6563 0.7953 1.3583, -0.6571 0.7956 1.437, -0.6646 0.7709 1.437, -0.676 0.7478 1.3583, -0.6767 0.7482 1.437, -0.6828 0.7369 1.437, -0.7073 0.7071 1.3583, -0.7073 0.7071 1.437, -0.7371 0.6826 1.437, -0.748 0.6758 1.3583, -0.7484 0.6765 1.437, -0.7711 0.6644 1.437, -0.7955 0.6561 1.3583, -0.7958 0.6569 1.437, -0.8081 0.6532 1.437, -0.8465 0.6494 1.3583, -0.8465 0.6494 1.437, -0.8849 0.6532 1.437, -0.8974 0.6561 1.3583, -0.8972 0.6569 1.437, -0.9218 0.6644 1.437, -0.9449 0.6758 1.3583, -0.9445 0.6765 1.437, -0.9558 0.6826 1.437, -0.9857 0.7071 1.3583, -0.9857 0.7071 1.437, -1.0101 0.7369 1.437, -1.0169 0.7478 1.3583, -1.0162 0.7482 1.437, -1.0283 0.7709 1.437, -1.0366 0.7953 1.3583, -1.0395 0.8079 1.437, -1.0358 0.7956 1.437, -1.0258 0.772 1.4574, -0.9208 0.6669 1.4574, -0.7722 0.6669 1.4574, -0.6671 0.772 1.4574, -0.7306 0.8232 1.5157, -0.7373 0.8011 1.5157, -0.7106 0.8192 1.5131, -0.7185 0.7933 1.5131, -0.692 0.8155 1.5052, -0.701 0.786 1.5052, -0.676 0.8124 1.4927, -0.6859 0.7798 1.4927, -0.6637 0.8099 1.4764, -0.6743 0.775 1.4764, -0.656 0.8084 1.4574, -0.7808 0.7481 1.5157, -0.8013 0.7371 1.5157, -0.7695 0.7311 1.5131, -0.7935 0.7183 1.5131, -0.759 0.7153 1.5052, -0.7862 0.7008 1.5052, -0.7499 0.7018 1.4927, -0.78 0.6857 1.4927, -0.743 0.6914 1.4764, -0.7752 0.6741 1.4764, -0.7386 0.6848 1.4574, -0.8695 0.7304 1.5157, -0.8917 0.7371 1.5157, -0.8735 0.7104 1.5131, -0.8995 0.7183 1.5131, -0.8772 0.6918 1.5052, -0.9067 0.7008 1.5052, -0.8804 0.6758 1.4927, -0.913 0.6857 1.4927, -0.8828 0.6635 1.4764, -0.9178 0.6741 1.4764, -0.8843 0.6558 1.4574, -0.9447 0.7806 1.5157, -0.9556 0.8011 1.5157, -0.9616 0.7693 1.5131, -0.9744 0.7933 1.5131, -0.9774 0.7588 1.5052, -0.9919 0.786 1.5052, -0.991 0.7497 1.4927, -1.007 0.7798 1.4927, -1.0014 0.7428 1.4764, -1.0186 0.775 1.4764, -1.0079 0.7384 1.4574, -0.7283 0.8463 1.5157, -0.708 0.8463 1.5131, -0.689 0.8463 1.5052, -0.6727 0.8463 1.4927, -0.6602 0.8463 1.4764, -0.6523 0.8463 1.4574, -0.685 0.7384 1.4574, -0.6916 0.7428 1.4764, -0.702 0.7497 1.4927, -0.7155 0.7588 1.5052, -0.7313 0.7693 1.5131, -0.7483 0.7806 1.5157, -0.7629 0.7627 1.5157, -0.7485 0.7483 1.5131, -0.7351 0.7349 1.5052, -0.7236 0.7234 1.4927, -0.7147 0.7145 1.4764, -0.7092 0.709 1.4574, -0.8086 0.6558 1.4574, -0.8101 0.6635 1.4764, -0.8126 0.6758 1.4927, -0.8157 0.6918 1.5052, -0.8194 0.7104 1.5131, -0.8234 0.7304 1.5157, -0.8465 0.7281 1.5157, -0.8465 0.7078 1.5131, -0.8465 0.6888 1.5052, -0.8465 0.6725 1.4927, -0.8465 0.66 1.4764, -0.8465 0.6521 1.4574, -0.9543 0.6848 1.4574, -0.95 0.6914 1.4764, -0.943 0.7018 1.4927, -0.9339 0.7153 1.5052, -0.9234 0.7311 1.5131, -0.9121 0.7481 1.5157, -0.93 0.7627 1.5157, -0.9444 0.7483 1.5131, -0.9578 0.7349 1.5052, -0.9693 0.7234 1.4927, -0.9782 0.7145 1.4764, -0.9838 0.709 1.4574, -1.0369 0.8084 1.4574, -1.0292 0.8099 1.4764, -1.0169 0.8124 1.4927, -1.0009 0.8155 1.5052, -0.9823 0.8192 1.5131, -0.9623 0.8232 1.5157, -0.9646 0.8463 1.5157, -0.9849 0.8463 1.5131, -1.0039 0.8463 1.5052, -1.0202 0.8463 1.4927, -1.0328 0.8463 1.4764, -1.0406 0.8463 1.4574, -0.6671 0.9206 1.4574, -0.7722 1.0256 1.4574, -0.9208 1.0256 1.4574, -1.0258 0.9206 1.4574, -0.9623 0.8693 1.5157, -0.9556 0.8915 1.5157, -0.9823 0.8733 1.5131, -0.9744 0.8993 1.5131, -1.0009 0.877 1.5052, -0.9919 0.9065 1.5052, -1.0169 0.8802 1.4927, -1.007 0.9128 1.4927, -1.0292 0.8826 1.4764, -1.0186 0.9176 1.4764, -1.0369 0.8841 1.4574, -0.9121 0.9445 1.5157, -0.8917 0.9554 1.5157, -0.9234 0.9614 1.5131, -0.8995 0.9742 1.5131, -0.9339 0.9772 1.5052, -0.9067 0.9918 1.5052, -0.943 0.9908 1.4927, -0.913 1.0068 1.4927, -0.95 1.0012 1.4764, -0.9178 1.0184 1.4764, -0.9543 1.0077 1.4574, -0.8234 0.9621 1.5157, -0.8013 0.9554 1.5157, -0.8194 0.9821 1.5131, -0.7935 0.9742 1.5131, -0.8157 1.0007 1.5052, -0.7862 0.9918 1.5052, -0.8126 1.0167 1.4927, -0.78 1.0068 1.4927, -0.8101 1.029 1.4764, -0.7752 1.0184 1.4764, -0.8086 1.0367 1.4574, -0.7483 0.9119 1.5157, -0.7373 0.8915 1.5157, -0.7313 0.9232 1.5131, -0.7185 0.8993 1.5131, -0.7155 0.9338 1.5052, -0.701 0.9065 1.5052, -0.702 0.9428 1.4927, -0.6859 0.9128 1.4927, -0.6916 0.9498 1.4764, -0.6743 0.9176 1.4764, -0.685 0.9541 1.4574, -1.0079 0.9541 1.4574, -1.0014 0.9498 1.4764, -0.991 0.9428 1.4927, -0.9774 0.9338 1.5052, -0.9616 0.9232 1.5131, -0.9447 0.9119 1.5157, -0.93 0.9298 1.5157, -0.9444 0.9442 1.5131, -0.9578 0.9576 1.5052, -0.9693 0.9691 1.4927, -0.9782 0.978 1.4764, -0.9838 0.9836 1.4574, -0.8843 1.0367 1.4574, -0.8828 1.029 1.4764, -0.8804 1.0167 1.4927, -0.8772 1.0007 1.5052, -0.8735 0.9821 1.5131, -0.8695 0.9621 1.5157, -0.8465 0.9644 1.5157, -0.8465 0.9847 1.5131, -0.8465 1.0037 1.5052, -0.8465 1.02 1.4927, -0.8465 1.0326 1.4764, -0.8465 1.0404 1.4574, -0.7386 1.0077 1.4574, -0.743 1.0012 1.4764, -0.7499 0.9908 1.4927, -0.759 0.9772 1.5052, -0.7695 0.9614 1.5131, -0.7808 0.9445 1.5157, -0.7629 0.9298 1.5157, -0.7485 0.9442 1.5131, -0.7351 0.9576 1.5052, -0.7236 0.9691 1.4927, -0.7147 0.978 1.4764, -0.7092 0.9836 1.4574, -0.656 0.8841 1.4574, -0.6637 0.8826 1.4764, -0.676 0.8802 1.4927, -0.692 0.877 1.5052, -0.7106 0.8733 1.5131, -0.7306 0.8693 1.5157, -0.8465 -0.7285 1.5157, -0.8695 -0.7308 1.5157, -0.7483 -0.9123 1.5157, -0.8917 -0.7375 1.5157, -0.9121 -0.7484 1.5157, -0.9556 -0.8015 1.5157, -0.93 -0.9302 1.5157, -0.9121 -0.9449 1.5157, -0.7629 -0.9302 1.5157, -0.7808 -0.9449 1.5157, -0.93 -0.7631 1.5157, -0.9447 -0.781 1.5157, -0.8917 -0.9558 1.5157, -0.8695 -0.9625 1.5157, -0.8465 -0.9648 1.5157, -0.7483 -0.781 1.5157, -0.7306 -0.8697 1.5157, -0.7373 -0.8015 1.5157, -0.7283 -0.8467 1.5157, -0.7306 -0.8236 1.5157, -0.7629 -0.7631 1.5157, -0.7808 -0.7484 1.5157, -0.8013 -0.7375 1.5157, -0.7373 -0.8919 1.5157, -0.8234 -0.7308 1.5157, -0.9646 -0.8467 1.5157, -0.9623 -0.8697 1.5157, -0.9623 -0.8236 1.5157, -0.9556 -0.8919 1.5157, -0.9447 -0.9123 1.5157, -0.8234 -0.9625 1.5157, -0.8013 -0.9558 1.5157, -0.6571 -0.7959 1.437, -0.6646 -0.7713 1.437, -0.6671 -0.7723 1.4574, -0.7484 -0.6769 1.437, -0.7711 -0.6648 1.437, -0.7722 -0.6673 1.4574, -0.8972 -0.6573 1.437, -0.9218 -0.6648 1.437, -0.9208 -0.6673 1.4574, -1.0162 -0.7486 1.437, -1.0283 -0.7713 1.437, -1.0258 -0.7723 1.4574, -0.9823 -0.8196 1.5131, -0.9744 -0.7937 1.5131, -1.0009 -0.8159 1.5052, -0.9919 -0.7864 1.5052, -1.0169 -0.8127 1.4927, -1.007 -0.7801 1.4927, -1.0292 -0.8103 1.4764, -1.0186 -0.7754 1.4764, -1.0369 -0.8088 1.4574, -0.9234 -0.7315 1.5131, -0.8995 -0.7187 1.5131, -0.9339 -0.7157 1.5052, -0.9067 -0.7012 1.5052, -0.943 -0.7022 1.4927, -0.913 -0.6861 1.4927, -0.95 -0.6917 1.4764, -0.9178 -0.6745 1.4764, -0.9543 -0.6852 1.4574, -0.8194 -0.7108 1.5131, -0.7935 -0.7187 1.5131, -0.8157 -0.6922 1.5052, -0.7862 -0.7012 1.5052, -0.8126 -0.6762 1.4927, -0.78 -0.6861 1.4927, -0.8101 -0.6639 1.4764, -0.7752 -0.6745 1.4764, -0.8086 -0.6562 1.4574, -0.7313 -0.7697 1.5131, -0.7185 -0.7937 1.5131, -0.7155 -0.7592 1.5052, -0.701 -0.7864 1.5052, -0.702 -0.7501 1.4927, -0.6859 -0.7801 1.4927, -0.6916 -0.7431 1.4764, -0.6743 -0.7754 1.4764, -0.685 -0.7388 1.4574, -0.9849 -0.8467 1.5131, -1.0039 -0.8467 1.5052, -1.0202 -0.8467 1.4927, -1.0328 -0.8467 1.4764, -1.0406 -0.8467 1.4574, -1.0433 -0.8467 1.437, -1.0395 -0.8082 1.437, -1.0358 -0.7959 1.437, -1.0101 -0.7373 1.437, -1.0079 -0.7388 1.4574, -1.0014 -0.7431 1.4764, -0.991 -0.7501 1.4927, -0.9774 -0.7592 1.5052, -0.9616 -0.7697 1.5131, -0.9444 -0.7487 1.5131, -0.9578 -0.7353 1.5052, -0.9693 -0.7238 1.4927, -0.9782 -0.7149 1.4764, -0.9838 -0.7094 1.4574, -0.9857 -0.7075 1.437, -0.9558 -0.683 1.437, -0.9445 -0.6769 1.437, -0.8849 -0.6536 1.437, -0.8843 -0.6562 1.4574, -0.8828 -0.6639 1.4764, -0.8804 -0.6762 1.4927, -0.8772 -0.6922 1.5052, -0.8735 -0.7108 1.5131, -0.8465 -0.7082 1.5131, -0.8465 -0.6892 1.5052, -0.8465 -0.6729 1.4927, -0.8465 -0.6604 1.4764, -0.8465 -0.6525 1.4574, -0.8465 -0.6498 1.437, -0.8081 -0.6536 1.437, -0.7958 -0.6573 1.437, -0.7371 -0.683 1.437, -0.7386 -0.6852 1.4574, -0.743 -0.6917 1.4764, -0.7499 -0.7022 1.4927, -0.759 -0.7157 1.5052, -0.7695 -0.7315 1.5131, -0.7485 -0.7487 1.5131, -0.7351 -0.7353 1.5052, -0.7236 -0.7238 1.4927, -0.7147 -0.7149 1.4764, -0.7092 -0.7094 1.4574, -0.7073 -0.7075 1.437, -0.6828 -0.7373 1.437, -0.6767 -0.7486 1.437, -0.6534 -0.8082 1.437, -0.656 -0.8088 1.4574, -0.6637 -0.8103 1.4764, -0.676 -0.8127 1.4927, -0.692 -0.8159 1.5052, -0.7106 -0.8196 1.5131, -0.708 -0.8467 1.5131, -0.689 -0.8467 1.5052, -0.6727 -0.8467 1.4927, -0.6602 -0.8467 1.4764, -0.6523 -0.8467 1.4574, -0.6496 -0.8467 1.437, -1.0433 -0.8467 1.3583, -1.0366 -0.7957 1.3583, -1.0169 -0.7482 1.3583, -0.9857 -0.7075 1.3583, -0.9449 -0.6762 1.3583, -0.8974 -0.6565 1.3583, -0.8465 -0.6498 1.3583, -0.7955 -0.6565 1.3583, -0.748 -0.6762 1.3583, -0.7073 -0.7075 1.3583, -0.676 -0.7482 1.3583, -0.6563 -0.7957 1.3583, -0.6496 -0.8467 1.3583, 0.5356 -0.3678 1.6929, 0.5798 -0.2932 1.6929, 0.3346 -0.2561 1.6929, 0.6137 -0.2133 1.6929, 0.6366 0.1292 1.6929, 0.6137 0.2129 1.6929, 0.3346 0.2557 1.6929, 0.5798 0.2928 1.6929, 0.332 0.2761 1.6929, 0.5356 0.3674 1.6929, 0.3241 0.2951 1.6929, -0.5981 0.2534 1.6929, -0.3346 0.2557 1.6929, -0.5589 0.3309 1.6929, -0.332 0.2761 1.6929, -0.5098 0.4024 1.6929, -0.3241 0.2951 1.6929, -0.4516 0.4668 1.6929, -0.3116 0.3114 1.6929, -0.3853 0.5228 1.6929, -0.2953 0.3239 1.6929, -0.3122 0.5695 1.6929, -0.2763 0.3318 1.6929, -0.2335 0.606 1.6929, -0.2559 0.3344 1.6929, -0.1506 0.6317 1.6929, -0.2335 -0.6064 1.6929, -0.2559 -0.3348 1.6929, -0.3122 -0.5699 1.6929, -0.2763 -0.3322 1.6929, -0.3853 -0.5232 1.6929, -0.2953 -0.3243 1.6929, -0.4516 -0.4671 1.6929, -0.3116 -0.3118 1.6929, -0.5098 -0.4028 1.6929, -0.3241 -0.2955 1.6929, -0.5589 -0.3312 1.6929, -0.332 -0.2765 1.6929, -0.5981 -0.2538 1.6929, -0.3346 -0.2561 1.6929, -0.6265 -0.1718 1.6929, -0.6438 -0.0868 1.6929, 0.3116 0.3114 1.6929, 0.4818 0.4355 1.6929, 0.2953 0.3239 1.6929, 0.4194 0.4959 1.6929, 0.2763 0.3318 1.6929, 0.3495 0.5474 1.6929, 0.2559 0.3344 1.6929, 0.2734 0.5891 1.6929, 0.1925 0.6202 1.6929, 0.6366 -0.1296 1.6929, 0.6482 -0.0436 1.6929, 0.6482 0.0432 1.6929, 0.332 -0.2765 1.6929, 0.3241 -0.2955 1.6929, 0.4818 -0.4359 1.6929, 0.3116 -0.3118 1.6929, 0.4194 -0.4963 1.6929, 0.2953 -0.3243 1.6929, 0.3495 -0.5477 1.6929, 0.2763 -0.3322 1.6929, 0.2734 -0.5894 1.6929, 0.2559 -0.3348 1.6929, 0.1925 -0.6206 1.6929, 0.108 -0.6408 1.6929, -0.6265 0.1714 1.6929, -0.6438 0.0864 1.6929, -0.6496 -0.0002 1.6929, -0.1506 -0.6321 1.6929, -0.065 -0.6465 1.6929, 0.0217 -0.6494 1.6929, 0.108 0.6404 1.6929, 0.0217 0.649 1.6929, -0.065 0.6461 1.6929, 0.0659 1.1809 0.7338, 0.0659 1.1809 0.7109, -0.0115 1.1809 0.7109, -0.0163 1.1809 0.7109, -0.0163 1.1809 0.6878, -0.0695 1.1809 0.6878, -0.0629 1.1809 0.7347, -0.0532 1.1809 0.7338, -0.0695 1.1809 0.7338, -0.043 1.1809 0.815, -0.0443 1.1809 0.8152, -0.0163 1.1809 0.8152, -0.0695 1.1809 0.8141, -0.0695 1.1809 0.8152, -0.0659 1.1809 0.8152, 0.0987 1.1809 0.6862, 0.0659 1.1809 0.6862, 0.0659 1.1809 0.6878, 0.3291 1.1809 0.6862, 0.2593 1.1809 0.6862, 0.2562 1.1809 0.6878, 0.1346 1.1809 0.7539, 0.1193 1.1809 0.7407, 0.0659 1.1809 0.8152, 0.1847 1.1809 0.8086, 0.1656 1.1809 0.7859, 0.1543 1.1809 0.7634, 0.1515 1.1809 0.7624, 0.2357 1.1809 0.8355, 0.2155 1.1809 0.8276, 0.0659 1.1809 0.8276, 0.2075 1.1809 0.8245, 0.1941 1.1809 0.8152, 0.0659 1.1809 1.2402, 1.0236 1.1809 1.2402, 1.0236 1.1809 0.8276, 0.2619 1.1809 0.8387, 0.2884 1.1809 0.8359, 0.3113 1.1809 0.8276, 0.3148 1.1809 0.8263, 1.0236 1.1809 0.8152, 0.3325 1.1809 0.8152, 0.3304 1.1809 0.817, 0.3911 1.1809 0.7908, 0.3687 1.1809 0.7934, 0.3438 1.1809 0.8056, 0.3621 1.1809 0.793, 0.3556 1.1809 0.7921, 0.4343 1.1809 0.7665, 0.4305 1.1809 0.7701, 0.4123 1.1809 0.7827, 1.0236 1.1809 0.7338, 1.0236 1.1809 0.7109, 0.4607 1.1809 0.7109, 0.4574 1.1809 0.7286, 0.455 1.1809 0.7338, 0.4482 1.1809 0.7491, 0.459 1.1809 0.6795, 0.4598 1.1809 0.6862, 1.0236 1.1809 0.6862, 0.4599 1.1809 0.6878, 1.0236 1.1809 0.6878, 0.4616 1.1809 0.7018, 0.4614 1.1809 0.7073, 0.2124 1.1809 0.6427, 0.2085 1.1809 0.6442, 0.2016 1.1809 0.6766, 1.0236 1.1809 0.0394, 0.6693 1.1809 0.0394, 0.6693 1.1809 0.1969, 0.2159 1.1809 0.6402, 0.4204 1.1809 0.6243, 0.4381 1.1809 0.6396, 0.2041 1.1809 0.6447, 0.2035 1.1809 0.6447, 0.2018 1.1809 0.6443, 0.2218 1.1809 0.6272, 0.2217 1.1809 0.6295, 0.2816 1.1809 0.635, 0.2205 1.1809 0.6338, 0.2183 1.1809 0.6377, 0.451 1.1809 0.6582, 0.2087 1.1809 0.61, 0.2124 1.1809 0.6115, 0.2854 1.1809 0.6094, 0.2161 1.1809 0.6142, 0.2174 1.1809 0.6155, 0.2199 1.1809 0.6191, 0.2213 1.1809 0.623, 0.282 1.1809 0.6234, 0.2816 1.1809 0.6294, 0.1455 1.1809 0.6581, 0.1392 1.1809 0.6669, 0.1352 1.1809 0.677, 0.2071 1.1809 0.6862, 0.1085 1.1809 0.6501, 0.1199 1.1809 0.6345, 0.0659 1.1809 0.1969, 0.3546 1.1809 0.5751, 0.3677 1.1809 0.5807, 0.3787 1.1809 0.5892, 0.3871 1.1809 0.5997, 0.2007 1.1809 0.6442, 0.175 1.1809 0.644, 0.1648 1.1809 0.6459, 0.1012 1.1809 0.6681, 0.301 1.1809 0.587, 0.3124 1.1809 0.5792, 0.3927 1.1809 0.6119, 0.3999 1.1809 0.6141, 0.1547 1.1809 0.6504, 0.1463 1.1809 0.6573, 0.1355 1.1809 0.6215, 0.1529 1.1809 0.6131, 0.1719 1.1809 0.6092, 0.2922 1.1809 0.5968, 0.2055 1.1809 0.6095, 0.3251 1.1809 0.5744, 0.3389 1.1809 0.5728, 0.3411 1.1809 0.5729, 0.134 1.1809 0.6862, 0.1338 1.1809 0.6878, 0.208 1.1809 0.6878, 0.1337 1.1809 0.6881, 0.4233 1.1809 0.6878, 0.4251 1.1809 0.6939, 0.219 1.1809 0.7069, 0.4257 1.1809 0.7027, 0.4246 1.1809 0.7109, 0.134 1.1809 0.6931, 0.1366 1.1809 0.704, 0.1402 1.1809 0.7109, 0.3175 1.1809 0.6833, 0.3055 1.1809 0.6767, 0.2956 1.1809 0.6676, 0.3643 1.1809 0.681, 0.3517 1.1809 0.6857, 0.4229 1.1809 0.6862, 0.3468 1.1809 0.6862, 0.3381 1.1809 0.6873, 0.3312 1.1809 0.6868, 0.4211 1.1809 0.6799, 0.3855 1.1809 0.6623, 0.376 1.1809 0.673, 0.4144 1.1809 0.6684, 0.4043 1.1809 0.6578, 0.3919 1.1809 0.6501, 0.1824 1.1809 0.7328, 0.4189 1.1809 0.7291, 0.4239 1.1809 0.7165, 0.1778 1.1809 0.7328, 0.1418 1.1809 0.7139, 0.1483 1.1809 0.7213, 0.1571 1.1809 0.7275, 0.167 1.1809 0.7314, 0.1944 1.1809 0.7671, 0.2072 1.1809 0.7826, 0.3383 1.1809 0.7504, 0.2086 1.1809 0.7839, 0.2245 1.1809 0.7951, 0.3294 1.1809 0.7684, 0.4156 1.1809 0.7338, 0.3423 1.1809 0.7527, 0.1826 1.1809 0.7338, 0.1858 1.1809 0.7487, 0.355 1.1809 0.7575, 0.3684 1.1809 0.7592, 0.3743 1.1809 0.7589, 0.3166 1.1809 0.7836, 0.2423 1.1809 0.802, 0.3012 1.1809 0.7946, 0.2616 1.1809 0.8046, 0.2826 1.1809 0.802, 0.3884 1.1809 0.7557, 0.4011 1.1809 0.7491, 0.411 1.1809 0.7404, 0.1009 1.1809 0.707, 0.0984 1.1809 0.6884, 0.0985 1.1809 0.6878, 0.1025 1.1809 0.7109, 0.1078 1.1809 0.7244, 0.1144 1.1809 0.7338, -0.3078 1.1809 0.6658, -0.3107 1.1809 0.6581, -0.3141 1.1809 0.6862, -0.3057 1.1809 0.6244, -0.2997 1.1809 0.6174, -0.3141 1.1809 0.1969, -0.2912 1.1809 0.6114, -0.2821 1.1809 0.6079, -0.2685 1.1809 0.6064, -0.239 1.1809 0.1969, -0.2465 1.1809 0.6065, -0.239 1.1809 0.6862, -0.312 1.1809 0.6471, -0.3117 1.1809 0.642, -0.3097 1.1809 0.6327, -0.2918 1.1809 0.6814, -0.3001 1.1809 0.6756, -0.3029 1.1809 0.6728, -0.2471 1.1809 0.6862, -0.2471 1.1809 0.6866, -0.239 1.1809 0.6878, -0.2699 1.1809 0.6864, -0.3141 1.1809 0.6878, -0.2715 1.1809 0.6862, -0.2821 1.1809 0.685, -0.0083 1.1809 0.6791, 0.0226 1.1809 0.6793, 0.0228 1.1809 0.6537, -0.0096 1.1809 0.6082, 0.0334 1.1809 0.6085, -0.0115 1.1809 0.6862, -0.0059 1.1809 0.6535, -0.0058 1.1809 0.6443, 0.0228 1.1809 0.6445, 0.023 1.1809 0.6176, -0.0097 1.1809 0.6173, -0.0115 1.1809 0.1969, -0.0084 1.1809 0.6862, -0.0115 1.1809 0.6878, -0.0084 1.1809 0.6878, -0.0084 1.1809 0.6883, 0.0329 1.1809 0.6886, 0.0329 1.1809 0.6878, 0.0329 1.1809 0.6862, -0.239 1.1809 0.8152, -0.2478 1.1809 0.8136, -0.2589 1.1809 0.8135, -0.2168 1.1809 0.7338, -0.2168 1.1809 0.7338, -0.2147 1.1809 0.7338, -0.239 1.1809 0.7909, -0.2147 1.1809 0.7109, -0.2282 1.1809 0.7337, -0.239 1.1809 0.7109, -0.2282 1.1809 0.7338, -0.239 1.1809 0.7338, -0.239 1.1809 0.7555, -0.236 1.1809 0.7555, -0.2694 1.1809 0.7553, -0.2772 1.1809 0.7338, -0.2774 1.1809 0.7333, -0.2888 1.1809 0.7333, -0.3141 1.1809 0.7109, -0.2886 1.1809 0.7338, -0.3141 1.1809 0.7338, -0.3141 1.1809 0.8152, -0.1203 1.1809 0.8152, -0.1203 1.1809 0.8145, -0.1307 1.1809 0.8145, -0.1203 1.1809 0.7797, -0.1282 1.1809 0.7796, -0.1307 1.1809 0.8052, -0.1396 1.1809 0.8152, -0.1396 1.1809 0.7338, -0.1282 1.1809 0.7705, -0.1203 1.1809 0.8053, -0.0998 1.1809 0.8055, -0.0996 1.1809 0.7798, -0.0889 1.1809 0.7347, -0.0839 1.1809 0.7338, -0.1203 1.1809 0.7338, -0.0895 1.1809 0.8147, -0.0839 1.1809 0.8152, -0.0995 1.1809 0.7707, -0.0993 1.1809 0.7437, -0.1203 1.1809 0.7705, -0.1203 1.1809 0.7436, -0.1321 1.1809 0.7435, -0.132 1.1809 0.7344, -0.1203 1.1809 0.7345, -0.0735 1.1809 0.8129, -0.0734 1.1809 0.8021, -0.0546 1.1809 0.807, -0.051 1.1809 0.8069, -0.0695 1.1809 0.7465, -0.0644 1.1809 0.8058, -0.073 1.1809 0.748, -0.0725 1.1809 0.8026, -0.0695 1.1809 0.8038, -0.044 1.1809 0.8055, -0.0378 1.1809 0.8025, -0.0327 1.1809 0.7983, -0.0321 1.1809 0.7977, -0.0282 1.1809 0.7921, -0.0255 1.1809 0.7852, -0.0241 1.1809 0.7743, -0.0242 1.1809 0.7709, -0.0651 1.1809 0.7445, -0.056 1.1809 0.7429, -0.0523 1.1809 0.7428, -0.0255 1.1809 0.763, -0.0281 1.1809 0.7565, -0.0318 1.1809 0.7514, -0.0339 1.1809 0.7493, -0.0451 1.1809 0.7436, -0.0393 1.1809 0.7457, -0.0545 1.1809 0.8163, -0.065 1.1809 0.8154, -0.0695 1.1809 0.8276, -0.0192 1.1809 0.7972, -0.025 1.1809 0.8048, -0.027 1.1809 0.8067, -0.0346 1.1809 0.8118, -0.0115 1.1809 0.8152, -0.0153 1.1809 0.7884, -0.0163 1.1809 0.7906, -0.0163 1.1809 0.7567, -0.0147 1.1809 0.7607, -0.0115 1.1809 0.7338, -0.0132 1.1809 0.7737, -0.0134 1.1809 0.7779, -0.0446 1.1809 0.734, -0.0361 1.1809 0.7361, -0.0163 1.1809 0.7338, -0.0287 1.1809 0.74, -0.0233 1.1809 0.7447, -0.0226 1.1809 0.7455, -0.0179 1.1809 0.7523, -0.0695 1.1809 0.7109, -0.0507 1.1809 0.7336, -0.0475 1.1809 0.7338, -0.0729 1.1809 0.7381, -0.0716 1.1809 0.7374, -0.0695 1.1809 0.7368, 0.0216 1.1809 0.8152, 0.0221 1.1809 0.7446, -0.0098 1.1809 0.7444, -0.0097 1.1809 0.7352, 0.0325 1.1809 0.7355, -0.3275 1.1809 0.606, -0.3161 1.1809 0.606, -0.3472 1.1809 0.6859, -0.3582 1.1809 0.6858, -0.7059 1.1809 0.6862, -0.6693 1.1809 0.0394, -0.7059 1.1809 0.0394, -0.6693 1.1809 0.1969, -0.3882 1.1809 0.6055, -0.3767 1.1809 0.6056, -0.3687 1.1809 0.6276, -0.3354 1.1809 0.6278, -0.2301 1.1809 0.6867, -0.2301 1.1809 0.6862, -0.23 1.1809 0.6775, -0.2275 1.1809 0.6427, -0.2276 1.1809 0.6519, -0.2147 1.1809 0.652, -0.1396 1.1809 0.6487, -0.1489 1.1809 0.6214, -0.1516 1.1809 0.6213, -0.1501 1.1809 0.6167, -0.1503 1.1809 0.6167, -0.1508 1.1809 0.6187, -0.1396 1.1809 0.6862, -0.1675 1.1809 0.6643, -0.1889 1.1809 0.6862, -0.1779 1.1809 0.6642, -0.1883 1.1809 0.6069, -0.1515 1.1809 0.5986, -0.1469 1.1809 0.5898, -0.1432 1.1809 0.5854, -0.1425 1.1809 0.5848, -0.1396 1.1809 0.5828, -0.1245 1.1809 0.5813, -0.1246 1.1809 0.5902, -0.1203 1.1809 0.6862, -0.1342 1.1809 0.6645, -0.123 1.1809 0.6646, -0.2314 1.1809 0.6066, -0.2147 1.1809 0.6068, -0.2147 1.1809 0.1969, -0.1396 1.1809 0.1969, -0.139 1.1809 0.5823, -0.1396 1.1809 0.6215, -0.1367 1.1809 0.5913, -0.1386 1.1809 0.5934, -0.135 1.1809 0.5809, -0.1309 1.1809 0.5804, -0.1203 1.1809 0.1969, -0.1287 1.1809 0.5805, -0.1266 1.1809 0.5895, -0.1302 1.1809 0.589, -0.1327 1.1809 0.5893, -0.1349 1.1809 0.5901, -0.1142 1.1809 0.6325, -0.1161 1.1809 0.6297, -0.115 1.1809 0.6537, -0.1171 1.1809 0.6267, -0.0856 1.1809 0.6616, -0.0888 1.1809 0.6634, -0.0839 1.1809 0.6862, -0.1175 1.1809 0.623, -0.1084 1.1809 0.6654, -0.1015 1.1809 0.6661, -0.0943 1.1809 0.6653, -0.115 1.1809 0.6634, -0.117 1.1809 0.619, -0.1157 1.1809 0.6158, -0.0839 1.1809 0.1969, -0.1138 1.1809 0.6132, -0.111 1.1809 0.6107, -0.1076 1.1809 0.6088, -0.102 1.1809 0.607, -0.0943 1.1809 0.6063, -0.1005 1.1809 0.6579, -0.0975 1.1809 0.6577, -0.0895 1.1809 0.6503, -0.0948 1.1809 0.657, -0.0926 1.1809 0.6558, -0.0895 1.1809 0.649, -0.0899 1.1809 0.6474, -0.0906 1.1809 0.646, -0.0916 1.1809 0.645, -0.0951 1.1809 0.6427, -0.1071 1.1809 0.6571, -0.1013 1.1809 0.64, -0.1127 1.1809 0.655, -0.1052 1.1809 0.6384, -0.1118 1.1809 0.6346, -0.091 1.1809 0.6545, -0.0902 1.1809 0.6533, -0.0897 1.1809 0.6519, -0.0788 1.1809 0.6097, -0.0789 1.1809 0.6201, -0.0695 1.1809 0.6862, -0.0851 1.1809 0.6074, -0.0839 1.1809 0.6078, -0.0695 1.1809 0.1969, -0.0795 1.1809 0.6531, -0.0808 1.1809 0.6563, -0.0826 1.1809 0.659, -0.0839 1.1809 0.6601, -0.0827 1.1809 0.6177, -0.0839 1.1809 0.6172, -0.0839 1.1809 0.6385, -0.0819 1.1809 0.6404, -0.0806 1.1809 0.6425, -0.0795 1.1809 0.6456, -0.0791 1.1809 0.6495, -0.0835 1.1809 0.6387, -0.051 1.1809 0.6659, -0.0552 1.1809 0.6645, -0.0585 1.1809 0.6626, -0.0612 1.1809 0.66, -0.0652 1.1809 0.6078, -0.0163 1.1809 0.1969, -0.0551 1.1809 0.6079, -0.0163 1.1809 0.6862, -0.0348 1.1809 0.6653, -0.0449 1.1809 0.6665, -0.0235 1.1809 0.6354, -0.0267 1.1809 0.6381, -0.0251 1.1809 0.6515, -0.031 1.1809 0.6402, -0.0312 1.1809 0.6554, -0.0384 1.1809 0.642, -0.0473 1.1809 0.6579, -0.0439 1.1809 0.6583, -0.0375 1.1809 0.6576, -0.0632 1.1809 0.6568, -0.0647 1.1809 0.6522, -0.0654 1.1809 0.6446, -0.0252 1.1809 0.6613, -0.0273 1.1809 0.6625, -0.0275 1.1809 0.6089, -0.0242 1.1809 0.6113, -0.0231 1.1809 0.6124, -0.021 1.1809 0.6155, -0.0198 1.1809 0.6189, -0.0193 1.1809 0.6235, -0.0194 1.1809 0.6248, -0.0201 1.1809 0.6291, -0.0215 1.1809 0.6326, -0.0426 1.1809 0.6072, -0.0373 1.1809 0.6067, -0.0314 1.1809 0.6074, -0.0554 1.1809 0.6442, -0.0551 1.1809 0.6487, -0.0541 1.1809 0.6523, -0.0529 1.1809 0.6543, -0.0552 1.1809 0.6167, -0.0549 1.1809 0.6167, -0.0514 1.1809 0.656, -0.0496 1.1809 0.6571, -0.0533 1.1809 0.6143, -0.0501 1.1809 0.6109, -0.0466 1.1809 0.6087, -0.089 1.1809 0.6152, -0.0942 1.1809 0.6327, -0.0882 1.1809 0.6355, -0.0953 1.1809 0.6144, -0.0958 1.1809 0.6144, -0.1008 1.1809 0.6299, -0.1009 1.1809 0.615, -0.1072 1.1809 0.6221, -0.1071 1.1809 0.6233, -0.1035 1.1809 0.6159, -0.1044 1.1809 0.6165, -0.1056 1.1809 0.6175, -0.1065 1.1809 0.6188, -0.107 1.1809 0.6202, -0.1067 1.1809 0.6249, -0.1059 1.1809 0.6262, -0.1047 1.1809 0.6276, -0.1396 1.1809 0.5953, -0.1406 1.1809 0.597, -0.145 1.1809 0.6074, -0.2314 1.1809 0.6158, -0.2147 1.1809 0.6159, -0.2147 1.1809 0.6428, -0.1987 1.1809 0.616, -0.1989 1.1809 0.6429, -0.2147 1.1809 0.6776, -0.1991 1.1809 0.6777, -0.199 1.1809 0.6521, -0.2147 1.1809 0.6878, -0.2147 1.1809 0.6868, -0.1889 1.1809 0.687, -0.1396 1.1809 0.6878, -0.1203 1.1809 0.6878, -0.0839 1.1809 0.6878, -0.0839 1.1809 0.7109, -0.1203 1.1809 0.7109, -0.1396 1.1809 0.7109, 0.0216 1.1809 0.8155, -0.0115 1.1809 0.8276, 0.032 1.1809 0.8156, 0.032 1.1809 0.8152, -0.2123 1.1809 0.7697, -0.2103 1.1809 0.7604, -0.2085 1.1809 0.7935, -0.2114 1.1809 0.7859, -0.2147 1.1809 0.8152, -0.2126 1.1809 0.7749, -0.2063 1.1809 0.7521, -0.2003 1.1809 0.7451, -0.1919 1.1809 0.7391, -0.1705 1.1809 0.8142, -0.1828 1.1809 0.8127, -0.1924 1.1809 0.8091, -0.1827 1.1809 0.7357, -0.1691 1.1809 0.7341, -0.1471 1.1809 0.7343, -0.1477 1.1809 0.8143, -0.2007 1.1809 0.8034, -0.2036 1.1809 0.8005, -0.7059 1.1809 0.6878, -0.7059 1.1809 0.7109, -0.7059 1.1809 0.7338, -0.7059 1.1809 0.8152, -1.0236 1.1809 0.0394, -1.0236 1.1809 0.6862, -1.0236 1.1809 0.6878, -1.0236 1.1809 0.7109, -1.0236 1.1809 0.7338, -1.0236 1.1809 0.8152, -0.0163 1.1809 0.8276, -0.0839 1.1809 0.8276, -0.1203 1.1809 0.8276, -0.1396 1.1809 0.8276, -0.2147 1.1809 0.8276, -0.239 1.1809 0.8276, -0.3141 1.1809 0.8276, -0.7059 1.1809 0.8276, -1.0236 1.1809 0.8276, -0.0115 1.1809 1.2402, -0.0163 1.1809 1.2402, -0.0695 1.1809 1.2402, -0.0839 1.1809 1.2402, -0.1203 1.1809 1.2402, -0.1396 1.1809 1.2402, -0.2147 1.1809 1.2402, -0.239 1.1809 1.2402, -0.3141 1.1809 1.2402, -0.7059 1.1809 1.2402, -1.0236 1.1809 1.2402, 0.2609 -1.0273 0.1772, 0.2609 -1.0273 0.1969, 0.2544 -1.0474 0.1772, 0.2544 -1.0474 0.1969, 0.2347 -1.0742 0.1772, 0.2347 -1.0742 0.1969, 0.2084 -1.0943 0.1772, 0.2084 -1.0943 0.1969, 0.1756 -1.101 0.1772, 0.1756 -1.101 0.1969, 0.1428 -1.101 0.1772, 0.1428 -1.101 0.1969, 0.1166 -1.0943 0.1772, 0.1166 -1.0943 0.1969, 0.0903 -1.0809 0.1772, 0.0903 -1.0809 0.1969, 0.0641 -1.0541 0.1772, 0.0641 -1.0541 0.1969, 0.0575 -1.0273 0.1772, 0.0575 -1.0273 0.1969, 0.0575 -1.0005 0.1772, 0.0575 -1.0005 0.1969, 0.0641 -0.9737 0.1772, 0.0641 -0.9737 0.1969, 0.0903 -0.9469 0.1772, 0.0903 -0.9469 0.1969, 0.1166 -0.9335 0.1772, 0.1166 -0.9335 0.1969, 0.1428 -0.9268 0.1772, 0.1428 -0.9268 0.1969, 0.1822 -0.9268 0.1772, 0.1822 -0.9268 0.1969, 0.2084 -0.92 0.1772, 0.2084 -0.92 0.1969, 0.2281 -0.9066 0.1772, 0.2281 -0.9066 0.1969, 0.2412 -0.8865 0.1772, 0.2412 -0.8865 0.1969, 0.2412 -0.8664 0.1772, 0.2412 -0.8664 0.1969, 0.2281 -0.8463 0.1772, 0.2281 -0.8463 0.1969, 0.2084 -0.8329 0.1772, 0.2084 -0.8329 0.1969, 0.1822 -0.8262 0.1772, 0.1822 -0.8262 0.1969, 0.1297 -0.8262 0.1772, 0.1297 -0.8262 0.1969, 0.1034 -0.8329 0.1772, 0.1034 -0.8329 0.1969, 0.0838 -0.853 0.1772, 0.0838 -0.853 0.1969, 0.0772 -0.8731 0.1772, 0.0772 -0.8731 0.1969, 0.0378 -0.8731 0.1772, 0.0378 -0.8731 0.1969, 0.0444 -0.8463 0.1772, 0.0444 -0.8463 0.1969, 0.0641 -0.8128 0.1772, 0.0641 -0.8128 0.1969, 0.0969 -0.7927 0.1772, 0.0969 -0.7927 0.1969, 0.1297 -0.786 0.1772, 0.1297 -0.786 0.1969, 0.1822 -0.786 0.1772, 0.1822 -0.786 0.1969, 0.215 -0.7927 0.1772, 0.215 -0.7927 0.1969, 0.2412 -0.8061 0.1772, 0.2412 -0.8061 0.1969, 0.2675 -0.8329 0.1772, 0.2675 -0.8329 0.1969, 0.2806 -0.8597 0.1772, 0.2806 -0.8597 0.1969, 0.2806 -0.8932 0.1772, 0.2806 -0.8932 0.1969, 0.2675 -0.92 0.1772, 0.2675 -0.92 0.1969, 0.2412 -0.9469 0.1772, 0.2412 -0.9469 0.1969, 0.215 -0.9603 0.1772, 0.215 -0.9603 0.1969, 0.1822 -0.967 0.1772, 0.1822 -0.967 0.1969, 0.1428 -0.967 0.1772, 0.1428 -0.967 0.1969, 0.1231 -0.9737 0.1772, 0.1231 -0.9737 0.1969, 0.1034 -0.9871 0.1772, 0.1034 -0.9871 0.1969, 0.0969 -1.0072 0.1772, 0.0969 -1.0072 0.1969, 0.0969 -1.0206 0.1772, 0.0969 -1.0206 0.1969, 0.1034 -1.0407 0.1772, 0.1034 -1.0407 0.1969, 0.1231 -1.0541 0.1772, 0.1231 -1.0541 0.1969, 0.1428 -1.0608 0.1772, 0.1428 -1.0608 0.1969, 0.1822 -1.0608 0.1772, 0.1822 -1.0608 0.1969, 0.2019 -1.0541 0.1772, 0.2019 -1.0541 0.1969, 0.215 -1.0407 0.1772, 0.215 -1.0407 0.1969, 0.2215 -1.0273 0.1772, 0.2215 -1.0273 0.1969, -0.264 -1.101 0.1772, -0.264 -1.101 0.1969, -0.264 -1.0675 0.1772, -0.264 -1.0675 0.1969, -0.159 -1.0675 0.1772, -0.159 -1.0675 0.1969, -0.159 -0.786 0.1772, -0.159 -0.786 0.1969, -0.1197 -0.786 0.1772, -0.1197 -0.786 0.1969, -0.1197 -1.0675 0.1772, -0.1197 -1.0675 0.1969, -0.0147 -1.0675 0.1772, -0.0147 -1.0675 0.1969, -0.0147 -1.101 0.1772, -0.0147 -1.101 0.1969, 0.0237 0.9526 0.1772, 0.0237 0.9526 0.1969, 0.05 0.9459 0.1772, 0.05 0.9459 0.1969, 0.0893 0.9459 0.1772, 0.0893 0.9459 0.1969, 0.1156 0.9526 0.1772, 0.1156 0.9526 0.1969, 0.1353 0.966 0.1772, 0.1353 0.966 0.1969, 0.1484 0.9861 0.1772, 0.1484 0.9861 0.1969, 0.155 1.0062 0.1772, 0.155 1.0062 0.1969, 0.155 1.0196 0.1772, 0.155 1.0196 0.1969, 0.1484 1.0397 0.1772, 0.1484 1.0397 0.1969, 0.1353 1.0598 0.1772, 0.1353 1.0598 0.1969, 0.1156 1.0732 0.1772, 0.1156 1.0732 0.1969, 0.0893 1.0799 0.1772, 0.0893 1.0799 0.1969, 0.05 1.0799 0.1772, 0.05 1.0799 0.1969, 0.0237 1.0732 0.1772, 0.0237 1.0732 0.1969, 0.004 1.0598 0.1772, 0.004 1.0598 0.1969, -0.0091 1.033 0.1772, -0.0091 1.033 0.1969, -0.0485 1.033 0.1772, -0.0485 1.033 0.1969, -0.0353 1.0598 0.1772, -0.0353 1.0598 0.1969, -0.0156 1.0866 0.1772, -0.0156 1.0866 0.1969, 0.0172 1.1067 0.1772, 0.0172 1.1067 0.1969, 0.05 1.1134 0.1772, 0.05 1.1134 0.1969, 0.0893 1.1134 0.1772, 0.0893 1.1134 0.1969, 0.1222 1.1067 0.1772, 0.1222 1.1067 0.1969, 0.155 1.0866 0.1772, 0.155 1.0866 0.1969, 0.1746 1.0598 0.1772, 0.1746 1.0598 0.1969, 0.1878 1.0263 0.1772, 0.1878 1.0263 0.1969, 0.1878 0.9995 0.1772, 0.1878 0.9995 0.1969, 0.1746 0.966 0.1772, 0.1746 0.966 0.1969, 0.155 0.9392 0.1772, 0.155 0.9392 0.1969, 0.1222 0.9191 0.1772, 0.1222 0.9191 0.1969, 0.0893 0.9124 0.1772, 0.0893 0.9124 0.1969, 0.05 0.9124 0.1772, 0.05 0.9124 0.1969, 0.0172 0.9191 0.1772, 0.0172 0.9191 0.1969, -0.0156 0.9392 0.1772, -0.0156 0.9392 0.1969, -0.0156 0.832 0.1772, -0.0156 0.832 0.1969, 0.1746 0.832 0.1772, 0.1746 0.832 0.1969, 0.1746 0.7985 0.1772, 0.1746 0.7985 0.1969, -0.0485 0.7985 0.1772, -0.0485 0.7985 0.1969, -0.0485 0.9727 0.1772, -0.0485 0.9727 0.1969, -0.0025 0.9727 0.1772, -0.0025 0.9727 0.1969, -0.1403 1.1134 0.1772, -0.1009 1.1134 0.1772, -0.1403 0.8521 0.1772, -0.1009 0.7985 0.1772, -0.1403 0.7985 0.1772, -0.1797 0.8454 0.1772, -0.1797 0.899 0.1772, -0.1009 1.1134 0.1969, -0.1009 0.7985 0.1969, -0.1403 0.7985 0.1969, -0.1797 0.8454 0.1969, -0.1797 0.899 0.1969, -0.1403 0.8521 0.1969, -0.1403 1.1134 0.1969, 1.1024 -0.3939 0.1969, 1.1024 -0.3939 0.0394, -1.1024 -0.3939 0.1969, -1.1024 -0.3939 0.0394, -1.1199 -0.3959 0.0394, -1.1199 -0.3959 0.1969, -1.1365 -0.4017 0.0394, -1.1365 -0.4017 0.1969, -1.1515 -0.4111 0.0394, -1.1515 -0.4111 0.1969, -1.1639 -0.4235 0.0394, -1.1639 -0.4235 0.1969, -1.1733 -0.4385 0.0394, -1.1733 -0.4385 0.1969, -1.1791 -0.4551 0.0394, -1.1791 -0.4551 0.1969, -1.1811 -0.4726 0.0394, -1.1811 -0.4726 0.1969, 1.1811 0.4722 0.0394, 1.1811 0.4722 0.1969, 1.1791 0.4547 0.1969, 1.1791 0.4547 0.0394, 1.1733 0.4381 0.1969, 1.1733 0.4381 0.0394, 1.1639 0.4232 0.1969, 1.1639 0.4232 0.0394, 1.1515 0.4107 0.1969, 1.1515 0.4107 0.0394, 1.1365 0.4013 0.1969, 1.1365 0.4013 0.0394, 1.1199 0.3955 0.1969, 1.1199 0.3955 0.0394, 1.1024 0.3935 0.1969, 1.1024 0.3935 0.0394, -1.1024 0.3935 0.1969, -1.1024 0.3935 0.0394, -1.1199 0.3955 0.1969, -1.1199 0.3955 0.0394, -1.1365 0.4013 0.1969, -1.1365 0.4013 0.0394, -1.1515 0.4107 0.1969, -1.1515 0.4107 0.0394, -1.1639 0.4232 0.1969, -1.1639 0.4232 0.0394, -1.1733 0.4381 0.1969, -1.1733 0.4381 0.0394, -1.1791 0.4547 0.1969, -1.1791 0.4547 0.0394, -1.1811 0.4722 0.1969, -1.1811 0.4722 0.0394, 0.5906 -1.1026 0.1969, 0.5906 -1.1026 0.0394, 0.5925 -1.1201 0.0394, 0.5925 -1.1201 0.1969, 0.5983 -1.1367 0.0394, 0.5983 -1.1367 0.1969, 0.6077 -1.1517 0.0394, 0.6077 -1.1517 0.1969, 0.6202 -1.1641 0.0394, 0.6202 -1.1641 0.1969, 0.6351 -1.1735 0.0394, 0.6351 -1.1735 0.1969, 0.6518 -1.1793 0.0394, 0.6518 -1.1793 0.1969, 0.6693 -1.1813 0.0394, 0.6693 -1.1813 0.1969, 0.5906 -0.7876 0.1969, 0.5906 -0.7876 0.0394, 0.5886 -0.7701 0.0394, 0.5886 -0.7701 0.1969, 0.5828 -0.7534 0.0394, 0.5828 -0.7534 0.1969, 0.5734 -0.7385 0.0394, 0.5734 -0.7385 0.1969, 0.5609 -0.726 0.0394, 0.5609 -0.726 0.1969, 0.546 -0.7167 0.0394, 0.546 -0.7167 0.1969, 0.5293 -0.7108 0.0394, 0.5293 -0.7108 0.1969, 0.5118 -0.7089 0.0394, 0.5118 -0.7089 0.1969, -0.5118 -0.7089 0.1969, -0.5118 -0.7089 0.0394, -0.5293 -0.7108 0.0394, -0.5293 -0.7108 0.1969, -0.546 -0.7167 0.0394, -0.546 -0.7167 0.1969, -0.5609 -0.726 0.0394, -0.5609 -0.726 0.1969, -0.5734 -0.7385 0.0394, -0.5734 -0.7385 0.1969, -0.5828 -0.7534 0.0394, -0.5828 -0.7534 0.1969, -0.5886 -0.7701 0.0394, -0.5886 -0.7701 0.1969, -0.5906 -0.7876 0.0394, -0.5906 -0.7876 0.1969, -0.5906 -1.1026 0.1969, -0.5906 -1.1026 0.0394, -0.6693 -1.1813 0.1969, -0.6693 -1.1813 0.0394, -0.6518 -1.1793 0.0394, -0.6518 -1.1793 0.1969, -0.6351 -1.1735 0.0394, -0.6351 -1.1735 0.1969, -0.6202 -1.1641 0.0394, -0.6202 -1.1641 0.1969, -0.6077 -1.1517 0.0394, -0.6077 -1.1517 0.1969, -0.5983 -1.1367 0.0394, -0.5983 -1.1367 0.1969, -0.5925 -1.1201 0.0394, -0.5925 -1.1201 0.1969, -1.0236 -1.1813 0.0394, -1.0236 -1.18 0.0292, -0.6693 -1.18 0.0292, -1.0236 -1.176 0.0197, -0.6693 -1.176 0.0197, -1.0236 -1.1698 0.0115, -0.6693 -1.1698 0.0115, -1.0236 -1.1616 0.0053, -0.6693 -1.1616 0.0053, -1.0236 -1.1521 0.0013, -0.6693 -1.1521 0.0013, -1.0236 -1.1419 0.0, -0.6693 -1.1419 0.0, -0.6521 -1.178 0.0292, -0.6529 -1.1742 0.0197, -0.6543 -1.1681 0.0115, -0.6562 -1.1601 0.0053, -0.6583 -1.1509 0.0013, -0.6605 -1.1409 0.0, -0.6522 -1.138 0.0, -0.6478 -1.1472 0.0013, -0.6447 -1.1333 0.0, -0.6384 -1.1413 0.0013, -0.6385 -1.1271 0.0, -0.6305 -1.1335 0.0013, -0.6338 -1.1196 0.0, -0.6246 -1.1241 0.0013, -0.6309 -1.1113 0.0, -0.621 -1.1136 0.0013, -0.6299 -1.1026 0.0, -0.6197 -1.1026 0.0013, -0.6437 -1.1558 0.0053, -0.6325 -1.1487 0.0053, -0.6231 -1.1394 0.0053, -0.6161 -1.1282 0.0053, -0.6117 -1.1157 0.0053, -0.6102 -1.1026 0.0053, -0.6401 -1.1631 0.0115, -0.6274 -1.1551 0.0115, -0.6167 -1.1445 0.0115, -0.6087 -1.1317 0.0115, -0.6038 -1.1175 0.0115, -0.6021 -1.1026 0.0115, -0.6374 -1.1687 0.0197, -0.6235 -1.16 0.0197, -0.6119 -1.1484 0.0197, -0.6031 -1.1344 0.0197, -0.5977 -1.1189 0.0197, -0.5958 -1.1026 0.0197, -0.6357 -1.1723 0.0292, -0.621 -1.1631 0.0292, -0.6088 -1.1508 0.0292, -0.5996 -1.1361 0.0292, -0.5938 -1.1198 0.0292, -0.5919 -1.1026 0.0292, -0.5915 -0.7876 0.0306, -0.592 -0.7876 0.0292, -0.5945 -0.7876 0.0223, -0.596 -0.7876 0.0198, -0.5991 -0.7876 0.0148, -0.6023 -0.7876 0.0117, -0.6054 -0.7876 0.0086, -0.6104 -0.7876 0.0055, -0.6128 -0.7876 0.0039, -0.6198 -0.7876 0.0015, -0.6212 -0.7876 0.001, -0.6299 -0.7876 0.0, -0.5118 -0.7074 0.0292, -0.5118 -0.7079 0.0306, -0.5296 -0.7099 0.0306, -0.5118 -0.7034 0.0198, -0.5118 -0.705 0.0223, -0.5302 -0.707 0.0223, -0.627 -0.7613 0.0, -0.6184 -0.7633 0.001, -0.6182 -0.7364 0.0, -0.6103 -0.7402 0.001, -0.6042 -0.714 0.0, -0.5973 -0.7194 0.001, -0.5855 -0.6953 0.0, -0.58 -0.7021 0.001, -0.5631 -0.6812 0.0, -0.5593 -0.6891 0.001, -0.5381 -0.6724 0.0, -0.5361 -0.681 0.001, -0.6103 -0.7651 0.0039, -0.5118 -0.6695 0.0, -0.5118 -0.6782 0.001, -0.5118 -0.6796 0.0015, -0.5343 -0.6891 0.0039, -0.5556 -0.6966 0.0039, -0.5748 -0.7086 0.0039, -0.5908 -0.7246 0.0039, -0.6028 -0.7438 0.0039, -0.603 -0.7668 0.0086, -0.5961 -0.747 0.0086, -0.585 -0.7293 0.0086, -0.5701 -0.7144 0.0086, -0.5524 -0.7033 0.0086, -0.5326 -0.6964 0.0086, -0.597 -0.7682 0.0148, -0.5118 -0.6866 0.0039, -0.5118 -0.6891 0.0055, -0.5118 -0.694 0.0086, -0.5118 -0.6972 0.0117, -0.5905 -0.7497 0.0148, -0.5801 -0.7331 0.0148, -0.5663 -0.7193 0.0148, -0.5497 -0.7089 0.0148, -0.5312 -0.7025 0.0148, -0.5118 -0.7003 0.0148, -0.5924 -0.7692 0.0223, -0.5863 -0.7517 0.0223, -0.5764 -0.7361 0.0223, -0.5633 -0.723 0.0223, -0.5477 -0.7131 0.0223, -0.5895 -0.7699 0.0306, -0.5836 -0.753 0.0306, -0.5741 -0.7379 0.0306, -0.5615 -0.7253 0.0306, -0.5464 -0.7158 0.0306, 0.5118 -0.7079 0.0306, 0.5118 -0.7074 0.0292, 0.5118 -0.705 0.0223, 0.5118 -0.7034 0.0198, 0.5118 -0.7003 0.0148, 0.5118 -0.6972 0.0117, 0.5118 -0.694 0.0086, 0.5118 -0.6891 0.0055, 0.5118 -0.6866 0.0039, 0.5118 -0.6796 0.0015, 0.5118 -0.6782 0.001, 0.5118 -0.6695 0.0, 0.592 -0.7876 0.0292, 0.5915 -0.7876 0.0306, 0.5895 -0.7699 0.0306, 0.596 -0.7876 0.0198, 0.5945 -0.7876 0.0223, 0.5924 -0.7692 0.0223, 0.5381 -0.6724 0.0, 0.5361 -0.681 0.001, 0.5631 -0.6812 0.0, 0.5593 -0.6891 0.001, 0.5855 -0.6953 0.0, 0.58 -0.7021 0.001, 0.6042 -0.714 0.0, 0.5973 -0.7194 0.001, 0.6182 -0.7364 0.0, 0.6103 -0.7402 0.001, 0.627 -0.7613 0.0, 0.6184 -0.7633 0.001, 0.5343 -0.6891 0.0039, 0.6299 -0.7876 0.0, 0.6212 -0.7876 0.001, 0.6198 -0.7876 0.0015, 0.6103 -0.7651 0.0039, 0.6028 -0.7438 0.0039, 0.5908 -0.7246 0.0039, 0.5748 -0.7086 0.0039, 0.5556 -0.6966 0.0039, 0.5326 -0.6964 0.0086, 0.5524 -0.7033 0.0086, 0.5701 -0.7144 0.0086, 0.585 -0.7293 0.0086, 0.5961 -0.747 0.0086, 0.603 -0.7668 0.0086, 0.5312 -0.7025 0.0148, 0.6128 -0.7876 0.0039, 0.6104 -0.7876 0.0055, 0.6054 -0.7876 0.0086, 0.6023 -0.7876 0.0117, 0.5497 -0.7089 0.0148, 0.5663 -0.7193 0.0148, 0.5801 -0.7331 0.0148, 0.5905 -0.7497 0.0148, 0.597 -0.7682 0.0148, 0.5991 -0.7876 0.0148, 0.5302 -0.707 0.0223, 0.5477 -0.7131 0.0223, 0.5633 -0.723 0.0223, 0.5764 -0.7361 0.0223, 0.5863 -0.7517 0.0223, 0.5296 -0.7099 0.0306, 0.5464 -0.7158 0.0306, 0.5615 -0.7253 0.0306, 0.5741 -0.7379 0.0306, 0.5836 -0.753 0.0306, 0.5919 -1.1026 0.0292, 0.5918 -1.1026 0.0296, 0.5951 -1.1026 0.021, 0.596 -1.1026 0.0198, 0.6009 -1.1026 0.0127, 0.6299 -1.1026 0.0, 0.6229 -1.1026 0.0006, 0.6198 -1.1026 0.0016, 0.614 -1.1026 0.0034, 0.6104 -1.1026 0.0055, 0.6058 -1.1026 0.0083, 0.6022 -1.1026 0.0116, 0.6605 -1.1409 0.0, 0.659 -1.1478 0.0006, 0.6522 -1.138 0.0, 0.6492 -1.1444 0.0006, 0.6447 -1.1333 0.0, 0.6404 -1.1388 0.0006, 0.6385 -1.1271 0.0, 0.633 -1.1315 0.0006, 0.6338 -1.1196 0.0, 0.6275 -1.1227 0.0006, 0.6309 -1.1113 0.0, 0.6241 -1.1129 0.0006, 0.6154 -1.1149 0.0034, 0.6693 -1.152 0.0016, 0.6693 -1.149 0.0006, 0.6693 -1.1419 0.0, 0.657 -1.1565 0.0034, 0.6453 -1.1524 0.0034, 0.6348 -1.1458 0.0034, 0.626 -1.137 0.0034, 0.6195 -1.1266 0.0034, 0.6074 -1.1167 0.0083, 0.6121 -1.1301 0.0083, 0.6196 -1.1422 0.0083, 0.6297 -1.1522 0.0083, 0.6417 -1.1598 0.0083, 0.6552 -1.1645 0.0083, 0.6027 -1.1178 0.0127, 0.6693 -1.1579 0.0034, 0.6693 -1.1615 0.0055, 0.6693 -1.1661 0.0083, 0.6693 -1.1697 0.0116, 0.6541 -1.1692 0.0127, 0.6396 -1.1641 0.0127, 0.6267 -1.156 0.0127, 0.6159 -1.1452 0.0127, 0.6077 -1.1322 0.0127, 0.597 -1.1191 0.021, 0.6025 -1.1347 0.021, 0.6113 -1.1488 0.021, 0.623 -1.1606 0.021, 0.6371 -1.1694 0.021, 0.6528 -1.1749 0.021, 0.5937 -1.1198 0.0296, 0.6693 -1.1709 0.0127, 0.6693 -1.1759 0.0198, 0.6693 -1.1767 0.021, 0.6693 -1.1799 0.0292, 0.5995 -1.1362 0.0296, 0.6087 -1.1509 0.0296, 0.621 -1.1632 0.0296, 0.6357 -1.1724 0.0296, 0.652 -1.1781 0.0296, 0.6693 -1.1801 0.0296, 1.0236 -1.18 0.0292, 1.0236 -1.1813 0.0394, 1.0236 -1.176 0.0197, 1.0236 -1.1698 0.0115, 1.0236 -1.1616 0.0053, 1.0236 -1.1521 0.0013, 1.0236 -1.1419 0.0, 1.0236 -1.1813 1.2402, -1.0236 -1.1813 1.2402, -1.1811 -1.0238 0.3543, -1.1811 -1.0238 0.0394, -1.1765 -1.0588 0.0394, -1.1811 -1.0238 0.4528, -1.1811 -1.0238 1.2402, -1.1772 -1.0589 1.2402, -1.1655 -1.0921 1.2402, -1.1757 -1.0646 0.0394, -1.1645 -1.0917 0.0394, -1.16 -1.1026 0.0394, -1.1467 -1.122 1.2402, -1.1457 -1.1212 0.0394, -1.135 -1.1352 0.0394, -1.1218 -1.1469 1.2402, -1.121 -1.1459 0.0394, -1.1024 -1.1602 0.0394, -1.092 -1.1657 1.2402, -1.0915 -1.1647 0.0394, -1.0644 -1.1759 0.0394, -1.0587 -1.1774 1.2402, -1.0586 -1.1767 0.0394, 0.6765 -0.1306 1.2402, 0.6396 -0.2563 1.2402, 1.1811 -1.0238 1.2402, 0.5796 -0.3727 1.2402, 1.1772 -1.0589 1.2402, 0.4986 -0.4756 1.2402, 1.1655 -1.0921 1.2402, 1.0587 -1.1774 1.2402, 1.092 -1.1657 1.2402, 0.3996 -0.5614 1.2402, 0.2862 -0.6269 1.2402, 1.1218 -1.1469 1.2402, 1.1467 -1.122 1.2402, 0.1624 -0.6698 1.2402, 0.0328 -0.6884 1.2402, -0.0981 -0.6822 1.2402, -0.2253 -0.6513 1.2402, -0.6859 0.0653 1.2402, -0.6611 0.1939 1.2402, -1.1811 1.0234 1.2402, -0.6124 0.3155 1.2402, -0.5416 0.4257 1.2402, -1.0587 1.177 1.2402, -0.4512 0.5205 1.2402, -0.3445 0.5965 1.2402, -0.2253 0.6509 1.2402, 0.0328 0.688 1.2402, 0.1624 0.6694 1.2402, -0.3445 -0.5969 1.2402, -0.4512 -0.5209 1.2402, -0.6859 -0.0657 1.2402, -0.6611 -0.1943 1.2402, 0.5796 0.3723 1.2402, 0.6396 0.2559 1.2402, 1.1811 1.0234 1.2402, 0.6765 0.1302 1.2402, 0.689 -0.0002 1.2402, -0.5416 -0.4261 1.2402, -0.6124 -0.3159 1.2402, -1.092 1.1653 1.2402, -1.1218 1.1465 1.2402, -1.1467 1.1216 1.2402, -1.1655 1.0918 1.2402, -1.1772 1.0585 1.2402, 1.1218 1.1465 1.2402, 0.4986 0.4753 1.2402, 1.1467 1.1216 1.2402, 1.1655 1.0918 1.2402, 0.2862 0.6265 1.2402, 0.3996 0.561 1.2402, 1.0587 1.177 1.2402, 1.092 1.1653 1.2402, -0.0981 0.6818 1.2402, 1.1772 1.0585 1.2402, 1.1811 1.0234 0.3543, 1.1811 1.0234 0.0394, 1.1772 1.0585 0.0394, 1.1811 1.0234 0.4528, 1.0587 1.177 0.0394, 1.1655 1.0918 0.0394, 1.1467 1.1216 0.0394, 1.1218 1.1465 0.0394, 1.092 1.1653 0.0394
            ]
        }
        coordIndex [
            0,1,2,-1,2,1,3,-1,1,4,3,-1,3,4,5,-1,3,5,6,-1,5,7,6,-1,6,7,8,-1,6,8,9,-1,8,10,9,-1,9,10,11,-1,9,11,12,-1,11,13,12,-1,12,13,14,-1,12,14,15,-1,14,16,15,-1,15,16,17,-1,15,17,18,-1,17,19,18,-1,18,19,20,-1,18,20,21,-1,20,22,21,-1,21,22,23,-1,21,23,24,-1,23,25,24,-1,24,25,26,-1,24,26,27,-1,26,28,27,-1,27,28,29,-1,27,29,30,-1,29,31,30,-1,30,31,32,-1,30,32,33,-1,34,35,36,-1,36,35,33,-1,36,33,37,-1,37,33,32,-1,34,38,35,-1,35,38,39,-1,38,40,39,-1,39,40,41,-1,39,41,42,-1,41,43,42,-1,42,43,44,-1,42,44,45,-1,44,46,45,-1,45,46,47,-1,45,47,48,-1,47,49,48,-1,48,49,50,-1,48,50,51,-1,50,52,51,-1,51,52,53,-1,51,53,54,-1,53,55,54,-1,54,55,56,-1,54,56,57,-1,56,58,57,-1,57,58,59,-1,57,59,60,-1,59,61,60,-1,60,61,62,-1,60,62,63,-1,62,64,63,-1,63,64,65,-1,63,65,66,-1,65,67,66,-1,66,67,68,-1,66,68,69,-1,0,2,70,-1,70,2,69,-1,70,69,71,-1,71,69,68,-1,71,68,72,-1,61,59,73,-1,52,50,74,-1,43,41,75,-1,76,77,78,-1,78,77,79,-1,78,79,80,-1,80,79,81,-1,80,81,82,-1,82,81,83,-1,82,83,84,-1,84,83,85,-1,84,85,86,-1,86,85,75,-1,87,88,89,-1,89,88,90,-1,89,90,91,-1,91,90,92,-1,91,92,93,-1,93,92,94,-1,93,94,95,-1,95,94,96,-1,95,96,97,-1,97,96,74,-1,98,99,100,-1,100,99,101,-1,100,101,102,-1,102,101,103,-1,102,103,104,-1,104,103,105,-1,104,105,106,-1,106,105,107,-1,106,107,108,-1,108,107,73,-1,109,110,111,-1,111,110,112,-1,111,112,113,-1,113,112,114,-1,113,114,115,-1,115,114,116,-1,115,116,117,-1,117,116,118,-1,117,118,119,-1,119,118,72,-1,120,76,121,-1,121,76,78,-1,121,78,122,-1,122,78,80,-1,122,80,123,-1,123,80,82,-1,123,82,124,-1,124,82,84,-1,124,84,125,-1,125,84,86,-1,125,86,34,-1,34,86,38,-1,75,41,86,-1,86,41,40,-1,86,40,38,-1,44,43,126,-1,126,43,75,-1,126,75,127,-1,127,75,85,-1,127,85,128,-1,128,85,83,-1,128,83,129,-1,129,83,81,-1,129,81,130,-1,130,81,79,-1,130,79,131,-1,131,79,77,-1,131,132,130,-1,130,132,133,-1,130,133,129,-1,129,133,134,-1,129,134,128,-1,128,134,135,-1,128,135,127,-1,127,135,136,-1,127,136,126,-1,126,136,137,-1,126,137,44,-1,44,137,46,-1,132,87,133,-1,133,87,89,-1,133,89,134,-1,134,89,91,-1,134,91,135,-1,135,91,93,-1,135,93,136,-1,136,93,95,-1,136,95,137,-1,137,95,97,-1,137,97,46,-1,46,97,47,-1,74,50,97,-1,97,50,49,-1,97,49,47,-1,53,52,138,-1,138,52,74,-1,138,74,139,-1,139,74,96,-1,139,96,140,-1,140,96,94,-1,140,94,141,-1,141,94,92,-1,141,92,142,-1,142,92,90,-1,142,90,143,-1,143,90,88,-1,143,144,142,-1,142,144,145,-1,142,145,141,-1,141,145,146,-1,141,146,140,-1,140,146,147,-1,140,147,139,-1,139,147,148,-1,139,148,138,-1,138,148,149,-1,138,149,53,-1,53,149,55,-1,144,98,145,-1,145,98,100,-1,145,100,146,-1,146,100,102,-1,146,102,147,-1,147,102,104,-1,147,104,148,-1,148,104,106,-1,148,106,149,-1,149,106,108,-1,149,108,55,-1,55,108,56,-1,73,59,108,-1,108,59,58,-1,108,58,56,-1,62,61,150,-1,150,61,73,-1,150,73,151,-1,151,73,107,-1,151,107,152,-1,152,107,105,-1,152,105,153,-1,153,105,103,-1,153,103,154,-1,154,103,101,-1,154,101,155,-1,155,101,99,-1,155,156,154,-1,154,156,157,-1,154,157,153,-1,153,157,158,-1,153,158,152,-1,152,158,159,-1,152,159,151,-1,151,159,160,-1,151,160,150,-1,150,160,161,-1,150,161,62,-1,62,161,64,-1,156,109,157,-1,157,109,111,-1,157,111,158,-1,158,111,113,-1,158,113,159,-1,159,113,115,-1,159,115,160,-1,160,115,117,-1,160,117,161,-1,161,117,119,-1,161,119,64,-1,64,119,65,-1,72,68,119,-1,119,68,67,-1,119,67,65,-1,70,71,162,-1,162,71,72,-1,162,72,163,-1,163,72,118,-1,163,118,164,-1,164,118,116,-1,164,116,165,-1,165,116,114,-1,165,114,166,-1,166,114,112,-1,166,112,167,-1,167,112,110,-1,167,168,166,-1,166,168,169,-1,166,169,165,-1,165,169,170,-1,165,170,164,-1,164,170,171,-1,164,171,163,-1,163,171,172,-1,163,172,162,-1,162,172,173,-1,162,173,70,-1,70,173,0,-1,37,32,174,-1,25,23,175,-1,16,14,176,-1,7,5,177,-1,178,179,180,-1,180,179,181,-1,180,181,182,-1,182,181,183,-1,182,183,184,-1,184,183,185,-1,184,185,186,-1,186,185,187,-1,186,187,188,-1,188,187,177,-1,189,190,191,-1,191,190,192,-1,191,192,193,-1,193,192,194,-1,193,194,195,-1,195,194,196,-1,195,196,197,-1,197,196,198,-1,197,198,199,-1,199,198,176,-1,200,201,202,-1,202,201,203,-1,202,203,204,-1,204,203,205,-1,204,205,206,-1,206,205,207,-1,206,207,208,-1,208,207,209,-1,208,209,210,-1,210,209,175,-1,211,212,213,-1,213,212,214,-1,213,214,215,-1,215,214,216,-1,215,216,217,-1,217,216,218,-1,217,218,219,-1,219,218,220,-1,219,220,221,-1,221,220,174,-1,168,178,169,-1,169,178,180,-1,169,180,170,-1,170,180,182,-1,170,182,171,-1,171,182,184,-1,171,184,172,-1,172,184,186,-1,172,186,173,-1,173,186,188,-1,173,188,0,-1,0,188,1,-1,177,5,188,-1,188,5,4,-1,188,4,1,-1,8,7,222,-1,222,7,177,-1,222,177,223,-1,223,177,187,-1,223,187,224,-1,224,187,185,-1,224,185,225,-1,225,185,183,-1,225,183,226,-1,226,183,181,-1,226,181,227,-1,227,181,179,-1,227,228,226,-1,226,228,229,-1,226,229,225,-1,225,229,230,-1,225,230,224,-1,224,230,231,-1,224,231,223,-1,223,231,232,-1,223,232,222,-1,222,232,233,-1,222,233,8,-1,8,233,10,-1,228,189,229,-1,229,189,191,-1,229,191,230,-1,230,191,193,-1,230,193,231,-1,231,193,195,-1,231,195,232,-1,232,195,197,-1,232,197,233,-1,233,197,199,-1,233,199,10,-1,10,199,11,-1,176,14,199,-1,199,14,13,-1,199,13,11,-1,17,16,234,-1,234,16,176,-1,234,176,235,-1,235,176,198,-1,235,198,236,-1,236,198,196,-1,236,196,237,-1,237,196,194,-1,237,194,238,-1,238,194,192,-1,238,192,239,-1,239,192,190,-1,239,240,238,-1,238,240,241,-1,238,241,237,-1,237,241,242,-1,237,242,236,-1,236,242,243,-1,236,243,235,-1,235,243,244,-1,235,244,234,-1,234,244,245,-1,234,245,17,-1,17,245,19,-1,240,200,241,-1,241,200,202,-1,241,202,242,-1,242,202,204,-1,242,204,243,-1,243,204,206,-1,243,206,244,-1,244,206,208,-1,244,208,245,-1,245,208,210,-1,245,210,19,-1,19,210,20,-1,175,23,210,-1,210,23,22,-1,210,22,20,-1,26,25,246,-1,246,25,175,-1,246,175,247,-1,247,175,209,-1,247,209,248,-1,248,209,207,-1,248,207,249,-1,249,207,205,-1,249,205,250,-1,250,205,203,-1,250,203,251,-1,251,203,201,-1,251,252,250,-1,250,252,253,-1,250,253,249,-1,249,253,254,-1,249,254,248,-1,248,254,255,-1,248,255,247,-1,247,255,256,-1,247,256,246,-1,246,256,257,-1,246,257,26,-1,26,257,28,-1,252,211,253,-1,253,211,213,-1,253,213,254,-1,254,213,215,-1,254,215,255,-1,255,215,217,-1,255,217,256,-1,256,217,219,-1,256,219,257,-1,257,219,221,-1,257,221,28,-1,28,221,29,-1,174,32,221,-1,221,32,31,-1,221,31,29,-1,36,37,258,-1,258,37,174,-1,258,174,259,-1,259,174,220,-1,259,220,260,-1,260,220,218,-1,260,218,261,-1,261,218,216,-1,261,216,262,-1,262,216,214,-1,262,214,263,-1,263,214,212,-1,263,120,262,-1,262,120,121,-1,262,121,261,-1,261,121,122,-1,261,122,260,-1,260,122,123,-1,260,123,259,-1,259,123,124,-1,259,124,258,-1,258,124,125,-1,258,125,36,-1,36,125,34,-1,264,265,266,-1,266,265,267,-1,266,267,268,-1,269,270,271,-1,266,269,272,-1,272,269,273,-1,268,274,266,-1,266,274,275,-1,266,275,269,-1,271,276,269,-1,269,276,277,-1,269,277,278,-1,279,280,281,-1,281,280,282,-1,281,282,283,-1,279,284,280,-1,280,284,285,-1,280,285,286,-1,266,287,264,-1,264,287,280,-1,264,280,288,-1,288,280,286,-1,289,290,291,-1,291,290,292,-1,291,292,269,-1,269,292,293,-1,269,293,270,-1,278,294,269,-1,269,294,295,-1,269,295,273,-1,200,99,201,-1,201,99,98,-1,99,190,189,-1,120,263,212,-1,131,77,201,-1,201,77,76,-1,201,76,251,-1,251,76,252,-1,200,240,99,-1,99,240,239,-1,99,239,190,-1,99,179,155,-1,155,179,156,-1,98,144,201,-1,201,144,143,-1,201,143,88,-1,88,87,201,-1,201,87,132,-1,201,132,131,-1,120,212,76,-1,76,212,211,-1,76,211,252,-1,189,228,99,-1,99,228,227,-1,99,227,179,-1,168,167,178,-1,178,167,110,-1,178,110,179,-1,179,110,109,-1,179,109,156,-1,296,297,298,-1,299,300,301,-1,302,303,304,-1,305,306,307,-1,291,269,308,-1,308,269,309,-1,308,309,310,-1,310,309,311,-1,310,311,312,-1,312,311,313,-1,312,313,314,-1,314,313,315,-1,314,315,316,-1,316,315,307,-1,268,267,317,-1,317,267,318,-1,317,318,319,-1,319,318,320,-1,319,320,321,-1,321,320,322,-1,321,322,323,-1,323,322,324,-1,323,324,325,-1,325,324,304,-1,288,286,326,-1,326,286,327,-1,326,327,328,-1,328,327,329,-1,328,329,330,-1,330,329,331,-1,330,331,332,-1,332,331,333,-1,332,333,334,-1,334,333,301,-1,279,281,335,-1,335,281,336,-1,335,336,337,-1,337,336,338,-1,337,338,339,-1,339,338,340,-1,339,340,341,-1,341,340,342,-1,341,342,343,-1,343,342,298,-1,289,291,344,-1,344,291,308,-1,344,308,345,-1,345,308,310,-1,345,310,346,-1,346,310,312,-1,346,312,347,-1,347,312,314,-1,347,314,348,-1,348,314,316,-1,348,316,349,-1,349,316,350,-1,307,306,316,-1,316,306,351,-1,316,351,350,-1,352,305,353,-1,353,305,307,-1,353,307,354,-1,354,307,315,-1,354,315,355,-1,355,315,313,-1,355,313,356,-1,356,313,311,-1,356,311,357,-1,357,311,309,-1,357,309,275,-1,275,309,269,-1,275,274,357,-1,357,274,358,-1,357,358,356,-1,356,358,359,-1,356,359,355,-1,355,359,360,-1,355,360,354,-1,354,360,361,-1,354,361,353,-1,353,361,362,-1,353,362,352,-1,352,362,363,-1,274,268,358,-1,358,268,317,-1,358,317,359,-1,359,317,319,-1,359,319,360,-1,360,319,321,-1,360,321,361,-1,361,321,323,-1,361,323,362,-1,362,323,325,-1,362,325,363,-1,363,325,364,-1,304,303,325,-1,325,303,365,-1,325,365,364,-1,366,302,367,-1,367,302,304,-1,367,304,368,-1,368,304,324,-1,368,324,369,-1,369,324,322,-1,369,322,370,-1,370,322,320,-1,370,320,371,-1,371,320,318,-1,371,318,265,-1,265,318,267,-1,265,264,371,-1,371,264,372,-1,371,372,370,-1,370,372,373,-1,370,373,369,-1,369,373,374,-1,369,374,368,-1,368,374,375,-1,368,375,367,-1,367,375,376,-1,367,376,366,-1,366,376,377,-1,264,288,372,-1,372,288,326,-1,372,326,373,-1,373,326,328,-1,373,328,374,-1,374,328,330,-1,374,330,375,-1,375,330,332,-1,375,332,376,-1,376,332,334,-1,376,334,377,-1,377,334,378,-1,301,300,334,-1,334,300,379,-1,334,379,378,-1,380,299,381,-1,381,299,301,-1,381,301,382,-1,382,301,333,-1,382,333,383,-1,383,333,331,-1,383,331,384,-1,384,331,329,-1,384,329,385,-1,385,329,327,-1,385,327,285,-1,285,327,286,-1,285,284,385,-1,385,284,386,-1,385,386,384,-1,384,386,387,-1,384,387,383,-1,383,387,388,-1,383,388,382,-1,382,388,389,-1,382,389,381,-1,381,389,390,-1,381,390,380,-1,380,390,391,-1,284,279,386,-1,386,279,335,-1,386,335,387,-1,387,335,337,-1,387,337,388,-1,388,337,339,-1,388,339,389,-1,389,339,341,-1,389,341,390,-1,390,341,343,-1,390,343,391,-1,391,343,392,-1,298,297,343,-1,343,297,393,-1,343,393,392,-1,394,296,395,-1,395,296,298,-1,395,298,396,-1,396,298,342,-1,396,342,397,-1,397,342,340,-1,397,340,398,-1,398,340,338,-1,398,338,399,-1,399,338,336,-1,399,336,283,-1,283,336,281,-1,283,282,399,-1,399,282,400,-1,399,400,398,-1,398,400,401,-1,398,401,397,-1,397,401,402,-1,397,402,396,-1,396,402,403,-1,396,403,395,-1,395,403,404,-1,395,404,394,-1,394,404,405,-1,349,350,406,-1,406,350,407,-1,350,351,407,-1,407,351,306,-1,407,306,408,-1,306,305,408,-1,408,305,352,-1,408,352,409,-1,352,363,409,-1,409,363,364,-1,409,364,410,-1,364,365,410,-1,410,365,303,-1,410,303,411,-1,303,302,411,-1,411,302,366,-1,411,366,412,-1,366,377,412,-1,412,377,378,-1,412,378,413,-1,378,379,413,-1,413,379,300,-1,413,300,414,-1,300,299,414,-1,414,299,380,-1,414,380,415,-1,380,391,415,-1,415,391,392,-1,415,392,416,-1,392,393,416,-1,416,393,297,-1,416,297,417,-1,405,418,394,-1,394,418,417,-1,394,417,296,-1,296,417,297,-1,419,420,421,-1,421,420,422,-1,423,424,425,-1,425,424,426,-1,425,426,427,-1,427,426,428,-1,427,428,429,-1,430,431,432,-1,432,431,433,-1,432,433,434,-1,434,433,435,-1,434,435,436,-1,436,435,437,-1,436,437,438,-1,438,437,439,-1,438,439,440,-1,440,439,441,-1,440,441,442,-1,442,441,443,-1,442,443,444,-1,445,446,447,-1,447,446,448,-1,447,448,449,-1,449,448,450,-1,449,450,451,-1,451,450,452,-1,451,452,453,-1,453,452,454,-1,453,454,455,-1,455,454,456,-1,455,456,457,-1,457,456,458,-1,457,458,459,-1,459,458,460,-1,429,428,461,-1,461,428,462,-1,461,462,463,-1,463,462,464,-1,463,464,465,-1,465,464,466,-1,465,466,467,-1,467,466,468,-1,467,468,469,-1,422,470,421,-1,421,470,471,-1,421,471,425,-1,425,471,472,-1,425,472,423,-1,421,473,419,-1,419,473,474,-1,419,474,475,-1,475,474,476,-1,475,476,477,-1,477,476,478,-1,477,478,479,-1,479,478,480,-1,479,480,481,-1,481,480,482,-1,481,482,483,-1,483,482,484,-1,430,485,431,-1,431,485,486,-1,431,486,458,-1,458,486,487,-1,458,487,460,-1,445,488,446,-1,446,488,489,-1,446,489,482,-1,482,489,490,-1,482,490,484,-1,469,491,467,-1,467,491,492,-1,467,492,443,-1,443,492,493,-1,443,493,444,-1,494,495,496,-1,497,498,499,-1,500,501,502,-1,503,504,505,-1,506,507,508,-1,509,510,511,-1,512,513,514,-1,515,516,517,-1,517,516,494,-1,517,518,519,-1,519,520,517,-1,517,520,521,-1,517,521,515,-1,522,523,524,-1,524,523,525,-1,524,525,517,-1,517,525,526,-1,517,526,518,-1,527,528,529,-1,522,527,530,-1,530,527,531,-1,531,527,532,-1,532,527,529,-1,532,529,533,-1,534,535,529,-1,529,535,536,-1,529,536,533,-1,534,537,535,-1,535,537,538,-1,535,538,539,-1,539,538,540,-1,539,540,541,-1,542,543,534,-1,534,543,544,-1,534,544,537,-1,545,546,547,-1,547,548,545,-1,545,548,549,-1,545,549,534,-1,534,549,550,-1,534,550,542,-1,551,552,553,-1,553,552,554,-1,553,554,555,-1,555,554,556,-1,555,556,546,-1,546,556,557,-1,546,557,547,-1,558,559,560,-1,561,562,553,-1,553,562,563,-1,558,560,564,-1,565,566,563,-1,559,567,560,-1,560,567,568,-1,560,568,569,-1,570,571,572,-1,572,571,573,-1,572,573,560,-1,560,573,574,-1,560,574,564,-1,563,566,553,-1,553,566,575,-1,553,575,551,-1,576,577,578,-1,578,577,579,-1,578,579,580,-1,580,581,578,-1,578,581,582,-1,578,582,583,-1,583,582,570,-1,583,570,584,-1,584,570,572,-1,585,586,560,-1,560,586,587,-1,560,587,588,-1,589,590,591,-1,592,593,563,-1,563,593,594,-1,563,594,595,-1,569,596,560,-1,560,596,597,-1,560,597,598,-1,589,591,599,-1,600,601,591,-1,595,602,563,-1,563,602,603,-1,563,603,565,-1,598,604,560,-1,560,604,605,-1,560,605,585,-1,590,606,591,-1,591,606,607,-1,591,607,608,-1,600,591,609,-1,609,591,608,-1,609,608,578,-1,578,608,610,-1,578,610,576,-1,601,611,591,-1,591,611,612,-1,591,612,563,-1,563,612,613,-1,563,613,592,-1,587,614,588,-1,588,614,615,-1,588,615,616,-1,616,615,617,-1,618,514,619,-1,619,514,620,-1,619,620,621,-1,621,620,622,-1,617,623,616,-1,616,623,624,-1,616,624,620,-1,620,624,625,-1,620,625,622,-1,512,626,513,-1,513,626,627,-1,513,627,628,-1,629,630,631,-1,631,630,632,-1,631,632,618,-1,618,632,633,-1,618,633,514,-1,514,633,634,-1,514,634,512,-1,635,636,631,-1,631,636,637,-1,631,637,629,-1,635,638,636,-1,636,638,639,-1,636,639,640,-1,641,642,643,-1,643,622,641,-1,641,622,625,-1,641,625,644,-1,644,625,645,-1,645,646,644,-1,644,646,647,-1,644,647,648,-1,649,650,651,-1,650,652,651,-1,651,652,653,-1,651,653,654,-1,655,651,656,-1,642,641,655,-1,655,641,657,-1,655,657,651,-1,651,657,658,-1,651,658,649,-1,656,659,655,-1,655,659,660,-1,655,660,661,-1,654,653,662,-1,662,653,663,-1,662,663,664,-1,664,663,665,-1,664,665,666,-1,667,668,661,-1,661,668,669,-1,661,669,655,-1,670,671,511,-1,511,671,672,-1,511,672,509,-1,673,495,674,-1,674,495,494,-1,674,494,675,-1,675,494,516,-1,676,677,678,-1,679,680,681,-1,681,680,682,-1,682,683,681,-1,681,683,684,-1,681,684,685,-1,685,684,686,-1,685,686,687,-1,688,689,681,-1,681,689,690,-1,681,690,679,-1,691,692,678,-1,678,692,693,-1,678,693,676,-1,694,695,696,-1,696,695,697,-1,696,697,698,-1,698,697,699,-1,698,699,678,-1,678,699,700,-1,678,700,691,-1,701,702,703,-1,704,705,591,-1,591,705,510,-1,591,510,599,-1,599,510,509,-1,706,707,708,-1,709,710,708,-1,708,710,711,-1,708,711,706,-1,706,711,704,-1,706,704,712,-1,712,704,591,-1,703,707,701,-1,701,707,706,-1,701,706,713,-1,713,706,714,-1,713,714,715,-1,715,714,716,-1,716,714,496,-1,716,496,717,-1,717,496,495,-1,717,495,718,-1,705,719,510,-1,510,719,718,-1,510,718,511,-1,511,718,495,-1,511,495,670,-1,670,495,673,-1,720,721,722,-1,723,724,725,-1,725,724,726,-1,723,727,728,-1,728,727,729,-1,728,729,730,-1,729,731,730,-1,730,731,732,-1,730,732,733,-1,734,732,735,-1,735,732,731,-1,735,731,736,-1,736,731,729,-1,736,729,737,-1,737,729,738,-1,737,738,739,-1,739,738,740,-1,739,740,722,-1,722,740,741,-1,722,741,720,-1,742,743,744,-1,745,746,747,-1,742,744,748,-1,748,744,747,-1,748,747,749,-1,749,747,746,-1,749,746,750,-1,747,751,745,-1,745,751,752,-1,745,752,753,-1,754,755,756,-1,743,742,757,-1,757,742,758,-1,757,758,754,-1,759,760,761,-1,761,760,762,-1,761,762,750,-1,750,762,763,-1,750,763,749,-1,749,763,764,-1,749,764,756,-1,756,764,765,-1,756,765,754,-1,507,506,758,-1,758,506,766,-1,758,766,767,-1,768,769,770,-1,768,770,771,-1,754,758,755,-1,755,758,767,-1,755,767,772,-1,772,767,773,-1,772,773,770,-1,770,773,774,-1,770,774,771,-1,769,775,770,-1,770,775,776,-1,770,776,777,-1,777,778,770,-1,770,778,779,-1,770,779,780,-1,780,781,770,-1,770,781,782,-1,770,782,783,-1,783,782,784,-1,784,782,785,-1,785,782,786,-1,785,786,787,-1,787,788,785,-1,785,788,789,-1,785,789,790,-1,790,789,791,-1,792,793,794,-1,794,793,508,-1,505,795,796,-1,796,797,505,-1,505,797,798,-1,505,798,503,-1,799,800,505,-1,505,800,801,-1,505,801,795,-1,802,803,804,-1,804,803,805,-1,804,805,799,-1,799,805,806,-1,799,806,800,-1,807,808,809,-1,809,808,810,-1,810,811,809,-1,809,811,812,-1,809,812,813,-1,814,815,816,-1,807,809,816,-1,816,809,497,-1,816,497,814,-1,772,817,755,-1,755,817,818,-1,755,818,502,-1,502,818,819,-1,502,819,500,-1,820,821,799,-1,799,821,822,-1,799,822,804,-1,804,822,823,-1,804,823,824,-1,825,826,681,-1,681,826,678,-1,681,678,688,-1,688,678,677,-1,827,828,829,-1,830,831,832,-1,832,831,829,-1,829,828,832,-1,832,828,833,-1,832,833,834,-1,835,836,834,-1,834,836,825,-1,834,825,832,-1,832,825,681,-1,837,838,687,-1,687,838,839,-1,840,687,841,-1,841,687,839,-1,841,839,842,-1,843,844,845,-1,846,847,844,-1,844,847,848,-1,844,848,845,-1,849,850,851,-1,851,850,852,-1,851,852,853,-1,853,852,854,-1,853,854,855,-1,855,856,853,-1,853,856,857,-1,853,857,858,-1,859,860,861,-1,845,850,843,-1,843,850,849,-1,843,849,862,-1,862,849,863,-1,864,865,866,-1,866,865,853,-1,866,853,867,-1,867,853,858,-1,867,858,868,-1,869,870,871,-1,868,872,867,-1,867,872,873,-1,867,873,874,-1,874,873,875,-1,849,861,863,-1,863,861,860,-1,863,860,869,-1,869,860,876,-1,869,876,877,-1,877,878,869,-1,869,878,879,-1,869,879,870,-1,880,881,882,-1,882,881,883,-1,884,885,886,-1,875,859,874,-1,874,859,861,-1,874,861,887,-1,888,861,889,-1,889,861,886,-1,889,886,890,-1,890,886,885,-1,888,891,861,-1,861,891,882,-1,861,882,887,-1,887,882,883,-1,887,892,874,-1,874,892,893,-1,874,893,894,-1,894,893,895,-1,894,895,896,-1,896,897,894,-1,894,897,898,-1,894,898,899,-1,900,901,902,-1,902,901,903,-1,902,903,904,-1,902,905,900,-1,900,905,906,-1,900,906,907,-1,907,908,900,-1,900,908,909,-1,900,909,910,-1,910,909,911,-1,910,911,912,-1,912,911,913,-1,912,913,882,-1,882,913,914,-1,882,914,880,-1,915,916,904,-1,904,916,917,-1,904,917,902,-1,918,919,920,-1,899,921,894,-1,894,921,922,-1,894,922,923,-1,924,925,920,-1,920,925,926,-1,920,926,886,-1,886,926,927,-1,886,927,884,-1,928,929,930,-1,931,932,919,-1,919,932,933,-1,919,933,920,-1,920,933,934,-1,920,934,924,-1,928,930,919,-1,919,930,935,-1,919,935,931,-1,936,937,920,-1,920,937,938,-1,920,938,939,-1,923,940,941,-1,941,940,942,-1,943,944,920,-1,920,944,945,-1,920,945,936,-1,946,947,948,-1,948,947,949,-1,948,949,950,-1,950,949,951,-1,952,953,951,-1,951,953,954,-1,951,954,950,-1,939,955,920,-1,920,955,956,-1,920,956,957,-1,948,958,943,-1,943,958,959,-1,943,959,944,-1,922,918,923,-1,923,918,920,-1,923,920,940,-1,940,920,957,-1,960,961,941,-1,941,961,962,-1,941,962,963,-1,963,964,941,-1,941,964,965,-1,941,965,943,-1,965,966,943,-1,943,966,967,-1,943,967,948,-1,948,967,968,-1,948,968,946,-1,969,970,941,-1,941,970,971,-1,941,971,960,-1,972,973,951,-1,951,973,974,-1,951,974,975,-1,942,976,977,-1,975,978,951,-1,951,978,979,-1,951,979,952,-1,977,980,942,-1,942,980,981,-1,942,981,941,-1,941,981,982,-1,941,982,969,-1,983,984,929,-1,929,984,985,-1,929,985,930,-1,983,986,984,-1,984,986,987,-1,984,987,988,-1,988,987,989,-1,988,990,991,-1,989,992,988,-1,988,992,993,-1,988,993,994,-1,994,995,988,-1,988,995,996,-1,988,996,990,-1,991,997,988,-1,988,997,998,-1,988,998,999,-1,871,1000,869,-1,869,1000,1001,-1,869,1001,1002,-1,866,685,864,-1,864,685,687,-1,864,687,1003,-1,1003,687,840,-1,1003,840,1004,-1,1004,840,1005,-1,1004,1005,1006,-1,1006,1005,1007,-1,839,1008,842,-1,842,1008,1009,-1,842,1009,1010,-1,686,694,687,-1,687,694,696,-1,687,696,837,-1,837,696,1011,-1,837,1011,1012,-1,1012,1011,1013,-1,1013,1011,1014,-1,1013,1014,851,-1,851,1014,849,-1,849,1014,1015,-1,849,1015,861,-1,861,1015,1016,-1,861,1016,886,-1,886,1016,499,-1,886,499,920,-1,920,499,498,-1,920,498,943,-1,497,499,814,-1,814,499,1016,-1,814,1016,1017,-1,1017,1016,1015,-1,1017,1015,1018,-1,1018,1015,1014,-1,1018,1014,1019,-1,1019,1014,1011,-1,1019,1011,727,-1,727,1011,696,-1,727,696,729,-1,729,696,698,-1,729,698,738,-1,1020,1021,1022,-1,1022,1021,524,-1,1022,524,1023,-1,1023,524,517,-1,1023,517,824,-1,824,517,494,-1,824,494,804,-1,804,494,496,-1,712,941,706,-1,706,941,943,-1,706,943,714,-1,714,943,498,-1,714,498,496,-1,496,498,497,-1,496,497,804,-1,804,497,809,-1,804,809,802,-1,802,809,813,-1,723,725,727,-1,727,725,749,-1,727,749,1019,-1,1019,749,756,-1,1019,756,1018,-1,1018,756,755,-1,1018,755,1017,-1,1017,755,502,-1,1017,502,814,-1,814,502,501,-1,814,501,815,-1,1024,1025,725,-1,1026,1027,1028,-1,1028,1027,1029,-1,1025,1030,725,-1,725,1030,1031,-1,725,1031,1032,-1,748,1033,1028,-1,1028,1033,1034,-1,1028,1034,1035,-1,1032,1036,725,-1,725,1036,1037,-1,725,1037,749,-1,749,1037,1038,-1,749,1038,748,-1,748,1038,1039,-1,748,1039,1033,-1,1035,1040,1028,-1,1028,1040,1041,-1,1028,1041,1026,-1,721,720,726,-1,726,720,1028,-1,726,1028,725,-1,725,1028,1029,-1,725,1029,1024,-1,826,827,678,-1,678,827,829,-1,678,829,698,-1,698,829,1042,-1,698,1042,738,-1,738,1042,1043,-1,738,1043,740,-1,740,1043,1044,-1,740,1044,741,-1,741,1044,1045,-1,831,1046,829,-1,829,1046,1047,-1,829,1047,1042,-1,1042,1047,1048,-1,1042,1048,1043,-1,1043,1048,1049,-1,1043,1049,1044,-1,1044,1049,1050,-1,1044,1050,1045,-1,1045,1050,1051,-1,792,794,504,-1,504,794,1052,-1,504,1052,505,-1,505,1052,1021,-1,505,1021,799,-1,799,1021,1020,-1,799,1020,820,-1,508,507,794,-1,794,507,758,-1,794,758,1053,-1,1053,758,742,-1,1053,742,1054,-1,1054,742,748,-1,1054,748,1055,-1,1055,748,1028,-1,1055,1028,1056,-1,1056,1028,720,-1,1056,720,1057,-1,1057,720,741,-1,1057,741,1058,-1,1058,741,1045,-1,1058,1045,1059,-1,1059,1045,1051,-1,1059,1051,1060,-1,522,524,527,-1,527,524,1021,-1,527,1021,1061,-1,1061,1021,1052,-1,1061,1052,1062,-1,1062,1052,794,-1,1062,794,1063,-1,1063,794,1053,-1,1063,1053,1064,-1,1064,1053,1054,-1,1064,1054,1065,-1,1065,1054,1055,-1,1065,1055,1066,-1,1066,1055,1056,-1,1066,1056,1067,-1,1067,1056,1057,-1,1067,1057,1068,-1,1068,1057,1058,-1,1068,1058,1069,-1,1069,1058,1059,-1,1069,1059,1070,-1,1070,1059,1060,-1,1070,1060,1071,-1,1072,1073,1074,-1,1074,1073,1075,-1,1074,1075,1076,-1,1076,1075,1077,-1,1076,1077,1078,-1,1078,1077,1079,-1,1078,1079,1080,-1,1080,1079,1081,-1,1080,1081,1082,-1,1082,1081,1083,-1,1082,1083,1084,-1,1084,1083,1085,-1,1084,1085,1086,-1,1086,1085,1087,-1,1086,1087,1088,-1,1088,1087,1089,-1,1088,1089,1090,-1,1090,1089,1091,-1,1090,1091,1092,-1,1092,1091,1093,-1,1092,1093,1094,-1,1094,1093,1095,-1,1094,1095,1096,-1,1096,1095,1097,-1,1096,1097,1098,-1,1098,1097,1099,-1,1098,1099,1100,-1,1100,1099,1101,-1,1100,1101,1102,-1,1102,1101,1103,-1,1102,1103,1104,-1,1104,1103,1105,-1,1104,1105,1106,-1,1106,1105,1107,-1,1106,1107,1108,-1,1108,1107,1109,-1,1108,1109,1110,-1,1110,1109,1111,-1,1110,1111,1112,-1,1112,1111,1113,-1,1112,1113,1114,-1,1114,1113,1115,-1,1114,1115,1116,-1,1116,1115,1117,-1,1116,1117,1118,-1,1118,1117,1119,-1,1118,1119,1120,-1,1120,1119,1121,-1,1120,1121,1122,-1,1122,1121,1123,-1,1122,1123,1124,-1,1124,1123,1125,-1,1124,1125,1126,-1,1126,1125,1127,-1,1126,1127,1128,-1,1128,1127,1129,-1,1128,1129,1130,-1,1130,1129,1131,-1,1130,1131,1132,-1,1132,1131,1133,-1,1132,1133,1134,-1,1134,1133,1135,-1,1134,1135,1136,-1,1136,1135,1137,-1,1136,1137,1138,-1,1138,1137,1139,-1,1138,1139,1140,-1,1140,1139,1141,-1,1140,1141,1142,-1,1142,1141,1143,-1,1142,1143,1144,-1,1144,1143,1145,-1,1144,1145,1146,-1,1146,1145,1147,-1,1146,1147,1148,-1,1148,1147,1149,-1,1148,1149,1150,-1,1150,1149,1151,-1,1150,1151,1152,-1,1152,1151,1153,-1,1152,1153,1154,-1,1154,1153,1155,-1,1154,1155,1156,-1,1156,1155,1157,-1,1156,1157,1158,-1,1158,1157,1159,-1,1158,1159,1160,-1,1160,1159,1161,-1,1160,1161,1162,-1,1162,1161,1163,-1,1162,1163,1164,-1,1164,1163,1165,-1,1164,1165,1166,-1,1166,1165,1167,-1,1166,1167,1168,-1,1168,1167,1169,-1,1168,1169,1170,-1,1170,1169,1171,-1,1170,1171,1172,-1,1172,1171,1173,-1,1172,1173,1174,-1,1174,1173,1175,-1,1174,1175,1176,-1,1176,1175,1177,-1,1176,1177,1178,-1,1178,1177,1179,-1,1178,1179,1072,-1,1072,1179,1073,-1,1180,1181,1182,-1,1182,1181,1183,-1,1182,1183,1184,-1,1184,1183,1185,-1,1184,1185,1186,-1,1186,1185,1187,-1,1186,1187,1188,-1,1188,1187,1189,-1,1188,1189,1190,-1,1190,1189,1191,-1,1190,1191,1192,-1,1192,1191,1193,-1,1192,1193,1194,-1,1194,1193,1195,-1,1194,1195,1180,-1,1180,1195,1181,-1,1196,1197,1198,-1,1198,1197,1199,-1,1198,1199,1200,-1,1200,1199,1201,-1,1200,1201,1202,-1,1202,1201,1203,-1,1202,1203,1204,-1,1204,1203,1205,-1,1204,1205,1206,-1,1206,1205,1207,-1,1206,1207,1208,-1,1208,1207,1209,-1,1208,1209,1210,-1,1210,1209,1211,-1,1210,1211,1212,-1,1212,1211,1213,-1,1212,1213,1214,-1,1214,1213,1215,-1,1214,1215,1216,-1,1216,1215,1217,-1,1216,1217,1218,-1,1218,1217,1219,-1,1218,1219,1220,-1,1220,1219,1221,-1,1220,1221,1222,-1,1222,1221,1223,-1,1222,1223,1224,-1,1224,1223,1225,-1,1224,1225,1226,-1,1226,1225,1227,-1,1226,1227,1228,-1,1228,1227,1229,-1,1228,1229,1230,-1,1230,1229,1231,-1,1230,1231,1232,-1,1232,1231,1233,-1,1232,1233,1234,-1,1234,1233,1235,-1,1234,1235,1236,-1,1236,1235,1237,-1,1236,1237,1238,-1,1238,1237,1239,-1,1238,1239,1240,-1,1240,1239,1241,-1,1240,1241,1242,-1,1242,1241,1243,-1,1242,1243,1244,-1,1244,1243,1245,-1,1244,1245,1246,-1,1246,1245,1247,-1,1246,1247,1248,-1,1248,1247,1249,-1,1248,1249,1250,-1,1250,1249,1251,-1,1250,1251,1252,-1,1252,1251,1253,-1,1252,1253,1254,-1,1254,1253,1255,-1,1254,1255,1256,-1,1256,1255,1257,-1,1256,1257,1258,-1,1258,1257,1259,-1,1258,1259,1260,-1,1260,1259,1261,-1,1260,1261,1262,-1,1262,1261,1263,-1,1262,1263,1264,-1,1264,1263,1265,-1,1264,1265,1266,-1,1266,1265,1267,-1,1266,1267,1268,-1,1268,1267,1269,-1,1268,1269,1270,-1,1270,1269,1271,-1,1270,1271,1272,-1,1272,1271,1273,-1,1272,1273,1274,-1,1274,1273,1275,-1,1274,1275,1196,-1,1196,1275,1197,-1,1168,1170,1082,-1,1082,1170,1080,-1,1080,1170,1172,-1,1080,1172,1078,-1,1078,1172,1174,-1,1078,1174,1076,-1,1076,1174,1176,-1,1076,1176,1074,-1,1074,1176,1178,-1,1074,1178,1072,-1,1124,1126,1122,-1,1122,1126,1128,-1,1122,1128,1120,-1,1114,1140,1112,-1,1112,1140,1142,-1,1112,1142,1110,-1,1110,1142,1144,-1,1110,1144,1108,-1,1108,1144,1146,-1,1108,1146,1106,-1,1106,1146,1148,-1,1106,1148,1104,-1,1148,1150,1104,-1,1104,1150,1152,-1,1104,1152,1102,-1,1102,1152,1154,-1,1102,1154,1100,-1,1100,1154,1156,-1,1100,1156,1098,-1,1098,1156,1158,-1,1128,1130,1120,-1,1120,1130,1132,-1,1120,1132,1118,-1,1118,1132,1134,-1,1118,1134,1116,-1,1116,1134,1136,-1,1116,1136,1114,-1,1114,1136,1138,-1,1114,1138,1140,-1,1082,1084,1168,-1,1168,1084,1086,-1,1168,1086,1166,-1,1166,1086,1088,-1,1166,1088,1164,-1,1164,1088,1090,-1,1164,1090,1162,-1,1162,1090,1092,-1,1162,1092,1160,-1,1160,1092,1094,-1,1160,1094,1158,-1,1158,1094,1096,-1,1158,1096,1098,-1,1194,1180,1184,-1,1184,1180,1182,-1,1192,1194,1190,-1,1190,1194,1184,-1,1190,1184,1188,-1,1188,1184,1186,-1,1266,1268,1264,-1,1264,1268,1270,-1,1264,1270,1262,-1,1262,1270,1272,-1,1272,1274,1262,-1,1262,1274,1196,-1,1262,1196,1198,-1,1260,1262,1258,-1,1258,1262,1198,-1,1258,1198,1256,-1,1256,1198,1200,-1,1256,1200,1254,-1,1254,1200,1202,-1,1254,1202,1252,-1,1252,1202,1204,-1,1252,1204,1250,-1,1250,1204,1206,-1,1250,1206,1248,-1,1248,1206,1208,-1,1248,1208,1246,-1,1246,1208,1210,-1,1246,1210,1244,-1,1244,1210,1212,-1,1244,1212,1242,-1,1242,1212,1214,-1,1242,1214,1240,-1,1240,1214,1216,-1,1240,1216,1238,-1,1238,1216,1218,-1,1238,1218,1236,-1,1236,1218,1220,-1,1236,1220,1234,-1,1234,1220,1222,-1,1234,1222,1232,-1,1232,1222,1224,-1,1232,1224,1230,-1,1230,1224,1226,-1,1230,1226,1228,-1,1276,1277,1278,-1,1278,1277,1279,-1,1279,1280,1278,-1,1278,1280,1281,-1,1278,1281,1282,-1,1277,1283,1279,-1,1279,1283,1284,-1,1279,1284,1280,-1,1280,1284,1285,-1,1280,1285,1281,-1,1281,1285,1286,-1,1281,1286,1282,-1,1282,1286,1287,-1,1282,1287,1278,-1,1278,1287,1288,-1,1278,1288,1276,-1,1276,1288,1289,-1,1276,1289,1277,-1,1277,1289,1283,-1,1290,1291,1292,-1,1292,1291,1293,-1,1292,1293,1294,-1,1292,1294,1295,-1,1295,1294,1296,-1,1295,1296,1297,-1,1297,1296,1298,-1,1297,1298,1299,-1,1299,1298,1300,-1,1299,1300,1301,-1,1301,1300,1302,-1,1301,1302,1303,-1,1303,1302,1304,-1,1303,1304,1305,-1,1305,1304,1306,-1,1305,1306,1307,-1,1308,1309,1310,-1,1308,1310,1311,-1,1311,1310,1312,-1,1311,1312,1313,-1,1313,1312,1314,-1,1313,1314,1315,-1,1315,1314,1316,-1,1315,1316,1317,-1,1317,1316,1318,-1,1317,1318,1319,-1,1319,1318,1320,-1,1319,1320,1321,-1,1321,1320,1322,-1,1321,1322,1323,-1,1324,1325,1322,-1,1322,1325,1323,-1,1325,1324,1326,-1,1325,1326,1327,-1,1327,1326,1328,-1,1327,1328,1329,-1,1329,1328,1330,-1,1329,1330,1331,-1,1331,1330,1332,-1,1331,1332,1333,-1,1333,1332,1334,-1,1333,1334,1335,-1,1335,1334,1336,-1,1335,1336,1337,-1,1337,1336,1338,-1,1337,1338,1339,-1,1340,1341,1342,-1,1340,1342,1343,-1,1343,1342,1344,-1,1343,1344,1345,-1,1345,1344,1346,-1,1345,1346,1347,-1,1347,1346,1348,-1,1347,1348,1349,-1,1349,1348,1350,-1,1349,1350,1351,-1,1351,1350,1352,-1,1351,1352,1353,-1,1353,1352,1354,-1,1353,1354,1355,-1,1356,1357,1340,-1,1340,1357,1341,-1,1357,1356,1358,-1,1358,1356,1359,-1,1358,1359,1360,-1,1360,1359,1361,-1,1360,1361,1362,-1,1362,1361,1363,-1,1362,1363,1364,-1,1364,1363,1365,-1,1364,1365,1366,-1,1366,1365,1367,-1,1366,1367,1368,-1,1368,1367,1369,-1,1368,1369,1370,-1,1370,1369,1371,-1,1372,1373,1371,-1,1371,1373,1370,-1,1373,1372,1374,-1,1374,1372,1375,-1,1374,1375,1376,-1,1376,1375,1377,-1,1376,1377,1378,-1,1378,1377,1379,-1,1378,1379,1380,-1,1380,1379,1381,-1,1380,1381,1382,-1,1382,1381,1383,-1,1382,1383,1384,-1,1384,1383,1385,-1,1384,1385,1386,-1,1386,1385,1387,-1,1388,1389,1387,-1,1387,1389,1386,-1,1390,1391,1392,-1,1390,1392,1393,-1,1393,1392,1394,-1,1393,1394,1395,-1,1395,1394,1396,-1,1395,1396,1397,-1,1397,1396,1398,-1,1397,1398,1399,-1,1399,1398,1400,-1,1399,1400,1401,-1,1401,1400,1402,-1,1401,1402,1403,-1,1403,1402,1389,-1,1403,1389,1388,-1,1391,1404,1405,-1,1391,1405,1406,-1,1406,1405,1407,-1,1406,1407,1408,-1,1408,1407,1409,-1,1408,1409,1410,-1,1410,1409,1411,-1,1410,1411,1412,-1,1412,1411,1413,-1,1412,1413,1414,-1,1414,1413,1415,-1,1414,1415,1416,-1,1391,1406,1417,-1,1406,1408,1418,-1,1408,1410,1419,-1,1410,1412,1420,-1,1412,1414,1421,-1,1414,1416,1422,-1,1414,1422,1421,-1,1421,1422,1423,-1,1421,1423,1424,-1,1424,1423,1425,-1,1424,1425,1426,-1,1426,1425,1427,-1,1426,1427,1428,-1,1428,1427,1429,-1,1428,1429,1430,-1,1430,1429,1431,-1,1430,1431,1432,-1,1432,1431,1433,-1,1432,1433,1434,-1,1412,1421,1420,-1,1420,1421,1424,-1,1420,1424,1435,-1,1435,1424,1426,-1,1435,1426,1436,-1,1436,1426,1428,-1,1436,1428,1437,-1,1437,1428,1430,-1,1437,1430,1438,-1,1438,1430,1432,-1,1438,1432,1439,-1,1439,1432,1434,-1,1439,1434,1440,-1,1410,1420,1419,-1,1419,1420,1435,-1,1419,1435,1441,-1,1441,1435,1436,-1,1441,1436,1442,-1,1442,1436,1437,-1,1442,1437,1443,-1,1443,1437,1438,-1,1443,1438,1444,-1,1444,1438,1439,-1,1444,1439,1445,-1,1445,1439,1440,-1,1445,1440,1446,-1,1408,1419,1418,-1,1418,1419,1441,-1,1418,1441,1447,-1,1447,1441,1442,-1,1447,1442,1448,-1,1448,1442,1443,-1,1448,1443,1449,-1,1449,1443,1444,-1,1449,1444,1450,-1,1450,1444,1445,-1,1450,1445,1451,-1,1451,1445,1446,-1,1451,1446,1452,-1,1406,1418,1417,-1,1417,1418,1447,-1,1417,1447,1453,-1,1453,1447,1448,-1,1453,1448,1454,-1,1454,1448,1449,-1,1454,1449,1455,-1,1455,1449,1450,-1,1455,1450,1456,-1,1456,1450,1451,-1,1456,1451,1457,-1,1457,1451,1452,-1,1457,1452,1458,-1,1391,1417,1392,-1,1392,1417,1453,-1,1392,1453,1394,-1,1394,1453,1454,-1,1394,1454,1396,-1,1396,1454,1455,-1,1396,1455,1398,-1,1398,1455,1456,-1,1398,1456,1400,-1,1400,1456,1457,-1,1400,1457,1402,-1,1402,1457,1458,-1,1402,1458,1389,-1,1459,1386,1389,-1,1459,1389,1460,-1,1460,1389,1458,-1,1460,1458,1461,-1,1461,1458,1452,-1,1461,1452,1462,-1,1462,1452,1463,-1,1463,1452,1446,-1,1463,1446,1464,-1,1464,1446,1465,-1,1465,1446,1440,-1,1465,1440,1466,-1,1466,1440,1467,-1,1467,1440,1434,-1,1467,1434,1468,-1,1468,1434,1469,-1,1469,1434,1433,-1,1469,1433,1470,-1,1471,1472,1473,-1,1474,1475,1476,-1,1469,1470,1477,-1,1469,1477,1478,-1,1478,1477,1479,-1,1478,1479,1480,-1,1480,1479,1481,-1,1480,1481,1482,-1,1482,1481,1483,-1,1482,1483,1484,-1,1484,1483,1485,-1,1484,1485,1486,-1,1486,1485,1487,-1,1486,1487,1488,-1,1466,1467,1489,-1,1489,1467,1468,-1,1487,1490,1488,-1,1488,1490,1491,-1,1488,1491,1492,-1,1492,1493,1488,-1,1488,1493,1494,-1,1488,1494,1486,-1,1486,1494,1495,-1,1486,1495,1484,-1,1484,1495,1496,-1,1484,1496,1482,-1,1482,1496,1497,-1,1482,1497,1480,-1,1480,1497,1489,-1,1480,1489,1478,-1,1478,1489,1468,-1,1478,1468,1469,-1,1464,1465,1498,-1,1498,1465,1466,-1,1466,1489,1498,-1,1498,1489,1497,-1,1498,1497,1499,-1,1499,1497,1496,-1,1499,1496,1500,-1,1500,1496,1495,-1,1500,1495,1501,-1,1501,1495,1494,-1,1501,1494,1502,-1,1502,1494,1493,-1,1502,1493,1503,-1,1462,1463,1504,-1,1504,1463,1464,-1,1492,1505,1493,-1,1493,1505,1506,-1,1493,1506,1503,-1,1503,1506,1507,-1,1503,1507,1508,-1,1464,1498,1504,-1,1504,1498,1499,-1,1504,1499,1509,-1,1509,1499,1500,-1,1509,1500,1510,-1,1510,1500,1501,-1,1510,1501,1511,-1,1511,1501,1502,-1,1511,1502,1512,-1,1512,1502,1503,-1,1512,1503,1513,-1,1513,1503,1508,-1,1513,1508,1514,-1,1460,1461,1515,-1,1515,1461,1462,-1,1462,1504,1515,-1,1515,1504,1509,-1,1515,1509,1516,-1,1516,1509,1510,-1,1516,1510,1517,-1,1517,1510,1511,-1,1517,1511,1518,-1,1518,1511,1512,-1,1518,1512,1519,-1,1519,1512,1513,-1,1519,1513,1476,-1,1476,1513,1514,-1,1476,1514,1474,-1,1386,1459,1520,-1,1520,1459,1460,-1,1460,1515,1520,-1,1520,1515,1516,-1,1520,1516,1521,-1,1521,1516,1517,-1,1521,1517,1522,-1,1522,1517,1518,-1,1522,1518,1523,-1,1523,1518,1519,-1,1523,1519,1524,-1,1524,1519,1476,-1,1524,1476,1473,-1,1473,1476,1475,-1,1473,1475,1471,-1,1386,1520,1384,-1,1384,1520,1521,-1,1384,1521,1382,-1,1382,1521,1522,-1,1382,1522,1380,-1,1380,1522,1523,-1,1380,1523,1378,-1,1378,1523,1524,-1,1378,1524,1376,-1,1376,1524,1473,-1,1376,1473,1374,-1,1374,1473,1472,-1,1374,1472,1373,-1,1370,1373,1525,-1,1525,1373,1472,-1,1525,1472,1526,-1,1526,1472,1471,-1,1526,1471,1527,-1,1527,1471,1475,-1,1527,1475,1528,-1,1528,1475,1474,-1,1528,1474,1529,-1,1529,1474,1514,-1,1529,1514,1530,-1,1530,1514,1508,-1,1530,1508,1531,-1,1531,1508,1507,-1,1531,1507,1532,-1,1532,1507,1506,-1,1532,1506,1533,-1,1533,1506,1505,-1,1533,1505,1534,-1,1534,1505,1492,-1,1534,1492,1535,-1,1535,1492,1491,-1,1535,1491,1536,-1,1536,1491,1490,-1,1537,1538,1539,-1,1540,1541,1542,-1,1535,1536,1543,-1,1535,1543,1544,-1,1544,1543,1545,-1,1544,1545,1546,-1,1546,1545,1547,-1,1546,1547,1548,-1,1548,1547,1549,-1,1548,1549,1550,-1,1550,1549,1551,-1,1550,1551,1552,-1,1552,1551,1553,-1,1552,1553,1554,-1,1532,1533,1555,-1,1555,1533,1534,-1,1553,1556,1554,-1,1554,1556,1557,-1,1554,1557,1558,-1,1558,1559,1554,-1,1554,1559,1560,-1,1554,1560,1552,-1,1552,1560,1561,-1,1552,1561,1550,-1,1550,1561,1562,-1,1550,1562,1548,-1,1548,1562,1563,-1,1548,1563,1546,-1,1546,1563,1555,-1,1546,1555,1544,-1,1544,1555,1534,-1,1544,1534,1535,-1,1530,1531,1564,-1,1564,1531,1532,-1,1532,1555,1564,-1,1564,1555,1563,-1,1564,1563,1565,-1,1565,1563,1562,-1,1565,1562,1566,-1,1566,1562,1561,-1,1566,1561,1567,-1,1567,1561,1560,-1,1567,1560,1568,-1,1568,1560,1559,-1,1568,1559,1569,-1,1528,1529,1570,-1,1570,1529,1530,-1,1558,1571,1559,-1,1559,1571,1572,-1,1559,1572,1569,-1,1569,1572,1573,-1,1569,1573,1574,-1,1530,1564,1570,-1,1570,1564,1565,-1,1570,1565,1575,-1,1575,1565,1566,-1,1575,1566,1576,-1,1576,1566,1567,-1,1576,1567,1577,-1,1577,1567,1568,-1,1577,1568,1578,-1,1578,1568,1569,-1,1578,1569,1579,-1,1579,1569,1574,-1,1579,1574,1580,-1,1526,1527,1581,-1,1581,1527,1528,-1,1528,1570,1581,-1,1581,1570,1575,-1,1581,1575,1582,-1,1582,1575,1576,-1,1582,1576,1583,-1,1583,1576,1577,-1,1583,1577,1584,-1,1584,1577,1578,-1,1584,1578,1585,-1,1585,1578,1579,-1,1585,1579,1542,-1,1542,1579,1580,-1,1542,1580,1540,-1,1370,1525,1586,-1,1586,1525,1526,-1,1526,1581,1586,-1,1586,1581,1582,-1,1586,1582,1587,-1,1587,1582,1583,-1,1587,1583,1588,-1,1588,1583,1584,-1,1588,1584,1589,-1,1589,1584,1585,-1,1589,1585,1590,-1,1590,1585,1542,-1,1590,1542,1539,-1,1539,1542,1541,-1,1539,1541,1537,-1,1370,1586,1368,-1,1368,1586,1587,-1,1368,1587,1366,-1,1366,1587,1588,-1,1366,1588,1364,-1,1364,1588,1589,-1,1364,1589,1362,-1,1362,1589,1590,-1,1362,1590,1360,-1,1360,1590,1539,-1,1360,1539,1358,-1,1358,1539,1538,-1,1358,1538,1357,-1,1537,1591,1592,-1,1537,1592,1538,-1,1538,1592,1341,-1,1538,1341,1357,-1,1591,1537,1593,-1,1593,1537,1541,-1,1593,1541,1594,-1,1574,1595,1580,-1,1580,1595,1594,-1,1580,1594,1540,-1,1540,1594,1541,-1,1556,1596,1557,-1,1557,1596,1597,-1,1557,1597,1558,-1,1558,1597,1598,-1,1558,1598,1571,-1,1571,1598,1599,-1,1571,1599,1572,-1,1572,1599,1600,-1,1572,1600,1573,-1,1573,1600,1601,-1,1573,1601,1574,-1,1574,1601,1602,-1,1574,1602,1595,-1,1603,1604,1605,-1,1605,1604,1606,-1,1605,1606,1607,-1,1607,1606,1608,-1,1607,1608,1609,-1,1609,1608,1610,-1,1609,1610,1611,-1,1611,1610,1612,-1,1611,1612,1613,-1,1613,1612,1614,-1,1613,1614,1596,-1,1596,1614,1597,-1,1600,1599,1615,-1,1615,1599,1598,-1,1616,1604,1617,-1,1617,1604,1603,-1,1617,1603,1618,-1,1616,1619,1604,-1,1604,1619,1620,-1,1604,1620,1606,-1,1606,1620,1621,-1,1606,1621,1608,-1,1608,1621,1622,-1,1608,1622,1610,-1,1610,1622,1623,-1,1610,1623,1612,-1,1612,1623,1615,-1,1612,1615,1614,-1,1614,1615,1598,-1,1614,1598,1597,-1,1624,1601,1600,-1,1600,1615,1624,-1,1624,1615,1623,-1,1624,1623,1625,-1,1625,1623,1622,-1,1625,1622,1626,-1,1626,1622,1621,-1,1626,1621,1627,-1,1627,1621,1620,-1,1627,1620,1628,-1,1628,1620,1619,-1,1628,1619,1629,-1,1594,1595,1630,-1,1630,1595,1602,-1,1616,1631,1619,-1,1619,1631,1632,-1,1619,1632,1629,-1,1629,1632,1633,-1,1629,1633,1634,-1,1634,1635,1629,-1,1629,1635,1636,-1,1629,1636,1628,-1,1628,1636,1637,-1,1628,1637,1627,-1,1627,1637,1638,-1,1627,1638,1626,-1,1626,1638,1639,-1,1626,1639,1625,-1,1625,1639,1630,-1,1625,1630,1624,-1,1624,1630,1602,-1,1624,1602,1601,-1,1591,1593,1640,-1,1640,1593,1594,-1,1594,1630,1640,-1,1640,1630,1639,-1,1640,1639,1641,-1,1641,1639,1638,-1,1641,1638,1642,-1,1642,1638,1637,-1,1642,1637,1643,-1,1643,1637,1636,-1,1643,1636,1644,-1,1644,1636,1635,-1,1644,1635,1645,-1,1646,1592,1591,-1,1634,1647,1635,-1,1635,1647,1648,-1,1635,1648,1645,-1,1645,1648,1649,-1,1645,1649,1650,-1,1591,1640,1646,-1,1646,1640,1641,-1,1646,1641,1651,-1,1651,1641,1642,-1,1651,1642,1652,-1,1652,1642,1643,-1,1652,1643,1653,-1,1653,1643,1644,-1,1653,1644,1654,-1,1654,1644,1645,-1,1654,1645,1655,-1,1655,1645,1650,-1,1655,1650,1656,-1,1656,1354,1655,-1,1655,1354,1352,-1,1655,1352,1654,-1,1654,1352,1350,-1,1654,1350,1653,-1,1653,1350,1348,-1,1653,1348,1652,-1,1652,1348,1346,-1,1652,1346,1651,-1,1651,1346,1344,-1,1651,1344,1646,-1,1646,1344,1342,-1,1646,1342,1592,-1,1592,1342,1341,-1,1657,1658,1354,-1,1354,1656,1657,-1,1657,1656,1650,-1,1657,1650,1659,-1,1650,1649,1659,-1,1659,1649,1648,-1,1659,1648,1660,-1,1660,1648,1647,-1,1647,1634,1660,-1,1660,1634,1633,-1,1660,1633,1661,-1,1633,1632,1661,-1,1661,1632,1631,-1,1661,1631,1662,-1,1618,1663,1617,-1,1617,1663,1662,-1,1617,1662,1616,-1,1616,1662,1631,-1,1354,1658,1355,-1,1355,1658,1664,-1,1355,1664,1390,-1,1390,1664,1665,-1,1390,1665,1391,-1,1391,1665,1404,-1,1666,1667,1668,-1,1666,1668,1669,-1,1670,1669,1671,-1,1671,1669,1668,-1,1671,1668,1672,-1,1672,1668,1673,-1,1673,1674,1672,-1,1672,1674,1675,-1,1672,1675,1676,-1,1675,1677,1676,-1,1676,1677,1678,-1,1676,1678,1679,-1,1678,1680,1679,-1,1679,1680,1681,-1,1679,1681,1682,-1,1681,1683,1682,-1,1682,1683,1684,-1,1682,1684,1685,-1,1684,1686,1685,-1,1685,1686,1404,-1,1685,1404,1665,-1,1687,1688,1689,-1,1689,1688,1690,-1,1689,1690,1691,-1,1691,1690,1692,-1,1691,1692,1693,-1,1692,1694,1695,-1,1694,1692,1664,-1,1664,1692,1696,-1,1664,1696,1697,-1,1695,1698,1692,-1,1692,1698,1699,-1,1692,1699,1693,-1,1697,1700,1664,-1,1664,1700,1701,-1,1664,1701,1665,-1,1665,1701,1702,-1,1665,1702,1703,-1,1704,1705,1706,-1,1706,1705,1707,-1,1706,1707,1708,-1,1709,1708,1071,-1,1071,1708,1710,-1,1071,1710,1070,-1,1070,1710,1711,-1,1070,1711,1069,-1,1069,1711,1712,-1,1069,1712,1068,-1,1713,1714,527,-1,527,1714,528,-1,1703,1715,1665,-1,1665,1715,1716,-1,1665,1716,1685,-1,1704,1706,1717,-1,1717,1706,1670,-1,1717,1670,1718,-1,1719,1720,1721,-1,1721,1720,1722,-1,1721,1722,1689,-1,1689,1722,1723,-1,1689,1723,1687,-1,1716,1724,1670,-1,1670,1724,1725,-1,1670,1725,1718,-1,1709,1726,1708,-1,1708,1726,1727,-1,1708,1727,1728,-1,1728,1729,1708,-1,1708,1729,1730,-1,1708,1730,1706,-1,1731,1732,1733,-1,1733,1732,1734,-1,1714,1735,528,-1,528,1735,1736,-1,528,1736,1737,-1,1737,1736,1732,-1,1737,1732,1738,-1,1738,1732,1731,-1,527,1061,1713,-1,1713,1061,1062,-1,1713,1062,1739,-1,1739,1062,1063,-1,1739,1063,1064,-1,1719,1721,1732,-1,1732,1721,1740,-1,1732,1740,1734,-1,1670,1671,1716,-1,1716,1671,1672,-1,1716,1672,1676,-1,1064,1065,1739,-1,1739,1065,1066,-1,1739,1066,1712,-1,1712,1066,1067,-1,1712,1067,1068,-1,1676,1679,1716,-1,1716,1679,1682,-1,1716,1682,1685,-1,1741,1742,1743,-1,1741,1743,1744,-1,1740,1721,1744,-1,1745,561,553,-1,546,545,1737,-1,546,1737,555,-1,1744,1743,1740,-1,1740,1743,1746,-1,1740,1746,1734,-1,1734,1746,1747,-1,1734,1747,1733,-1,1733,1747,1748,-1,1733,1748,1731,-1,1731,1748,1749,-1,1731,1749,1738,-1,1738,1749,1745,-1,1738,1745,1737,-1,1737,1745,553,-1,1737,553,555,-1,545,534,1737,-1,1737,534,529,-1,1737,529,528,-1,
        ]
    }
}
Shape{
    appearance Appearance {
        material  Material 	{
            diffuseColor 0.8509803921568627 0.8509803921568627 0.8509803921568627
            specularColor 0.4235294117647059 0.4235294117647059 0.4235294117647059
            ambientIntensity 0.851
            transparency 0.0
            shininess 0.5
        }
    }
    geometry IndexedFaceSet {
        ccw TRUE
        solid FALSE
        coord DEF co Coordinate {
            point [
                1.3008 0.7478 0.3543, 1.1811 0.7478 0.3543, 1.3008 1.0234 0.3543, 1.1811 1.0234 0.3543, 1.3218 1.0234 0.3344, 1.3218 0.7478 0.3344, 1.3209 1.0234 0.3396, 1.3209 0.7478 0.3396, 1.3187 1.0234 0.3444, 1.3187 0.7478 0.3444, 1.3153 1.0234 0.3485, 1.3153 0.7478 0.3485, 1.311 1.0234 0.3517, 1.311 0.7478 0.3517, 1.3061 1.0234 0.3537, 1.3061 0.7478 0.3537, 1.3357 0.7478 0.0688, 1.3357 1.0234 0.0688, 1.4082 1.0234 0.0, 1.4082 0.7478 0.0, 1.39 0.7478 0.0023, 1.39 1.0234 0.0023, 1.373 0.7478 0.0091, 1.373 1.0234 0.0091, 1.3582 0.7478 0.0199, 1.3582 1.0234 0.0199, 1.3466 0.7478 0.0341, 1.3466 1.0234 0.0341, 1.339 0.7478 0.0508, 1.339 1.0234 0.0508
            ]
        }
        coordIndex [
            0,1,2,-1,2,1,3,-1,4,5,6,-1,6,5,7,-1,6,7,8,-1,8,7,9,-1,8,9,10,-1,10,9,11,-1,10,11,12,-1,12,11,13,-1,12,13,14,-1,14,13,15,-1,14,15,2,-1,2,15,0,-1,5,4,16,-1,16,4,17,-1,18,19,20,-1,18,20,21,-1,21,20,22,-1,21,22,23,-1,23,22,24,-1,23,24,25,-1,25,24,26,-1,25,26,27,-1,27,26,28,-1,27,28,29,-1,29,28,16,-1,29,16,17,-1,
        ]
    }
}
Shape{
    appearance Appearance {
        material  Material 	{
            diffuseColor 0.2235294117647059 0.2235294117647059 0.2235294117647059
            specularColor 0.11372549019607843 0.11372549019607843 0.11372549019607843
            ambientIntensity 0.2235
            transparency 0.0
            shininess 0.5
        }
    }
    geometry IndexedFaceSet {
        ccw TRUE
        solid FALSE
        coord DEF co Coordinate {
            point [
                1.4082 0.7478 0.0, 1.4082 1.0234 0.0, 1.7717 0.7478 0.0, 1.7717 1.0234 0.0
            ]
        }
        coordIndex [
            0,1,2,-1,2,1,3,-1,
        ]
    }
}
Shape{
    appearance Appearance {
        material  Material 	{
            diffuseColor 0.8509803921568627 0.8509803921568627 0.8509803921568627
            specularColor 0.4235294117647059 0.4235294117647059 0.4235294117647059
            ambientIntensity 0.851
            transparency 0.0
            shininess 0.5
        }
    }
    geometry IndexedFaceSet {
        ccw TRUE
        solid FALSE
        coord DEF co Coordinate {
            point [
                1.7717 0.7478 0.0, 1.7717 1.0234 0.0, 1.7717 0.7478 0.0984, 1.7717 1.0234 0.0984, 1.4516 0.7478 0.0984, 1.4516 1.0234 0.0984, 1.4317 1.0234 0.1172, 1.4317 0.7478 0.1172, 1.4326 1.0234 0.1123, 1.4326 0.7478 0.1123, 1.4347 1.0234 0.1078, 1.4347 0.7478 0.1078, 1.4379 1.0234 0.1039, 1.4379 0.7478 0.1039, 1.4419 1.0234 0.1009, 1.4419 0.7478 0.1009, 1.4466 1.0234 0.0991, 1.4466 0.7478 0.0991, 1.4201 0.7478 0.3395, 1.4201 1.0234 0.3395, 1.3008 1.0234 0.4528, 1.3008 0.7478 0.4528, 1.3307 0.7478 0.4489, 1.3307 1.0234 0.4489, 1.3587 0.7478 0.4378, 1.3587 1.0234 0.4378, 1.3831 0.7478 0.4199, 1.3831 1.0234 0.4199, 1.4022 0.7478 0.3966, 1.4022 1.0234 0.3966, 1.4148 0.7478 0.3692, 1.4148 1.0234 0.3692, 1.1811 1.0234 0.4528, 1.1811 0.7478 0.4528, -1.4201 1.0234 0.3395, -1.4201 0.7478 0.3395, -1.4148 0.7478 0.3692, -1.4148 1.0234 0.3692, -1.4022 0.7478 0.3966, -1.4022 1.0234 0.3966, -1.3831 0.7478 0.4199, -1.3831 1.0234 0.4199, -1.3587 0.7478 0.4378, -1.3587 1.0234 0.4378, -1.3307 0.7478 0.4489, -1.3307 1.0234 0.4489, -1.3008 0.7478 0.4528, -1.3008 1.0234 0.4528, -1.4317 0.7478 0.1172, -1.4317 1.0234 0.1172, -1.4516 1.0234 0.0984, -1.4516 0.7478 0.0984, -1.4466 1.0234 0.0991, -1.4466 0.7478 0.0991, -1.4419 1.0234 0.1009, -1.4419 0.7478 0.1009, -1.4379 1.0234 0.1039, -1.4379 0.7478 0.1039, -1.4347 1.0234 0.1078, -1.4347 0.7478 0.1078, -1.4326 1.0234 0.1123, -1.4326 0.7478 0.1123, -1.7717 0.7478 0.0984, -1.7717 1.0234 0.0984, -1.7717 0.7478 0.0, -1.7717 1.0234 0.0, -1.4082 0.7478 0.0, -1.4082 1.0234 0.0, -1.3357 1.0234 0.0688, -1.3357 0.7478 0.0688, -1.339 0.7478 0.0508, -1.339 1.0234 0.0508, -1.3466 0.7478 0.0341, -1.3466 1.0234 0.0341, -1.3582 0.7478 0.0199, -1.3582 1.0234 0.0199, -1.373 0.7478 0.0091, -1.373 1.0234 0.0091, -1.39 0.7478 0.0023, -1.39 1.0234 0.0023, -1.3218 0.7478 0.3344, -1.3218 1.0234 0.3344, -1.3008 1.0234 0.3543, -1.3008 0.7478 0.3543, -1.3061 1.0234 0.3537, -1.3061 0.7478 0.3537, -1.311 1.0234 0.3517, -1.311 0.7478 0.3517, -1.3153 1.0234 0.3485, -1.3153 0.7478 0.3485, -1.3187 1.0234 0.3444, -1.3187 0.7478 0.3444, -1.3209 1.0234 0.3396, -1.3209 0.7478 0.3396, -1.1811 1.0234 0.3543, -1.1811 0.7478 0.3543, 1.3357 0.7478 0.0688, 1.3218 0.7478 0.3344, 1.3209 0.7478 0.3396, 1.3187 0.7478 0.3444, 1.3153 0.7478 0.3485, 1.311 0.7478 0.3517, 1.3061 0.7478 0.3537, 1.3008 0.7478 0.3543, 1.1811 0.7478 0.3543, 1.4082 0.7478 0.0, 1.339 0.7478 0.0508, 1.3466 0.7478 0.0341, 1.39 0.7478 0.0023, 1.373 0.7478 0.0091, 1.3582 0.7478 0.0199, -1.1811 0.7478 0.4528, -1.1811 1.0234 0.4528, 1.4082 1.0234 0.0, 1.39 1.0234 0.0023, 1.373 1.0234 0.0091, 1.3357 1.0234 0.0688, 1.339 1.0234 0.0508, 1.3466 1.0234 0.0341, 1.3582 1.0234 0.0199, 1.1811 1.0234 0.3543, 1.3008 1.0234 0.3543, 1.3061 1.0234 0.3537, 1.311 1.0234 0.3517, 1.3153 1.0234 0.3485, 1.3187 1.0234 0.3444, 1.3209 1.0234 0.3396, 1.3218 1.0234 0.3344
            ]
        }
        coordIndex [
            0,1,2,-1,2,1,3,-1,2,3,4,-1,4,3,5,-1,6,7,8,-1,8,7,9,-1,8,9,10,-1,10,9,11,-1,10,11,12,-1,12,11,13,-1,12,13,14,-1,14,13,15,-1,14,15,16,-1,16,15,17,-1,16,17,5,-1,5,17,4,-1,7,6,18,-1,18,6,19,-1,20,21,22,-1,20,22,23,-1,23,22,24,-1,23,24,25,-1,25,24,26,-1,25,26,27,-1,27,26,28,-1,27,28,29,-1,29,28,30,-1,29,30,31,-1,31,30,18,-1,31,18,19,-1,20,32,21,-1,21,32,33,-1,34,35,36,-1,34,36,37,-1,37,36,38,-1,37,38,39,-1,39,38,40,-1,39,40,41,-1,41,40,42,-1,41,42,43,-1,43,42,44,-1,43,44,45,-1,45,44,46,-1,45,46,47,-1,35,34,48,-1,48,34,49,-1,50,51,52,-1,52,51,53,-1,52,53,54,-1,54,53,55,-1,54,55,56,-1,56,55,57,-1,56,57,58,-1,58,57,59,-1,58,59,60,-1,60,59,61,-1,60,61,49,-1,49,61,48,-1,51,50,62,-1,62,50,63,-1,62,63,64,-1,64,63,65,-1,64,65,66,-1,66,65,67,-1,68,69,70,-1,68,70,71,-1,71,70,72,-1,71,72,73,-1,73,72,74,-1,73,74,75,-1,75,74,76,-1,75,76,77,-1,77,76,78,-1,77,78,79,-1,79,78,66,-1,79,66,67,-1,69,68,80,-1,80,68,81,-1,82,83,84,-1,84,83,85,-1,84,85,86,-1,86,85,87,-1,86,87,88,-1,88,87,89,-1,88,89,90,-1,90,89,91,-1,90,91,92,-1,92,91,93,-1,92,93,81,-1,81,93,80,-1,82,94,83,-1,83,94,95,-1,11,9,96,-1,96,9,7,-1,96,7,97,-1,97,7,18,-1,97,18,98,-1,98,18,30,-1,98,30,99,-1,99,30,28,-1,99,28,100,-1,100,28,26,-1,100,26,101,-1,101,26,24,-1,101,24,102,-1,102,24,22,-1,102,22,103,-1,103,22,21,-1,103,21,104,-1,104,21,33,-1,105,0,2,-1,96,106,11,-1,11,106,107,-1,11,107,13,-1,2,4,105,-1,105,4,17,-1,105,17,108,-1,108,17,15,-1,108,15,109,-1,109,15,13,-1,109,13,110,-1,110,13,107,-1,66,78,55,-1,55,78,76,-1,55,76,57,-1,69,61,70,-1,70,61,59,-1,70,59,72,-1,72,59,57,-1,72,57,74,-1,74,57,76,-1,62,64,51,-1,51,64,66,-1,51,66,53,-1,53,66,55,-1,95,111,83,-1,83,111,46,-1,83,46,85,-1,85,46,44,-1,85,44,87,-1,87,44,42,-1,87,42,89,-1,89,42,40,-1,89,40,91,-1,91,40,38,-1,91,38,93,-1,93,38,36,-1,93,36,80,-1,80,36,35,-1,80,35,69,-1,69,35,48,-1,69,48,61,-1,46,111,47,-1,47,111,112,-1,113,114,14,-1,14,114,115,-1,14,115,12,-1,116,8,117,-1,117,8,10,-1,117,10,118,-1,118,10,12,-1,118,12,119,-1,119,12,115,-1,3,1,5,-1,5,1,113,-1,5,113,16,-1,16,113,14,-1,120,32,121,-1,121,32,20,-1,121,20,122,-1,122,20,23,-1,122,23,123,-1,123,23,25,-1,123,25,124,-1,124,25,27,-1,124,27,125,-1,125,27,29,-1,125,29,126,-1,126,29,31,-1,126,31,127,-1,127,31,19,-1,127,19,116,-1,116,19,6,-1,116,6,8,-1,58,60,68,-1,68,60,49,-1,68,49,81,-1,81,49,34,-1,81,34,92,-1,92,34,37,-1,92,37,90,-1,90,37,39,-1,90,39,88,-1,88,39,41,-1,88,41,86,-1,86,41,43,-1,86,43,84,-1,84,43,45,-1,84,45,82,-1,82,45,47,-1,82,47,94,-1,94,47,112,-1,67,65,63,-1,68,71,58,-1,58,71,73,-1,58,73,56,-1,63,50,67,-1,67,50,52,-1,67,52,79,-1,79,52,54,-1,79,54,77,-1,77,54,56,-1,77,56,75,-1,75,56,73,-1,
        ]
    }
}
Shape{
    appearance Appearance {
        material  Material 	{
            diffuseColor 0.2235294117647059 0.2235294117647059 0.2235294117647059
            specularColor 0.11372549019607843 0.11372549019607843 0.11372549019607843
            ambientIntensity 0.2235
            transparency 0.0
            shininess 0.5
        }
    }
    geometry IndexedFaceSet {
        ccw TRUE
        solid FALSE
        coord DEF co Coordinate {
            point [
                -1.1811 1.0234 0.4528, -1.1811 1.0234 1.2402, -1.1772 1.0585 1.2402, -1.0236 1.1809 0.6862, -1.0236 1.1809 0.0394, -1.0586 1.1763 0.0394, -1.0236 1.1809 1.2402, -1.0236 1.1809 0.8276, -1.0587 1.177 1.2402, -1.0236 1.1809 0.8152, -1.0236 1.1809 0.7338, -1.0236 1.1809 0.7109, -1.0236 1.1809 0.6878, -1.092 1.1653 1.2402, -1.0644 1.1755 0.0394, -1.0915 1.1643 0.0394, -1.1024 1.1598 0.0394, -1.1218 1.1465 1.2402, -1.121 1.1455 0.0394, -1.135 1.1348 0.0394, -1.1467 1.1216 1.2402, -1.1457 1.1208 0.0394, -1.16 1.1022 0.0394, -1.1655 1.0918 1.2402, -1.1765 1.0584 0.0394, -1.1811 1.0234 0.0394, -1.1811 1.0234 0.3543, -1.1757 1.0642 0.0394, -1.1645 1.0913 0.0394, -1.1017 1.1586 0.0292, -1.064 1.1742 0.0292, -1.0236 1.1796 0.0292, -1.1071 1.1069 0.0, -1.1259 1.0825 0.0, -1.1143 1.1141 0.0013, -1.1347 1.0876 0.0013, -1.1211 1.1209 0.0053, -1.143 1.0923 0.0053, -1.1268 1.1266 0.0115, -1.15 1.0964 0.0115, -1.1312 1.1311 0.0197, -1.1554 1.0995 0.0197, -1.134 1.1338 0.0292, -1.1588 1.1015 0.0292, -1.063 1.1704 0.0197, -1.0236 1.1756 0.0197, -1.0614 1.1644 0.0115, -1.0236 1.1694 0.0115, -1.0593 1.1565 0.0053, -1.0236 1.1612 0.0053, -1.0568 1.1474 0.0013, -1.0236 1.1517 0.0013, -1.0542 1.1375 0.0, -1.0236 1.1415 0.0, -1.0997 1.1552 0.0197, -1.0966 1.1498 0.0115, -1.0925 1.1428 0.0053, -1.0878 1.1345 0.0013, -1.0827 1.1257 0.0, -1.1744 1.0638 0.0292, -1.1706 1.0628 0.0197, -1.1646 1.0612 0.0115, -1.1567 1.0591 0.0053, -1.1476 1.0566 0.0013, -1.1377 1.054 0.0, -1.1798 1.0234 0.0292, -1.1758 1.0234 0.0197, -1.1696 1.0234 0.0115, -1.1614 1.0234 0.0053, -1.1519 1.0234 0.0013, -1.1417 1.0234 0.0, -1.1811 0.4722 0.0394, -1.1805 0.4722 0.0323, -1.1795 0.4722 0.0293, -1.1777 0.4722 0.0234, -1.1756 0.4722 0.0198, -1.1728 0.4722 0.0152, -1.1695 0.4722 0.0116, -1.1613 0.4722 0.0054, -1.1684 0.4722 0.0104, -1.1417 0.4722 0.0, -1.1515 0.4722 0.0012, -1.1519 0.4722 0.0014, -1.1601 0.4722 0.0046, -1.1791 0.4547 0.0394, -1.1785 0.4549 0.0323, -1.1733 0.4381 0.0394, -1.1727 0.4384 0.0323, -1.1639 0.4232 0.0394, -1.1634 0.4235 0.0323, -1.1515 0.4107 0.0394, -1.1511 0.4112 0.0323, -1.1365 0.4013 0.0394, -1.1363 0.4019 0.0323, -1.1199 0.3955 0.0394, -1.1197 0.3961 0.0323, -1.1024 0.3935 0.0394, -1.1024 0.3941 0.0323, -1.1024 0.399 0.0198, -1.1024 0.3969 0.0234, -1.1191 0.3988 0.0234, -1.1024 0.3951 0.0293, -1.1758 0.4555 0.0234, -1.1703 0.4395 0.0234, -1.1613 0.4253 0.0234, -1.1494 0.4133 0.0234, -1.1351 0.4043 0.0234, -1.118 0.4035 0.0152, -1.1024 0.4018 0.0152, -1.1329 0.4088 0.0152, -1.1463 0.4171 0.0152, -1.1575 0.4283 0.0152, -1.1659 0.4417 0.0152, -1.1711 0.4566 0.0152, -1.1024 0.4133 0.0054, -1.1024 0.4062 0.0104, -1.1171 0.4079 0.0104, -1.1024 0.4051 0.0116, -1.1667 0.4576 0.0104, -1.1618 0.4436 0.0104, -1.154 0.4311 0.0104, -1.1435 0.4206 0.0104, -1.131 0.4128 0.0104, -1.1024 0.4227 0.0014, -1.1024 0.4145 0.0046, -1.1152 0.4159 0.0046, -1.1274 0.4202 0.0046, -1.1384 0.4271 0.0046, -1.1475 0.4362 0.0046, -1.1544 0.4472 0.0046, -1.1587 0.4594 0.0046, -1.1133 0.4243 0.0012, -1.1024 0.4231 0.0012, -1.1237 0.428 0.0012, -1.133 0.4338 0.0012, -1.1408 0.4416 0.0012, -1.1467 0.4509 0.0012, -1.1503 0.4613 0.0012, -1.1407 0.4635 0.0, -1.1378 0.4552 0.0, -1.1331 0.4477 0.0, -1.1269 0.4415 0.0, -1.1194 0.4368 0.0, -1.1111 0.4339 0.0, -1.1024 0.4329 0.0, 1.1024 0.3935 0.0394, 1.1024 0.3941 0.0323, 1.1024 0.3951 0.0293, 1.1024 0.3969 0.0234, 1.1024 0.399 0.0198, 1.1024 0.4018 0.0152, 1.1024 0.4051 0.0116, 1.1024 0.4062 0.0104, 1.1024 0.4133 0.0054, 1.1024 0.4145 0.0046, 1.1024 0.4227 0.0014, 1.1024 0.4231 0.0012, 1.1024 0.4329 0.0, 1.1199 0.3955 0.0394, 1.1197 0.3961 0.0323, 1.1365 0.4013 0.0394, 1.1363 0.4019 0.0323, 1.1515 0.4107 0.0394, 1.1511 0.4112 0.0323, 1.1639 0.4232 0.0394, 1.1634 0.4235 0.0323, 1.1733 0.4381 0.0394, 1.1727 0.4384 0.0323, 1.1791 0.4547 0.0394, 1.1785 0.4549 0.0323, 1.1811 0.4722 0.0394, 1.1805 0.4722 0.0323, 1.1756 0.4722 0.0198, 1.1777 0.4722 0.0234, 1.1758 0.4555 0.0234, 1.1795 0.4722 0.0293, 1.1191 0.3988 0.0234, 1.1351 0.4043 0.0234, 1.1494 0.4133 0.0234, 1.1613 0.4253 0.0234, 1.1703 0.4395 0.0234, 1.1711 0.4566 0.0152, 1.1728 0.4722 0.0152, 1.1659 0.4417 0.0152, 1.1575 0.4283 0.0152, 1.1463 0.4171 0.0152, 1.1329 0.4088 0.0152, 1.118 0.4035 0.0152, 1.1613 0.4722 0.0054, 1.1684 0.4722 0.0104, 1.1667 0.4576 0.0104, 1.1695 0.4722 0.0116, 1.1171 0.4079 0.0104, 1.131 0.4128 0.0104, 1.1435 0.4206 0.0104, 1.154 0.4311 0.0104, 1.1618 0.4436 0.0104, 1.1519 0.4722 0.0014, 1.1601 0.4722 0.0046, 1.1587 0.4594 0.0046, 1.1544 0.4472 0.0046, 1.1475 0.4362 0.0046, 1.1384 0.4271 0.0046, 1.1274 0.4202 0.0046, 1.1152 0.4159 0.0046, 1.1503 0.4613 0.0012, 1.1515 0.4722 0.0012, 1.1467 0.4509 0.0012, 1.1408 0.4416 0.0012, 1.133 0.4338 0.0012, 1.1237 0.428 0.0012, 1.1133 0.4243 0.0012, 1.1111 0.4339 0.0, 1.1194 0.4368 0.0, 1.1269 0.4415 0.0, 1.1331 0.4477 0.0, 1.1378 0.4552 0.0, 1.1407 0.4635 0.0, 1.1417 0.4722 0.0, 1.1798 1.0234 0.0292, 1.1811 1.0234 0.0394, 1.1758 1.0234 0.0197, 1.1696 1.0234 0.0115, 1.1614 1.0234 0.0053, 1.1519 1.0234 0.0013, 1.1417 1.0234 0.0, 1.1758 1.0582 0.0292, 1.172 1.0573 0.0197, 1.1659 1.0559 0.0115, 1.158 1.0541 0.0053, 1.1487 1.052 0.0013, 1.1388 1.0497 0.0, 1.13 1.0747 0.0, 1.1392 1.0791 0.0013, 1.116 1.0971 0.0, 1.1239 1.1034 0.0013, 1.0973 1.1158 0.0, 1.1036 1.1237 0.0013, 1.0749 1.1298 0.0, 1.0793 1.139 0.0013, 1.0499 1.1386 0.0, 1.0522 1.1485 0.0013, 1.0236 1.1415 0.0, 1.0236 1.1517 0.0013, 1.1478 1.0832 0.0053, 1.1314 1.1093 0.0053, 1.1095 1.1312 0.0053, 1.0834 1.1476 0.0053, 1.0543 1.1578 0.0053, 1.0236 1.1612 0.0053, 1.1551 1.0868 0.0115, 1.1377 1.1144 0.0115, 1.1146 1.1375 0.0115, 1.0869 1.1549 0.0115, 1.0561 1.1657 0.0115, 1.0236 1.1694 0.0115, 1.1608 1.0895 0.0197, 1.1426 1.1183 0.0197, 1.1185 1.1424 0.0197, 1.0897 1.1606 0.0197, 1.0575 1.1718 0.0197, 1.0236 1.1756 0.0197, 1.1643 1.0912 0.0292, 1.1457 1.1208 0.0292, 1.121 1.1455 0.0292, 1.0914 1.1641 0.0292, 1.0584 1.1756 0.0292, 1.0236 1.1796 0.0292, 1.1772 1.0585 0.0394, 1.1655 1.0918 0.0394, 1.1467 1.1216 0.0394, 1.1218 1.1465 0.0394, 1.092 1.1653 0.0394, 1.0587 1.177 0.0394, 1.0236 1.1809 0.0394, 0.6693 1.1809 0.0394, 0.6693 1.1803 0.0323, 0.6693 1.1793 0.0293, 0.6693 1.1775 0.0234, 0.6693 1.1754 0.0198, 0.6693 1.1726 0.0152, 0.6693 1.1693 0.0116, 0.6693 1.1682 0.0104, 0.6693 1.1611 0.0054, 0.6693 1.1599 0.0046, 0.6693 1.1517 0.0014, 0.6693 1.1513 0.0012, 0.6693 1.1415 0.0, 0.6518 1.1789 0.0394, 0.6519 1.1783 0.0323, 0.6351 1.1731 0.0394, 0.6354 1.1725 0.0323, 0.6202 1.1637 0.0394, 0.6206 1.1632 0.0323, 0.6077 1.1513 0.0394, 0.6082 1.1509 0.0323, 0.5983 1.1363 0.0394, 0.5989 1.1361 0.0323, 0.5925 1.1197 0.0394, 0.5931 1.1195 0.0323, 0.5906 1.1022 0.0394, 0.5912 1.1022 0.0323, 0.5961 1.1022 0.0198, 0.5939 1.1022 0.0234, 0.5958 1.1189 0.0234, 0.5921 1.1022 0.0293, 0.6525 1.1756 0.0234, 0.6366 1.1701 0.0234, 0.6223 1.1611 0.0234, 0.6104 1.1492 0.0234, 0.6014 1.1349 0.0234, 0.6006 1.1178 0.0152, 0.5988 1.1022 0.0152, 0.6058 1.1327 0.0152, 0.6142 1.1461 0.0152, 0.6254 1.1573 0.0152, 0.6387 1.1657 0.0152, 0.6536 1.1709 0.0152, 0.6103 1.1022 0.0054, 0.6033 1.1022 0.0104, 0.6049 1.1169 0.0104, 0.6022 1.1022 0.0116, 0.6546 1.1665 0.0104, 0.6406 1.1616 0.0104, 0.6281 1.1538 0.0104, 0.6177 1.1433 0.0104, 0.6098 1.1308 0.0104, 0.6197 1.1022 0.0014, 0.6115 1.1022 0.0046, 0.613 1.115 0.0046, 0.6172 1.1272 0.0046, 0.6241 1.1382 0.0046, 0.6333 1.1473 0.0046, 0.6442 1.1542 0.0046, 0.6564 1.1585 0.0046, 0.6214 1.1131 0.0012, 0.6201 1.1022 0.0012, 0.625 1.1235 0.0012, 0.6309 1.1328 0.0012, 0.6386 1.1406 0.0012, 0.648 1.1465 0.0012, 0.6584 1.1501 0.0012, 0.6605 1.1405 0.0, 0.6522 1.1376 0.0, 0.6447 1.1329 0.0, 0.6385 1.1267 0.0, 0.6338 1.1192 0.0, 0.6309 1.1109 0.0, 0.6299 1.1022 0.0, 0.5906 1.1022 0.1969, 0.5925 1.1197 0.1969, 0.5983 1.1363 0.1969, 0.6077 1.1513 0.1969, 0.6202 1.1637 0.1969, 0.6351 1.1731 0.1969, 0.6518 1.1789 0.1969, 0.6693 1.1809 0.1969, -0.7059 1.1809 0.0394, -0.6693 1.1809 0.0394, -0.6693 1.1803 0.0323, -0.6693 1.1793 0.0293, -0.6693 1.1775 0.0234, -0.6693 1.1754 0.0198, -0.6693 1.1726 0.0152, -0.6693 1.1693 0.0116, -0.6693 1.1682 0.0104, -0.6693 1.1611 0.0054, -0.6693 1.1599 0.0046, -0.6693 1.1517 0.0014, -0.6693 1.1513 0.0012, -0.6693 1.1415 0.0, -0.5925 1.1197 0.0394, -0.5931 1.1195 0.0323, -0.5983 1.1363 0.0394, -0.5989 1.1361 0.0323, -0.6077 1.1513 0.0394, -0.6082 1.1509 0.0323, -0.6202 1.1637 0.0394, -0.6206 1.1632 0.0323, -0.6351 1.1731 0.0394, -0.6354 1.1725 0.0323, -0.6518 1.1789 0.0394, -0.6519 1.1783 0.0323, -0.6525 1.1756 0.0234, -0.5921 1.1022 0.0293, -0.5912 1.1022 0.0323, -0.5906 1.1022 0.0394, -0.5958 1.1189 0.0234, -0.6014 1.1349 0.0234, -0.6104 1.1492 0.0234, -0.6223 1.1611 0.0234, -0.6366 1.1701 0.0234, -0.6536 1.1709 0.0152, -0.6387 1.1657 0.0152, -0.6254 1.1573 0.0152, -0.6142 1.1461 0.0152, -0.6058 1.1327 0.0152, -0.6006 1.1178 0.0152, -0.6546 1.1665 0.0104, -0.5939 1.1022 0.0234, -0.5961 1.1022 0.0198, -0.5988 1.1022 0.0152, -0.6022 1.1022 0.0116, -0.6049 1.1169 0.0104, -0.6098 1.1308 0.0104, -0.6177 1.1433 0.0104, -0.6281 1.1538 0.0104, -0.6406 1.1616 0.0104, -0.6564 1.1585 0.0046, -0.6442 1.1542 0.0046, -0.6333 1.1473 0.0046, -0.6241 1.1382 0.0046, -0.6172 1.1272 0.0046, -0.613 1.115 0.0046, -0.6584 1.1501 0.0012, -0.6033 1.1022 0.0104, -0.6103 1.1022 0.0054, -0.6115 1.1022 0.0046, -0.6197 1.1022 0.0014, -0.648 1.1465 0.0012, -0.6386 1.1406 0.0012, -0.6309 1.1328 0.0012, -0.625 1.1235 0.0012, -0.6214 1.1131 0.0012, -0.6201 1.1022 0.0012, -0.6299 1.1022 0.0, -0.6309 1.1109 0.0, -0.6338 1.1192 0.0, -0.6385 1.1267 0.0, -0.6447 1.1329 0.0, -0.6522 1.1376 0.0, -0.6605 1.1405 0.0, -0.6693 1.1809 0.1969, -0.6518 1.1789 0.1969, -0.6351 1.1731 0.1969, -0.6202 1.1637 0.1969, -0.6077 1.1513 0.1969, -0.5983 1.1363 0.1969, -0.5925 1.1197 0.1969, -0.5906 1.1022 0.1969, -0.5906 0.7872 0.1969, -0.5906 0.7872 0.0394, -0.5118 0.7085 0.1969, -0.5118 0.7085 0.0394, -0.5293 0.7104 0.1969, -0.5293 0.7104 0.0394, -0.546 0.7163 0.1969, -0.546 0.7163 0.0394, -0.5609 0.7256 0.1969, -0.5609 0.7256 0.0394, -0.5734 0.7381 0.1969, -0.5734 0.7381 0.0394, -0.5828 0.753 0.1969, -0.5828 0.753 0.0394, -0.5886 0.7697 0.1969, -0.5886 0.7697 0.0394, 0.5118 0.7085 0.1969, 0.5118 0.7085 0.0394, 0.5906 0.7872 0.1969, 0.5906 0.7872 0.0394, 0.5886 0.7697 0.1969, 0.5886 0.7697 0.0394, 0.5828 0.753 0.1969, 0.5828 0.753 0.0394, 0.5734 0.7381 0.1969, 0.5734 0.7381 0.0394, 0.5609 0.7256 0.1969, 0.5609 0.7256 0.0394, 0.546 0.7163 0.1969, 0.546 0.7163 0.0394, 0.5293 0.7104 0.1969, 0.5293 0.7104 0.0394, 0.5118 0.6691 0.0, 0.5118 0.6793 0.0013, 0.5358 0.682 0.0013, 0.5118 0.6888 0.0053, 0.5337 0.6912 0.0053, 0.5118 0.6969 0.0115, 0.5319 0.6992 0.0115, 0.5118 0.7032 0.0197, 0.5305 0.7053 0.0197, 0.5118 0.7071 0.0292, 0.5296 0.7091 0.0292, 0.5466 0.7151 0.0292, 0.5617 0.7246 0.0292, 0.5744 0.7373 0.0292, 0.584 0.7525 0.0292, 0.5899 0.7694 0.0292, 0.5919 0.7872 0.0292, 0.5483 0.7115 0.0197, 0.5642 0.7215 0.0197, 0.5775 0.7348 0.0197, 0.5875 0.7508 0.0197, 0.5937 0.7685 0.0197, 0.5958 0.7872 0.0197, 0.551 0.7059 0.0115, 0.5681 0.7166 0.0115, 0.5824 0.7309 0.0115, 0.5931 0.748 0.0115, 0.5998 0.7671 0.0115, 0.6021 0.7872 0.0115, 0.5545 0.6985 0.0053, 0.5732 0.7103 0.0053, 0.5888 0.7258 0.0053, 0.6005 0.7445 0.0053, 0.6078 0.7653 0.0053, 0.6102 0.7872 0.0053, 0.5586 0.69 0.0013, 0.5791 0.7028 0.0013, 0.5962 0.7199 0.0013, 0.609 0.7404 0.0013, 0.617 0.7632 0.0013, 0.6197 0.7872 0.0013, 0.5381 0.6721 0.0, 0.5631 0.6808 0.0, 0.5855 0.6949 0.0, 0.6042 0.7136 0.0, 0.6182 0.736 0.0, 0.627 0.7609 0.0, 0.6299 0.7872 0.0, -0.5118 0.7071 0.0292, -0.5118 0.7032 0.0197, -0.5118 0.6969 0.0115, -0.5118 0.6888 0.0053, -0.5118 0.6793 0.0013, -0.5118 0.6691 0.0, -0.6299 0.7872 0.0, -0.6197 0.7872 0.0013, -0.617 0.7632 0.0013, -0.6102 0.7872 0.0053, -0.6078 0.7653 0.0053, -0.6021 0.7872 0.0115, -0.5998 0.7671 0.0115, -0.5958 0.7872 0.0197, -0.5937 0.7685 0.0197, -0.5919 0.7872 0.0292, -0.5899 0.7694 0.0292, -0.584 0.7525 0.0292, -0.5744 0.7373 0.0292, -0.5617 0.7246 0.0292, -0.5466 0.7151 0.0292, -0.5296 0.7091 0.0292, -0.5875 0.7508 0.0197, -0.5775 0.7348 0.0197, -0.5642 0.7215 0.0197, -0.5483 0.7115 0.0197, -0.5305 0.7053 0.0197, -0.5931 0.748 0.0115, -0.5824 0.7309 0.0115, -0.5681 0.7166 0.0115, -0.551 0.7059 0.0115, -0.5319 0.6992 0.0115, -0.6005 0.7445 0.0053, -0.5888 0.7258 0.0053, -0.5732 0.7103 0.0053, -0.5545 0.6985 0.0053, -0.5337 0.6912 0.0053, -0.609 0.7404 0.0013, -0.5962 0.7199 0.0013, -0.5791 0.7028 0.0013, -0.5586 0.69 0.0013, -0.5358 0.682 0.0013, -0.627 0.7609 0.0, -0.6182 0.736 0.0, -0.6042 0.7136 0.0, -0.5855 0.6949 0.0, -0.5631 0.6808 0.0, -0.5381 0.6721 0.0, 1.1791 0.4547 0.1969, 1.1811 0.4722 0.1969, 1.1811 -0.4726 0.1969, -1.1791 -0.4551 0.1969, -1.1811 -0.4726 0.1969, -1.1365 0.4013 0.1969, 1.1515 0.4107 0.1969, 1.1639 0.4232 0.1969, 1.1733 0.4381 0.1969, -1.1733 0.4381 0.1969, -1.1791 0.4547 0.1969, -1.1811 0.4722 0.1969, -1.1639 0.4232 0.1969, -1.1515 0.4107 0.1969, 1.1733 -0.4385 0.1969, 1.1639 -0.4235 0.1969, 1.1365 0.4013 0.1969, 1.1791 -0.4551 0.1969, -1.1515 -0.4111 0.1969, -1.1639 -0.4235 0.1969, -1.1733 -0.4385 0.1969, 1.1515 -0.4111 0.1969, 1.1365 -0.4017 0.1969, 1.1199 0.3955 0.1969, 1.1199 -0.3959 0.1969, 1.1024 0.3935 0.1969, 1.1024 -0.3939 0.1969, -1.1024 0.3935 0.1969, -1.1024 -0.3939 0.1969, -1.1199 0.3955 0.1969, -1.1199 -0.3959 0.1969, -1.1365 -0.4017 0.1969, 0.2084 -0.92 0.1969, 0.1822 -0.9268 0.1969, 0.1822 -0.8262 0.1969, -0.5886 -0.7701 0.1969, -0.5828 -0.7534 0.1969, -0.264 -1.0675 0.1969, -0.6351 -1.1735 0.1969, -0.6202 -1.1641 0.1969, -0.264 -1.101 0.1969, -0.6077 -1.1517 0.1969, -0.5983 -1.1367 0.1969, 0.6693 -1.1813 0.1969, -0.6693 -1.1813 0.1969, 0.6518 -1.1793 0.1969, -0.6518 -1.1793 0.1969, 0.0575 -1.0273 0.1969, 0.0641 -1.0541 0.1969, -0.0147 -1.101 0.1969, 0.0772 -0.8731 0.1969, 0.0838 -0.853 0.1969, 0.0575 -1.0005 0.1969, 0.1297 -0.8262 0.1969, 0.1034 -0.8329 0.1969, 0.1297 -0.786 0.1969, 0.0969 -0.7927 0.1969, -0.1197 -0.786 0.1969, 0.0641 -0.8128 0.1969, 0.0444 -0.8463 0.1969, -0.1197 -1.0675 0.1969, 0.1428 -0.967 0.1969, 0.1822 -0.967 0.1969, 0.1231 -0.9737 0.1969, 0.1231 -1.0541 0.1969, -0.5734 -0.7385 0.1969, -0.5609 -0.726 0.1969, -0.546 -0.7167 0.1969, -0.5293 -0.7108 0.1969, -0.5118 -0.7089 0.1969, -0.159 -1.0675 0.1969, 0.1428 -1.0608 0.1969, 0.1822 -1.0608 0.1969, 0.2019 -1.0541 0.1969, 0.215 -1.0407 0.1969, 0.0969 -1.0072 0.1969, 0.1034 -0.9871 0.1969, 0.0969 -1.0206 0.1969, 0.1034 -1.0407 0.1969, -0.5925 -1.1201 0.1969, -0.5906 -1.1026 0.1969, -0.5906 -0.7876 0.1969, 0.1428 -0.9268 0.1969, 0.1166 -0.9335 0.1969, 0.0378 -0.8731 0.1969, 0.0903 -0.9469 0.1969, 0.0641 -0.9737 0.1969, -0.0147 -1.0675 0.1969, 0.1756 -1.101 0.1969, 0.2084 -1.0943 0.1969, 0.2347 -1.0742 0.1969, 0.2544 -1.0474 0.1969, 0.0903 -1.0809 0.1969, 0.1166 -1.0943 0.1969, 0.1428 -1.101 0.1969, 0.5925 -1.1201 0.1969, 0.5983 -1.1367 0.1969, 0.6077 -1.1517 0.1969, 0.2281 -0.8463 0.1969, 0.2412 -0.8664 0.1969, 0.2412 -0.8865 0.1969, 0.2215 -1.0273 0.1969, 0.215 -0.9603 0.1969, 0.2609 -1.0273 0.1969, 0.2412 -0.9469 0.1969, 0.2675 -0.92 0.1969, 0.5906 -0.7876 0.1969, 0.2084 -0.8329 0.1969, 0.2281 -0.9066 0.1969, 0.2806 -0.8932 0.1969, 0.2806 -0.8597 0.1969, 0.5886 -0.7701 0.1969, 0.2675 -0.8329 0.1969, 0.2412 -0.8061 0.1969, 0.215 -0.7927 0.1969, 0.5118 -0.7089 0.1969, 0.1822 -0.786 0.1969, 0.5906 -1.1026 0.1969, 0.6202 -1.1641 0.1969, 0.6351 -1.1735 0.1969, 0.546 -0.7167 0.1969, 0.5609 -0.726 0.1969, -0.159 -0.786 0.1969, 0.5293 -0.7108 0.1969, 0.5734 -0.7385 0.1969, 0.5828 -0.7534 0.1969, -0.1009 1.1134 0.1969, -0.0485 0.9727 0.1969, -0.1009 0.7985 0.1969, -0.0485 0.7985 0.1969, -0.1403 1.1134 0.1969, -0.1403 0.8521 0.1969, -0.1797 0.899 0.1969, -0.0485 1.033 0.1969, -0.0091 1.033 0.1969, 0.155 1.0196 0.1969, 0.004 1.0598 0.1969, 0.0237 1.0732 0.1969, 0.0893 1.0799 0.1969, 0.1156 1.0732 0.1969, 0.1353 1.0598 0.1969, 0.0893 0.9459 0.1969, 0.05 0.9459 0.1969, 0.05 1.0799 0.1969, 0.1484 1.0397 0.1969, -0.3141 1.1809 0.1969, -0.0025 0.9727 0.1969, 0.0237 0.9526 0.1969, -0.1797 0.8454 0.1969, -0.1403 0.7985 0.1969, 0.1746 0.7985 0.1969, 0.1353 0.966 0.1969, 0.1156 0.9526 0.1969, 0.1484 0.9861 0.1969, 0.155 1.0062 0.1969, 0.1222 0.9191 0.1969, 0.155 0.9392 0.1969, 0.1746 0.832 0.1969, -0.0353 1.0598 0.1969, -0.0156 1.0866 0.1969, -0.239 1.1809 0.1969, -0.2147 1.1809 0.1969, -0.1396 1.1809 0.1969, -0.1203 1.1809 0.1969, 0.1222 1.1067 0.1969, 0.0659 1.1809 0.1969, 0.1746 0.966 0.1969, 0.1878 0.9995 0.1969, 0.1878 1.0263 0.1969, 0.1746 1.0598 0.1969, 0.155 1.0866 0.1969, -0.0839 1.1809 0.1969, -0.0695 1.1809 0.1969, -0.0163 1.1809 0.1969, 0.0172 1.1067 0.1969, -0.0115 1.1809 0.1969, 0.05 1.1134 0.1969, 0.0893 1.1134 0.1969, -0.0156 0.9392 0.1969, 0.0172 0.9191 0.1969, -0.0156 0.832 0.1969, 0.05 0.9124 0.1969, 0.0893 0.9124 0.1969, 1.1811 -0.4726 0.0394, 1.1791 -0.4551 0.0394, 1.1733 -0.4385 0.0394, 1.1639 -0.4235 0.0394, 1.1515 -0.4111 0.0394, 1.1365 -0.4017 0.0394, 1.1199 -0.3959 0.0394, 1.1024 -0.3939 0.0394, 1.1811 -1.0238 0.0394, 1.1798 -1.0238 0.0292, 1.1798 -0.4726 0.0292, 1.1758 -1.0238 0.0197, 1.1758 -0.4726 0.0197, 1.1696 -1.0238 0.0115, 1.1696 -0.4726 0.0115, 1.1614 -1.0238 0.0053, 1.1614 -0.4726 0.0053, 1.1519 -1.0238 0.0013, 1.1519 -0.4726 0.0013, 1.1417 -1.0238 0.0, 1.1417 -0.4726 0.0, 1.1778 -0.4554 0.0292, 1.174 -0.4563 0.0197, 1.1679 -0.4577 0.0115, 1.1599 -0.4595 0.0053, 1.1507 -0.4616 0.0013, 1.1407 -0.4639 0.0, 1.1378 -0.4556 0.0, 1.147 -0.4511 0.0013, 1.1331 -0.4481 0.0, 1.1411 -0.4417 0.0013, 1.1269 -0.4419 0.0, 1.1333 -0.4339 0.0013, 1.1194 -0.4372 0.0, 1.1239 -0.428 0.0013, 1.1111 -0.4343 0.0, 1.1134 -0.4243 0.0013, 1.1024 -0.4333 0.0, 1.1024 -0.4231 0.0013, 1.1556 -0.447 0.0053, 1.1485 -0.4358 0.0053, 1.1392 -0.4265 0.0053, 1.128 -0.4194 0.0053, 1.1155 -0.4151 0.0053, 1.1024 -0.4136 0.0053, 1.1629 -0.4435 0.0115, 1.1549 -0.4307 0.0115, 1.1443 -0.4201 0.0115, 1.1315 -0.4121 0.0115, 1.1173 -0.4071 0.0115, 1.1024 -0.4054 0.0115, 1.1686 -0.4408 0.0197, 1.1598 -0.4268 0.0197, 1.1482 -0.4152 0.0197, 1.1342 -0.4064 0.0197, 1.1187 -0.401 0.0197, 1.1024 -0.3992 0.0197, 1.1721 -0.4391 0.0292, 1.1629 -0.4244 0.0292, 1.1506 -0.4121 0.0292, 1.1359 -0.4029 0.0292, 1.1196 -0.3972 0.0292, 1.1024 -0.3952 0.0292, -1.1024 -0.3939 0.0394, -1.1024 -0.3951 0.0296, -1.1024 -0.3953 0.0292, -1.1024 -0.3985 0.021, -1.1024 -0.3993 0.0198, -1.1024 -0.4043 0.0127, -1.1024 -0.4055 0.0116, -1.1024 -0.4091 0.0083, -1.1024 -0.4137 0.0055, -1.1024 -0.4173 0.0034, -1.1024 -0.4232 0.0016, -1.1024 -0.4262 0.0006, -1.1024 -0.4333 0.0, -1.1407 -0.4639 0.0, -1.1476 -0.4623 0.0006, -1.1378 -0.4556 0.0, -1.1442 -0.4525 0.0006, -1.1331 -0.4481 0.0, -1.1386 -0.4437 0.0006, -1.1269 -0.4419 0.0, -1.1313 -0.4364 0.0006, -1.1194 -0.4372 0.0, -1.1225 -0.4308 0.0006, -1.1111 -0.4343 0.0, -1.1127 -0.4274 0.0006, -1.1147 -0.4187 0.0034, -1.1518 -0.4726 0.0016, -1.1488 -0.4726 0.0006, -1.1417 -0.4726 0.0, -1.1563 -0.4603 0.0034, -1.1522 -0.4486 0.0034, -1.1456 -0.4382 0.0034, -1.1368 -0.4294 0.0034, -1.1264 -0.4228 0.0034, -1.1165 -0.4107 0.0083, -1.1299 -0.4154 0.0083, -1.142 -0.423 0.0083, -1.152 -0.433 0.0083, -1.1596 -0.4451 0.0083, -1.1643 -0.4585 0.0083, -1.1176 -0.406 0.0127, -1.1577 -0.4726 0.0034, -1.1613 -0.4726 0.0055, -1.1659 -0.4726 0.0083, -1.1695 -0.4726 0.0116, -1.169 -0.4574 0.0127, -1.1639 -0.443 0.0127, -1.1558 -0.43 0.0127, -1.145 -0.4192 0.0127, -1.132 -0.4111 0.0127, -1.1189 -0.4003 0.021, -1.1345 -0.4058 0.021, -1.1486 -0.4146 0.021, -1.1604 -0.4264 0.021, -1.1692 -0.4405 0.021, -1.1747 -0.4561 0.021, -1.1196 -0.3971 0.0296, -1.1707 -0.4726 0.0127, -1.1757 -0.4726 0.0198, -1.1765 -0.4726 0.021, -1.1797 -0.4726 0.0292, -1.136 -0.4028 0.0296, -1.1507 -0.412 0.0296, -1.163 -0.4243 0.0296, -1.1722 -0.439 0.0296, -1.1779 -0.4554 0.0296, -1.1799 -0.4726 0.0296, -1.1811 -0.4726 0.0394, -1.1791 -0.4551 0.0394, -1.1733 -0.4385 0.0394, -1.1639 -0.4235 0.0394, -1.1515 -0.4111 0.0394, -1.1365 -0.4017 0.0394, -1.1199 -0.3959 0.0394, -1.1798 -1.0238 0.0292, -1.1811 -1.0238 0.0394, -1.1758 -1.0238 0.0197, -1.1696 -1.0238 0.0115, -1.1614 -1.0238 0.0053, -1.1519 -1.0238 0.0013, -1.1417 -1.0238 0.0, -1.1457 -1.1212 0.0394, -1.16 -1.1026 0.0394, -1.1588 -1.1019 0.0292, -1.1645 -1.0917 0.0394, -1.1757 -1.0646 0.0394, -1.1744 -1.0642 0.0292, -1.1765 -1.0588 0.0394, -1.1071 -1.1073 0.0, -1.0827 -1.1261 0.0, -1.1143 -1.1145 0.0013, -1.0878 -1.1349 0.0013, -1.1211 -1.1213 0.0053, -1.0925 -1.1432 0.0053, -1.1268 -1.127 0.0115, -1.0966 -1.1502 0.0115, -1.1312 -1.1314 0.0197, -1.0997 -1.1556 0.0197, -1.134 -1.1342 0.0292, -1.1017 -1.159 0.0292, -1.1706 -1.0632 0.0197, -1.1646 -1.0616 0.0115, -1.1567 -1.0595 0.0053, -1.1476 -1.057 0.0013, -1.1377 -1.0544 0.0, -1.1554 -1.0999 0.0197, -1.15 -1.0968 0.0115, -1.143 -1.0927 0.0053, -1.1347 -1.088 0.0013, -1.1259 -1.0829 0.0, -1.135 -1.1352 0.0394, -1.0586 -1.1767 0.0394, -1.0644 -1.1759 0.0394, -1.064 -1.1746 0.0292, -1.063 -1.1708 0.0197, -1.0614 -1.1648 0.0115, -1.0593 -1.1569 0.0053, -1.0568 -1.1477 0.0013, -1.0542 -1.1379 0.0, -1.0915 -1.1647 0.0394, -1.1024 -1.1602 0.0394, -1.121 -1.1459 0.0394, -1.0236 -1.1813 0.0394, -1.0236 -1.18 0.0292, -1.0236 -1.176 0.0197, -1.0236 -1.1698 0.0115, -1.0236 -1.1616 0.0053, -1.0236 -1.1521 0.0013, -1.0236 -1.1419 0.0, -0.6182 -0.7364 0.0, -0.627 -0.7613 0.0, 0.627 -0.7613 0.0, 0.6182 -0.7364 0.0, -0.6299 -0.7876 0.0, -0.6299 -1.1026 0.0, -0.5381 -0.6724 0.0, -0.5631 -0.6812 0.0, -0.6605 -1.1409 0.0, -0.6693 -1.1419 0.0, -0.6309 -1.1113 0.0, 0.5631 -0.6812 0.0, 0.5855 -0.6953 0.0, 0.6042 -0.714 0.0, -0.5855 -0.6953 0.0, -0.6042 -0.714 0.0, -0.6385 -1.1271 0.0, -0.6447 -1.1333 0.0, -0.6522 -1.138 0.0, 0.6299 -0.7876 0.0, 1.1388 -1.0501 0.0, -0.6338 -1.1196 0.0, 0.6338 -1.1196 0.0, 0.6309 -1.1113 0.0, 0.6605 -1.1409 0.0, 0.6299 -1.1026 0.0, 0.6693 -1.1419 0.0, 1.0236 -1.1419 0.0, 0.5381 -0.6724 0.0, 0.5118 -0.6695 0.0, -0.5118 -0.6695 0.0, 1.13 -1.0751 0.0, 1.116 -1.0975 0.0, 1.0973 -1.1162 0.0, 1.0749 -1.1302 0.0, 1.0499 -1.139 0.0, 0.6522 -1.138 0.0, 0.6447 -1.1333 0.0, 0.6385 -1.1271 0.0, 1.0236 -1.1813 0.0394, 1.0236 -1.18 0.0292, 1.0584 -1.176 0.0292, 1.0236 -1.176 0.0197, 1.0575 -1.1722 0.0197, 1.0236 -1.1698 0.0115, 1.0561 -1.1661 0.0115, 1.0236 -1.1616 0.0053, 1.0543 -1.1582 0.0053, 1.0236 -1.1521 0.0013, 1.0522 -1.1489 0.0013, 1.0793 -1.1394 0.0013, 1.1036 -1.1241 0.0013, 1.1239 -1.1038 0.0013, 1.1392 -1.0795 0.0013, 1.1487 -1.0524 0.0013, 1.0834 -1.148 0.0053, 1.1095 -1.1316 0.0053, 1.1314 -1.1097 0.0053, 1.1478 -1.0836 0.0053, 1.158 -1.0545 0.0053, 1.0869 -1.1553 0.0115, 1.1146 -1.1379 0.0115, 1.1377 -1.1148 0.0115, 1.1551 -1.0871 0.0115, 1.1659 -1.0563 0.0115, 1.0897 -1.161 0.0197, 1.1185 -1.1428 0.0197, 1.1426 -1.1187 0.0197, 1.1608 -1.0899 0.0197, 1.172 -1.0577 0.0197, 1.0914 -1.1645 0.0292, 1.121 -1.1459 0.0292, 1.1457 -1.1212 0.0292, 1.1643 -1.0916 0.0292, 1.1758 -1.0586 0.0292, 1.0587 -1.1774 0.0394, 1.092 -1.1657 0.0394, 1.1218 -1.1469 0.0394, 1.1467 -1.122 0.0394, 1.1655 -1.0921 0.0394, 1.1772 -1.0589 0.0394, 1.0236 -1.1813 1.2402, 1.1811 -1.0238 0.3543, 1.1811 -1.0238 0.4528, 1.0587 -1.1774 1.2402, 1.092 -1.1657 1.2402, 1.1218 -1.1469 1.2402, 1.1467 -1.122 1.2402, 1.1655 -1.0921 1.2402, 1.1772 -1.0589 1.2402, 1.1811 -1.0238 1.2402, 1.1811 1.0234 0.4528, 1.1811 1.0234 1.2402, 1.1811 0.7478 0.4528, 1.1811 -0.7482 0.4528, 1.1811 1.0234 0.3543, 1.1811 0.7478 0.3543, 1.1811 -0.7482 0.3543
            ]
        }
        coordIndex [
            0,1,2,-1,3,4,5,-1,6,7,8,-1,8,7,9,-1,9,10,8,-1,8,10,11,-1,8,11,12,-1,12,3,8,-1,8,3,5,-1,8,5,13,-1,13,5,14,-1,14,15,13,-1,13,15,16,-1,13,16,17,-1,16,18,17,-1,17,18,19,-1,17,19,20,-1,19,21,20,-1,20,21,22,-1,20,22,23,-1,24,25,26,-1,26,0,24,-1,24,0,2,-1,24,2,27,-1,27,2,23,-1,27,23,28,-1,28,23,22,-1,18,16,29,-1,15,14,30,-1,5,4,31,-1,32,33,34,-1,34,33,35,-1,34,35,36,-1,36,35,37,-1,36,37,38,-1,38,37,39,-1,38,39,40,-1,40,39,41,-1,40,41,42,-1,42,41,43,-1,14,5,30,-1,30,5,31,-1,30,31,44,-1,44,31,45,-1,44,45,46,-1,46,45,47,-1,46,47,48,-1,48,47,49,-1,48,49,50,-1,50,49,51,-1,50,51,52,-1,52,51,53,-1,16,15,29,-1,29,15,30,-1,29,30,54,-1,54,30,44,-1,54,44,55,-1,55,44,46,-1,55,46,56,-1,56,46,48,-1,56,48,57,-1,57,48,50,-1,57,50,58,-1,58,50,52,-1,19,18,42,-1,42,18,29,-1,42,29,40,-1,40,29,54,-1,40,54,38,-1,38,54,55,-1,38,55,36,-1,36,55,56,-1,36,56,34,-1,34,56,57,-1,34,57,32,-1,32,57,58,-1,24,27,59,-1,59,27,43,-1,59,43,60,-1,60,43,41,-1,60,41,61,-1,61,41,39,-1,61,39,62,-1,62,39,37,-1,62,37,63,-1,63,37,35,-1,63,35,64,-1,64,35,33,-1,27,28,43,-1,43,28,22,-1,43,22,42,-1,42,22,21,-1,42,21,19,-1,25,24,65,-1,65,24,59,-1,65,59,66,-1,66,59,60,-1,66,60,67,-1,67,60,61,-1,67,61,68,-1,68,61,62,-1,68,62,69,-1,69,62,63,-1,69,63,70,-1,70,63,64,-1,71,25,72,-1,72,25,65,-1,72,65,73,-1,73,65,74,-1,74,65,66,-1,74,66,75,-1,75,66,76,-1,76,66,67,-1,76,67,77,-1,68,78,67,-1,67,78,79,-1,67,79,77,-1,69,70,80,-1,80,81,69,-1,69,81,82,-1,69,82,68,-1,68,82,83,-1,68,83,78,-1,84,85,86,-1,86,85,87,-1,86,87,88,-1,88,87,89,-1,88,89,90,-1,90,89,91,-1,90,91,92,-1,92,91,93,-1,92,93,94,-1,94,93,95,-1,94,95,96,-1,96,95,97,-1,98,99,100,-1,100,99,101,-1,73,85,72,-1,72,85,84,-1,72,84,71,-1,73,102,85,-1,85,102,103,-1,85,103,87,-1,87,103,104,-1,87,104,89,-1,89,104,105,-1,89,105,91,-1,91,105,106,-1,91,106,93,-1,93,106,100,-1,93,100,95,-1,95,100,101,-1,95,101,97,-1,107,108,98,-1,98,100,107,-1,107,100,106,-1,107,106,109,-1,109,106,105,-1,109,105,110,-1,110,105,104,-1,110,104,111,-1,111,104,103,-1,111,103,112,-1,112,103,102,-1,112,102,113,-1,114,115,116,-1,116,115,117,-1,73,74,102,-1,102,74,75,-1,102,75,113,-1,113,75,76,-1,113,76,77,-1,77,118,113,-1,113,118,119,-1,113,119,112,-1,112,119,120,-1,112,120,111,-1,111,120,121,-1,111,121,110,-1,110,121,122,-1,110,122,109,-1,109,122,116,-1,109,116,107,-1,107,116,117,-1,107,117,108,-1,123,124,125,-1,125,124,114,-1,114,116,125,-1,125,116,122,-1,125,122,126,-1,126,122,121,-1,126,121,127,-1,127,121,120,-1,127,120,128,-1,128,120,119,-1,128,119,129,-1,129,119,118,-1,129,118,130,-1,131,132,123,-1,77,79,118,-1,118,79,78,-1,118,78,130,-1,130,78,83,-1,130,83,82,-1,123,125,131,-1,131,125,126,-1,131,126,133,-1,133,126,127,-1,133,127,134,-1,134,127,128,-1,134,128,135,-1,135,128,129,-1,135,129,136,-1,136,129,130,-1,136,130,137,-1,137,130,82,-1,137,82,81,-1,81,80,137,-1,137,80,138,-1,137,138,136,-1,136,138,139,-1,136,139,135,-1,135,139,140,-1,135,140,134,-1,134,140,141,-1,134,141,133,-1,133,141,142,-1,133,142,131,-1,131,142,143,-1,131,143,132,-1,132,143,144,-1,145,96,146,-1,146,96,97,-1,146,97,147,-1,147,97,101,-1,147,101,148,-1,148,101,99,-1,148,99,149,-1,149,99,98,-1,149,98,150,-1,150,98,108,-1,150,108,151,-1,151,108,117,-1,151,117,152,-1,152,117,115,-1,152,115,153,-1,153,115,114,-1,153,114,154,-1,154,114,124,-1,154,124,155,-1,155,124,123,-1,155,123,156,-1,156,123,132,-1,156,132,157,-1,157,132,144,-1,158,159,160,-1,160,159,161,-1,160,161,162,-1,162,161,163,-1,162,163,164,-1,164,163,165,-1,164,165,166,-1,166,165,167,-1,166,167,168,-1,168,167,169,-1,168,169,170,-1,170,169,171,-1,172,173,174,-1,174,173,175,-1,147,159,146,-1,146,159,158,-1,146,158,145,-1,147,176,159,-1,159,176,177,-1,159,177,161,-1,161,177,178,-1,161,178,163,-1,163,178,179,-1,163,179,165,-1,165,179,180,-1,165,180,167,-1,167,180,174,-1,167,174,169,-1,169,174,175,-1,169,175,171,-1,181,182,172,-1,172,174,181,-1,181,174,180,-1,181,180,183,-1,183,180,179,-1,183,179,184,-1,184,179,178,-1,184,178,185,-1,185,178,177,-1,185,177,186,-1,186,177,176,-1,186,176,187,-1,188,189,190,-1,190,189,191,-1,147,148,176,-1,176,148,149,-1,176,149,187,-1,187,149,150,-1,187,150,151,-1,151,192,187,-1,187,192,193,-1,187,193,186,-1,186,193,194,-1,186,194,185,-1,185,194,195,-1,185,195,184,-1,184,195,196,-1,184,196,183,-1,183,196,190,-1,183,190,181,-1,181,190,191,-1,181,191,182,-1,197,198,199,-1,199,198,188,-1,188,190,199,-1,199,190,196,-1,199,196,200,-1,200,196,195,-1,200,195,201,-1,201,195,194,-1,201,194,202,-1,202,194,193,-1,202,193,203,-1,203,193,192,-1,203,192,204,-1,205,206,197,-1,151,152,192,-1,192,152,153,-1,192,153,204,-1,204,153,154,-1,204,154,155,-1,197,199,205,-1,205,199,200,-1,205,200,207,-1,207,200,201,-1,207,201,208,-1,208,201,202,-1,208,202,209,-1,209,202,203,-1,209,203,210,-1,210,203,204,-1,210,204,211,-1,211,204,155,-1,211,155,156,-1,156,157,211,-1,211,157,212,-1,211,212,210,-1,210,212,213,-1,210,213,209,-1,209,213,214,-1,209,214,208,-1,208,214,215,-1,208,215,207,-1,207,215,216,-1,207,216,205,-1,205,216,217,-1,205,217,206,-1,206,217,218,-1,219,220,170,-1,170,171,219,-1,219,171,175,-1,219,175,221,-1,175,173,221,-1,221,173,172,-1,221,172,222,-1,172,182,222,-1,222,182,191,-1,222,191,223,-1,191,189,223,-1,223,189,188,-1,223,188,224,-1,188,198,224,-1,224,198,197,-1,224,197,225,-1,225,197,206,-1,225,206,218,-1,220,219,226,-1,219,221,227,-1,221,222,228,-1,222,223,229,-1,223,224,230,-1,224,225,231,-1,224,231,230,-1,230,231,232,-1,230,232,233,-1,233,232,234,-1,233,234,235,-1,235,234,236,-1,235,236,237,-1,237,236,238,-1,237,238,239,-1,239,238,240,-1,239,240,241,-1,241,240,242,-1,241,242,243,-1,223,230,229,-1,229,230,233,-1,229,233,244,-1,244,233,235,-1,244,235,245,-1,245,235,237,-1,245,237,246,-1,246,237,239,-1,246,239,247,-1,247,239,241,-1,247,241,248,-1,248,241,243,-1,248,243,249,-1,222,229,228,-1,228,229,244,-1,228,244,250,-1,250,244,245,-1,250,245,251,-1,251,245,246,-1,251,246,252,-1,252,246,247,-1,252,247,253,-1,253,247,248,-1,253,248,254,-1,254,248,249,-1,254,249,255,-1,221,228,227,-1,227,228,250,-1,227,250,256,-1,256,250,251,-1,256,251,257,-1,257,251,252,-1,257,252,258,-1,258,252,253,-1,258,253,259,-1,259,253,254,-1,259,254,260,-1,260,254,255,-1,260,255,261,-1,219,227,226,-1,226,227,256,-1,226,256,262,-1,262,256,257,-1,262,257,263,-1,263,257,258,-1,263,258,264,-1,264,258,259,-1,264,259,265,-1,265,259,260,-1,265,260,266,-1,266,260,261,-1,266,261,267,-1,220,226,268,-1,268,226,262,-1,268,262,269,-1,269,262,263,-1,269,263,270,-1,270,263,264,-1,270,264,271,-1,271,264,265,-1,271,265,272,-1,272,265,266,-1,272,266,273,-1,273,266,267,-1,273,267,274,-1,275,274,276,-1,276,274,267,-1,276,267,277,-1,277,267,278,-1,278,267,261,-1,278,261,279,-1,279,261,280,-1,280,261,255,-1,280,255,281,-1,281,255,282,-1,282,255,249,-1,282,249,283,-1,283,249,284,-1,284,249,243,-1,284,243,285,-1,285,243,286,-1,286,243,242,-1,286,242,287,-1,288,289,290,-1,290,289,291,-1,290,291,292,-1,292,291,293,-1,292,293,294,-1,294,293,295,-1,294,295,296,-1,296,295,297,-1,296,297,298,-1,298,297,299,-1,298,299,300,-1,300,299,301,-1,302,303,304,-1,304,303,305,-1,277,289,276,-1,276,289,288,-1,276,288,275,-1,277,306,289,-1,289,306,307,-1,289,307,291,-1,291,307,308,-1,291,308,293,-1,293,308,309,-1,293,309,295,-1,295,309,310,-1,295,310,297,-1,297,310,304,-1,297,304,299,-1,299,304,305,-1,299,305,301,-1,311,312,302,-1,302,304,311,-1,311,304,310,-1,311,310,313,-1,313,310,309,-1,313,309,314,-1,314,309,308,-1,314,308,315,-1,315,308,307,-1,315,307,316,-1,316,307,306,-1,316,306,317,-1,318,319,320,-1,320,319,321,-1,277,278,306,-1,306,278,279,-1,306,279,317,-1,317,279,280,-1,317,280,281,-1,281,322,317,-1,317,322,323,-1,317,323,316,-1,316,323,324,-1,316,324,315,-1,315,324,325,-1,315,325,314,-1,314,325,326,-1,314,326,313,-1,313,326,320,-1,313,320,311,-1,311,320,321,-1,311,321,312,-1,327,328,329,-1,329,328,318,-1,318,320,329,-1,329,320,326,-1,329,326,330,-1,330,326,325,-1,330,325,331,-1,331,325,324,-1,331,324,332,-1,332,324,323,-1,332,323,333,-1,333,323,322,-1,333,322,334,-1,335,336,327,-1,281,282,322,-1,322,282,283,-1,322,283,334,-1,334,283,284,-1,334,284,285,-1,327,329,335,-1,335,329,330,-1,335,330,337,-1,337,330,331,-1,337,331,338,-1,338,331,332,-1,338,332,339,-1,339,332,333,-1,339,333,340,-1,340,333,334,-1,340,334,341,-1,341,334,285,-1,341,285,286,-1,286,287,341,-1,341,287,342,-1,341,342,340,-1,340,342,343,-1,340,343,339,-1,339,343,344,-1,339,344,338,-1,338,344,345,-1,338,345,337,-1,337,345,346,-1,337,346,335,-1,335,346,347,-1,335,347,336,-1,336,347,348,-1,300,349,350,-1,300,350,298,-1,298,350,351,-1,298,351,296,-1,296,351,352,-1,296,352,294,-1,294,352,353,-1,294,353,292,-1,292,353,354,-1,292,354,290,-1,290,354,355,-1,290,355,288,-1,288,355,356,-1,288,356,275,-1,357,358,359,-1,31,4,357,-1,357,359,31,-1,31,359,360,-1,31,360,45,-1,360,361,45,-1,45,361,362,-1,45,362,47,-1,362,363,47,-1,47,363,364,-1,47,364,49,-1,364,365,49,-1,49,365,366,-1,49,366,51,-1,366,367,51,-1,51,367,368,-1,51,368,53,-1,53,368,369,-1,53,369,370,-1,371,372,373,-1,373,372,374,-1,373,374,375,-1,375,374,376,-1,375,376,377,-1,377,376,378,-1,377,378,379,-1,379,378,380,-1,379,380,381,-1,381,380,382,-1,381,382,358,-1,358,382,359,-1,362,361,383,-1,383,361,360,-1,384,372,385,-1,385,372,371,-1,385,371,386,-1,384,387,372,-1,372,387,388,-1,372,388,374,-1,374,388,389,-1,374,389,376,-1,376,389,390,-1,376,390,378,-1,378,390,391,-1,378,391,380,-1,380,391,383,-1,380,383,382,-1,382,383,360,-1,382,360,359,-1,392,363,362,-1,362,383,392,-1,392,383,391,-1,392,391,393,-1,393,391,390,-1,393,390,394,-1,394,390,389,-1,394,389,395,-1,395,389,388,-1,395,388,396,-1,396,388,387,-1,396,387,397,-1,366,365,398,-1,398,365,364,-1,384,399,387,-1,387,399,400,-1,387,400,397,-1,397,400,401,-1,397,401,402,-1,402,403,397,-1,397,403,404,-1,397,404,396,-1,396,404,405,-1,396,405,395,-1,395,405,406,-1,395,406,394,-1,394,406,407,-1,394,407,393,-1,393,407,398,-1,393,398,392,-1,392,398,364,-1,392,364,363,-1,368,367,408,-1,408,367,366,-1,366,398,408,-1,408,398,407,-1,408,407,409,-1,409,407,406,-1,409,406,410,-1,410,406,405,-1,410,405,411,-1,411,405,404,-1,411,404,412,-1,412,404,403,-1,412,403,413,-1,414,369,368,-1,402,415,403,-1,403,415,416,-1,403,416,413,-1,413,416,417,-1,413,417,418,-1,368,408,414,-1,414,408,409,-1,414,409,419,-1,419,409,410,-1,419,410,420,-1,420,410,411,-1,420,411,421,-1,421,411,412,-1,421,412,422,-1,422,412,413,-1,422,413,423,-1,423,413,418,-1,423,418,424,-1,424,425,423,-1,423,425,426,-1,423,426,422,-1,422,426,427,-1,422,427,421,-1,421,427,428,-1,421,428,420,-1,420,428,429,-1,420,429,419,-1,419,429,430,-1,419,430,414,-1,414,430,431,-1,414,431,369,-1,369,431,370,-1,358,432,433,-1,358,433,381,-1,381,433,434,-1,381,434,379,-1,379,434,435,-1,379,435,377,-1,377,435,436,-1,377,436,375,-1,375,436,437,-1,375,437,373,-1,373,437,438,-1,373,438,371,-1,371,438,439,-1,371,439,386,-1,440,441,439,-1,439,441,386,-1,442,443,444,-1,444,443,445,-1,444,445,446,-1,446,445,447,-1,446,447,448,-1,448,447,449,-1,448,449,450,-1,450,449,451,-1,450,451,452,-1,452,451,453,-1,452,453,454,-1,454,453,455,-1,454,455,440,-1,440,455,441,-1,456,457,442,-1,442,457,443,-1,458,459,460,-1,460,459,461,-1,460,461,462,-1,462,461,463,-1,462,463,464,-1,464,463,465,-1,464,465,466,-1,466,465,467,-1,466,467,468,-1,468,467,469,-1,468,469,470,-1,470,469,471,-1,470,471,456,-1,456,471,457,-1,472,473,474,-1,473,475,476,-1,475,477,478,-1,477,479,480,-1,479,481,482,-1,481,457,471,-1,481,471,482,-1,482,471,469,-1,482,469,483,-1,483,469,467,-1,483,467,484,-1,484,467,465,-1,484,465,485,-1,485,465,463,-1,485,463,486,-1,486,463,461,-1,486,461,487,-1,487,461,459,-1,487,459,488,-1,479,482,480,-1,480,482,483,-1,480,483,489,-1,489,483,484,-1,489,484,490,-1,490,484,485,-1,490,485,491,-1,491,485,486,-1,491,486,492,-1,492,486,487,-1,492,487,493,-1,493,487,488,-1,493,488,494,-1,477,480,478,-1,478,480,489,-1,478,489,495,-1,495,489,490,-1,495,490,496,-1,496,490,491,-1,496,491,497,-1,497,491,492,-1,497,492,498,-1,498,492,493,-1,498,493,499,-1,499,493,494,-1,499,494,500,-1,475,478,476,-1,476,478,495,-1,476,495,501,-1,501,495,496,-1,501,496,502,-1,502,496,497,-1,502,497,503,-1,503,497,498,-1,503,498,504,-1,504,498,499,-1,504,499,505,-1,505,499,500,-1,505,500,506,-1,473,476,474,-1,474,476,501,-1,474,501,507,-1,507,501,502,-1,507,502,508,-1,508,502,503,-1,508,503,509,-1,509,503,504,-1,509,504,510,-1,510,504,505,-1,510,505,511,-1,511,505,506,-1,511,506,512,-1,472,474,513,-1,513,474,507,-1,513,507,514,-1,514,507,508,-1,514,508,515,-1,515,508,509,-1,515,509,516,-1,516,509,510,-1,516,510,517,-1,517,510,511,-1,517,511,518,-1,518,511,512,-1,518,512,519,-1,443,457,481,-1,443,481,520,-1,520,481,479,-1,520,479,521,-1,521,479,477,-1,521,477,522,-1,522,477,475,-1,522,475,523,-1,523,475,473,-1,523,473,524,-1,524,473,472,-1,524,472,525,-1,526,527,528,-1,527,529,530,-1,529,531,532,-1,531,533,534,-1,533,535,536,-1,535,441,455,-1,535,455,536,-1,536,455,453,-1,536,453,537,-1,537,453,451,-1,537,451,538,-1,538,451,449,-1,538,449,539,-1,539,449,447,-1,539,447,540,-1,540,447,445,-1,540,445,541,-1,541,445,443,-1,541,443,520,-1,533,536,534,-1,534,536,537,-1,534,537,542,-1,542,537,538,-1,542,538,543,-1,543,538,539,-1,543,539,544,-1,544,539,540,-1,544,540,545,-1,545,540,541,-1,545,541,546,-1,546,541,520,-1,546,520,521,-1,531,534,532,-1,532,534,542,-1,532,542,547,-1,547,542,543,-1,547,543,548,-1,548,543,544,-1,548,544,549,-1,549,544,545,-1,549,545,550,-1,550,545,546,-1,550,546,551,-1,551,546,521,-1,551,521,522,-1,529,532,530,-1,530,532,547,-1,530,547,552,-1,552,547,548,-1,552,548,553,-1,553,548,549,-1,553,549,554,-1,554,549,550,-1,554,550,555,-1,555,550,551,-1,555,551,556,-1,556,551,522,-1,556,522,523,-1,527,530,528,-1,528,530,552,-1,528,552,557,-1,557,552,553,-1,557,553,558,-1,558,553,554,-1,558,554,559,-1,559,554,555,-1,559,555,560,-1,560,555,556,-1,560,556,561,-1,561,556,523,-1,561,523,524,-1,526,528,562,-1,562,528,557,-1,562,557,563,-1,563,557,558,-1,563,558,564,-1,564,558,559,-1,564,559,565,-1,565,559,560,-1,565,560,566,-1,566,560,561,-1,566,561,567,-1,567,561,524,-1,567,524,525,-1,386,441,385,-1,385,441,535,-1,385,535,384,-1,384,535,399,-1,399,535,533,-1,399,533,400,-1,400,533,401,-1,401,533,531,-1,401,531,402,-1,529,416,531,-1,531,416,415,-1,531,415,402,-1,527,526,425,-1,425,424,527,-1,527,424,418,-1,527,418,529,-1,529,418,417,-1,529,417,416,-1,53,370,425,-1,58,52,53,-1,513,514,157,-1,425,370,426,-1,426,370,431,-1,426,431,427,-1,144,565,566,-1,80,70,526,-1,526,70,64,-1,526,64,425,-1,425,64,33,-1,425,33,53,-1,53,33,32,-1,53,32,58,-1,526,562,80,-1,80,562,563,-1,80,563,138,-1,138,563,564,-1,138,564,139,-1,514,515,157,-1,157,515,516,-1,157,516,212,-1,212,516,517,-1,212,517,213,-1,287,242,232,-1,232,242,240,-1,232,240,234,-1,234,240,238,-1,234,238,236,-1,427,431,428,-1,428,431,430,-1,428,430,429,-1,343,342,347,-1,347,342,287,-1,347,287,348,-1,565,144,564,-1,564,144,143,-1,564,143,142,-1,216,215,517,-1,517,215,214,-1,517,214,213,-1,343,347,344,-1,344,347,346,-1,344,346,345,-1,142,141,564,-1,564,141,140,-1,564,140,139,-1,566,567,144,-1,144,567,525,-1,144,525,157,-1,157,525,472,-1,157,472,513,-1,287,232,348,-1,348,232,231,-1,348,231,519,-1,519,231,225,-1,519,225,518,-1,518,225,218,-1,518,218,517,-1,517,218,217,-1,517,217,216,-1,488,459,300,-1,300,301,488,-1,488,301,305,-1,488,305,494,-1,305,303,494,-1,494,303,302,-1,494,302,500,-1,500,302,312,-1,312,321,500,-1,500,321,319,-1,500,319,506,-1,506,319,318,-1,506,318,512,-1,318,328,512,-1,512,328,327,-1,512,327,519,-1,519,327,336,-1,519,336,348,-1,349,300,458,-1,458,300,459,-1,568,569,570,-1,571,572,573,-1,574,575,570,-1,570,575,576,-1,570,576,568,-1,577,572,578,-1,578,572,579,-1,577,580,572,-1,572,580,581,-1,572,581,573,-1,582,583,584,-1,574,570,584,-1,584,570,585,-1,584,585,582,-1,586,587,573,-1,573,587,588,-1,573,588,571,-1,583,589,584,-1,584,589,590,-1,584,590,591,-1,591,590,592,-1,591,592,593,-1,593,592,594,-1,593,594,595,-1,595,594,596,-1,595,596,597,-1,597,596,598,-1,597,598,573,-1,573,598,599,-1,573,599,586,-1,600,601,602,-1,603,604,605,-1,606,607,608,-1,608,607,609,-1,608,609,610,-1,611,612,613,-1,613,612,614,-1,615,616,617,-1,601,618,619,-1,615,617,620,-1,602,601,621,-1,621,601,619,-1,621,619,622,-1,623,624,625,-1,624,626,625,-1,625,626,627,-1,625,627,628,-1,629,630,631,-1,631,630,632,-1,604,633,605,-1,605,633,634,-1,605,634,635,-1,635,636,605,-1,605,636,637,-1,605,637,638,-1,639,632,640,-1,640,632,630,-1,640,630,641,-1,641,630,642,-1,643,644,645,-1,645,644,631,-1,645,631,646,-1,646,631,632,-1,610,647,608,-1,608,647,648,-1,608,648,605,-1,605,648,649,-1,605,649,603,-1,601,650,618,-1,618,650,651,-1,618,651,652,-1,652,651,653,-1,652,653,654,-1,628,627,655,-1,655,627,652,-1,655,652,617,-1,617,652,654,-1,617,654,620,-1,656,657,613,-1,613,657,658,-1,613,658,659,-1,616,660,617,-1,617,660,661,-1,617,661,662,-1,663,664,659,-1,659,664,665,-1,666,667,668,-1,642,630,669,-1,669,630,670,-1,669,670,671,-1,672,673,674,-1,606,608,614,-1,614,608,617,-1,614,617,613,-1,613,617,662,-1,613,662,656,-1,602,675,600,-1,600,675,666,-1,600,666,676,-1,676,666,668,-1,673,677,674,-1,674,677,678,-1,674,678,679,-1,679,678,680,-1,681,682,683,-1,683,682,684,-1,670,672,671,-1,671,672,674,-1,671,674,659,-1,659,674,685,-1,659,685,663,-1,665,686,659,-1,659,686,687,-1,659,687,613,-1,688,689,680,-1,684,623,683,-1,683,623,625,-1,683,625,637,-1,637,625,690,-1,637,690,638,-1,681,683,680,-1,680,683,691,-1,680,691,688,-1,689,692,680,-1,680,692,693,-1,680,693,679,-1,694,695,696,-1,696,695,697,-1,698,699,700,-1,701,702,703,-1,703,702,704,-1,703,704,705,-1,706,707,708,-1,709,710,703,-1,705,711,703,-1,703,711,706,-1,703,706,712,-1,712,706,708,-1,433,432,713,-1,701,703,714,-1,714,703,710,-1,714,710,715,-1,716,717,442,-1,718,351,350,-1,719,720,721,-1,721,720,709,-1,721,709,722,-1,722,709,703,-1,713,437,436,-1,723,724,725,-1,714,695,701,-1,701,695,694,-1,701,694,726,-1,726,694,727,-1,713,728,700,-1,700,728,729,-1,700,729,698,-1,698,729,730,-1,698,730,694,-1,694,730,731,-1,436,435,713,-1,713,435,434,-1,713,434,433,-1,454,440,716,-1,350,349,718,-1,718,349,458,-1,718,458,460,-1,716,440,700,-1,700,440,439,-1,700,439,713,-1,713,439,438,-1,713,438,437,-1,732,733,355,-1,355,733,356,-1,442,444,716,-1,716,444,446,-1,716,446,448,-1,717,696,442,-1,442,696,697,-1,442,697,456,-1,456,697,718,-1,456,718,470,-1,470,718,460,-1,351,718,352,-1,352,718,725,-1,352,725,353,-1,353,725,724,-1,353,724,734,-1,734,735,353,-1,353,735,736,-1,353,736,354,-1,354,736,737,-1,354,737,355,-1,355,737,738,-1,355,738,732,-1,731,739,694,-1,694,739,740,-1,694,740,727,-1,727,740,741,-1,727,741,742,-1,742,741,743,-1,742,743,744,-1,744,743,733,-1,744,733,745,-1,745,733,732,-1,460,462,470,-1,470,462,464,-1,470,464,468,-1,468,464,466,-1,746,747,748,-1,748,747,749,-1,748,749,725,-1,725,749,750,-1,725,750,723,-1,448,450,716,-1,716,450,452,-1,716,452,454,-1,570,751,752,-1,570,752,585,-1,585,752,753,-1,585,753,582,-1,582,753,754,-1,582,754,583,-1,583,754,755,-1,583,755,589,-1,589,755,756,-1,589,756,590,-1,590,756,757,-1,590,757,592,-1,592,757,758,-1,592,758,594,-1,751,759,760,-1,751,760,761,-1,761,760,762,-1,761,762,763,-1,763,762,764,-1,763,764,765,-1,765,764,766,-1,765,766,767,-1,767,766,768,-1,767,768,769,-1,769,768,770,-1,769,770,771,-1,751,761,772,-1,761,763,773,-1,763,765,774,-1,765,767,775,-1,767,769,776,-1,769,771,777,-1,769,777,776,-1,776,777,778,-1,776,778,779,-1,779,778,780,-1,779,780,781,-1,781,780,782,-1,781,782,783,-1,783,782,784,-1,783,784,785,-1,785,784,786,-1,785,786,787,-1,787,786,788,-1,787,788,789,-1,767,776,775,-1,775,776,779,-1,775,779,790,-1,790,779,781,-1,790,781,791,-1,791,781,783,-1,791,783,792,-1,792,783,785,-1,792,785,793,-1,793,785,787,-1,793,787,794,-1,794,787,789,-1,794,789,795,-1,765,775,774,-1,774,775,790,-1,774,790,796,-1,796,790,791,-1,796,791,797,-1,797,791,792,-1,797,792,798,-1,798,792,793,-1,798,793,799,-1,799,793,794,-1,799,794,800,-1,800,794,795,-1,800,795,801,-1,763,774,773,-1,773,774,796,-1,773,796,802,-1,802,796,797,-1,802,797,803,-1,803,797,798,-1,803,798,804,-1,804,798,799,-1,804,799,805,-1,805,799,800,-1,805,800,806,-1,806,800,801,-1,806,801,807,-1,761,773,772,-1,772,773,802,-1,772,802,808,-1,808,802,803,-1,808,803,809,-1,809,803,804,-1,809,804,810,-1,810,804,805,-1,810,805,811,-1,811,805,806,-1,811,806,812,-1,812,806,807,-1,812,807,813,-1,751,772,752,-1,752,772,808,-1,752,808,753,-1,753,808,809,-1,753,809,754,-1,754,809,810,-1,754,810,755,-1,755,810,811,-1,755,811,756,-1,756,811,812,-1,756,812,757,-1,757,812,813,-1,757,813,758,-1,814,758,815,-1,815,758,813,-1,815,813,816,-1,816,813,817,-1,817,813,818,-1,818,813,807,-1,818,807,819,-1,819,807,820,-1,820,807,801,-1,820,801,821,-1,821,801,795,-1,821,795,822,-1,822,795,823,-1,823,795,789,-1,823,789,824,-1,824,789,825,-1,825,789,788,-1,825,788,826,-1,827,828,829,-1,829,828,830,-1,829,830,831,-1,831,830,832,-1,831,832,833,-1,833,832,834,-1,833,834,835,-1,835,834,836,-1,835,836,837,-1,837,836,838,-1,837,838,826,-1,826,838,825,-1,822,823,839,-1,839,823,824,-1,840,828,841,-1,841,828,827,-1,841,827,842,-1,840,843,828,-1,828,843,844,-1,828,844,830,-1,830,844,845,-1,830,845,832,-1,832,845,846,-1,832,846,834,-1,834,846,847,-1,834,847,836,-1,836,847,839,-1,836,839,838,-1,838,839,824,-1,838,824,825,-1,848,821,822,-1,822,839,848,-1,848,839,847,-1,848,847,849,-1,849,847,846,-1,849,846,850,-1,850,846,845,-1,850,845,851,-1,851,845,844,-1,851,844,852,-1,852,844,843,-1,852,843,853,-1,818,819,854,-1,854,819,820,-1,840,855,843,-1,843,855,856,-1,843,856,853,-1,853,856,857,-1,853,857,858,-1,858,859,853,-1,853,859,860,-1,853,860,852,-1,852,860,861,-1,852,861,851,-1,851,861,862,-1,851,862,850,-1,850,862,863,-1,850,863,849,-1,849,863,854,-1,849,854,848,-1,848,854,820,-1,848,820,821,-1,816,817,864,-1,864,817,818,-1,818,854,864,-1,864,854,863,-1,864,863,865,-1,865,863,862,-1,865,862,866,-1,866,862,861,-1,866,861,867,-1,867,861,860,-1,867,860,868,-1,868,860,859,-1,868,859,869,-1,870,815,816,-1,858,871,859,-1,859,871,872,-1,859,872,869,-1,869,872,873,-1,869,873,874,-1,816,864,870,-1,870,864,865,-1,870,865,875,-1,875,865,866,-1,875,866,876,-1,876,866,867,-1,876,867,877,-1,877,867,868,-1,877,868,878,-1,878,868,869,-1,878,869,879,-1,879,869,874,-1,879,874,880,-1,880,881,879,-1,879,881,882,-1,879,882,878,-1,878,882,883,-1,878,883,877,-1,877,883,884,-1,877,884,876,-1,876,884,885,-1,876,885,875,-1,875,885,886,-1,875,886,870,-1,870,886,887,-1,870,887,815,-1,815,887,814,-1,888,889,881,-1,881,880,888,-1,888,880,874,-1,888,874,890,-1,874,873,890,-1,890,873,872,-1,890,872,891,-1,891,872,871,-1,871,858,891,-1,891,858,857,-1,891,857,892,-1,857,856,892,-1,892,856,855,-1,892,855,893,-1,842,894,841,-1,841,894,893,-1,841,893,840,-1,840,893,855,-1,895,896,897,-1,898,899,900,-1,901,889,888,-1,902,903,904,-1,904,903,905,-1,904,905,906,-1,906,905,907,-1,906,907,908,-1,908,907,909,-1,908,909,910,-1,910,909,911,-1,910,911,912,-1,912,911,913,-1,899,901,900,-1,900,901,888,-1,900,888,914,-1,914,888,890,-1,914,890,915,-1,915,890,891,-1,915,891,916,-1,916,891,892,-1,916,892,917,-1,917,892,893,-1,917,893,918,-1,918,893,894,-1,896,898,897,-1,897,898,900,-1,897,900,919,-1,919,900,914,-1,919,914,920,-1,920,914,915,-1,920,915,921,-1,921,915,916,-1,921,916,922,-1,922,916,917,-1,922,917,923,-1,923,917,918,-1,924,895,912,-1,912,895,897,-1,912,897,910,-1,910,897,919,-1,910,919,908,-1,908,919,920,-1,908,920,906,-1,906,920,921,-1,906,921,904,-1,904,921,922,-1,904,922,902,-1,902,922,923,-1,925,926,927,-1,927,926,913,-1,927,913,928,-1,928,913,911,-1,928,911,929,-1,929,911,909,-1,929,909,930,-1,930,909,907,-1,930,907,931,-1,931,907,905,-1,931,905,932,-1,932,905,903,-1,926,933,913,-1,913,933,934,-1,913,934,912,-1,912,934,935,-1,912,935,924,-1,936,925,937,-1,937,925,927,-1,937,927,938,-1,938,927,928,-1,938,928,939,-1,939,928,929,-1,939,929,940,-1,940,929,930,-1,940,930,941,-1,941,930,931,-1,941,931,942,-1,942,931,932,-1,903,902,923,-1,943,944,842,-1,945,946,771,-1,842,944,894,-1,894,944,947,-1,894,947,918,-1,918,947,948,-1,918,948,923,-1,771,946,777,-1,949,950,826,-1,951,952,953,-1,953,952,948,-1,954,788,955,-1,955,788,956,-1,950,957,826,-1,826,957,958,-1,826,958,837,-1,837,958,835,-1,959,960,961,-1,903,923,932,-1,948,952,923,-1,923,952,942,-1,923,942,932,-1,945,771,962,-1,962,771,770,-1,962,770,963,-1,784,782,946,-1,943,842,958,-1,958,842,827,-1,958,827,829,-1,951,953,961,-1,961,953,964,-1,961,964,959,-1,965,966,967,-1,967,966,968,-1,967,968,969,-1,969,968,962,-1,969,962,970,-1,956,788,946,-1,946,788,786,-1,946,786,784,-1,782,780,946,-1,946,780,778,-1,946,778,777,-1,954,971,788,-1,788,971,972,-1,788,972,826,-1,826,972,973,-1,826,973,949,-1,829,831,958,-1,958,831,833,-1,958,833,835,-1,963,974,962,-1,962,974,975,-1,962,975,976,-1,976,977,962,-1,962,977,978,-1,962,978,970,-1,979,980,967,-1,967,980,981,-1,967,981,965,-1,982,983,984,-1,983,985,986,-1,985,987,988,-1,987,989,990,-1,989,991,992,-1,991,970,978,-1,991,978,992,-1,992,978,977,-1,992,977,993,-1,993,977,976,-1,993,976,994,-1,994,976,975,-1,994,975,995,-1,995,975,974,-1,995,974,996,-1,996,974,963,-1,996,963,997,-1,997,963,770,-1,997,770,768,-1,989,992,990,-1,990,992,993,-1,990,993,998,-1,998,993,994,-1,998,994,999,-1,999,994,995,-1,999,995,1000,-1,1000,995,996,-1,1000,996,1001,-1,1001,996,997,-1,1001,997,1002,-1,1002,997,768,-1,1002,768,766,-1,987,990,988,-1,988,990,998,-1,988,998,1003,-1,1003,998,999,-1,1003,999,1004,-1,1004,999,1000,-1,1004,1000,1005,-1,1005,1000,1001,-1,1005,1001,1006,-1,1006,1001,1002,-1,1006,1002,1007,-1,1007,1002,766,-1,1007,766,764,-1,985,988,986,-1,986,988,1003,-1,986,1003,1008,-1,1008,1003,1004,-1,1008,1004,1009,-1,1009,1004,1005,-1,1009,1005,1010,-1,1010,1005,1006,-1,1010,1006,1011,-1,1011,1006,1007,-1,1011,1007,1012,-1,1012,1007,764,-1,1012,764,762,-1,983,986,984,-1,984,986,1008,-1,984,1008,1013,-1,1013,1008,1009,-1,1013,1009,1014,-1,1014,1009,1010,-1,1014,1010,1015,-1,1015,1010,1011,-1,1015,1011,1016,-1,1016,1011,1012,-1,1016,1012,1017,-1,1017,1012,762,-1,1017,762,760,-1,982,984,1018,-1,1018,984,1013,-1,1018,1013,1019,-1,1019,1013,1014,-1,1019,1014,1020,-1,1020,1014,1015,-1,1020,1015,1021,-1,1021,1015,1016,-1,1021,1016,1022,-1,1022,1016,1017,-1,1022,1017,1023,-1,1023,1017,760,-1,1023,760,759,-1,1024,982,1018,-1,759,1025,1023,-1,1023,1025,1026,-1,1024,1018,1027,-1,1027,1018,1019,-1,1027,1019,1028,-1,1028,1019,1020,-1,1028,1020,1029,-1,1029,1020,1021,-1,1029,1021,1030,-1,1030,1021,1022,-1,1030,1022,1031,-1,1031,1022,1023,-1,1031,1023,1032,-1,1032,1023,1026,-1,1032,1026,1033,-1,1034,1035,1036,-1,1036,1035,1033,-1,1036,1033,1037,-1,1037,1033,1026,-1,220,1038,170,-1,170,1038,1039,-1,170,1039,569,-1,569,1039,1036,-1,569,1036,570,-1,570,1036,1037,-1,570,1037,751,-1,751,1037,1040,-1,751,1040,759,-1,759,1040,1025,-1,
        ]
    }
}
Shape{
    appearance Appearance {
        material  Material 	{
            diffuseColor 0.8509803921568627 0.8509803921568627 0.8509803921568627
            specularColor 0.4235294117647059 0.4235294117647059 0.4235294117647059
            ambientIntensity 0.851
            transparency 0.0
            shininess 0.5
        }
    }
    geometry IndexedFaceSet {
        ccw TRUE
        solid FALSE
        coord DEF co Coordinate {
            point [
                1.1811 -0.7482 0.4528, 1.1811 -1.0238 0.4528, 1.3008 -0.7482 0.4528, 1.3008 -1.0238 0.4528, 1.3307 -1.0238 0.4489, 1.3307 -0.7482 0.4489, 1.3587 -1.0238 0.4378, 1.3587 -0.7482 0.4378, 1.3831 -1.0238 0.4199, 1.3831 -0.7482 0.4199, 1.4022 -1.0238 0.3966, 1.4022 -0.7482 0.3966, 1.4148 -1.0238 0.3692, 1.4148 -0.7482 0.3692, 1.4201 -1.0238 0.3395, 1.4201 -0.7482 0.3395, 1.4317 -0.7482 0.1172, 1.4317 -1.0238 0.1172, 1.4326 -0.7482 0.1123, 1.4326 -1.0238 0.1123, 1.4347 -0.7482 0.1078, 1.4347 -1.0238 0.1078, 1.4379 -0.7482 0.1039, 1.4379 -1.0238 0.1039, 1.4419 -0.7482 0.1009, 1.4419 -1.0238 0.1009, 1.4466 -0.7482 0.0991, 1.4466 -1.0238 0.0991, 1.4516 -0.7482 0.0984, 1.4516 -1.0238 0.0984, 1.7717 -0.7482 0.0984, 1.7717 -1.0238 0.0984, 1.7717 -0.7482 0.0, 1.7717 -1.0238 0.0, 1.4082 -0.7482 0.0, 1.4082 -1.0238 0.0, 1.39 -1.0238 0.0023, 1.39 -0.7482 0.0023, 1.373 -1.0238 0.0091, 1.373 -0.7482 0.0091, 1.3582 -1.0238 0.0199, 1.3582 -0.7482 0.0199, 1.3466 -1.0238 0.0341, 1.3466 -0.7482 0.0341, 1.339 -1.0238 0.0508, 1.339 -0.7482 0.0508, 1.3357 -1.0238 0.0688, 1.3357 -0.7482 0.0688, 1.3218 -0.7482 0.3344, 1.3218 -1.0238 0.3344, 1.3209 -0.7482 0.3396, 1.3209 -1.0238 0.3396, 1.3187 -0.7482 0.3444, 1.3187 -1.0238 0.3444, 1.3153 -0.7482 0.3485, 1.3153 -1.0238 0.3485, 1.311 -0.7482 0.3517, 1.311 -1.0238 0.3517, 1.3061 -0.7482 0.3537, 1.3061 -1.0238 0.3537, 1.3008 -0.7482 0.3543, 1.3008 -1.0238 0.3543, 1.1811 -0.7482 0.3543, 1.1811 -1.0238 0.3543, -1.3008 -0.7482 0.3543, -1.3008 -1.0238 0.3543, -1.3061 -0.7482 0.3537, -1.3061 -1.0238 0.3537, -1.311 -0.7482 0.3517, -1.311 -1.0238 0.3517, -1.3153 -0.7482 0.3485, -1.3153 -1.0238 0.3485, -1.3187 -0.7482 0.3444, -1.3187 -1.0238 0.3444, -1.3209 -0.7482 0.3396, -1.3209 -1.0238 0.3396, -1.3218 -0.7482 0.3344, -1.3218 -1.0238 0.3344, -1.3357 -0.7482 0.0688, -1.3357 -1.0238 0.0688, -1.4082 -0.7482 0.0, -1.4082 -1.0238 0.0, -1.7717 -0.7482 0.0, -1.7717 -1.0238 0.0, -1.7717 -0.7482 0.0984, -1.7717 -1.0238 0.0984, -1.4516 -0.7482 0.0984, -1.4516 -1.0238 0.0984, -1.4466 -0.7482 0.0991, -1.4466 -1.0238 0.0991, -1.4419 -0.7482 0.1009, -1.4419 -1.0238 0.1009, -1.4379 -0.7482 0.1039, -1.4379 -1.0238 0.1039, -1.4347 -0.7482 0.1078, -1.4347 -1.0238 0.1078, -1.4326 -0.7482 0.1123, -1.4326 -1.0238 0.1123, -1.4317 -0.7482 0.1172, -1.4317 -1.0238 0.1172, -1.4201 -0.7482 0.3395, -1.4201 -1.0238 0.3395, -1.4148 -1.0238 0.3692, -1.4148 -0.7482 0.3692, -1.4022 -1.0238 0.3966, -1.4022 -0.7482 0.3966, -1.3831 -1.0238 0.4199, -1.3831 -0.7482 0.4199, -1.3587 -1.0238 0.4378, -1.3587 -0.7482 0.4378, -1.3307 -1.0238 0.4489, -1.3307 -0.7482 0.4489, -1.3008 -1.0238 0.4528, -1.3008 -0.7482 0.4528, -1.1811 -0.7482 0.4528, -1.1811 -1.0238 0.4528, -1.1811 -0.7482 0.3543, -1.339 -0.7482 0.0508, -1.3466 -0.7482 0.0341, -1.39 -0.7482 0.0023, -1.373 -0.7482 0.0091, -1.3582 -0.7482 0.0199
            ]
        }
        coordIndex [
            0,1,2,-1,2,1,3,-1,2,3,4,-1,2,4,5,-1,5,4,6,-1,5,6,7,-1,7,6,8,-1,7,8,9,-1,9,8,10,-1,9,10,11,-1,11,10,12,-1,11,12,13,-1,13,12,14,-1,13,14,15,-1,15,14,16,-1,16,14,17,-1,16,17,18,-1,18,17,19,-1,18,19,20,-1,20,19,21,-1,20,21,22,-1,22,21,23,-1,22,23,24,-1,24,23,25,-1,24,25,26,-1,26,25,27,-1,26,27,28,-1,28,27,29,-1,28,29,30,-1,30,29,31,-1,30,31,32,-1,32,31,33,-1,32,33,34,-1,34,33,35,-1,34,35,36,-1,34,36,37,-1,37,36,38,-1,37,38,39,-1,39,38,40,-1,39,40,41,-1,41,40,42,-1,41,42,43,-1,43,42,44,-1,43,44,45,-1,45,44,46,-1,45,46,47,-1,47,46,48,-1,48,46,49,-1,48,49,50,-1,50,49,51,-1,50,51,52,-1,52,51,53,-1,52,53,54,-1,54,53,55,-1,54,55,56,-1,56,55,57,-1,56,57,58,-1,58,57,59,-1,58,59,60,-1,60,59,61,-1,60,61,62,-1,62,61,63,-1,64,65,66,-1,66,65,67,-1,66,67,68,-1,68,67,69,-1,68,69,70,-1,70,69,71,-1,70,71,72,-1,72,71,73,-1,72,73,74,-1,74,73,75,-1,74,75,76,-1,76,75,77,-1,76,77,78,-1,78,77,79,-1,80,81,82,-1,82,81,83,-1,82,83,84,-1,84,83,85,-1,84,85,86,-1,86,85,87,-1,86,87,88,-1,88,87,89,-1,88,89,90,-1,90,89,91,-1,90,91,92,-1,92,91,93,-1,92,93,94,-1,94,93,95,-1,94,95,96,-1,96,95,97,-1,96,97,98,-1,98,97,99,-1,98,99,100,-1,100,99,101,-1,100,101,102,-1,100,102,103,-1,103,102,104,-1,103,104,105,-1,105,104,106,-1,105,106,107,-1,107,106,108,-1,107,108,109,-1,109,108,110,-1,109,110,111,-1,111,110,112,-1,111,112,113,-1,113,112,114,-1,114,112,115,-1,34,37,24,-1,24,37,39,-1,24,39,22,-1,47,18,45,-1,45,18,20,-1,45,20,43,-1,43,20,22,-1,43,22,41,-1,41,22,39,-1,30,32,28,-1,28,32,34,-1,28,34,26,-1,26,34,24,-1,62,0,60,-1,60,0,2,-1,60,2,58,-1,58,2,5,-1,58,5,56,-1,56,5,7,-1,56,7,54,-1,54,7,9,-1,54,9,52,-1,52,9,11,-1,52,11,50,-1,50,11,13,-1,50,13,48,-1,48,13,15,-1,48,15,47,-1,47,15,16,-1,47,16,18,-1,94,96,78,-1,78,96,98,-1,78,98,76,-1,76,98,100,-1,76,100,74,-1,74,100,103,-1,74,103,72,-1,72,103,105,-1,72,105,70,-1,70,105,107,-1,70,107,68,-1,68,107,109,-1,68,109,66,-1,66,109,111,-1,66,111,64,-1,64,111,113,-1,64,113,116,-1,116,113,114,-1,80,82,84,-1,78,117,94,-1,94,117,118,-1,94,118,92,-1,84,86,80,-1,80,86,88,-1,80,88,119,-1,119,88,90,-1,119,90,120,-1,120,90,92,-1,120,92,121,-1,121,92,118,-1,
        ]
    }
}
Shape{
    appearance Appearance {
        material  Material 	{
            diffuseColor 0.2235294117647059 0.2235294117647059 0.2235294117647059
            specularColor 0.11372549019607843 0.11372549019607843 0.11372549019607843
            ambientIntensity 0.2235
            transparency 0.0
            shininess 0.5
        }
    }
    geometry IndexedFaceSet {
        ccw TRUE
        solid FALSE
        coord DEF co Coordinate {
            point [
                -1.1811 -1.0238 0.4528, -1.1811 -1.0238 1.2402, -1.1811 -0.7482 0.4528, -1.1811 1.0234 1.2402, -1.1811 0.7478 0.4528, -1.1811 1.0234 0.4528, -1.1811 -1.0238 0.0394, -1.1811 -1.0238 0.3543, -1.1811 -0.4726 0.0394, -1.1811 -0.7482 0.3543, -1.1811 -0.4726 0.1969, -1.1811 0.4722 0.1969, -1.1811 0.4722 0.0394, -1.1811 0.7478 0.3543, -1.1811 1.0234 0.0394, -1.1811 1.0234 0.3543
            ]
        }
        coordIndex [
            0,1,2,-1,2,1,3,-1,2,3,4,-1,4,3,5,-1,6,7,8,-1,8,7,9,-1,8,9,10,-1,10,9,2,-1,10,2,11,-1,11,2,4,-1,11,4,12,-1,12,4,13,-1,12,13,14,-1,14,13,15,-1,
        ]
    }
}
Shape{
    appearance Appearance {
        material  Material 	{
            diffuseColor 0.8509803921568627 0.8509803921568627 0.8509803921568627
            specularColor 0.4235294117647059 0.4235294117647059 0.4235294117647059
            ambientIntensity 0.851
            transparency 0.0
            shininess 0.5
        }
    }
    geometry IndexedFaceSet {
        ccw TRUE
        solid FALSE
        coord DEF co Coordinate {
            point [
                -1.1811 -0.7482 0.3543, -1.1811 -1.0238 0.3543, -1.3008 -0.7482 0.3543, -1.3008 -1.0238 0.3543, 1.4347 -1.0238 0.1078, 1.4326 -1.0238 0.1123, 1.3357 -1.0238 0.0688, 1.4317 -1.0238 0.1172, 1.3218 -1.0238 0.3344, 1.4201 -1.0238 0.3395, 1.3209 -1.0238 0.3396, 1.4148 -1.0238 0.3692, 1.3187 -1.0238 0.3444, 1.4022 -1.0238 0.3966, 1.3153 -1.0238 0.3485, 1.3831 -1.0238 0.4199, 1.311 -1.0238 0.3517, 1.3587 -1.0238 0.4378, 1.3061 -1.0238 0.3537, 1.3307 -1.0238 0.4489, 1.3008 -1.0238 0.3543, 1.3008 -1.0238 0.4528, 1.1811 -1.0238 0.3543, 1.1811 -1.0238 0.4528, 1.4082 -1.0238 0.0, 1.7717 -1.0238 0.0, 1.7717 -1.0238 0.0984, 1.339 -1.0238 0.0508, 1.3466 -1.0238 0.0341, 1.4379 -1.0238 0.1039, 1.4516 -1.0238 0.0984, 1.4466 -1.0238 0.0991, 1.39 -1.0238 0.0023, 1.4419 -1.0238 0.1009, 1.373 -1.0238 0.0091, 1.3582 -1.0238 0.0199, -1.4082 -1.0238 0.0, -1.39 -1.0238 0.0023, -1.4419 -1.0238 0.1009, -1.373 -1.0238 0.0091, -1.4379 -1.0238 0.1039, -1.3357 -1.0238 0.0688, -1.4326 -1.0238 0.1123, -1.339 -1.0238 0.0508, -1.4347 -1.0238 0.1078, -1.3466 -1.0238 0.0341, -1.3582 -1.0238 0.0199, -1.7717 -1.0238 0.0984, -1.7717 -1.0238 0.0, -1.4516 -1.0238 0.0984, -1.4466 -1.0238 0.0991, -1.1811 -1.0238 0.4528, -1.3008 -1.0238 0.4528, -1.3061 -1.0238 0.3537, -1.3307 -1.0238 0.4489, -1.311 -1.0238 0.3517, -1.3587 -1.0238 0.4378, -1.3153 -1.0238 0.3485, -1.3831 -1.0238 0.4199, -1.3187 -1.0238 0.3444, -1.4022 -1.0238 0.3966, -1.3209 -1.0238 0.3396, -1.4148 -1.0238 0.3692, -1.3218 -1.0238 0.3344, -1.4201 -1.0238 0.3395, -1.4317 -1.0238 0.1172, -1.3357 -0.7482 0.0688, -1.339 -0.7482 0.0508, -1.3466 -0.7482 0.0341, -1.3582 -0.7482 0.0199, -1.373 -0.7482 0.0091, -1.39 -0.7482 0.0023, -1.4082 -0.7482 0.0
            ]
        }
        coordIndex [
            0,1,2,-1,2,1,3,-1,4,5,6,-1,6,5,7,-1,6,7,8,-1,8,7,9,-1,8,9,10,-1,10,9,11,-1,10,11,12,-1,12,11,13,-1,12,13,14,-1,14,13,15,-1,14,15,16,-1,16,15,17,-1,16,17,18,-1,18,17,19,-1,18,19,20,-1,20,19,21,-1,20,21,22,-1,22,21,23,-1,24,25,26,-1,6,27,4,-1,4,27,28,-1,4,28,29,-1,26,30,24,-1,24,30,31,-1,24,31,32,-1,32,31,33,-1,32,33,34,-1,34,33,29,-1,34,29,35,-1,35,29,28,-1,36,37,38,-1,38,37,39,-1,38,39,40,-1,41,42,43,-1,43,42,44,-1,43,44,45,-1,45,44,40,-1,45,40,46,-1,46,40,39,-1,47,48,49,-1,49,48,36,-1,49,36,50,-1,50,36,38,-1,1,51,3,-1,3,51,52,-1,3,52,53,-1,53,52,54,-1,53,54,55,-1,55,54,56,-1,55,56,57,-1,57,56,58,-1,57,58,59,-1,59,58,60,-1,59,60,61,-1,61,60,62,-1,61,62,63,-1,63,62,64,-1,63,64,41,-1,41,64,65,-1,41,65,42,-1,66,41,43,-1,66,43,67,-1,67,43,45,-1,67,45,68,-1,68,45,46,-1,68,46,69,-1,69,46,39,-1,69,39,70,-1,70,39,37,-1,70,37,71,-1,71,37,36,-1,71,36,72,-1,
        ]
    }
}
Shape{
    appearance Appearance {
        material  Material 	{
            diffuseColor 1.0 1.0 1.0
            specularColor 0.5019607843137255 0.5019607843137255 0.5019607843137255
            ambientIntensity 1.0
            transparency 0.0
            shininess 0.5
        }
    }
    geometry IndexedFaceSet {
        ccw TRUE
        solid FALSE
        coord DEF co Coordinate {
            point [
                -0.0098 1.1813 0.7444, -0.0097 1.1813 0.7352, -0.0098 1.1809 0.7444, -0.0097 1.1809 0.7352, 0.0221 1.1813 0.7446, 0.0221 1.1809 0.7446, 0.0216 1.1813 0.8155, 0.0216 1.1809 0.8152, 0.0216 1.1809 0.8155, 0.032 1.1813 0.8156, 0.032 1.1809 0.8156, 0.0325 1.1809 0.7355, 0.0325 1.1813 0.7355, 0.032 1.1809 0.8152, -0.0729 1.1809 0.7381, -0.0729 1.1813 0.7381, -0.0716 1.1813 0.7374, -0.0507 1.1813 0.7336, -0.0507 1.1809 0.7336, -0.0532 1.1809 0.7338, -0.0629 1.1813 0.7347, -0.0629 1.1809 0.7347, -0.0695 1.1809 0.7368, -0.0716 1.1809 0.7374, -0.073 1.1813 0.748, -0.073 1.1809 0.748, -0.0695 1.1809 0.7465, -0.0651 1.1813 0.7445, -0.0651 1.1809 0.7445, -0.056 1.1809 0.7429, -0.056 1.1813 0.7429, -0.0523 1.1809 0.7428, -0.0523 1.1813 0.7428, -0.0451 1.1809 0.7436, -0.0451 1.1813 0.7436, -0.0393 1.1809 0.7457, -0.0393 1.1813 0.7457, -0.0339 1.1809 0.7493, -0.0339 1.1813 0.7493, -0.0318 1.1809 0.7514, -0.0318 1.1813 0.7514, -0.0281 1.1809 0.7565, -0.0281 1.1813 0.7565, -0.0255 1.1809 0.763, -0.0255 1.1813 0.763, -0.0242 1.1809 0.7709, -0.0242 1.1813 0.7709, -0.0241 1.1809 0.7743, -0.0241 1.1813 0.7743, -0.0255 1.1809 0.7852, -0.0255 1.1813 0.7852, -0.0282 1.1809 0.7921, -0.0282 1.1813 0.7921, -0.0321 1.1809 0.7977, -0.0321 1.1813 0.7977, -0.0327 1.1809 0.7983, -0.0327 1.1813 0.7983, -0.0378 1.1809 0.8025, -0.0378 1.1813 0.8025, -0.044 1.1809 0.8055, -0.044 1.1813 0.8055, -0.051 1.1809 0.8069, -0.051 1.1813 0.8069, -0.0546 1.1809 0.807, -0.0546 1.1813 0.807, -0.0734 1.1809 0.8021, -0.0734 1.1813 0.8021, -0.0725 1.1813 0.8026, -0.0644 1.1809 0.8058, -0.0644 1.1813 0.8058, -0.0695 1.1809 0.8038, -0.0725 1.1809 0.8026, -0.0735 1.1813 0.8129, -0.0735 1.1809 0.8129, -0.0659 1.1809 0.8152, -0.065 1.1813 0.8154, -0.0695 1.1809 0.8141, -0.065 1.1809 0.8154, -0.0545 1.1809 0.8163, -0.0545 1.1813 0.8163, -0.043 1.1813 0.815, -0.0443 1.1809 0.8152, -0.043 1.1809 0.815, -0.0346 1.1809 0.8118, -0.0346 1.1813 0.8118, -0.027 1.1809 0.8067, -0.027 1.1813 0.8067, -0.025 1.1809 0.8048, -0.025 1.1813 0.8048, -0.0192 1.1809 0.7972, -0.0192 1.1813 0.7972, -0.0163 1.1809 0.7906, -0.0153 1.1813 0.7884, -0.0153 1.1809 0.7884, -0.0134 1.1809 0.7779, -0.0134 1.1813 0.7779, -0.0132 1.1809 0.7737, -0.0132 1.1813 0.7737, -0.0147 1.1809 0.7607, -0.0147 1.1813 0.7607, -0.0163 1.1809 0.7567, -0.0179 1.1813 0.7523, -0.0179 1.1809 0.7523, -0.0226 1.1809 0.7455, -0.0226 1.1813 0.7455, -0.0233 1.1809 0.7447, -0.0233 1.1813 0.7447, -0.0475 1.1809 0.7338, -0.0446 1.1813 0.734, -0.0446 1.1809 0.734, -0.0361 1.1813 0.7361, -0.0361 1.1809 0.7361, -0.0287 1.1813 0.74, -0.0287 1.1809 0.74, -0.1321 1.1813 0.7435, -0.132 1.1813 0.7344, -0.1321 1.1809 0.7435, -0.132 1.1809 0.7344, -0.0993 1.1809 0.7437, -0.0993 1.1813 0.7437, -0.1203 1.1809 0.7436, -0.0995 1.1813 0.7707, -0.0995 1.1809 0.7707, -0.1282 1.1809 0.7705, -0.1282 1.1813 0.7705, -0.1203 1.1809 0.7705, -0.1282 1.1813 0.7796, -0.1282 1.1809 0.7796, -0.0996 1.1809 0.7798, -0.0996 1.1813 0.7798, -0.1203 1.1809 0.7797, -0.0998 1.1813 0.8055, -0.0998 1.1809 0.8055, -0.1307 1.1809 0.8052, -0.1307 1.1813 0.8052, -0.1203 1.1809 0.8053, -0.1307 1.1813 0.8145, -0.1307 1.1809 0.8145, -0.0895 1.1809 0.8147, -0.0895 1.1813 0.8147, -0.1203 1.1809 0.8145, -0.0889 1.1813 0.7347, -0.0889 1.1809 0.7347, -0.1203 1.1809 0.7345, -0.1969 1.1813 0.7562, -0.193 1.1813 0.7514, -0.2003 1.1813 0.7451, -0.192 1.1813 0.7505, -0.1919 1.1813 0.7391, -0.1868 1.1813 0.747, -0.1827 1.1813 0.7357, -0.1802 1.1813 0.7445, -0.1691 1.1813 0.7341, -0.1692 1.1813 0.7432, -0.1471 1.1813 0.7343, -0.1575 1.1813 0.7433, -0.1477 1.1813 0.8143, -0.158 1.1813 0.805, -0.1705 1.1813 0.8142, -0.1701 1.1813 0.805, -0.1828 1.1813 0.8127, -0.1809 1.1813 0.8036, -0.1924 1.1813 0.8091, -0.1877 1.1813 0.801, -0.2007 1.1813 0.8034, -0.1931 1.1813 0.7973, -0.2036 1.1813 0.8005, -0.1954 1.1813 0.795, -0.2085 1.1813 0.7935, -0.1984 1.1813 0.7905, -0.2114 1.1813 0.7859, -0.2006 1.1813 0.7846, -0.2126 1.1813 0.7749, -0.2017 1.1813 0.7746, -0.2123 1.1813 0.7697, -0.2014 1.1813 0.7694, -0.2103 1.1813 0.7604, -0.1998 1.1813 0.7621, -0.2063 1.1813 0.7521, -0.1691 1.1809 0.7341, -0.1471 1.1809 0.7343, -0.1827 1.1809 0.7357, -0.1919 1.1809 0.7391, -0.2003 1.1809 0.7451, -0.2063 1.1809 0.7521, -0.2103 1.1809 0.7604, -0.2123 1.1809 0.7697, -0.2126 1.1809 0.7749, -0.2114 1.1809 0.7859, -0.2085 1.1809 0.7935, -0.2036 1.1809 0.8005, -0.2007 1.1809 0.8034, -0.1924 1.1809 0.8091, -0.1828 1.1809 0.8127, -0.1705 1.1809 0.8142, -0.1477 1.1809 0.8143, -0.1701 1.1809 0.805, -0.158 1.1809 0.805, -0.1575 1.1809 0.7433, -0.1692 1.1809 0.7432, -0.193 1.1809 0.7514, -0.192 1.1809 0.7505, -0.1868 1.1809 0.747, -0.1802 1.1809 0.7445, -0.2017 1.1809 0.7746, -0.2014 1.1809 0.7694, -0.1998 1.1809 0.7621, -0.1969 1.1809 0.7562, -0.1931 1.1809 0.7973, -0.1954 1.1809 0.795, -0.1984 1.1809 0.7905, -0.2006 1.1809 0.7846, -0.1809 1.1809 0.8036, -0.1877 1.1809 0.801
            ]
        }
        coordIndex [
            0,1,2,-1,2,1,3,-1,4,0,5,-1,5,0,2,-1,4,5,6,-1,6,5,7,-1,6,7,8,-1,9,6,10,-1,10,6,8,-1,11,12,13,-1,13,12,9,-1,13,9,10,-1,1,12,3,-1,3,12,11,-1,6,9,4,-1,4,9,12,-1,4,12,0,-1,0,12,1,-1,14,15,16,-1,17,18,19,-1,17,19,20,-1,19,21,20,-1,20,21,22,-1,20,22,16,-1,16,22,23,-1,16,23,14,-1,24,15,25,-1,25,15,14,-1,24,25,26,-1,24,26,27,-1,26,28,27,-1,27,28,29,-1,27,29,30,-1,30,29,31,-1,30,31,32,-1,32,31,33,-1,32,33,34,-1,34,33,35,-1,34,35,36,-1,36,35,37,-1,36,37,38,-1,38,37,39,-1,38,39,40,-1,40,39,41,-1,40,41,42,-1,42,41,43,-1,42,43,44,-1,44,43,45,-1,44,45,46,-1,46,45,47,-1,46,47,48,-1,48,47,49,-1,48,49,50,-1,50,49,51,-1,50,51,52,-1,52,51,53,-1,52,53,54,-1,54,53,55,-1,54,55,56,-1,56,55,57,-1,56,57,58,-1,58,57,59,-1,58,59,60,-1,60,59,61,-1,60,61,62,-1,62,61,63,-1,62,63,64,-1,65,66,67,-1,64,63,68,-1,64,68,69,-1,69,68,70,-1,69,70,67,-1,67,70,71,-1,67,71,65,-1,72,66,73,-1,73,66,65,-1,74,75,76,-1,76,75,72,-1,76,72,73,-1,74,77,75,-1,75,77,78,-1,75,78,79,-1,80,79,81,-1,81,79,78,-1,81,82,80,-1,80,82,83,-1,80,83,84,-1,84,83,85,-1,84,85,86,-1,86,85,87,-1,86,87,88,-1,88,87,89,-1,88,89,90,-1,90,89,91,-1,90,91,92,-1,91,93,92,-1,92,93,94,-1,92,94,95,-1,95,94,96,-1,95,96,97,-1,97,96,98,-1,97,98,99,-1,99,98,100,-1,99,100,101,-1,100,102,101,-1,101,102,103,-1,101,103,104,-1,104,103,105,-1,104,105,106,-1,18,17,107,-1,107,17,108,-1,107,108,109,-1,109,108,110,-1,109,110,111,-1,111,110,112,-1,111,112,113,-1,113,112,106,-1,113,106,105,-1,88,56,86,-1,86,56,58,-1,86,58,84,-1,97,48,95,-1,95,48,50,-1,95,50,92,-1,92,50,90,-1,90,50,52,-1,90,52,88,-1,88,52,54,-1,88,54,56,-1,84,58,80,-1,80,58,60,-1,80,60,79,-1,15,24,16,-1,16,24,27,-1,16,27,20,-1,20,27,30,-1,20,30,17,-1,17,30,32,-1,17,32,108,-1,108,32,34,-1,108,34,110,-1,110,34,36,-1,110,36,112,-1,112,36,38,-1,112,38,106,-1,106,38,40,-1,106,40,104,-1,104,40,42,-1,104,42,101,-1,101,42,99,-1,99,42,44,-1,99,44,97,-1,97,44,46,-1,97,46,48,-1,60,62,79,-1,79,62,64,-1,79,64,75,-1,75,64,69,-1,75,69,72,-1,72,69,67,-1,72,67,66,-1,114,115,116,-1,116,115,117,-1,118,119,120,-1,120,119,114,-1,120,114,116,-1,121,119,122,-1,122,119,118,-1,123,124,125,-1,125,124,121,-1,125,121,122,-1,126,124,127,-1,127,124,123,-1,128,129,130,-1,130,129,126,-1,130,126,127,-1,131,129,132,-1,132,129,128,-1,133,134,135,-1,135,134,131,-1,135,131,132,-1,136,134,137,-1,137,134,133,-1,138,139,140,-1,140,139,136,-1,140,136,137,-1,141,139,142,-1,142,139,138,-1,117,115,143,-1,143,115,141,-1,143,141,142,-1,141,115,114,-1,114,119,141,-1,141,119,121,-1,141,121,139,-1,134,136,131,-1,131,136,139,-1,131,139,129,-1,129,139,121,-1,129,121,126,-1,126,121,124,-1,144,145,146,-1,146,145,147,-1,146,147,148,-1,148,147,149,-1,148,149,150,-1,150,149,151,-1,150,151,152,-1,152,151,153,-1,152,153,154,-1,154,153,155,-1,154,155,156,-1,156,155,157,-1,156,157,158,-1,158,157,159,-1,158,159,160,-1,160,159,161,-1,160,161,162,-1,162,161,163,-1,162,163,164,-1,164,163,165,-1,164,165,166,-1,166,165,167,-1,166,167,168,-1,168,167,169,-1,168,169,170,-1,170,169,171,-1,170,171,172,-1,172,171,173,-1,172,173,174,-1,174,173,175,-1,174,175,176,-1,176,175,177,-1,176,177,178,-1,178,177,144,-1,178,144,146,-1,152,154,179,-1,179,154,180,-1,152,179,181,-1,152,181,150,-1,150,181,182,-1,150,182,148,-1,148,182,183,-1,148,183,146,-1,146,183,184,-1,146,184,178,-1,178,184,185,-1,178,185,176,-1,176,185,186,-1,176,186,174,-1,174,186,187,-1,174,187,172,-1,172,187,188,-1,172,188,170,-1,170,188,189,-1,170,189,168,-1,168,189,190,-1,168,190,166,-1,166,190,191,-1,166,191,164,-1,164,191,192,-1,164,192,162,-1,162,192,193,-1,162,193,160,-1,160,193,194,-1,160,194,158,-1,156,158,195,-1,195,158,194,-1,154,156,180,-1,180,156,195,-1,159,157,196,-1,196,157,197,-1,157,155,197,-1,197,155,198,-1,155,153,198,-1,198,153,199,-1,145,200,201,-1,145,201,147,-1,147,201,202,-1,147,202,149,-1,149,202,203,-1,149,203,151,-1,151,203,199,-1,151,199,153,-1,173,204,205,-1,173,205,175,-1,175,205,206,-1,175,206,177,-1,177,206,207,-1,177,207,144,-1,144,207,200,-1,144,200,145,-1,165,208,209,-1,165,209,167,-1,167,209,210,-1,167,210,169,-1,169,210,211,-1,169,211,171,-1,171,211,204,-1,171,204,173,-1,159,196,212,-1,159,212,161,-1,161,212,213,-1,161,213,163,-1,163,213,208,-1,163,208,165,-1,
        ]
    }
}
Shape{
    appearance Appearance {
        material  Material 	{
            diffuseColor 0.2235294117647059 0.2235294117647059 0.2235294117647059
            specularColor 0.11372549019607843 0.11372549019607843 0.11372549019607843
            ambientIntensity 0.2235
            transparency 0.0
            shininess 0.5
        }
    }
    geometry IndexedFaceSet {
        ccw TRUE
        solid FALSE
        coord DEF co Coordinate {
            point [
                -0.158 1.1809 0.805, -0.1575 1.1809 0.7433, -0.1701 1.1809 0.805, -0.1692 1.1809 0.7432, -0.1802 1.1809 0.7445, -0.1868 1.1809 0.747, -0.192 1.1809 0.7505, -0.193 1.1809 0.7514, -0.1969 1.1809 0.7562, -0.1998 1.1809 0.7621, -0.2017 1.1809 0.7746, -0.1931 1.1809 0.7973, -0.1877 1.1809 0.801, -0.2006 1.1809 0.7846, -0.1984 1.1809 0.7905, -0.1954 1.1809 0.795, -0.2014 1.1809 0.7694, -0.1809 1.1809 0.8036
            ]
        }
        coordIndex [
            0,1,2,-1,2,1,3,-1,3,4,2,-1,2,4,5,-1,2,5,6,-1,6,7,2,-1,2,7,8,-1,2,8,9,-1,10,11,12,-1,13,14,10,-1,10,14,15,-1,10,15,11,-1,9,16,2,-1,2,16,10,-1,2,10,17,-1,17,10,12,-1,
        ]
    }
}
Shape{
    appearance Appearance {
        material  Material 	{
            diffuseColor 1.0 1.0 1.0
            specularColor 0.5019607843137255 0.5019607843137255 0.5019607843137255
            ambientIntensity 1.0
            transparency 0.0
            shininess 0.5
        }
    }
    geometry IndexedFaceSet {
        ccw TRUE
        solid FALSE
        coord DEF co Coordinate {
            point [
                -0.2394 1.1813 0.7646, -0.2516 1.1813 0.7978, -0.2478 1.1813 0.8136, -0.2168 1.1813 0.7338, -0.2282 1.1813 0.7337, -0.236 1.1813 0.7555, -0.2523 1.1813 0.8001, -0.2529 1.1813 0.8034, -0.2589 1.1813 0.8135, -0.2532 1.1813 0.8033, -0.2538 1.1813 0.8, -0.2544 1.1813 0.7977, -0.2662 1.1813 0.7644, -0.2888 1.1813 0.7333, -0.2774 1.1813 0.7333, -0.2694 1.1813 0.7553, -0.2589 1.1809 0.8135, -0.2886 1.1809 0.7338, -0.2888 1.1809 0.7333, -0.2478 1.1809 0.8136, -0.2168 1.1809 0.7338, -0.2168 1.1809 0.7338, -0.239 1.1809 0.7909, -0.2282 1.1809 0.7337, -0.236 1.1809 0.7555, -0.2282 1.1809 0.7338, -0.2694 1.1809 0.7553, -0.239 1.1809 0.7555, -0.2772 1.1809 0.7338, -0.2774 1.1809 0.7333, -0.2394 1.1809 0.7646, -0.2662 1.1809 0.7644, -0.2544 1.1809 0.7977, -0.2532 1.1809 0.8033, -0.2538 1.1809 0.8, -0.2529 1.1809 0.8034, -0.2516 1.1809 0.7978, -0.2523 1.1809 0.8001
            ]
        }
        coordIndex [
            0,1,2,-1,3,4,5,-1,1,6,2,-1,2,6,7,-1,2,7,8,-1,8,7,9,-1,8,9,10,-1,10,11,8,-1,8,11,12,-1,8,12,13,-1,14,13,15,-1,15,13,12,-1,15,12,5,-1,5,12,0,-1,5,0,3,-1,3,0,2,-1,16,8,17,-1,17,8,13,-1,17,13,18,-1,2,8,19,-1,19,8,16,-1,20,21,3,-1,20,3,22,-1,22,3,2,-1,22,2,19,-1,4,3,23,-1,23,3,21,-1,24,5,25,-1,25,5,4,-1,25,4,23,-1,26,15,27,-1,27,15,5,-1,27,5,24,-1,15,26,14,-1,14,26,28,-1,14,28,29,-1,13,14,18,-1,18,14,29,-1,0,12,30,-1,30,12,31,-1,12,11,31,-1,31,11,32,-1,9,33,34,-1,9,34,10,-1,10,34,32,-1,10,32,11,-1,9,7,33,-1,33,7,35,-1,1,36,37,-1,1,37,6,-1,6,37,35,-1,6,35,7,-1,1,0,36,-1,36,0,30,-1,
        ]
    }
}
Shape{
    appearance Appearance {
        material  Material 	{
            diffuseColor 0.2235294117647059 0.2235294117647059 0.2235294117647059
            specularColor 0.11372549019607843 0.11372549019607843 0.11372549019607843
            ambientIntensity 0.2235
            transparency 0.0
            shininess 0.5
        }
    }
    geometry IndexedFaceSet {
        ccw TRUE
        solid FALSE
        coord DEF co Coordinate {
            point [
                -0.2532 1.1809 0.8033, -0.2529 1.1809 0.8034, -0.2538 1.1809 0.8, -0.2523 1.1809 0.8001, -0.2544 1.1809 0.7977, -0.2516 1.1809 0.7978, -0.2662 1.1809 0.7644, -0.2394 1.1809 0.7646
            ]
        }
        coordIndex [
            0,1,2,-1,2,1,3,-1,2,3,4,-1,4,3,5,-1,4,5,6,-1,6,5,7,-1,
        ]
    }
}
Shape{
    appearance Appearance {
        material  Material 	{
            diffuseColor 1.0 1.0 1.0
            specularColor 0.5019607843137255 0.5019607843137255 0.5019607843137255
            ambientIntensity 1.0
            transparency 0.0
            shininess 0.5
        }
    }
    geometry IndexedFaceSet {
        ccw TRUE
        solid FALSE
        coord DEF co Coordinate {
            point [
                -0.0097 1.1813 0.6173, -0.0096 1.1813 0.6082, -0.0097 1.1809 0.6173, -0.0096 1.1809 0.6082, 0.023 1.1813 0.6176, 0.023 1.1809 0.6176, 0.0228 1.1813 0.6445, 0.0228 1.1809 0.6445, -0.0058 1.1813 0.6443, -0.0058 1.1809 0.6443, -0.0059 1.1813 0.6535, -0.0059 1.1809 0.6535, 0.0228 1.1813 0.6537, 0.0228 1.1809 0.6537, 0.0226 1.1813 0.6793, 0.0226 1.1809 0.6793, -0.0083 1.1813 0.6791, -0.0083 1.1809 0.6791, -0.0084 1.1809 0.6862, -0.0084 1.1813 0.6883, -0.0084 1.1809 0.6878, -0.0084 1.1809 0.6883, 0.0329 1.1813 0.6886, 0.0329 1.1809 0.6886, 0.0334 1.1809 0.6085, 0.0334 1.1813 0.6085, 0.0329 1.1809 0.6862, 0.0329 1.1809 0.6878, -0.0551 1.1813 0.6079, -0.0652 1.1813 0.6078, -0.0552 1.1813 0.6167, -0.0654 1.1813 0.6446, -0.0554 1.1813 0.6442, -0.0335 1.1813 0.6324, -0.0358 1.1813 0.6335, -0.0549 1.1813 0.6167, -0.0497 1.1813 0.6182, -0.0533 1.1813 0.6143, -0.0468 1.1813 0.6164, -0.042 1.1813 0.6349, -0.0553 1.1813 0.6366, -0.0553 1.1813 0.6311, -0.0553 1.1813 0.6304, -0.0546 1.1813 0.626, -0.0531 1.1813 0.6224, -0.0509 1.1813 0.6195, -0.0551 1.1813 0.6487, -0.0647 1.1813 0.6522, -0.0541 1.1813 0.6523, -0.0632 1.1813 0.6568, -0.0529 1.1813 0.6543, -0.0612 1.1813 0.66, -0.0514 1.1813 0.656, -0.0585 1.1813 0.6626, -0.0496 1.1813 0.6571, -0.0552 1.1813 0.6645, -0.0473 1.1813 0.6579, -0.051 1.1813 0.6659, -0.0439 1.1813 0.6583, -0.0449 1.1813 0.6665, -0.0375 1.1813 0.6576, -0.0348 1.1813 0.6653, -0.0312 1.1813 0.6554, -0.0273 1.1813 0.6625, -0.0251 1.1813 0.6515, -0.0252 1.1813 0.6613, -0.0315 1.1813 0.6184, -0.0242 1.1813 0.6113, -0.0324 1.1813 0.6175, -0.0275 1.1813 0.6089, -0.0344 1.1813 0.6161, -0.0314 1.1813 0.6074, -0.0366 1.1813 0.6153, -0.0373 1.1813 0.6067, -0.04 1.1813 0.6149, -0.0426 1.1813 0.6072, -0.0438 1.1813 0.6153, -0.0466 1.1813 0.6087, -0.0501 1.1813 0.6109, -0.0296 1.1813 0.6258, -0.0194 1.1813 0.6248, -0.0295 1.1813 0.6242, -0.0193 1.1813 0.6235, -0.0298 1.1813 0.6219, -0.0198 1.1813 0.6189, -0.0304 1.1813 0.6201, -0.021 1.1813 0.6155, -0.0231 1.1813 0.6124, -0.0384 1.1813 0.642, -0.031 1.1813 0.6402, -0.0322 1.1813 0.6314, -0.0267 1.1813 0.6381, -0.031 1.1813 0.6299, -0.0235 1.1813 0.6354, -0.0301 1.1813 0.6281, -0.0215 1.1813 0.6326, -0.0201 1.1813 0.6291, -0.0449 1.1809 0.6665, -0.0348 1.1809 0.6653, -0.0273 1.1809 0.6625, -0.0252 1.1809 0.6613, -0.0251 1.1809 0.6515, -0.0312 1.1809 0.6554, -0.0375 1.1809 0.6576, -0.0439 1.1809 0.6583, -0.0473 1.1809 0.6579, -0.0496 1.1809 0.6571, -0.0514 1.1809 0.656, -0.0529 1.1809 0.6543, -0.0541 1.1809 0.6523, -0.0551 1.1809 0.6487, -0.0554 1.1809 0.6442, -0.0384 1.1809 0.642, -0.031 1.1809 0.6402, -0.0267 1.1809 0.6381, -0.0235 1.1809 0.6354, -0.0215 1.1809 0.6326, -0.0201 1.1809 0.6291, -0.0194 1.1809 0.6248, -0.0193 1.1809 0.6235, -0.0198 1.1809 0.6189, -0.021 1.1809 0.6155, -0.0231 1.1809 0.6124, -0.0242 1.1809 0.6113, -0.0275 1.1809 0.6089, -0.0314 1.1809 0.6074, -0.0373 1.1809 0.6067, -0.0426 1.1809 0.6072, -0.0466 1.1809 0.6087, -0.0501 1.1809 0.6109, -0.0533 1.1809 0.6143, -0.0549 1.1809 0.6167, -0.0552 1.1809 0.6167, -0.0551 1.1809 0.6079, -0.0652 1.1809 0.6078, -0.0654 1.1809 0.6446, -0.0647 1.1809 0.6522, -0.0632 1.1809 0.6568, -0.0612 1.1809 0.66, -0.0585 1.1809 0.6626, -0.0552 1.1809 0.6645, -0.051 1.1809 0.6659, -0.0322 1.1809 0.6314, -0.0335 1.1809 0.6324, -0.0358 1.1809 0.6335, -0.042 1.1809 0.6349, -0.0295 1.1809 0.6242, -0.0296 1.1809 0.6258, -0.0301 1.1809 0.6281, -0.031 1.1809 0.6299, -0.0324 1.1809 0.6175, -0.0315 1.1809 0.6184, -0.0304 1.1809 0.6201, -0.0298 1.1809 0.6219, -0.04 1.1809 0.6149, -0.0366 1.1809 0.6153, -0.0344 1.1809 0.6161, -0.0509 1.1809 0.6195, -0.0497 1.1809 0.6182, -0.0468 1.1809 0.6164, -0.0438 1.1809 0.6153, -0.0553 1.1809 0.6311, -0.0553 1.1809 0.6304, -0.0546 1.1809 0.626, -0.0531 1.1809 0.6224, -0.0553 1.1809 0.6366
            ]
        }
        coordIndex [
            0,1,2,-1,2,1,3,-1,4,0,5,-1,5,0,2,-1,6,4,7,-1,7,4,5,-1,8,6,9,-1,9,6,7,-1,10,8,11,-1,11,8,9,-1,12,10,13,-1,13,10,11,-1,14,12,15,-1,15,12,13,-1,16,14,17,-1,17,14,15,-1,16,17,18,-1,16,18,19,-1,19,18,20,-1,19,20,21,-1,22,19,23,-1,23,19,21,-1,24,25,26,-1,26,25,22,-1,26,22,27,-1,27,22,23,-1,1,25,3,-1,3,25,24,-1,25,1,0,-1,0,4,25,-1,25,4,6,-1,25,6,22,-1,16,19,14,-1,14,19,22,-1,14,22,12,-1,12,22,6,-1,12,6,10,-1,10,6,8,-1,28,29,30,-1,30,29,31,-1,32,33,34,-1,35,36,37,-1,37,36,38,-1,39,40,31,-1,31,40,41,-1,41,42,31,-1,31,42,43,-1,31,43,30,-1,30,43,44,-1,30,44,35,-1,35,44,45,-1,35,45,36,-1,34,39,32,-1,32,39,31,-1,32,31,46,-1,46,31,47,-1,46,47,48,-1,48,47,49,-1,48,49,50,-1,50,49,51,-1,50,51,52,-1,52,51,53,-1,52,53,54,-1,54,53,55,-1,54,55,56,-1,56,55,57,-1,56,57,58,-1,58,57,59,-1,58,59,60,-1,60,59,61,-1,60,61,62,-1,62,61,63,-1,62,63,64,-1,64,63,65,-1,66,67,68,-1,68,67,69,-1,68,69,70,-1,70,69,71,-1,70,71,72,-1,72,71,73,-1,72,73,74,-1,74,73,75,-1,74,75,76,-1,76,75,77,-1,76,77,38,-1,38,77,78,-1,38,78,37,-1,79,80,81,-1,81,80,82,-1,81,82,83,-1,83,82,84,-1,83,84,85,-1,85,84,86,-1,85,86,66,-1,66,86,87,-1,66,87,67,-1,32,88,33,-1,33,88,89,-1,33,89,90,-1,90,89,91,-1,90,91,92,-1,92,91,93,-1,92,93,94,-1,94,93,95,-1,94,95,79,-1,79,95,96,-1,79,96,80,-1,59,97,98,-1,59,98,61,-1,61,98,99,-1,61,99,63,-1,63,99,100,-1,63,100,65,-1,64,65,101,-1,101,65,100,-1,64,101,102,-1,64,102,62,-1,62,102,103,-1,62,103,60,-1,60,103,104,-1,60,104,58,-1,58,104,105,-1,58,105,56,-1,56,105,106,-1,56,106,54,-1,54,106,107,-1,54,107,52,-1,52,107,108,-1,52,108,50,-1,50,108,109,-1,50,109,48,-1,48,109,110,-1,48,110,46,-1,46,110,111,-1,46,111,32,-1,88,32,112,-1,112,32,111,-1,88,112,113,-1,88,113,89,-1,89,113,114,-1,89,114,91,-1,91,114,115,-1,91,115,93,-1,93,115,116,-1,93,116,95,-1,95,116,117,-1,95,117,96,-1,96,117,118,-1,96,118,80,-1,80,118,119,-1,80,119,82,-1,82,119,120,-1,82,120,84,-1,84,120,121,-1,84,121,86,-1,86,121,122,-1,86,122,87,-1,87,122,123,-1,87,123,67,-1,67,123,124,-1,67,124,69,-1,69,124,125,-1,69,125,71,-1,71,125,126,-1,71,126,73,-1,73,126,127,-1,73,127,75,-1,75,127,128,-1,75,128,77,-1,77,128,129,-1,77,129,78,-1,78,129,130,-1,78,130,37,-1,37,130,131,-1,37,131,35,-1,30,35,132,-1,132,35,131,-1,28,30,133,-1,133,30,132,-1,29,28,134,-1,134,28,133,-1,31,29,135,-1,135,29,134,-1,31,135,136,-1,31,136,47,-1,47,136,137,-1,47,137,49,-1,49,137,138,-1,49,138,51,-1,51,138,139,-1,51,139,53,-1,53,139,140,-1,53,140,55,-1,55,140,141,-1,55,141,57,-1,57,141,97,-1,57,97,59,-1,90,142,143,-1,90,143,33,-1,33,143,144,-1,33,144,34,-1,34,144,145,-1,34,145,39,-1,81,146,147,-1,81,147,79,-1,79,147,148,-1,79,148,94,-1,94,148,149,-1,94,149,92,-1,92,149,142,-1,92,142,90,-1,68,150,151,-1,68,151,66,-1,66,151,152,-1,66,152,85,-1,85,152,153,-1,85,153,83,-1,83,153,146,-1,83,146,81,-1,74,154,155,-1,74,155,72,-1,72,155,156,-1,72,156,70,-1,70,156,150,-1,70,150,68,-1,45,157,158,-1,45,158,36,-1,36,158,159,-1,36,159,38,-1,38,159,160,-1,38,160,76,-1,76,160,154,-1,76,154,74,-1,41,161,162,-1,41,162,42,-1,42,162,163,-1,42,163,43,-1,43,163,164,-1,43,164,44,-1,44,164,157,-1,44,157,45,-1,41,40,161,-1,161,40,165,-1,40,39,165,-1,165,39,145,-1,
        ]
    }
}
Shape{
    appearance Appearance {
        material  Material 	{
            diffuseColor 0.2235294117647059 0.2235294117647059 0.2235294117647059
            specularColor 0.11372549019607843 0.11372549019607843 0.11372549019607843
            ambientIntensity 0.2235
            transparency 0.0
            shininess 0.5
        }
    }
    geometry IndexedFaceSet {
        ccw TRUE
        solid FALSE
        coord DEF co Coordinate {
            point [
                -0.0553 1.1809 0.6304, -0.0553 1.1809 0.6311, -0.0322 1.1809 0.6314, -0.0553 1.1809 0.6366, -0.042 1.1809 0.6349, -0.0358 1.1809 0.6335, -0.0335 1.1809 0.6324, -0.0546 1.1809 0.626, -0.031 1.1809 0.6299, -0.0531 1.1809 0.6224, -0.0315 1.1809 0.6184, -0.0324 1.1809 0.6175, -0.0497 1.1809 0.6182, -0.0304 1.1809 0.6201, -0.0468 1.1809 0.6164, -0.0438 1.1809 0.6153, -0.04 1.1809 0.6149, -0.0301 1.1809 0.6281, -0.0296 1.1809 0.6258, -0.0509 1.1809 0.6195, -0.0295 1.1809 0.6242, -0.0298 1.1809 0.6219, -0.0344 1.1809 0.6161, -0.0366 1.1809 0.6153
            ]
        }
        coordIndex [
            0,1,2,-1,1,3,4,-1,4,5,1,-1,1,5,6,-1,1,6,2,-1,0,2,7,-1,7,2,8,-1,7,8,9,-1,10,11,12,-1,10,12,13,-1,14,12,15,-1,15,12,16,-1,8,17,9,-1,9,17,18,-1,9,18,19,-1,19,18,20,-1,19,20,12,-1,12,20,21,-1,12,21,13,-1,11,22,12,-1,12,22,23,-1,12,23,16,-1,
        ]
    }
}
Shape{
    appearance Appearance {
        material  Material 	{
            diffuseColor 1.0 1.0 1.0
            specularColor 0.5019607843137255 0.5019607843137255 0.5019607843137255
            ambientIntensity 1.0
            transparency 0.0
            shininess 0.5
        }
    }
    geometry IndexedFaceSet {
        ccw TRUE
        solid FALSE
        coord DEF co Coordinate {
            point [
                -0.0789 1.1809 0.6201, -0.0789 1.1813 0.6201, -0.0827 1.1813 0.6177, -0.0953 1.1813 0.6144, -0.0953 1.1809 0.6144, -0.089 1.1809 0.6152, -0.089 1.1813 0.6152, -0.0839 1.1809 0.6172, -0.0827 1.1809 0.6177, -0.0788 1.1813 0.6097, -0.0788 1.1809 0.6097, -0.0943 1.1809 0.6063, -0.0943 1.1813 0.6063, -0.0851 1.1813 0.6074, -0.0839 1.1809 0.6078, -0.0851 1.1809 0.6074, -0.102 1.1809 0.607, -0.102 1.1813 0.607, -0.1076 1.1809 0.6088, -0.1076 1.1813 0.6088, -0.111 1.1809 0.6107, -0.111 1.1813 0.6107, -0.1138 1.1809 0.6132, -0.1138 1.1813 0.6132, -0.1157 1.1809 0.6158, -0.1157 1.1813 0.6158, -0.117 1.1809 0.619, -0.117 1.1813 0.619, -0.1175 1.1809 0.623, -0.1175 1.1813 0.623, -0.1171 1.1809 0.6267, -0.1171 1.1813 0.6267, -0.1161 1.1809 0.6297, -0.1161 1.1813 0.6297, -0.1142 1.1809 0.6325, -0.1142 1.1813 0.6325, -0.1118 1.1809 0.6346, -0.1118 1.1813 0.6346, -0.1052 1.1809 0.6384, -0.1052 1.1813 0.6384, -0.1013 1.1809 0.64, -0.1013 1.1813 0.64, -0.0951 1.1809 0.6427, -0.0951 1.1813 0.6427, -0.0916 1.1809 0.645, -0.0916 1.1813 0.645, -0.0906 1.1809 0.646, -0.0906 1.1813 0.646, -0.0899 1.1809 0.6474, -0.0899 1.1813 0.6474, -0.0895 1.1809 0.649, -0.0895 1.1813 0.649, -0.0895 1.1809 0.6503, -0.0895 1.1813 0.6503, -0.0897 1.1809 0.6519, -0.0897 1.1813 0.6519, -0.0902 1.1809 0.6533, -0.0902 1.1813 0.6533, -0.091 1.1809 0.6545, -0.091 1.1813 0.6545, -0.0926 1.1809 0.6558, -0.0926 1.1813 0.6558, -0.0948 1.1809 0.657, -0.0948 1.1813 0.657, -0.0975 1.1809 0.6577, -0.0975 1.1813 0.6577, -0.1005 1.1809 0.6579, -0.1005 1.1813 0.6579, -0.1071 1.1809 0.6571, -0.1071 1.1813 0.6571, -0.1127 1.1809 0.655, -0.1127 1.1813 0.655, -0.115 1.1809 0.6537, -0.115 1.1813 0.6537, -0.115 1.1813 0.6634, -0.115 1.1809 0.6634, -0.1084 1.1809 0.6654, -0.1084 1.1813 0.6654, -0.1015 1.1809 0.6661, -0.1015 1.1813 0.6661, -0.0943 1.1809 0.6653, -0.0943 1.1813 0.6653, -0.0888 1.1809 0.6634, -0.0888 1.1813 0.6634, -0.0856 1.1809 0.6616, -0.0856 1.1813 0.6616, -0.0826 1.1813 0.659, -0.0839 1.1809 0.6601, -0.0826 1.1809 0.659, -0.0808 1.1809 0.6563, -0.0808 1.1813 0.6563, -0.0795 1.1809 0.6531, -0.0795 1.1813 0.6531, -0.0791 1.1809 0.6495, -0.0791 1.1813 0.6495, -0.0795 1.1809 0.6456, -0.0795 1.1813 0.6456, -0.0806 1.1809 0.6425, -0.0806 1.1813 0.6425, -0.0819 1.1809 0.6404, -0.0819 1.1813 0.6404, -0.0942 1.1809 0.6327, -0.0942 1.1813 0.6327, -0.0882 1.1813 0.6355, -0.0835 1.1809 0.6387, -0.0835 1.1813 0.6387, -0.0839 1.1809 0.6385, -0.0882 1.1809 0.6355, -0.1008 1.1809 0.6299, -0.1008 1.1813 0.6299, -0.1047 1.1809 0.6276, -0.1047 1.1813 0.6276, -0.1059 1.1809 0.6262, -0.1059 1.1813 0.6262, -0.1067 1.1809 0.6249, -0.1067 1.1813 0.6249, -0.1071 1.1809 0.6233, -0.1071 1.1813 0.6233, -0.1072 1.1809 0.6221, -0.1072 1.1813 0.6221, -0.107 1.1809 0.6202, -0.107 1.1813 0.6202, -0.1065 1.1809 0.6188, -0.1065 1.1813 0.6188, -0.1056 1.1809 0.6175, -0.1056 1.1813 0.6175, -0.1044 1.1809 0.6165, -0.1044 1.1813 0.6165, -0.1035 1.1809 0.6159, -0.1035 1.1813 0.6159, -0.1009 1.1809 0.615, -0.1009 1.1813 0.615, -0.0958 1.1809 0.6144, -0.0958 1.1813 0.6144, -0.1675 1.1813 0.6643, -0.1779 1.1813 0.6642, -0.1675 1.1809 0.6643, -0.1779 1.1809 0.6642, -0.1516 1.1813 0.6213, -0.1516 1.1809 0.6213, -0.1508 1.1809 0.6187, -0.1508 1.1813 0.6187, -0.1503 1.1809 0.6167, -0.1503 1.1813 0.6167, -0.1501 1.1813 0.6167, -0.1501 1.1809 0.6167, -0.1489 1.1813 0.6214, -0.1489 1.1809 0.6214, -0.1342 1.1809 0.6645, -0.1342 1.1813 0.6645, -0.1396 1.1809 0.6487, -0.123 1.1813 0.6646, -0.123 1.1809 0.6646, -0.145 1.1809 0.6074, -0.145 1.1813 0.6074, -0.1396 1.1809 0.6215, -0.1406 1.1813 0.597, -0.1406 1.1809 0.597, -0.1396 1.1809 0.5953, -0.1386 1.1813 0.5934, -0.1386 1.1809 0.5934, -0.1367 1.1809 0.5913, -0.1367 1.1813 0.5913, -0.1349 1.1809 0.5901, -0.1349 1.1813 0.5901, -0.1327 1.1809 0.5893, -0.1327 1.1813 0.5893, -0.1302 1.1809 0.589, -0.1302 1.1813 0.589, -0.1266 1.1809 0.5895, -0.1266 1.1813 0.5895, -0.1246 1.1809 0.5902, -0.1246 1.1813 0.5902, -0.1245 1.1813 0.5813, -0.1245 1.1809 0.5813, -0.1287 1.1809 0.5805, -0.1287 1.1813 0.5805, -0.1309 1.1809 0.5804, -0.1309 1.1813 0.5804, -0.135 1.1809 0.5809, -0.135 1.1813 0.5809, -0.139 1.1809 0.5823, -0.139 1.1813 0.5823, -0.1396 1.1809 0.5828, -0.1425 1.1813 0.5848, -0.1425 1.1809 0.5848, -0.1432 1.1809 0.5854, -0.1432 1.1813 0.5854, -0.1469 1.1809 0.5898, -0.1469 1.1813 0.5898, -0.1515 1.1809 0.5986, -0.1515 1.1813 0.5986, -0.2314 1.1813 0.6158, -0.2314 1.1813 0.6066, -0.2314 1.1809 0.6158, -0.2314 1.1809 0.6066, -0.1987 1.1809 0.616, -0.1987 1.1813 0.616, -0.2147 1.1809 0.6159, -0.1989 1.1813 0.6429, -0.1989 1.1809 0.6429, -0.2275 1.1809 0.6427, -0.2275 1.1813 0.6427, -0.2147 1.1809 0.6428, -0.2276 1.1813 0.6519, -0.2276 1.1809 0.6519, -0.199 1.1809 0.6521, -0.199 1.1813 0.6521, -0.2147 1.1809 0.652, -0.1991 1.1813 0.6777, -0.1991 1.1809 0.6777, -0.23 1.1809 0.6775, -0.23 1.1813 0.6775, -0.2147 1.1809 0.6776, -0.2301 1.1813 0.6867, -0.2301 1.1809 0.6862, -0.2301 1.1809 0.6867, -0.1889 1.1809 0.687, -0.1889 1.1813 0.687, -0.2147 1.1809 0.6868, -0.1883 1.1809 0.6069, -0.1883 1.1813 0.6069, -0.1889 1.1809 0.6862, -0.2147 1.1809 0.6068, -0.2963 1.1813 0.6285, -0.2924 1.1813 0.6237, -0.2997 1.1813 0.6174, -0.2914 1.1813 0.6228, -0.2912 1.1813 0.6114, -0.2862 1.1813 0.6193, -0.2821 1.1813 0.6079, -0.2796 1.1813 0.6167, -0.2685 1.1813 0.6064, -0.2685 1.1813 0.6155, -0.2465 1.1813 0.6065, -0.2569 1.1813 0.6156, -0.2471 1.1813 0.6866, -0.2573 1.1813 0.6773, -0.2699 1.1813 0.6864, -0.2694 1.1813 0.6772, -0.2821 1.1813 0.685, -0.2803 1.1813 0.6759, -0.2918 1.1813 0.6814, -0.2871 1.1813 0.6732, -0.3001 1.1813 0.6756, -0.2925 1.1813 0.6695, -0.3029 1.1813 0.6728, -0.2947 1.1813 0.6673, -0.3078 1.1813 0.6658, -0.2978 1.1813 0.6628, -0.3107 1.1813 0.6581, -0.3 1.1813 0.6569, -0.312 1.1813 0.6471, -0.3011 1.1813 0.6469, -0.3117 1.1813 0.642, -0.3008 1.1813 0.6416, -0.3097 1.1813 0.6327, -0.2991 1.1813 0.6344, -0.3057 1.1813 0.6244, -0.2685 1.1809 0.6064, -0.2465 1.1809 0.6065, -0.2821 1.1809 0.6079, -0.2912 1.1809 0.6114, -0.2997 1.1809 0.6174, -0.3057 1.1809 0.6244, -0.3097 1.1809 0.6327, -0.3117 1.1809 0.642, -0.312 1.1809 0.6471, -0.3107 1.1809 0.6581, -0.3078 1.1809 0.6658, -0.3029 1.1809 0.6728, -0.3001 1.1809 0.6756, -0.2699 1.1809 0.6864, -0.2715 1.1809 0.6862, -0.2821 1.1809 0.685, -0.2918 1.1809 0.6814, -0.2471 1.1809 0.6866, -0.2471 1.1809 0.6862, -0.2694 1.1809 0.6772, -0.2573 1.1809 0.6773, -0.2569 1.1809 0.6156, -0.2685 1.1809 0.6155, -0.2924 1.1809 0.6237, -0.2914 1.1809 0.6228, -0.2862 1.1809 0.6193, -0.2796 1.1809 0.6167, -0.3011 1.1809 0.6469, -0.3008 1.1809 0.6416, -0.2991 1.1809 0.6344, -0.2963 1.1809 0.6285, -0.2925 1.1809 0.6695, -0.2947 1.1809 0.6673, -0.2978 1.1809 0.6628, -0.3 1.1809 0.6569, -0.2803 1.1809 0.6759, -0.2871 1.1809 0.6732
            ]
        }
        coordIndex [
            0,1,2,-1,3,4,5,-1,3,5,6,-1,6,5,7,-1,6,7,2,-1,2,7,8,-1,2,8,0,-1,9,1,10,-1,10,1,0,-1,11,12,13,-1,9,10,14,-1,9,14,13,-1,13,14,15,-1,13,15,11,-1,12,11,16,-1,12,16,17,-1,17,16,18,-1,17,18,19,-1,19,18,20,-1,19,20,21,-1,21,20,22,-1,21,22,23,-1,23,22,24,-1,23,24,25,-1,25,24,26,-1,25,26,27,-1,27,26,28,-1,27,28,29,-1,29,28,30,-1,29,30,31,-1,31,30,32,-1,31,32,33,-1,33,32,34,-1,33,34,35,-1,35,34,36,-1,35,36,37,-1,37,36,38,-1,37,38,39,-1,39,38,40,-1,39,40,41,-1,41,40,42,-1,41,42,43,-1,43,42,44,-1,43,44,45,-1,45,44,46,-1,45,46,47,-1,47,46,48,-1,47,48,49,-1,49,48,50,-1,49,50,51,-1,51,50,52,-1,51,52,53,-1,53,52,54,-1,53,54,55,-1,55,54,56,-1,55,56,57,-1,57,56,58,-1,57,58,59,-1,59,58,60,-1,59,60,61,-1,61,60,62,-1,61,62,63,-1,63,62,64,-1,63,64,65,-1,65,64,66,-1,65,66,67,-1,67,66,68,-1,67,68,69,-1,69,68,70,-1,69,70,71,-1,71,70,72,-1,71,72,73,-1,74,73,75,-1,75,73,72,-1,74,75,76,-1,74,76,77,-1,77,76,78,-1,77,78,79,-1,79,78,80,-1,79,80,81,-1,81,80,82,-1,81,82,83,-1,83,82,84,-1,83,84,85,-1,86,85,87,-1,87,85,84,-1,87,88,86,-1,86,88,89,-1,86,89,90,-1,90,89,91,-1,90,91,92,-1,92,91,93,-1,92,93,94,-1,94,93,95,-1,94,95,96,-1,96,95,97,-1,96,97,98,-1,98,97,99,-1,98,99,100,-1,101,102,103,-1,100,99,104,-1,100,104,105,-1,105,104,106,-1,105,106,103,-1,103,106,107,-1,103,107,101,-1,102,101,108,-1,102,108,109,-1,109,108,110,-1,109,110,111,-1,111,110,112,-1,111,112,113,-1,113,112,114,-1,113,114,115,-1,115,114,116,-1,115,116,117,-1,117,116,118,-1,117,118,119,-1,119,118,120,-1,119,120,121,-1,121,120,122,-1,121,122,123,-1,123,122,124,-1,123,124,125,-1,125,124,126,-1,125,126,127,-1,127,126,128,-1,127,128,129,-1,129,128,130,-1,129,130,131,-1,131,130,132,-1,131,132,133,-1,133,132,4,-1,133,4,3,-1,59,61,83,-1,83,61,81,-1,43,102,41,-1,41,102,109,-1,41,109,39,-1,12,3,13,-1,13,3,6,-1,13,6,9,-1,9,6,2,-1,9,2,1,-1,61,63,81,-1,81,63,65,-1,81,65,79,-1,79,65,67,-1,79,67,77,-1,77,67,69,-1,77,69,74,-1,74,69,71,-1,74,71,73,-1,39,109,37,-1,37,109,111,-1,37,111,35,-1,35,111,113,-1,35,113,33,-1,33,113,115,-1,33,115,31,-1,31,115,117,-1,31,117,29,-1,29,117,119,-1,29,119,27,-1,27,119,121,-1,27,121,25,-1,25,121,123,-1,25,123,23,-1,23,123,125,-1,23,125,21,-1,21,125,127,-1,21,127,19,-1,19,127,129,-1,19,129,17,-1,17,129,131,-1,17,131,12,-1,12,131,133,-1,12,133,3,-1,83,85,59,-1,59,85,86,-1,59,86,57,-1,57,86,90,-1,57,90,55,-1,55,90,92,-1,55,92,53,-1,53,92,94,-1,53,94,51,-1,51,94,96,-1,51,96,49,-1,49,96,98,-1,49,98,47,-1,47,98,100,-1,47,100,45,-1,45,100,105,-1,45,105,43,-1,43,105,103,-1,43,103,102,-1,134,135,136,-1,136,135,137,-1,138,134,139,-1,139,134,136,-1,138,139,140,-1,138,140,141,-1,141,140,142,-1,141,142,143,-1,144,143,145,-1,145,143,142,-1,146,144,147,-1,147,144,145,-1,148,149,150,-1,150,149,146,-1,150,146,147,-1,151,149,152,-1,152,149,148,-1,153,154,155,-1,155,154,151,-1,155,151,152,-1,156,154,157,-1,157,154,153,-1,156,157,158,-1,156,158,159,-1,158,160,159,-1,159,160,161,-1,159,161,162,-1,162,161,163,-1,162,163,164,-1,164,163,165,-1,164,165,166,-1,166,165,167,-1,166,167,168,-1,168,167,169,-1,168,169,170,-1,170,169,171,-1,170,171,172,-1,173,172,174,-1,174,172,171,-1,173,174,175,-1,173,175,176,-1,176,175,177,-1,176,177,178,-1,178,177,179,-1,178,179,180,-1,180,179,181,-1,180,181,182,-1,182,181,183,-1,182,183,184,-1,183,185,184,-1,184,185,186,-1,184,186,187,-1,187,186,188,-1,187,188,189,-1,189,188,190,-1,189,190,191,-1,135,191,137,-1,137,191,190,-1,141,143,191,-1,135,134,191,-1,191,134,138,-1,191,138,141,-1,149,151,146,-1,146,151,154,-1,146,154,144,-1,172,173,170,-1,170,173,176,-1,170,176,168,-1,168,176,178,-1,168,178,166,-1,166,178,180,-1,166,180,164,-1,164,180,182,-1,164,182,162,-1,143,144,191,-1,191,144,154,-1,191,154,189,-1,154,156,189,-1,189,156,159,-1,189,159,187,-1,187,159,162,-1,187,162,184,-1,184,162,182,-1,192,193,194,-1,194,193,195,-1,196,197,198,-1,198,197,192,-1,198,192,194,-1,199,197,200,-1,200,197,196,-1,201,202,203,-1,203,202,199,-1,203,199,200,-1,204,202,205,-1,205,202,201,-1,206,207,208,-1,208,207,204,-1,208,204,205,-1,209,207,210,-1,210,207,206,-1,211,212,213,-1,213,212,209,-1,213,209,210,-1,212,211,214,-1,214,211,215,-1,214,215,216,-1,217,218,219,-1,219,218,214,-1,219,214,216,-1,220,221,222,-1,222,221,218,-1,222,218,217,-1,195,193,223,-1,223,193,221,-1,223,221,220,-1,221,193,192,-1,192,197,221,-1,221,197,199,-1,221,199,218,-1,212,214,209,-1,209,214,218,-1,209,218,207,-1,207,218,199,-1,207,199,204,-1,204,199,202,-1,224,225,226,-1,226,225,227,-1,226,227,228,-1,228,227,229,-1,228,229,230,-1,230,229,231,-1,230,231,232,-1,232,231,233,-1,232,233,234,-1,234,233,235,-1,234,235,236,-1,236,235,237,-1,236,237,238,-1,238,237,239,-1,238,239,240,-1,240,239,241,-1,240,241,242,-1,242,241,243,-1,242,243,244,-1,244,243,245,-1,244,245,246,-1,246,245,247,-1,246,247,248,-1,248,247,249,-1,248,249,250,-1,250,249,251,-1,250,251,252,-1,252,251,253,-1,252,253,254,-1,254,253,255,-1,254,255,256,-1,256,255,257,-1,256,257,258,-1,258,257,224,-1,258,224,226,-1,232,234,259,-1,259,234,260,-1,232,259,261,-1,232,261,230,-1,230,261,262,-1,230,262,228,-1,228,262,263,-1,228,263,226,-1,226,263,264,-1,226,264,258,-1,258,264,265,-1,258,265,256,-1,256,265,266,-1,256,266,254,-1,254,266,267,-1,254,267,252,-1,252,267,268,-1,252,268,250,-1,250,268,269,-1,250,269,248,-1,248,269,270,-1,248,270,246,-1,246,270,271,-1,246,271,244,-1,272,238,273,-1,273,238,240,-1,273,240,274,-1,274,240,242,-1,274,242,275,-1,275,242,244,-1,275,244,271,-1,236,238,276,-1,276,238,272,-1,260,234,277,-1,277,234,236,-1,277,236,276,-1,239,237,278,-1,278,237,279,-1,237,235,279,-1,279,235,280,-1,235,233,280,-1,280,233,281,-1,225,282,283,-1,225,283,227,-1,227,283,284,-1,227,284,229,-1,229,284,285,-1,229,285,231,-1,231,285,281,-1,231,281,233,-1,253,286,287,-1,253,287,255,-1,255,287,288,-1,255,288,257,-1,257,288,289,-1,257,289,224,-1,224,289,282,-1,224,282,225,-1,245,290,291,-1,245,291,247,-1,247,291,292,-1,247,292,249,-1,249,292,293,-1,249,293,251,-1,251,293,286,-1,251,286,253,-1,239,278,294,-1,239,294,241,-1,241,294,295,-1,241,295,243,-1,243,295,290,-1,243,290,245,-1,
        ]
    }
}
Shape{
    appearance Appearance {
        material  Material 	{
            diffuseColor 0.2235294117647059 0.2235294117647059 0.2235294117647059
            specularColor 0.11372549019607843 0.11372549019607843 0.11372549019607843
            ambientIntensity 0.2235
            transparency 0.0
            shininess 0.5
        }
    }
    geometry IndexedFaceSet {
        ccw TRUE
        solid FALSE
        coord DEF co Coordinate {
            point [
                -0.2573 1.1809 0.6773, -0.2569 1.1809 0.6156, -0.2694 1.1809 0.6772, -0.2685 1.1809 0.6155, -0.2796 1.1809 0.6167, -0.2862 1.1809 0.6193, -0.2914 1.1809 0.6228, -0.2924 1.1809 0.6237, -0.2963 1.1809 0.6285, -0.2991 1.1809 0.6344, -0.3011 1.1809 0.6469, -0.2925 1.1809 0.6695, -0.2871 1.1809 0.6732, -0.3 1.1809 0.6569, -0.2978 1.1809 0.6628, -0.2947 1.1809 0.6673, -0.3008 1.1809 0.6416, -0.2803 1.1809 0.6759
            ]
        }
        coordIndex [
            0,1,2,-1,2,1,3,-1,3,4,2,-1,2,4,5,-1,2,5,6,-1,6,7,2,-1,2,7,8,-1,2,8,9,-1,10,11,12,-1,13,14,10,-1,10,14,15,-1,10,15,11,-1,9,16,2,-1,2,16,10,-1,2,10,17,-1,17,10,12,-1,
        ]
    }
}
Shape{
    appearance Appearance {
        material  Material 	{
            diffuseColor 1.0 1.0 1.0
            specularColor 0.5019607843137255 0.5019607843137255 0.5019607843137255
            ambientIntensity 1.0
            transparency 0.0
            shininess 0.5
        }
    }
    geometry IndexedFaceSet {
        ccw TRUE
        solid FALSE
        coord DEF co Coordinate {
            point [
                -0.3387 1.1813 0.6368, -0.3509 1.1813 0.67, -0.3472 1.1813 0.6859, -0.3161 1.1813 0.606, -0.3275 1.1813 0.606, -0.3354 1.1813 0.6278, -0.3517 1.1813 0.6724, -0.3523 1.1813 0.6756, -0.3582 1.1813 0.6858, -0.3525 1.1813 0.6756, -0.3532 1.1813 0.6722, -0.3537 1.1813 0.67, -0.3656 1.1813 0.6366, -0.3882 1.1813 0.6055, -0.3767 1.1813 0.6056, -0.3687 1.1813 0.6276, -0.3582 1.1809 0.6858, -0.3882 1.1809 0.6055, -0.3472 1.1809 0.6859, -0.3161 1.1809 0.606, -0.3275 1.1809 0.606, -0.3354 1.1809 0.6278, -0.3687 1.1809 0.6276, -0.3767 1.1809 0.6056, -0.3387 1.1809 0.6368, -0.3656 1.1809 0.6366, -0.3537 1.1809 0.67, -0.3525 1.1809 0.6756, -0.3532 1.1809 0.6722, -0.3523 1.1809 0.6756, -0.3509 1.1809 0.67, -0.3517 1.1809 0.6724
            ]
        }
        coordIndex [
            0,1,2,-1,3,4,5,-1,1,6,2,-1,2,6,7,-1,2,7,8,-1,8,7,9,-1,8,9,10,-1,10,11,8,-1,8,11,12,-1,8,12,13,-1,14,13,15,-1,15,13,12,-1,15,12,5,-1,5,12,0,-1,5,0,3,-1,3,0,2,-1,8,13,16,-1,16,13,17,-1,2,8,18,-1,18,8,16,-1,3,2,19,-1,19,2,18,-1,4,3,20,-1,20,3,19,-1,5,4,21,-1,21,4,20,-1,15,5,22,-1,22,5,21,-1,14,15,23,-1,23,15,22,-1,13,14,17,-1,17,14,23,-1,0,12,24,-1,24,12,25,-1,12,11,25,-1,25,11,26,-1,9,27,28,-1,9,28,10,-1,10,28,26,-1,10,26,11,-1,9,7,27,-1,27,7,29,-1,1,30,31,-1,1,31,6,-1,6,31,29,-1,6,29,7,-1,1,0,30,-1,30,0,24,-1,
        ]
    }
}
Shape{
    appearance Appearance {
        material  Material 	{
            diffuseColor 0.2235294117647059 0.2235294117647059 0.2235294117647059
            specularColor 0.11372549019607843 0.11372549019607843 0.11372549019607843
            ambientIntensity 0.2235
            transparency 0.0
            shininess 0.5
        }
    }
    geometry IndexedFaceSet {
        ccw TRUE
        solid FALSE
        coord DEF co Coordinate {
            point [
                -0.3525 1.1809 0.6756, -0.3523 1.1809 0.6756, -0.3532 1.1809 0.6722, -0.3517 1.1809 0.6724, -0.3537 1.1809 0.67, -0.3509 1.1809 0.67, -0.3656 1.1809 0.6366, -0.3387 1.1809 0.6368
            ]
        }
        coordIndex [
            0,1,2,-1,2,1,3,-1,2,3,4,-1,4,3,5,-1,4,5,6,-1,6,5,7,-1,
        ]
    }
}
Shape{
    appearance Appearance {
        material  Material 	{
            diffuseColor 1.0 1.0 1.0
            specularColor 0.5019607843137255 0.5019607843137255 0.5019607843137255
            ambientIntensity 1.0
            transparency 0.0
            shininess 0.5
        }
    }
    geometry IndexedFaceSet {
        ccw TRUE
        solid FALSE
        coord DEF co Coordinate {
            point [
                0.3871 1.1813 0.5997, 0.3787 1.1813 0.5892, 0.3919 1.1813 0.6501, 0.2016 1.1813 0.6766, 0.219 1.1813 0.7069, 0.2956 1.1813 0.6676, 0.3349 1.1813 0.651, 0.3295 1.1813 0.6492, 0.4011 1.1813 0.7491, 0.3884 1.1813 0.7557, 0.3911 1.1813 0.7908, 0.3556 1.1813 0.7921, 0.3383 1.1813 0.7504, 0.3294 1.1813 0.7684, 0.4043 1.1813 0.6578, 0.3999 1.1813 0.6141, 0.3927 1.1813 0.6119, 0.3687 1.1813 0.7934, 0.3249 1.1813 0.6462, 0.3211 1.1813 0.6422, 0.2816 1.1813 0.635, 0.3185 1.1813 0.6376, 0.3171 1.1813 0.6324, 0.2816 1.1813 0.6294, 0.317 1.1813 0.6268, 0.282 1.1813 0.6234, 0.3445 1.1813 0.6507, 0.3517 1.1813 0.6857, 0.3495 1.1813 0.6488, 0.3643 1.1813 0.681, 0.354 1.1813 0.6457, 0.376 1.1813 0.673, 0.3563 1.1813 0.6432, 0.3855 1.1813 0.6623, 0.3593 1.1813 0.6385, 0.361 1.1813 0.6332, 0.3613 1.1813 0.6276, 0.3175 1.1813 0.6833, 0.3312 1.1813 0.6868, 0.3381 1.1813 0.6873, 0.1824 1.1813 0.7328, 0.1778 1.1813 0.7328, 0.1543 1.1813 0.7634, 0.167 1.1813 0.7314, 0.1515 1.1813 0.7624, 0.1571 1.1813 0.7275, 0.1346 1.1813 0.7539, 0.1193 1.1813 0.7407, 0.3438 1.1813 0.8056, 0.3166 1.1813 0.7836, 0.3304 1.1813 0.817, 0.3012 1.1813 0.7946, 0.3148 1.1813 0.8263, 0.3743 1.1813 0.7589, 0.3684 1.1813 0.7592, 0.3621 1.1813 0.793, 0.355 1.1813 0.7575, 0.3423 1.1813 0.7527, 0.1199 1.1813 0.6345, 0.1463 1.1813 0.6573, 0.1355 1.1813 0.6215, 0.1547 1.1813 0.6504, 0.1529 1.1813 0.6131, 0.1648 1.1813 0.6459, 0.1719 1.1813 0.6092, 0.175 1.1813 0.644, 0.2055 1.1813 0.6095, 0.2007 1.1813 0.6442, 0.2087 1.1813 0.61, 0.339 1.1813 0.6514, 0.3055 1.1813 0.6767, 0.1483 1.1813 0.7213, 0.1418 1.1813 0.7139, 0.1078 1.1813 0.7244, 0.1366 1.1813 0.704, 0.1009 1.1813 0.707, 0.134 1.1813 0.6931, 0.0984 1.1813 0.6884, 0.1337 1.1813 0.6881, 0.1012 1.1813 0.6681, 0.1352 1.1813 0.677, 0.1085 1.1813 0.6501, 0.1392 1.1813 0.6669, 0.1455 1.1813 0.6581, 0.1847 1.1813 0.8086, 0.2072 1.1813 0.7826, 0.1656 1.1813 0.7859, 0.1944 1.1813 0.7671, 0.1858 1.1813 0.7487, 0.4239 1.1813 0.7165, 0.4614 1.1813 0.7073, 0.4257 1.1813 0.7027, 0.4616 1.1813 0.7018, 0.4251 1.1813 0.6939, 0.459 1.1813 0.6795, 0.4211 1.1813 0.6799, 0.451 1.1813 0.6582, 0.4144 1.1813 0.6684, 0.4381 1.1813 0.6396, 0.4204 1.1813 0.6243, 0.3602 1.1813 0.6223, 0.358 1.1813 0.6175, 0.2884 1.1813 0.8359, 0.2826 1.1813 0.802, 0.2619 1.1813 0.8387, 0.2616 1.1813 0.8046, 0.2357 1.1813 0.8355, 0.2423 1.1813 0.802, 0.2075 1.1813 0.8245, 0.2245 1.1813 0.7951, 0.2086 1.1813 0.7839, 0.4123 1.1813 0.7827, 0.4305 1.1813 0.7701, 0.411 1.1813 0.7404, 0.4343 1.1813 0.7665, 0.4189 1.1813 0.7291, 0.4482 1.1813 0.7491, 0.4574 1.1813 0.7286, 0.2854 1.1813 0.6094, 0.3183 1.1813 0.6214, 0.2922 1.1813 0.5968, 0.321 1.1813 0.6164, 0.301 1.1813 0.587, 0.3244 1.1813 0.6126, 0.3124 1.1813 0.5792, 0.3287 1.1813 0.6096, 0.3251 1.1813 0.5744, 0.3337 1.1813 0.6077, 0.3389 1.1813 0.5728, 0.3393 1.1813 0.607, 0.3411 1.1813 0.5729, 0.3402 1.1813 0.607, 0.3546 1.1813 0.5751, 0.3453 1.1813 0.6079, 0.3677 1.1813 0.5807, 0.3505 1.1813 0.6101, 0.3548 1.1813 0.6135, 0.2035 1.1813 0.6447, 0.2174 1.1813 0.6155, 0.2161 1.1813 0.6142, 0.2018 1.1813 0.6443, 0.2124 1.1813 0.6115, 0.2218 1.1813 0.6272, 0.2213 1.1813 0.623, 0.2199 1.1813 0.6191, 0.2085 1.1813 0.6442, 0.2124 1.1813 0.6427, 0.2217 1.1813 0.6295, 0.2159 1.1813 0.6402, 0.2183 1.1813 0.6377, 0.2205 1.1813 0.6338, 0.2041 1.1813 0.6447, 0.0984 1.1809 0.6884, 0.1009 1.1809 0.707, 0.1144 1.1809 0.7338, 0.1025 1.1809 0.7109, 0.1078 1.1809 0.7244, 0.1193 1.1809 0.7407, 0.1346 1.1809 0.7539, 0.1515 1.1809 0.7624, 0.1543 1.1809 0.7634, 0.1656 1.1809 0.7859, 0.1847 1.1809 0.8086, 0.2619 1.1809 0.8387, 0.1941 1.1809 0.8152, 0.2075 1.1809 0.8245, 0.2155 1.1809 0.8276, 0.2357 1.1809 0.8355, 0.3304 1.1809 0.817, 0.2884 1.1809 0.8359, 0.3113 1.1809 0.8276, 0.3148 1.1809 0.8263, 0.3556 1.1809 0.7921, 0.3325 1.1809 0.8152, 0.3438 1.1809 0.8056, 0.3621 1.1809 0.793, 0.3687 1.1809 0.7934, 0.3911 1.1809 0.7908, 0.4123 1.1809 0.7827, 0.4305 1.1809 0.7701, 0.4343 1.1809 0.7665, 0.4616 1.1809 0.7018, 0.4482 1.1809 0.7491, 0.455 1.1809 0.7338, 0.4574 1.1809 0.7286, 0.4607 1.1809 0.7109, 0.4614 1.1809 0.7073, 0.4598 1.1809 0.6862, 0.4599 1.1809 0.6878, 0.459 1.1809 0.6795, 0.451 1.1809 0.6582, 0.4381 1.1809 0.6396, 0.4204 1.1809 0.6243, 0.3999 1.1809 0.6141, 0.3927 1.1809 0.6119, 0.3871 1.1809 0.5997, 0.3787 1.1809 0.5892, 0.3677 1.1809 0.5807, 0.3546 1.1809 0.5751, 0.3411 1.1809 0.5729, 0.3389 1.1809 0.5728, 0.3251 1.1809 0.5744, 0.3124 1.1809 0.5792, 0.301 1.1809 0.587, 0.2922 1.1809 0.5968, 0.2854 1.1809 0.6094, 0.282 1.1809 0.6234, 0.2816 1.1809 0.6294, 0.2816 1.1809 0.635, 0.2016 1.1809 0.6766, 0.2071 1.1809 0.6862, 0.208 1.1809 0.6878, 0.219 1.1809 0.7069, 0.2593 1.1809 0.6862, 0.2956 1.1809 0.6676, 0.2562 1.1809 0.6878, 0.3381 1.1809 0.6873, 0.3055 1.1809 0.6767, 0.3175 1.1809 0.6833, 0.3291 1.1809 0.6862, 0.3312 1.1809 0.6868, 0.3468 1.1809 0.6862, 0.3517 1.1809 0.6857, 0.3643 1.1809 0.681, 0.376 1.1809 0.673, 0.3855 1.1809 0.6623, 0.3919 1.1809 0.6501, 0.4233 1.1809 0.6878, 0.4229 1.1809 0.6862, 0.4211 1.1809 0.6799, 0.4144 1.1809 0.6684, 0.4043 1.1809 0.6578, 0.4251 1.1809 0.6939, 0.4257 1.1809 0.7027, 0.4246 1.1809 0.7109, 0.4239 1.1809 0.7165, 0.4189 1.1809 0.7291, 0.4156 1.1809 0.7338, 0.411 1.1809 0.7404, 0.4011 1.1809 0.7491, 0.3884 1.1809 0.7557, 0.3743 1.1809 0.7589, 0.3684 1.1809 0.7592, 0.355 1.1809 0.7575, 0.3423 1.1809 0.7527, 0.3383 1.1809 0.7504, 0.3294 1.1809 0.7684, 0.3166 1.1809 0.7836, 0.3012 1.1809 0.7946, 0.2826 1.1809 0.802, 0.2616 1.1809 0.8046, 0.2423 1.1809 0.802, 0.2245 1.1809 0.7951, 0.2086 1.1809 0.7839, 0.2072 1.1809 0.7826, 0.1944 1.1809 0.7671, 0.1858 1.1809 0.7487, 0.1826 1.1809 0.7338, 0.1824 1.1809 0.7328, 0.1778 1.1809 0.7328, 0.167 1.1809 0.7314, 0.1571 1.1809 0.7275, 0.1483 1.1809 0.7213, 0.1418 1.1809 0.7139, 0.1402 1.1809 0.7109, 0.1366 1.1809 0.704, 0.134 1.1809 0.6931, 0.1337 1.1809 0.6881, 0.1338 1.1809 0.6878, 0.134 1.1809 0.6862, 0.1352 1.1809 0.677, 0.1392 1.1809 0.6669, 0.1455 1.1809 0.6581, 0.1463 1.1809 0.6573, 0.1547 1.1809 0.6504, 0.1648 1.1809 0.6459, 0.175 1.1809 0.644, 0.2007 1.1809 0.6442, 0.2018 1.1809 0.6443, 0.2035 1.1809 0.6447, 0.2041 1.1809 0.6447, 0.2085 1.1809 0.6442, 0.2124 1.1809 0.6427, 0.2159 1.1809 0.6402, 0.2183 1.1809 0.6377, 0.2205 1.1809 0.6338, 0.2217 1.1809 0.6295, 0.2218 1.1809 0.6272, 0.2213 1.1809 0.623, 0.2199 1.1809 0.6191, 0.2174 1.1809 0.6155, 0.2161 1.1809 0.6142, 0.2124 1.1809 0.6115, 0.2087 1.1809 0.61, 0.2055 1.1809 0.6095, 0.1719 1.1809 0.6092, 0.1529 1.1809 0.6131, 0.1355 1.1809 0.6215, 0.1199 1.1809 0.6345, 0.1085 1.1809 0.6501, 0.1012 1.1809 0.6681, 0.0987 1.1809 0.6862, 0.0985 1.1809 0.6878, 0.339 1.1809 0.6514, 0.3349 1.1809 0.651, 0.3295 1.1809 0.6492, 0.3249 1.1809 0.6462, 0.3211 1.1809 0.6422, 0.3185 1.1809 0.6376, 0.3171 1.1809 0.6324, 0.317 1.1809 0.6268, 0.3183 1.1809 0.6214, 0.321 1.1809 0.6164, 0.3244 1.1809 0.6126, 0.3287 1.1809 0.6096, 0.3337 1.1809 0.6077, 0.3393 1.1809 0.607, 0.3402 1.1809 0.607, 0.3453 1.1809 0.6079, 0.3505 1.1809 0.6101, 0.3548 1.1809 0.6135, 0.358 1.1809 0.6175, 0.3602 1.1809 0.6223, 0.3613 1.1809 0.6276, 0.361 1.1809 0.6332, 0.3593 1.1809 0.6385, 0.3563 1.1809 0.6432, 0.354 1.1809 0.6457, 0.3495 1.1809 0.6488, 0.3445 1.1809 0.6507
            ]
        }
        coordIndex [
            0,1,2,-1,3,4,5,-1,6,7,3,-1,8,9,10,-1,11,12,13,-1,14,15,2,-1,2,15,16,-1,2,16,0,-1,10,9,17,-1,7,18,3,-1,3,18,19,-1,3,19,20,-1,19,21,20,-1,20,21,22,-1,20,22,23,-1,23,22,24,-1,23,24,25,-1,26,27,28,-1,28,27,29,-1,28,29,30,-1,30,29,31,-1,30,31,32,-1,32,31,33,-1,32,33,34,-1,34,33,2,-1,34,2,35,-1,35,2,36,-1,37,38,26,-1,26,38,39,-1,26,39,27,-1,40,41,42,-1,42,41,43,-1,42,43,44,-1,44,43,45,-1,44,45,46,-1,46,45,47,-1,11,13,48,-1,48,13,49,-1,48,49,50,-1,50,49,51,-1,50,51,52,-1,9,53,17,-1,17,53,54,-1,17,54,55,-1,55,54,56,-1,55,56,11,-1,11,56,57,-1,11,57,12,-1,58,59,60,-1,60,59,61,-1,60,61,62,-1,62,61,63,-1,62,63,64,-1,64,63,65,-1,64,65,66,-1,66,65,67,-1,66,67,68,-1,6,3,69,-1,69,3,5,-1,69,5,26,-1,26,5,70,-1,26,70,37,-1,45,71,47,-1,47,71,72,-1,47,72,73,-1,73,72,74,-1,73,74,75,-1,75,74,76,-1,75,76,77,-1,77,76,78,-1,77,78,79,-1,79,78,80,-1,79,80,81,-1,81,80,82,-1,81,82,58,-1,58,82,83,-1,58,83,59,-1,84,85,86,-1,86,85,87,-1,86,87,42,-1,42,87,88,-1,42,88,40,-1,89,90,91,-1,91,90,92,-1,91,92,93,-1,93,92,94,-1,93,94,95,-1,95,94,96,-1,95,96,97,-1,97,96,98,-1,97,98,14,-1,14,98,99,-1,14,99,15,-1,36,2,100,-1,100,2,1,-1,100,1,101,-1,52,51,102,-1,102,51,103,-1,102,103,104,-1,104,103,105,-1,104,105,106,-1,106,105,107,-1,106,107,108,-1,108,107,109,-1,108,109,84,-1,84,109,110,-1,84,110,85,-1,10,111,8,-1,8,111,112,-1,8,112,113,-1,113,112,114,-1,113,114,115,-1,115,114,116,-1,115,116,89,-1,89,116,117,-1,89,117,90,-1,25,24,118,-1,118,24,119,-1,118,119,120,-1,120,119,121,-1,120,121,122,-1,122,121,123,-1,122,123,124,-1,124,123,125,-1,124,125,126,-1,126,125,127,-1,126,127,128,-1,128,127,129,-1,128,129,130,-1,130,129,131,-1,130,131,132,-1,132,131,133,-1,132,133,134,-1,134,133,135,-1,134,135,1,-1,1,135,136,-1,1,136,101,-1,137,138,139,-1,67,140,68,-1,68,140,137,-1,68,137,141,-1,141,137,139,-1,142,143,137,-1,137,143,144,-1,137,144,138,-1,145,146,147,-1,146,148,147,-1,147,148,149,-1,147,149,150,-1,142,137,147,-1,147,137,151,-1,147,151,145,-1,77,152,153,-1,154,47,73,-1,77,153,75,-1,75,153,155,-1,75,155,73,-1,73,155,156,-1,73,156,154,-1,154,157,47,-1,47,157,158,-1,47,158,46,-1,46,158,159,-1,46,159,44,-1,44,159,160,-1,44,160,42,-1,42,160,161,-1,42,161,86,-1,86,161,162,-1,86,162,84,-1,163,104,106,-1,84,162,164,-1,84,164,108,-1,164,165,108,-1,108,165,166,-1,108,166,106,-1,106,166,167,-1,106,167,163,-1,168,50,52,-1,104,163,169,-1,104,169,102,-1,102,169,170,-1,102,170,52,-1,52,170,171,-1,52,171,168,-1,172,11,48,-1,50,168,173,-1,50,173,48,-1,48,173,174,-1,48,174,172,-1,11,172,175,-1,11,175,55,-1,55,175,176,-1,55,176,17,-1,17,176,177,-1,17,177,10,-1,10,177,178,-1,10,178,111,-1,111,178,179,-1,111,179,112,-1,112,179,180,-1,112,180,114,-1,181,92,90,-1,114,180,182,-1,114,182,116,-1,116,182,183,-1,116,183,117,-1,183,184,117,-1,117,184,185,-1,117,185,90,-1,90,185,186,-1,90,186,181,-1,187,94,188,-1,188,94,92,-1,188,92,181,-1,187,189,94,-1,94,189,190,-1,94,190,96,-1,96,190,191,-1,96,191,98,-1,98,191,192,-1,98,192,99,-1,99,192,193,-1,99,193,15,-1,15,193,194,-1,15,194,16,-1,16,194,195,-1,16,195,0,-1,0,195,196,-1,0,196,1,-1,1,196,197,-1,1,197,134,-1,134,197,198,-1,134,198,132,-1,132,198,199,-1,132,199,130,-1,130,199,200,-1,130,200,128,-1,128,200,201,-1,128,201,126,-1,126,201,202,-1,126,202,124,-1,124,202,203,-1,124,203,122,-1,122,203,204,-1,122,204,120,-1,120,204,205,-1,120,205,118,-1,118,205,206,-1,118,206,25,-1,25,206,207,-1,25,207,23,-1,20,23,208,-1,208,23,207,-1,3,20,209,-1,209,20,208,-1,209,210,3,-1,3,210,211,-1,3,211,4,-1,4,211,212,-1,213,214,5,-1,213,5,215,-1,215,5,4,-1,215,4,212,-1,216,39,38,-1,5,214,217,-1,5,217,70,-1,70,217,218,-1,70,218,37,-1,37,218,219,-1,37,219,38,-1,38,219,220,-1,38,220,216,-1,27,39,221,-1,221,39,216,-1,221,222,27,-1,27,222,223,-1,27,223,29,-1,29,223,224,-1,29,224,31,-1,31,224,225,-1,31,225,33,-1,33,225,226,-1,33,226,2,-1,227,93,228,-1,228,93,95,-1,228,95,229,-1,229,95,97,-1,229,97,230,-1,230,97,14,-1,230,14,231,-1,231,14,2,-1,231,2,226,-1,227,232,93,-1,93,232,233,-1,93,233,91,-1,89,91,234,-1,234,91,233,-1,234,235,89,-1,89,235,236,-1,89,236,115,-1,115,236,237,-1,115,237,113,-1,237,238,113,-1,113,238,239,-1,113,239,8,-1,8,239,240,-1,8,240,9,-1,9,240,241,-1,9,241,53,-1,53,241,242,-1,53,242,54,-1,54,242,243,-1,54,243,56,-1,56,243,244,-1,56,244,57,-1,57,244,245,-1,57,245,12,-1,12,245,246,-1,12,246,13,-1,13,246,247,-1,13,247,49,-1,49,247,248,-1,49,248,51,-1,51,248,249,-1,51,249,103,-1,103,249,250,-1,103,250,105,-1,105,250,251,-1,105,251,107,-1,107,251,252,-1,107,252,109,-1,109,252,253,-1,109,253,110,-1,110,253,254,-1,110,254,85,-1,85,254,255,-1,85,255,87,-1,87,255,256,-1,87,256,88,-1,88,256,40,-1,40,256,257,-1,40,257,258,-1,41,40,259,-1,259,40,258,-1,41,259,260,-1,41,260,43,-1,43,260,261,-1,43,261,45,-1,45,261,262,-1,45,262,71,-1,71,262,263,-1,71,263,72,-1,72,263,264,-1,72,264,74,-1,264,265,74,-1,74,265,266,-1,74,266,76,-1,76,266,267,-1,76,267,78,-1,267,268,78,-1,78,268,269,-1,78,269,80,-1,269,270,80,-1,80,270,271,-1,80,271,82,-1,82,271,272,-1,82,272,83,-1,83,272,273,-1,83,273,59,-1,59,273,274,-1,59,274,61,-1,61,274,275,-1,61,275,63,-1,63,275,276,-1,63,276,65,-1,67,65,277,-1,277,65,276,-1,67,277,278,-1,67,278,140,-1,140,278,279,-1,140,279,137,-1,137,279,280,-1,137,280,151,-1,151,280,281,-1,151,281,145,-1,145,281,282,-1,145,282,146,-1,146,282,283,-1,146,283,148,-1,148,283,284,-1,148,284,149,-1,149,284,285,-1,149,285,150,-1,150,285,286,-1,150,286,147,-1,147,286,287,-1,147,287,142,-1,142,287,288,-1,142,288,143,-1,143,288,289,-1,143,289,144,-1,144,289,290,-1,144,290,138,-1,138,290,291,-1,138,291,139,-1,139,291,292,-1,139,292,141,-1,141,292,293,-1,141,293,68,-1,68,293,294,-1,68,294,66,-1,64,66,295,-1,295,66,294,-1,64,295,296,-1,64,296,62,-1,62,296,297,-1,62,297,60,-1,60,297,298,-1,60,298,58,-1,58,298,299,-1,58,299,81,-1,81,299,300,-1,81,300,79,-1,79,300,301,-1,79,301,77,-1,77,301,302,-1,77,302,152,-1,69,303,304,-1,69,304,6,-1,6,304,305,-1,6,305,7,-1,7,305,306,-1,7,306,18,-1,18,306,307,-1,18,307,19,-1,19,307,308,-1,19,308,21,-1,21,308,309,-1,21,309,22,-1,22,309,310,-1,22,310,24,-1,24,310,311,-1,24,311,119,-1,119,311,312,-1,119,312,121,-1,121,312,313,-1,121,313,123,-1,123,313,314,-1,123,314,125,-1,125,314,315,-1,125,315,127,-1,127,315,316,-1,127,316,129,-1,129,316,317,-1,129,317,131,-1,131,317,318,-1,131,318,133,-1,133,318,319,-1,133,319,135,-1,135,319,320,-1,135,320,136,-1,136,320,321,-1,136,321,101,-1,101,321,322,-1,101,322,100,-1,100,322,323,-1,100,323,36,-1,36,323,324,-1,36,324,35,-1,35,324,325,-1,35,325,34,-1,34,325,326,-1,34,326,32,-1,32,326,327,-1,32,327,30,-1,30,327,328,-1,30,328,28,-1,28,328,329,-1,28,329,26,-1,26,329,303,-1,26,303,69,-1,
        ]
    }
}
Shape{
    appearance Appearance {
        material  Material 	{
            diffuseColor 0.2235294117647059 0.2235294117647059 0.2235294117647059
            specularColor 0.11372549019607843 0.11372549019607843 0.11372549019607843
            ambientIntensity 0.2235
            transparency 0.0
            shininess 0.5
        }
    }
    geometry IndexedFaceSet {
        ccw TRUE
        solid FALSE
        coord DEF co Coordinate {
            point [
                0.3402 1.1809 0.607, 0.354 1.1809 0.6457, 0.3563 1.1809 0.6432, 0.3337 1.1809 0.6077, 0.3287 1.1809 0.6096, 0.3349 1.1809 0.651, 0.339 1.1809 0.6514, 0.3445 1.1809 0.6507, 0.3495 1.1809 0.6488, 0.3602 1.1809 0.6223, 0.358 1.1809 0.6175, 0.3548 1.1809 0.6135, 0.3393 1.1809 0.607, 0.3185 1.1809 0.6376, 0.3211 1.1809 0.6422, 0.321 1.1809 0.6164, 0.3249 1.1809 0.6462, 0.3593 1.1809 0.6385, 0.361 1.1809 0.6332, 0.3613 1.1809 0.6276, 0.3505 1.1809 0.6101, 0.3453 1.1809 0.6079, 0.3244 1.1809 0.6126, 0.3295 1.1809 0.6492, 0.3183 1.1809 0.6214, 0.317 1.1809 0.6268, 0.3171 1.1809 0.6324, 0.6761 -0.1305 1.6535, 0.6765 -0.1306 1.2402, 0.6874 -0.0462 1.6535, 0.689 -0.0002 1.2402, 0.6752 -0.1374 1.6535, 0.6509 -0.2262 1.6535, 0.6396 -0.2563 1.2402, 0.5787 -0.3721 1.6535, 0.5796 -0.3727 1.2402, 0.6149 -0.3109 1.6535, 0.6383 -0.2557 1.6535, 0.568 -0.3901 1.6535, 0.511 -0.4624 1.6535, 0.4986 -0.4756 1.2402, 0.3988 -0.5603 1.6535, 0.3996 -0.5614 1.2402, 0.4448 -0.5263 1.6535, 0.498 -0.4749 1.6535, 0.3707 -0.5809 1.6535, 0.29 -0.6252 1.6535, 0.2862 -0.6269 1.2402, 0.2861 -0.6267 1.6535, 0.2041 -0.6582 1.6535, 0.1624 -0.6698 1.2402, 0.0327 -0.6878 1.6535, 0.0328 -0.6884 1.2402, 0.1146 -0.6796 1.6535, 0.1621 -0.6683 1.6535, 0.023 -0.6888 1.6535, -0.069 -0.6857 1.6535, -0.0981 -0.6822 1.2402, -0.225 -0.6502 1.6535, -0.2253 -0.6513 1.2402, -0.1597 -0.6704 1.6535, -0.0978 -0.6808 1.6535, -0.2476 -0.6431 1.6535, -0.3311 -0.6044 1.6535, -0.3445 -0.5969 1.2402, -0.4502 -0.5198 1.6535, -0.4512 -0.5209 1.2402, -0.4087 -0.5549 1.6535, -0.344 -0.5961 1.6535, -0.479 -0.4954 1.6535, -0.5407 -0.4272 1.6535, -0.5416 -0.4261 1.2402, -0.5415 -0.426 1.6535, -0.5928 -0.3513 1.6535, -0.6124 -0.3159 1.2402, -0.6604 -0.1941 1.6535, -0.6611 -0.1943 1.2402, -0.6343 -0.2692 1.6535, -0.611 -0.3152 1.6535, -0.6645 -0.1822 1.6535, -0.6828 -0.092 1.6535, -0.6859 -0.0657 1.2402, -0.6846 0.0652 1.6535, -0.6859 0.0653 1.2402, -0.689 -0.0002 1.6535, -0.6846 -0.0656 1.6535, -0.6828 0.0916 1.6535, -0.6645 0.1818 1.6535, -0.6611 0.1939 1.2402, -0.6604 0.1937 1.6535, -0.6343 0.2688 1.6535, -0.6124 0.3155 1.2402, -0.611 0.3148 1.6535, -0.5928 0.3509 1.6535, -0.5416 0.4257 1.2402, -0.5415 0.4256 1.6535, -0.4512 0.5205 1.2402, -0.5407 0.4268 1.6535, -0.479 0.4951 1.6535, -0.344 0.5958 1.6535, -0.3445 0.5965 1.2402, -0.4087 0.5545 1.6535, -0.4502 0.5194 1.6535, -0.3311 0.604 1.6535, -0.2476 0.6427 1.6535, -0.2253 0.6509 1.2402, -0.0978 0.6805 1.6535, -0.0981 0.6818 1.2402, -0.1597 0.67 1.6535, -0.225 0.6498 1.6535, -0.069 0.6853 1.6535, 0.023 0.6884 1.6535, 0.0328 0.688 1.2402, 0.0327 0.6874 1.6535, 0.1146 0.6792 1.6535, 0.1624 0.6694 1.2402, 0.2861 0.6263 1.6535, 0.2862 0.6265 1.2402, 0.2041 0.6578 1.6535, 0.1621 0.6679 1.6535, 0.29 0.6248 1.6535, 0.3707 0.5805 1.6535, 0.3996 0.561 1.2402, 0.498 0.4746 1.6535, 0.4986 0.4753 1.2402, 0.4448 0.5259 1.6535, 0.3988 0.5599 1.6535, 0.511 0.462 1.6535, 0.568 0.3897 1.6535, 0.5796 0.3723 1.2402, 0.6383 0.2553 1.6535, 0.6396 0.2559 1.2402, 0.6149 0.3105 1.6535, 0.5787 0.3717 1.6535, 0.6509 0.2258 1.6535, 0.6752 0.137 1.6535, 0.6765 0.1302 1.2402, 0.6761 0.1301 1.6535, 0.6874 0.0458 1.6535, 0.6874 -0.0002 1.6535, -0.332 -0.2765 2.2835, -0.3241 -0.2955 2.2835, -0.4331 -0.4333 2.2835, -0.3116 -0.3118 2.2835, -0.2953 -0.3243 2.2835, 0.2763 -0.3322 2.2835, 0.2953 -0.3243 2.2835, 0.4331 -0.4333 2.2835, 0.3116 -0.3118 2.2835, 0.3241 -0.2955 2.2835, -0.3241 0.2951 2.2835, -0.332 0.2761 2.2835, -0.4331 0.4329 2.2835, -0.3346 0.2557 2.2835, -0.3346 -0.2561 2.2835, 0.332 0.2761 2.2835, 0.3241 0.2951 2.2835, 0.4331 0.4329 2.2835, 0.3116 0.3114 2.2835, 0.2953 0.3239 2.2835, -0.2763 -0.3322 2.2835, -0.2559 -0.3348 2.2835, 0.2559 -0.3348 2.2835, -0.2763 0.3318 2.2835, -0.2953 0.3239 2.2835, -0.3116 0.3114 2.2835, 0.332 -0.2765 2.2835, 0.3346 -0.2561 2.2835, 0.3346 0.2557 2.2835, 0.2763 0.3318 2.2835, 0.2559 0.3344 2.2835, -0.2559 0.3344 2.2835, 0.4724 0.4329 2.8346, 0.4724 -0.4333 2.8346, 0.4724 0.4329 2.3228, 0.4724 -0.4333 2.3228, -0.4331 -0.4726 2.3228, 0.4331 -0.4726 2.3228, -0.4331 -0.4726 2.8346, 0.4331 -0.4726 2.8346, -0.4724 -0.4333 2.8346, -0.4724 0.4329 2.8346, -0.4724 -0.4333 2.3228, -0.4724 0.4329 2.3228, 0.4331 0.4722 2.3228, -0.4331 0.4722 2.3228, 0.4331 0.4722 2.8346, -0.4331 0.4722 2.8346, 0.2128 -0.1027 2.874, 0.1847 -0.1475 2.874, 0.4331 -0.4333 2.874, 0.1473 -0.1849 2.874, 0.1025 -0.213 2.874, 0.0526 -0.2305 2.874, 0.0 -0.2364 2.874, -0.4331 -0.4333 2.874, -0.0526 -0.2305 2.874, -0.1025 -0.213 2.874, -0.1473 -0.1849 2.874, -0.1847 -0.1475 2.874, -0.2128 -0.1027 2.874, 0.1025 0.2126 2.874, 0.1473 0.1845 2.874, 0.4331 0.4329 2.874, 0.1847 0.1471 2.874, 0.2128 0.1023 2.874, 0.2303 0.0524 2.874, 0.2362 -0.0002 2.874, 0.2303 -0.0528 2.874, -0.2303 -0.0528 2.874, -0.2362 -0.0002 2.874, -0.4331 0.4329 2.874, -0.2303 0.0524 2.874, -0.2128 0.1023 2.874, -0.1847 0.1471 2.874, -0.1473 0.1845 2.874, -0.1025 0.2126 2.874, -0.0526 0.2301 2.874, 0.0 0.236 2.874, 0.0526 0.2301 2.874, 0.2953 -0.2561 1.7323, 0.2953 0.2557 1.7323, 0.2953 -0.2561 2.2441, 0.2953 0.2557 2.2441, 0.2559 -0.2955 2.2441, -0.2559 -0.2955 2.2441, 0.2559 -0.2955 1.7323, -0.2559 -0.2955 1.7323, -0.2953 0.2557 1.7323, -0.2953 -0.2561 1.7323, -0.2953 0.2557 2.2441, -0.2953 -0.2561 2.2441, -0.2559 0.2951 2.2441, 0.2559 0.2951 2.2441, -0.2559 0.2951 1.7323, 0.2559 0.2951 1.7323, 0.1919 0.0436 2.8346, 0.1901 0.0508 2.2835, 0.1969 -0.0002 2.2835, 0.1895 0.0505 2.8346, 0.1774 0.0852 2.8346, 0.1705 0.0982 2.2835, 0.1695 0.0976 2.8346, 0.1539 0.1225 2.8346, 0.1392 0.139 2.2835, 0.1383 0.1381 2.8346, 0.1227 0.1537 2.8346, 0.0984 0.1703 2.2835, 0.0978 0.1693 2.8346, 0.0854 0.1772 2.8346, 0.0509 0.1899 2.2835, 0.0507 0.1893 2.8346, 0.0438 0.1917 2.8346, 0.0 0.1967 2.2835, 0.0 0.1967 2.8346, -0.0438 0.1917 2.8346, -0.0509 0.1899 2.2835, -0.0507 0.1893 2.8346, -0.0854 0.1772 2.8346, -0.0984 0.1703 2.2835, -0.0978 0.1693 2.8346, -0.1227 0.1537 2.8346, -0.1392 0.139 2.2835, -0.1383 0.1381 2.8346, -0.1539 0.1225 2.8346, -0.1705 0.0982 2.2835, -0.1695 0.0976 2.8346, -0.1774 0.0852 2.8346, -0.1901 0.0508 2.2835, -0.1895 0.0505 2.8346, -0.1919 0.0436 2.8346, -0.1969 -0.0002 2.2835, -0.1969 -0.0002 2.8346, -0.1919 -0.044 2.8346, -0.1901 -0.0511 2.2835, -0.1895 -0.0509 2.8346, -0.1774 -0.0856 2.8346, -0.1705 -0.0986 2.2835, -0.1695 -0.098 2.8346, -0.1539 -0.1229 2.8346, -0.1392 -0.1394 2.2835, -0.1383 -0.1385 2.8346, -0.1227 -0.1541 2.8346, -0.0984 -0.1707 2.2835, -0.0978 -0.1697 2.8346, -0.0854 -0.1776 2.8346, -0.0509 -0.1903 2.2835, -0.0507 -0.1897 2.8346, -0.0438 -0.1921 2.8346, 0.0 -0.197 2.2835, 0.0 -0.197 2.8346, 0.0438 -0.1921 2.8346, 0.0509 -0.1903 2.2835, 0.0507 -0.1897 2.8346, 0.0854 -0.1776 2.8346, 0.0984 -0.1707 2.2835, 0.0978 -0.1697 2.8346, 0.1227 -0.1541 2.8346, 0.1392 -0.1394 2.2835, 0.1383 -0.1385 2.8346, 0.1539 -0.1229 2.8346, 0.1705 -0.0986 2.2835, 0.1695 -0.098 2.8346, 0.1774 -0.0856 2.8346, 0.1901 -0.0511 2.2835, 0.1895 -0.0509 2.8346, 0.1919 -0.044 2.8346, 0.1969 -0.0002 2.8346, 0.0 -0.0002 2.2835, -0.2559 -0.2968 2.2543, 0.2559 -0.2968 2.2543, -0.2559 -0.3007 2.2638, 0.2559 -0.3007 2.2638, -0.2559 -0.307 2.2719, 0.2559 -0.307 2.2719, -0.2559 -0.3152 2.2782, 0.2559 -0.3152 2.2782, -0.2559 -0.3247 2.2821, 0.2559 -0.3247 2.2821, -0.3245 -0.2561 2.2821, -0.3221 -0.2738 2.2821, -0.3153 -0.2904 2.2821, -0.3044 -0.3046 2.2821, -0.2902 -0.3155 2.2821, -0.2736 -0.3223 2.2821, -0.315 -0.2561 2.2782, -0.3129 -0.2714 2.2782, -0.307 -0.2856 2.2782, -0.2977 -0.2979 2.2782, -0.2854 -0.3072 2.2782, -0.2712 -0.3131 2.2782, -0.3068 -0.2561 2.2719, -0.3051 -0.2693 2.2719, -0.3 -0.2816 2.2719, -0.2919 -0.2921 2.2719, -0.2814 -0.3002 2.2719, -0.2691 -0.3053 2.2719, -0.3005 -0.2561 2.2638, -0.299 -0.2677 2.2638, -0.2946 -0.2784 2.2638, -0.2875 -0.2877 2.2638, -0.2782 -0.2948 2.2638, -0.2675 -0.2992 2.2638, -0.2966 -0.2561 2.2543, -0.2952 -0.2666 2.2543, -0.2912 -0.2765 2.2543, -0.2847 -0.2849 2.2543, -0.2763 -0.2914 2.2543, -0.2664 -0.2954 2.2543, -0.2939 -0.2663 2.2441, -0.29 -0.2758 2.2441, -0.2837 -0.2839 2.2441, -0.2756 -0.2902 2.2441, -0.2661 -0.2941 2.2441, 0.2736 -0.3223 2.2821, 0.2902 -0.3155 2.2821, 0.3044 -0.3046 2.2821, 0.3153 -0.2904 2.2821, 0.3221 -0.2738 2.2821, 0.3245 -0.2561 2.2821, 0.2712 -0.3131 2.2782, 0.2854 -0.3072 2.2782, 0.2977 -0.2979 2.2782, 0.307 -0.2856 2.2782, 0.3129 -0.2714 2.2782, 0.315 -0.2561 2.2782, 0.2691 -0.3053 2.2719, 0.2814 -0.3002 2.2719, 0.2919 -0.2921 2.2719, 0.3 -0.2816 2.2719, 0.3051 -0.2693 2.2719, 0.3068 -0.2561 2.2719, 0.2675 -0.2992 2.2638, 0.2782 -0.2948 2.2638, 0.2875 -0.2877 2.2638, 0.2946 -0.2784 2.2638, 0.299 -0.2677 2.2638, 0.3005 -0.2561 2.2638, 0.2664 -0.2954 2.2543, 0.2763 -0.2914 2.2543, 0.2847 -0.2849 2.2543, 0.2912 -0.2765 2.2543, 0.2952 -0.2666 2.2543, 0.2966 -0.2561 2.2543, 0.2661 -0.2941 2.2441, 0.2756 -0.2902 2.2441, 0.2837 -0.2839 2.2441, 0.29 -0.2758 2.2441, 0.2939 -0.2663 2.2441, -0.2966 0.2557 2.2543, -0.3005 0.2557 2.2638, -0.3068 0.2557 2.2719, -0.315 0.2557 2.2782, -0.3245 0.2557 2.2821, -0.2661 -0.2941 1.7323, -0.2756 -0.2902 1.7323, -0.2837 -0.2839 1.7323, -0.29 -0.2758 1.7323, -0.2939 -0.2663 1.7323, -0.2559 -0.3348 1.6929, 0.2559 -0.3348 1.6929, -0.2559 -0.3247 1.6943, 0.2559 -0.3247 1.6943, -0.2559 -0.3152 1.6982, 0.2559 -0.3152 1.6982, -0.2559 -0.307 1.7044, 0.2559 -0.307 1.7044, -0.2559 -0.3007 1.7126, 0.2559 -0.3007 1.7126, -0.2559 -0.2968 1.7221, 0.2559 -0.2968 1.7221, 0.2939 -0.2663 1.7323, 0.29 -0.2758 1.7323, 0.2837 -0.2839 1.7323, 0.2756 -0.2902 1.7323, 0.2661 -0.2941 1.7323, 0.2966 0.2557 2.2543, 0.3005 0.2557 2.2638, 0.3068 0.2557 2.2719, 0.315 0.2557 2.2782, 0.3245 0.2557 2.2821, 0.2559 0.2964 2.2543, -0.2559 0.2964 2.2543, 0.2559 0.3004 2.2638, -0.2559 0.3004 2.2638, 0.2559 0.3066 2.2719, -0.2559 0.3066 2.2719, 0.2559 0.3148 2.2782, -0.2559 0.3148 2.2782, 0.2559 0.3243 2.2821, -0.2559 0.3243 2.2821, -0.2736 0.3219 2.2821, -0.2902 0.3151 2.2821, -0.3044 0.3042 2.2821, -0.3153 0.29 2.2821, -0.3221 0.2735 2.2821, -0.2712 0.3128 2.2782, -0.2854 0.3069 2.2782, -0.2977 0.2975 2.2782, -0.307 0.2852 2.2782, -0.3129 0.271 2.2782, -0.2691 0.3049 2.2719, -0.2814 0.2998 2.2719, -0.2919 0.2917 2.2719, -0.3 0.2812 2.2719, -0.3051 0.2689 2.2719, -0.2675 0.2988 2.2638, -0.2782 0.2944 2.2638, -0.2875 0.2873 2.2638, -0.2946 0.278 2.2638, -0.299 0.2673 2.2638, -0.2664 0.295 2.2543, -0.2763 0.291 2.2543, -0.2847 0.2845 2.2543, -0.2912 0.2761 2.2543, -0.2952 0.2662 2.2543, -0.2661 0.2937 2.2441, -0.2756 0.2898 2.2441, -0.2837 0.2835 2.2441, -0.29 0.2754 2.2441, -0.2939 0.2659 2.2441, -0.2763 -0.3322 1.6929, -0.2736 -0.3223 1.6943, -0.2953 -0.3243 1.6929, -0.2902 -0.3155 1.6943, -0.3116 -0.3118 1.6929, -0.3044 -0.3046 1.6943, -0.3241 -0.2955 1.6929, -0.3153 -0.2904 1.6943, -0.332 -0.2765 1.6929, -0.3221 -0.2738 1.6943, -0.3346 -0.2561 1.6929, -0.3245 -0.2561 1.6943, -0.2712 -0.3131 1.6982, -0.2854 -0.3072 1.6982, -0.2977 -0.2979 1.6982, -0.307 -0.2856 1.6982, -0.3129 -0.2714 1.6982, -0.315 -0.2561 1.6982, -0.2691 -0.3053 1.7044, -0.2814 -0.3002 1.7044, -0.2919 -0.2921 1.7044, -0.3 -0.2816 1.7044, -0.3051 -0.2693 1.7044, -0.3068 -0.2561 1.7044, -0.2675 -0.2992 1.7126, -0.2782 -0.2948 1.7126, -0.2875 -0.2877 1.7126, -0.2946 -0.2784 1.7126, -0.299 -0.2677 1.7126, -0.3005 -0.2561 1.7126, -0.2664 -0.2954 1.7221, -0.2763 -0.2914 1.7221, -0.2847 -0.2849 1.7221, -0.2912 -0.2765 1.7221, -0.2952 -0.2666 1.7221, -0.2966 -0.2561 1.7221, 0.3346 -0.2561 1.6929, 0.3245 -0.2561 1.6943, 0.332 -0.2765 1.6929, 0.3221 -0.2738 1.6943, 0.3241 -0.2955 1.6929, 0.3153 -0.2904 1.6943, 0.3116 -0.3118 1.6929, 0.3044 -0.3046 1.6943, 0.2953 -0.3243 1.6929, 0.2902 -0.3155 1.6943, 0.2763 -0.3322 1.6929, 0.2736 -0.3223 1.6943, 0.315 -0.2561 1.6982, 0.3129 -0.2714 1.6982, 0.307 -0.2856 1.6982, 0.2977 -0.2979 1.6982, 0.2854 -0.3072 1.6982, 0.2712 -0.3131 1.6982, 0.3068 -0.2561 1.7044, 0.3051 -0.2693 1.7044, 0.3 -0.2816 1.7044, 0.2919 -0.2921 1.7044, 0.2814 -0.3002 1.7044, 0.2691 -0.3053 1.7044, 0.3005 -0.2561 1.7126, 0.299 -0.2677 1.7126, 0.2946 -0.2784 1.7126, 0.2875 -0.2877 1.7126, 0.2782 -0.2948 1.7126, 0.2675 -0.2992 1.7126, 0.2966 -0.2561 1.7221, 0.2952 -0.2666 1.7221, 0.2912 -0.2765 1.7221, 0.2847 -0.2849 1.7221, 0.2763 -0.2914 1.7221, 0.2664 -0.2954 1.7221, 0.3221 0.2735 2.2821, 0.3153 0.29 2.2821, 0.3044 0.3042 2.2821, 0.2902 0.3151 2.2821, 0.2736 0.3219 2.2821, 0.3129 0.271 2.2782, 0.307 0.2852 2.2782, 0.2977 0.2975 2.2782, 0.2854 0.3069 2.2782, 0.2712 0.3128 2.2782, 0.3051 0.2689 2.2719, 0.3 0.2812 2.2719, 0.2919 0.2917 2.2719, 0.2814 0.2998 2.2719, 0.2691 0.3049 2.2719, 0.299 0.2673 2.2638, 0.2946 0.278 2.2638, 0.2875 0.2873 2.2638, 0.2782 0.2944 2.2638, 0.2675 0.2988 2.2638, 0.2952 0.2662 2.2543, 0.2912 0.2761 2.2543, 0.2847 0.2845 2.2543, 0.2763 0.291 2.2543, 0.2664 0.295 2.2543, 0.2939 0.2659 2.2441, 0.29 0.2754 2.2441, 0.2837 0.2835 2.2441, 0.2756 0.2898 2.2441, 0.2661 0.2937 2.2441, -0.2939 0.2659 1.7323, -0.29 0.2754 1.7323, -0.2837 0.2835 1.7323, -0.2756 0.2898 1.7323, -0.2661 0.2937 1.7323, -0.3346 0.2557 1.6929, -0.3245 0.2557 1.6943, -0.315 0.2557 1.6982, -0.3068 0.2557 1.7044, -0.3005 0.2557 1.7126, -0.2966 0.2557 1.7221, 0.3346 0.2557 1.6929, 0.3245 0.2557 1.6943, 0.315 0.2557 1.6982, 0.3068 0.2557 1.7044, 0.3005 0.2557 1.7126, 0.2966 0.2557 1.7221, 0.2661 0.2937 1.7323, 0.2756 0.2898 1.7323, 0.2837 0.2835 1.7323, 0.29 0.2754 1.7323, 0.2939 0.2659 1.7323, -0.332 0.2761 1.6929, -0.3221 0.2735 1.6943, -0.3241 0.2951 1.6929, -0.3153 0.29 1.6943, -0.3116 0.3114 1.6929, -0.3044 0.3042 1.6943, -0.2953 0.3239 1.6929, -0.2902 0.3151 1.6943, -0.2763 0.3318 1.6929, -0.2736 0.3219 1.6943, -0.2559 0.3344 1.6929, -0.2559 0.3243 1.6943, -0.3129 0.271 1.6982, -0.307 0.2852 1.6982, -0.2977 0.2975 1.6982, -0.2854 0.3069 1.6982, -0.2712 0.3128 1.6982, -0.2559 0.3148 1.6982, -0.3051 0.2689 1.7044, -0.3 0.2812 1.7044, -0.2919 0.2917 1.7044, -0.2814 0.2998 1.7044, -0.2691 0.3049 1.7044, -0.2559 0.3066 1.7044, -0.299 0.2673 1.7126, -0.2946 0.278 1.7126, -0.2875 0.2873 1.7126, -0.2782 0.2944 1.7126, -0.2675 0.2988 1.7126, -0.2559 0.3004 1.7126, -0.2952 0.2662 1.7221, -0.2912 0.2761 1.7221, -0.2847 0.2845 1.7221, -0.2763 0.291 1.7221, -0.2664 0.295 1.7221, -0.2559 0.2964 1.7221, 0.2559 0.3344 1.6929, 0.2559 0.3243 1.6943, 0.2763 0.3318 1.6929, 0.2736 0.3219 1.6943, 0.2953 0.3239 1.6929, 0.2902 0.3151 1.6943, 0.3116 0.3114 1.6929, 0.3044 0.3042 1.6943, 0.3241 0.2951 1.6929, 0.3153 0.29 1.6943, 0.332 0.2761 1.6929, 0.3221 0.2735 1.6943, 0.2559 0.3148 1.6982, 0.2712 0.3128 1.6982, 0.2854 0.3069 1.6982, 0.2977 0.2975 1.6982, 0.307 0.2852 1.6982, 0.3129 0.271 1.6982, 0.2559 0.3066 1.7044, 0.2691 0.3049 1.7044, 0.2814 0.2998 1.7044, 0.2919 0.2917 1.7044, 0.3 0.2812 1.7044, 0.3051 0.2689 1.7044, 0.2559 0.3004 1.7126, 0.2675 0.2988 1.7126, 0.2782 0.2944 1.7126, 0.2875 0.2873 1.7126, 0.2946 0.278 1.7126, 0.299 0.2673 1.7126, 0.2559 0.2964 1.7221, 0.2664 0.295 1.7221, 0.2763 0.291 1.7221, 0.2847 0.2845 1.7221, 0.2912 0.2761 1.7221, 0.2952 0.2662 1.7221, 0.4331 -0.4713 2.8448, -0.4331 -0.4713 2.8448, 0.4331 -0.4674 2.8543, -0.4331 -0.4674 2.8543, 0.4331 -0.4611 2.8625, -0.4331 -0.4611 2.8625, 0.4331 -0.453 2.8687, -0.4331 -0.453 2.8687, 0.4331 -0.4435 2.8727, -0.4331 -0.4435 2.8727, -0.4429 -0.47 2.8448, -0.4429 -0.4503 2.8687, -0.4382 -0.4421 2.8727, -0.4403 -0.4405 2.8727, -0.4433 -0.4333 2.8727, -0.4429 -0.4359 2.8727, -0.4357 -0.4431 2.8727, -0.4382 -0.4523 2.8687, -0.4403 -0.4602 2.8625, -0.447 -0.4472 2.8687, -0.4419 -0.4384 2.8727, -0.4501 -0.4431 2.8687, -0.4521 -0.4384 2.8687, -0.4528 -0.4333 2.8687, -0.447 -0.4574 2.8625, -0.4528 -0.453 2.8625, -0.4572 -0.4472 2.8625, -0.46 -0.4405 2.8625, -0.4609 -0.4333 2.8625, -0.4419 -0.4662 2.8543, -0.4501 -0.4628 2.8543, -0.4572 -0.4574 2.8543, -0.4626 -0.4503 2.8543, -0.466 -0.4421 2.8543, -0.4672 -0.4333 2.8543, -0.4521 -0.4662 2.8448, -0.46 -0.4602 2.8448, -0.466 -0.4523 2.8448, -0.4698 -0.4431 2.8448, -0.4711 -0.4333 2.8448, -0.4433 -0.4713 2.8346, -0.4528 -0.4674 2.8346, -0.4609 -0.4611 2.8346, -0.4672 -0.453 2.8346, -0.4711 -0.4435 2.8346, 0.4429 -0.4435 2.8714, 0.4429 -0.4674 2.8517, 0.4382 -0.4713 2.8435, 0.4403 -0.4713 2.8419, 0.4433 -0.4713 2.8346, 0.4429 -0.4713 2.8373, 0.4357 -0.4713 2.8445, 0.4382 -0.4674 2.8537, 0.4403 -0.4611 2.8615, 0.447 -0.4674 2.8486, 0.4419 -0.4713 2.8397, 0.4501 -0.4674 2.8445, 0.4521 -0.4674 2.8397, 0.4528 -0.4674 2.8346, 0.447 -0.4611 2.8588, 0.4528 -0.4611 2.8543, 0.4572 -0.4611 2.8486, 0.46 -0.4611 2.8419, 0.4609 -0.4611 2.8346, 0.4419 -0.453 2.8676, 0.4501 -0.453 2.8642, 0.4572 -0.453 2.8588, 0.4626 -0.453 2.8517, 0.466 -0.453 2.8435, 0.4672 -0.453 2.8346, 0.4521 -0.4435 2.8676, 0.46 -0.4435 2.8615, 0.466 -0.4435 2.8537, 0.4698 -0.4435 2.8445, 0.4711 -0.4435 2.8346, 0.4433 -0.4333 2.8727, 0.4528 -0.4333 2.8687, 0.4609 -0.4333 2.8625, 0.4672 -0.4333 2.8543, 0.4711 -0.4333 2.8448, -0.4711 0.4329 2.8448, -0.4672 0.4329 2.8543, -0.4609 0.4329 2.8625, -0.4528 0.4329 2.8687, -0.4433 0.4329 2.8727, -0.4433 -0.4713 2.3228, -0.4528 -0.4674 2.3228, -0.4609 -0.4611 2.3228, -0.4672 -0.453 2.3228, -0.4711 -0.4435 2.3228, -0.4331 -0.4713 2.3126, 0.4331 -0.4713 2.3126, -0.4331 -0.4674 2.3031, 0.4331 -0.4674 2.3031, -0.4331 -0.4611 2.295, 0.4331 -0.4611 2.295, -0.4331 -0.453 2.2887, 0.4331 -0.453 2.2887, -0.4331 -0.4435 2.2848, 0.4331 -0.4435 2.2848, 0.4711 -0.4435 2.3228, 0.4672 -0.453 2.3228, 0.4609 -0.4611 2.3228, 0.4528 -0.4674 2.3228, 0.4433 -0.4713 2.3228, 0.4711 0.4329 2.8448, 0.4672 0.4329 2.8543, 0.4609 0.4329 2.8625, 0.4528 0.4329 2.8687, 0.4433 0.4329 2.8727, -0.4331 0.4709 2.8448, 0.4331 0.4709 2.8448, -0.4331 0.467 2.8543, 0.4331 0.467 2.8543, -0.4331 0.4607 2.8625, 0.4331 0.4607 2.8625, -0.4331 0.4526 2.8687, 0.4331 0.4526 2.8687, -0.4331 0.4431 2.8727, 0.4331 0.4431 2.8727, -0.4698 0.4427 2.8448, -0.4501 0.4427 2.8687, -0.4419 0.438 2.8727, -0.4403 0.4401 2.8727, -0.4357 0.4427 2.8727, -0.4429 0.4355 2.8727, -0.4521 0.438 2.8687, -0.46 0.4401 2.8625, -0.447 0.4468 2.8687, -0.4382 0.4417 2.8727, -0.4429 0.4499 2.8687, -0.4382 0.4519 2.8687, -0.4572 0.4468 2.8625, -0.4528 0.4526 2.8625, -0.447 0.457 2.8625, -0.4403 0.4598 2.8625, -0.466 0.4417 2.8543, -0.4626 0.4499 2.8543, -0.4572 0.457 2.8543, -0.4501 0.4624 2.8543, -0.4419 0.4658 2.8543, -0.466 0.4519 2.8448, -0.46 0.4598 2.8448, -0.4521 0.4658 2.8448, -0.4429 0.4696 2.8448, -0.4711 0.4431 2.8346, -0.4672 0.4526 2.8346, -0.4609 0.4607 2.8346, -0.4528 0.467 2.8346, -0.4433 0.4709 2.8346, -0.4429 -0.4435 2.2861, -0.4429 -0.4674 2.3058, -0.4382 -0.4713 2.314, -0.4403 -0.4713 2.3156, -0.4429 -0.4713 2.3202, -0.4357 -0.4713 2.313, -0.4382 -0.4674 2.3038, -0.4403 -0.4611 2.2959, -0.447 -0.4674 2.3089, -0.4419 -0.4713 2.3177, -0.4501 -0.4674 2.313, -0.4521 -0.4674 2.3177, -0.447 -0.4611 2.2987, -0.4528 -0.4611 2.3031, -0.4572 -0.4611 2.3089, -0.46 -0.4611 2.3156, -0.4419 -0.453 2.2899, -0.4501 -0.453 2.2933, -0.4572 -0.453 2.2987, -0.4626 -0.453 2.3058, -0.466 -0.453 2.314, -0.4521 -0.4435 2.2899, -0.46 -0.4435 2.2959, -0.466 -0.4435 2.3038, -0.4698 -0.4435 2.313, -0.4433 -0.4333 2.2848, -0.4528 -0.4333 2.2887, -0.4609 -0.4333 2.295, -0.4672 -0.4333 2.3031, -0.4711 -0.4333 2.3126, 0.4698 -0.4435 2.313, 0.4501 -0.4674 2.313, 0.4419 -0.4713 2.3177, 0.4403 -0.4713 2.3156, 0.4357 -0.4713 2.313, 0.4429 -0.4713 2.3202, 0.4521 -0.4674 2.3177, 0.46 -0.4611 2.3156, 0.447 -0.4674 2.3089, 0.4382 -0.4713 2.314, 0.4429 -0.4674 2.3058, 0.4382 -0.4674 2.3038, 0.4572 -0.4611 2.3089, 0.4528 -0.4611 2.3031, 0.447 -0.4611 2.2987, 0.4403 -0.4611 2.2959, 0.466 -0.453 2.314, 0.4626 -0.453 2.3058, 0.4572 -0.453 2.2987, 0.4501 -0.453 2.2933, 0.4419 -0.453 2.2899, 0.466 -0.4435 2.3038, 0.46 -0.4435 2.2959, 0.4521 -0.4435 2.2899, 0.4429 -0.4435 2.2861, 0.4711 -0.4333 2.3126, 0.4672 -0.4333 2.3031, 0.4609 -0.4333 2.295, 0.4528 -0.4333 2.2887, 0.4433 -0.4333 2.2848, 0.4429 0.4696 2.8448, 0.4429 0.4499 2.8687, 0.4382 0.4417 2.8727, 0.4403 0.4401 2.8727, 0.4429 0.4355 2.8727, 0.4357 0.4427 2.8727, 0.4382 0.4519 2.8687, 0.4403 0.4598 2.8625, 0.447 0.4468 2.8687, 0.4419 0.438 2.8727, 0.4501 0.4427 2.8687, 0.4521 0.438 2.8687, 0.447 0.457 2.8625, 0.4528 0.4526 2.8625, 0.4572 0.4468 2.8625, 0.46 0.4401 2.8625, 0.4419 0.4658 2.8543, 0.4501 0.4624 2.8543, 0.4572 0.457 2.8543, 0.4626 0.4499 2.8543, 0.466 0.4417 2.8543, 0.4521 0.4658 2.8448, 0.46 0.4598 2.8448, 0.466 0.4519 2.8448, 0.4698 0.4427 2.8448, 0.4433 0.4709 2.8346, 0.4528 0.467 2.8346, 0.4609 0.4607 2.8346, 0.4672 0.4526 2.8346, 0.4711 0.4431 2.8346, -0.4711 0.4431 2.3228, -0.4672 0.4526 2.3228, -0.4609 0.4607 2.3228, -0.4528 0.467 2.3228, -0.4433 0.4709 2.3228, -0.4711 0.4329 2.3126, -0.4672 0.4329 2.3031, -0.4609 0.4329 2.295, -0.4528 0.4329 2.2887, -0.4433 0.4329 2.2848, 0.4711 0.4329 2.3126, 0.4672 0.4329 2.3031, 0.4609 0.4329 2.295, 0.4528 0.4329 2.2887, 0.4433 0.4329 2.2848, 0.4433 0.4709 2.3228, 0.4528 0.467 2.3228, 0.4609 0.4607 2.3228, 0.4672 0.4526 2.3228, 0.4711 0.4431 2.3228, -0.4433 0.4427 2.2861, -0.4672 0.4427 2.3058, -0.4711 0.438 2.314, -0.4711 0.4401 2.3156, -0.4711 0.4427 2.3202, -0.4711 0.4355 2.313, -0.4672 0.438 2.3038, -0.4609 0.4401 2.2959, -0.4672 0.4468 2.3089, -0.4711 0.4417 2.3177, -0.4672 0.4499 2.313, -0.4672 0.4519 2.3177, -0.4609 0.4468 2.2987, -0.4609 0.4526 2.3031, -0.4609 0.457 2.3089, -0.4609 0.4598 2.3156, -0.4528 0.4417 2.2899, -0.4528 0.4499 2.2933, -0.4528 0.457 2.2987, -0.4528 0.4624 2.3058, -0.4528 0.4658 2.314, -0.4433 0.4519 2.2899, -0.4433 0.4598 2.2959, -0.4433 0.4658 2.3038, -0.4433 0.4696 2.313, -0.4331 0.4431 2.2848, -0.4331 0.4526 2.2887, -0.4331 0.4607 2.295, -0.4331 0.467 2.3031, -0.4331 0.4709 2.3126, 0.4433 0.4696 2.313, 0.4672 0.4499 2.313, 0.4711 0.4417 2.3177, 0.4711 0.4401 2.3156, 0.4711 0.4355 2.313, 0.4711 0.4427 2.3202, 0.4672 0.4519 2.3177, 0.4609 0.4598 2.3156, 0.4672 0.4468 2.3089, 0.4711 0.438 2.314, 0.4672 0.4427 2.3058, 0.4672 0.438 2.3038, 0.4609 0.457 2.3089, 0.4609 0.4526 2.3031, 0.4609 0.4468 2.2987, 0.4609 0.4401 2.2959, 0.4528 0.4658 2.314, 0.4528 0.4624 2.3058, 0.4528 0.457 2.2987, 0.4528 0.4499 2.2933, 0.4528 0.4417 2.2899, 0.4433 0.4658 2.3038, 0.4433 0.4598 2.2959, 0.4433 0.4519 2.2899, 0.4433 0.4427 2.2861, 0.4331 0.4709 2.3126, 0.4331 0.467 2.3031, 0.4331 0.4607 2.295, 0.4331 0.4526 2.2887, 0.4331 0.4431 2.2848, 0.1786 -0.0862 2.8448, 0.155 -0.1238 2.8448, 0.1236 -0.1551 2.8448, 0.086 -0.1788 2.8448, 0.0441 -0.1934 2.8448, 0.0 -0.1984 2.8448, -0.0441 -0.1934 2.8448, -0.086 -0.1788 2.8448, -0.1236 -0.1551 2.8448, -0.155 -0.1238 2.8448, -0.1786 -0.0862 2.8448, -0.1932 -0.0443 2.8448, -0.1982 -0.0002 2.8448, -0.1932 0.0439 2.8448, -0.1786 0.0858 2.8448, -0.155 0.1234 2.8448, -0.1236 0.1548 2.8448, -0.086 0.1784 2.8448, -0.0441 0.193 2.8448, 0.0 0.198 2.8448, 0.0441 0.193 2.8448, 0.086 0.1784 2.8448, 0.1236 0.1548 2.8448, 0.155 0.1234 2.8448, 0.1786 0.0858 2.8448, 0.1932 0.0439 2.8448, 0.1982 -0.0002 2.8448, 0.1932 -0.0443 2.8448, 0.1971 0.0448 2.8543, 0.1821 0.0875 2.8543, 0.158 0.1258 2.8543, 0.126 0.1578 2.8543, 0.0877 0.1819 2.8543, 0.045 0.1969 2.8543, 0.0 0.2019 2.8543, -0.045 0.1969 2.8543, -0.0877 0.1819 2.8543, -0.126 0.1578 2.8543, -0.158 0.1258 2.8543, -0.1821 0.0875 2.8543, -0.1971 0.0448 2.8543, -0.2021 -0.0002 2.8543, -0.1971 -0.0452 2.8543, -0.1821 -0.0879 2.8543, -0.158 -0.1262 2.8543, -0.126 -0.1582 2.8543, -0.0877 -0.1823 2.8543, -0.045 -0.1973 2.8543, 0.0 -0.2023 2.8543, 0.045 -0.1973 2.8543, 0.0877 -0.1823 2.8543, 0.126 -0.1582 2.8543, 0.158 -0.1262 2.8543, 0.1821 -0.0879 2.8543, 0.1971 -0.0452 2.8543, 0.2021 -0.0002 2.8543, 0.2032 0.0462 2.8625, 0.1877 0.0902 2.8625, 0.1629 0.1297 2.8625, 0.1299 0.1627 2.8625, 0.0904 0.1875 2.8625, 0.0464 0.203 2.8625, 0.0 0.2082 2.8625, -0.0464 0.203 2.8625, -0.0904 0.1875 2.8625, -0.1299 0.1627 2.8625, -0.1629 0.1297 2.8625, -0.1877 0.0902 2.8625, -0.2032 0.0462 2.8625, -0.2084 -0.0002 2.8625, -0.2032 -0.0466 2.8625, -0.1877 -0.0906 2.8625, -0.1629 -0.1301 2.8625, -0.1299 -0.1631 2.8625, -0.0904 -0.1879 2.8625, -0.0464 -0.2034 2.8625, 0.0 -0.2086 2.8625, 0.0464 -0.2034 2.8625, 0.0904 -0.1879 2.8625, 0.1299 -0.1631 2.8625, 0.1629 -0.1301 2.8625, 0.1877 -0.0906 2.8625, 0.2032 -0.0466 2.8625, 0.2084 -0.0002 2.8625, 0.2111 0.048 2.8687, 0.1951 0.0938 2.8687, 0.1693 0.1348 2.8687, 0.135 0.1691 2.8687, 0.094 0.1949 2.8687, 0.0482 0.2109 2.8687, 0.0 0.2163 2.8687, -0.0482 0.2109 2.8687, -0.094 0.1949 2.8687, -0.135 0.1691 2.8687, -0.1693 0.1348 2.8687, -0.1951 0.0938 2.8687, -0.2111 0.048 2.8687, -0.2165 -0.0002 2.8687, -0.2111 -0.0484 2.8687, -0.1951 -0.0941 2.8687, -0.1693 -0.1352 2.8687, -0.135 -0.1695 2.8687, -0.094 -0.1953 2.8687, -0.0482 -0.2113 2.8687, 0.0 -0.2167 2.8687, 0.0482 -0.2113 2.8687, 0.094 -0.1953 2.8687, 0.135 -0.1695 2.8687, 0.1693 -0.1352 2.8687, 0.1951 -0.0941 2.8687, 0.2111 -0.0484 2.8687, 0.2165 -0.0002 2.8687, 0.2204 0.0501 2.8727, 0.2036 0.0979 2.8727, 0.1767 0.1407 2.8727, 0.1409 0.1765 2.8727, 0.0981 0.2035 2.8727, 0.0503 0.2202 2.8727, 0.0 0.2258 2.8727, -0.0503 0.2202 2.8727, -0.0981 0.2035 2.8727, -0.1409 0.1765 2.8727, -0.1767 0.1407 2.8727, -0.2036 0.0979 2.8727, -0.2204 0.0501 2.8727, -0.226 -0.0002 2.8727, -0.2204 -0.0505 2.8727, -0.2036 -0.0983 2.8727, -0.1767 -0.1411 2.8727, -0.1409 -0.1769 2.8727, -0.0981 -0.2038 2.8727, -0.0503 -0.2206 2.8727, 0.0 -0.2262 2.8727, 0.0503 -0.2206 2.8727, 0.0981 -0.2038 2.8727, 0.1409 -0.1769 2.8727, 0.1767 -0.1411 2.8727, 0.2036 -0.0983 2.8727, 0.2204 -0.0505 2.8727, 0.226 -0.0002 2.8727, -0.6815 -0.0918 1.6637, -0.5916 -0.3506 1.6637, -0.6331 -0.2686 1.6637, -0.6632 -0.1819 1.6637, -0.5397 -0.4264 1.6637, -0.478 -0.4945 1.6637, -0.4079 -0.5538 1.6637, -0.3305 -0.6032 1.6637, -0.2471 -0.6419 1.6637, -0.1594 -0.6691 1.6637, -0.0688 -0.6844 1.6637, 0.2037 -0.657 1.6637, 0.1144 -0.6783 1.6637, 0.023 -0.6874 1.6637, 0.2894 -0.6239 1.6637, 0.37 -0.5798 1.6637, 0.444 -0.5253 1.6637, 0.51 -0.4615 1.6637, 0.6496 -0.2258 1.6637, 0.6137 -0.3103 1.6637, 0.5669 -0.3894 1.6637, 0.6739 -0.1372 1.6637, 0.6861 -0.0461 1.6637, 0.6861 0.0457 1.6637, 0.6739 0.1368 1.6637, 0.6496 0.2254 1.6637, 0.6137 0.3099 1.6637, 0.5669 0.389 1.6637, 0.37 0.5794 1.6637, 0.444 0.5249 1.6637, 0.51 0.4611 1.6637, 0.2894 0.6236 1.6637, 0.2037 0.6566 1.6637, 0.1144 0.6779 1.6637, 0.023 0.6871 1.6637, -0.0688 0.684 1.6637, -0.1594 0.6687 1.6637, -0.2471 0.6415 1.6637, -0.478 0.4941 1.6637, -0.4079 0.5534 1.6637, -0.3305 0.6028 1.6637, -0.5397 0.426 1.6637, -0.5916 0.3502 1.6637, -0.6331 0.2682 1.6637, -0.6632 0.1815 1.6637, -0.6815 0.0915 1.6637, -0.6876 -0.0002 1.6637, -0.6776 0.0909 1.6732, -0.6594 0.1804 1.6732, -0.6294 0.2667 1.6732, -0.5883 0.3482 1.6732, -0.5366 0.4235 1.6732, -0.4753 0.4913 1.6732, -0.4056 0.5502 1.6732, -0.3286 0.5994 1.6732, -0.2457 0.6378 1.6732, -0.1585 0.6649 1.6732, -0.0684 0.6801 1.6732, 0.0228 0.6831 1.6732, 0.1137 0.674 1.6732, 0.2026 0.6528 1.6732, 0.2878 0.62 1.6732, 0.3679 0.5761 1.6732, 0.4414 0.5219 1.6732, 0.5071 0.4584 1.6732, 0.5637 0.3867 1.6732, 0.6102 0.3082 1.6732, 0.6459 0.2241 1.6732, 0.67 0.136 1.6732, 0.6822 0.0455 1.6732, 0.6822 -0.0459 1.6732, 0.67 -0.1364 1.6732, 0.6459 -0.2245 1.6732, 0.6102 -0.3086 1.6732, 0.5637 -0.3871 1.6732, 0.5071 -0.4588 1.6732, 0.4414 -0.5223 1.6732, 0.3679 -0.5765 1.6732, 0.2878 -0.6204 1.6732, 0.2026 -0.6532 1.6732, 0.1137 -0.6744 1.6732, 0.0228 -0.6835 1.6732, -0.0684 -0.6805 1.6732, -0.1585 -0.6653 1.6732, -0.2457 -0.6382 1.6732, -0.3286 -0.5998 1.6732, -0.4056 -0.5506 1.6732, -0.4753 -0.4917 1.6732, -0.5366 -0.4239 1.6732, -0.5883 -0.3486 1.6732, -0.6294 -0.2671 1.6732, -0.6594 -0.1808 1.6732, -0.6776 -0.0913 1.6732, -0.6837 -0.0002 1.6732, -0.6714 0.0901 1.6814, -0.6534 0.1788 1.6814, -0.6237 0.2643 1.6814, -0.5829 0.345 1.6814, -0.5317 0.4196 1.6814, -0.471 0.4868 1.6814, -0.4018 0.5452 1.6814, -0.3256 0.5939 1.6814, -0.2435 0.632 1.6814, -0.157 0.6588 1.6814, -0.0678 0.6738 1.6814, 0.0226 0.6769 1.6814, 0.1127 0.6678 1.6814, 0.2007 0.6468 1.6814, 0.2852 0.6143 1.6814, 0.3645 0.5708 1.6814, 0.4374 0.5171 1.6814, 0.5024 0.4542 1.6814, 0.5585 0.3832 1.6814, 0.6046 0.3053 1.6814, 0.64 0.222 1.6814, 0.6639 0.1347 1.6814, 0.6759 0.0451 1.6814, 0.6759 -0.0454 1.6814, 0.6639 -0.1351 1.6814, 0.64 -0.2224 1.6814, 0.6046 -0.3057 1.6814, 0.5585 -0.3836 1.6814, 0.5024 -0.4546 1.6814, 0.4374 -0.5175 1.6814, 0.3645 -0.5712 1.6814, 0.2852 -0.6147 1.6814, 0.2007 -0.6472 1.6814, 0.1127 -0.6682 1.6814, 0.0226 -0.6773 1.6814, -0.0678 -0.6742 1.6814, -0.157 -0.6592 1.6814, -0.2435 -0.6324 1.6814, -0.3256 -0.5943 1.6814, -0.4018 -0.5456 1.6814, -0.471 -0.4872 1.6814, -0.5317 -0.42 1.6814, -0.5829 -0.3454 1.6814, -0.6237 -0.2647 1.6814, -0.6534 -0.1792 1.6814, -0.6714 -0.0905 1.6814, -0.6774 -0.0002 1.6814, -0.6633 0.089 1.6876, -0.6455 0.1766 1.6876, -0.6162 0.2611 1.6876, -0.5759 0.3409 1.6876, -0.5253 0.4146 1.6876, -0.4653 0.4809 1.6876, -0.397 0.5386 1.6876, -0.3216 0.5867 1.6876, -0.2405 0.6244 1.6876, -0.1552 0.6509 1.6876, -0.067 0.6657 1.6876, 0.0224 0.6687 1.6876, 0.1113 0.6598 1.6876, 0.1983 0.639 1.6876, 0.2817 0.6069 1.6876, 0.3601 0.5639 1.6876, 0.4321 0.5109 1.6876, 0.4964 0.4488 1.6876, 0.5518 0.3786 1.6876, 0.5974 0.3017 1.6876, 0.6323 0.2193 1.6876, 0.6559 0.1331 1.6876, 0.6678 0.0445 1.6876, 0.6678 -0.0449 1.6876, 0.6559 -0.1335 1.6876, 0.6323 -0.2197 1.6876, 0.5974 -0.3021 1.6876, 0.5518 -0.379 1.6876, 0.4964 -0.4491 1.6876, 0.4321 -0.5113 1.6876, 0.3601 -0.5643 1.6876, 0.2817 -0.6073 1.6876, 0.1983 -0.6394 1.6876, 0.1113 -0.6602 1.6876, 0.0224 -0.6691 1.6876, -0.067 -0.6661 1.6876, -0.1552 -0.6513 1.6876, -0.2405 -0.6248 1.6876, -0.3216 -0.5871 1.6876, -0.397 -0.539 1.6876, -0.4653 -0.4813 1.6876, -0.5253 -0.415 1.6876, -0.5759 -0.3413 1.6876, -0.6162 -0.2615 1.6876, -0.6455 -0.177 1.6876, -0.6633 -0.0894 1.6876, -0.6693 -0.0002 1.6876, -0.6539 0.0877 1.6916, -0.6364 0.1741 1.6916, -0.6074 0.2574 1.6916, -0.5677 0.336 1.6916, -0.5178 0.4087 1.6916, -0.4587 0.4741 1.6916, -0.3914 0.531 1.6916, -0.3171 0.5784 1.6916, -0.2371 0.6155 1.6916, -0.153 0.6416 1.6916, -0.066 0.6563 1.6916, 0.022 0.6592 1.6916, 0.1097 0.6504 1.6916, 0.1955 0.63 1.6916, 0.2777 0.5983 1.6916, 0.355 0.5559 1.6916, 0.426 0.5037 1.6916, 0.4893 0.4424 1.6916, 0.544 0.3732 1.6916, 0.5889 0.2974 1.6916, 0.6233 0.2162 1.6916, 0.6466 0.1312 1.6916, 0.6583 0.0439 1.6916, 0.6583 -0.0443 1.6916, 0.6466 -0.1316 1.6916, 0.6233 -0.2166 1.6916, 0.5889 -0.2978 1.6916, 0.544 -0.3736 1.6916, 0.4893 -0.4428 1.6916, 0.426 -0.5041 1.6916, 0.355 -0.5563 1.6916, 0.2777 -0.5987 1.6916, 0.1955 -0.6304 1.6916, 0.1097 -0.6508 1.6916, 0.022 -0.6596 1.6916, -0.066 -0.6567 1.6916, -0.153 -0.642 1.6916, -0.2371 -0.6159 1.6916, -0.3171 -0.5788 1.6916, -0.3914 -0.5314 1.6916, -0.4587 -0.4745 1.6916, -0.5178 -0.4091 1.6916, -0.5677 -0.3364 1.6916, -0.6074 -0.2578 1.6916, -0.6364 -0.1745 1.6916, -0.6539 -0.0881 1.6916, -0.6598 -0.0002 1.6916, -0.6438 0.0864 1.6929, -0.6265 0.1714 1.6929, -0.5981 0.2534 1.6929, -0.5589 0.3309 1.6929, -0.5098 0.4024 1.6929, -0.4516 0.4668 1.6929, -0.3853 0.5228 1.6929, -0.3122 0.5695 1.6929, -0.2335 0.606 1.6929, -0.1506 0.6317 1.6929, -0.065 0.6461 1.6929, 0.0217 0.649 1.6929, 0.108 0.6404 1.6929, 0.1925 0.6202 1.6929, 0.2734 0.5891 1.6929, 0.3495 0.5474 1.6929, 0.4194 0.4959 1.6929, 0.4818 0.4355 1.6929, 0.5356 0.3674 1.6929, 0.5798 0.2928 1.6929, 0.6137 0.2129 1.6929, 0.6366 0.1292 1.6929, 0.6482 0.0432 1.6929, 0.6482 -0.0436 1.6929, 0.6366 -0.1296 1.6929, 0.6137 -0.2133 1.6929, 0.5798 -0.2932 1.6929, 0.5356 -0.3678 1.6929, 0.4818 -0.4359 1.6929, 0.4194 -0.4963 1.6929, 0.3495 -0.5477 1.6929, 0.2734 -0.5894 1.6929, 0.1925 -0.6206 1.6929, 0.108 -0.6408 1.6929, 0.0217 -0.6494 1.6929, -0.065 -0.6465 1.6929, -0.1506 -0.6321 1.6929, -0.2335 -0.6064 1.6929, -0.3122 -0.5699 1.6929, -0.3853 -0.5232 1.6929, -0.4516 -0.4671 1.6929, -0.5098 -0.4028 1.6929, -0.5589 -0.3312 1.6929, -0.5981 -0.2538 1.6929, -0.6265 -0.1718 1.6929, -0.6438 -0.0868 1.6929, -0.6496 -0.0002 1.6929
            ]
        }
        coordIndex [
            0,1,2,-1,3,4,5,-1,6,7,0,-1,0,7,8,-1,0,8,1,-1,9,10,2,-1,2,10,11,-1,6,0,5,-1,5,0,12,-1,5,12,3,-1,13,14,15,-1,15,14,16,-1,17,18,2,-1,2,18,19,-1,2,19,9,-1,11,20,2,-1,2,20,21,-1,2,21,0,-1,4,22,5,-1,5,22,15,-1,5,15,23,-1,23,15,16,-1,24,25,15,-1,15,25,26,-1,15,26,13,-1,27,28,29,-1,29,28,30,-1,27,31,28,-1,28,31,32,-1,28,32,33,-1,34,35,36,-1,36,35,33,-1,36,33,37,-1,37,33,32,-1,34,38,35,-1,35,38,39,-1,35,39,40,-1,41,42,43,-1,43,42,40,-1,43,40,44,-1,44,40,39,-1,41,45,42,-1,42,45,46,-1,42,46,47,-1,46,48,47,-1,47,48,49,-1,47,49,50,-1,51,52,53,-1,53,52,50,-1,53,50,54,-1,54,50,49,-1,51,55,52,-1,52,55,56,-1,52,56,57,-1,58,59,60,-1,60,59,57,-1,60,57,61,-1,61,57,56,-1,58,62,59,-1,59,62,63,-1,59,63,64,-1,65,66,67,-1,67,66,64,-1,67,64,68,-1,68,64,63,-1,65,69,66,-1,66,69,70,-1,66,70,71,-1,70,72,71,-1,71,72,73,-1,71,73,74,-1,75,76,77,-1,77,76,74,-1,77,74,78,-1,78,74,73,-1,75,79,76,-1,76,79,80,-1,76,80,81,-1,82,83,84,-1,84,83,81,-1,84,81,85,-1,85,81,80,-1,82,86,83,-1,83,86,87,-1,83,87,88,-1,87,89,88,-1,88,89,90,-1,88,90,91,-1,90,92,91,-1,91,92,93,-1,91,93,94,-1,94,93,95,-1,94,95,96,-1,96,95,97,-1,96,97,98,-1,99,100,101,-1,101,100,96,-1,101,96,102,-1,102,96,98,-1,99,103,100,-1,100,103,104,-1,100,104,105,-1,106,107,108,-1,108,107,105,-1,108,105,109,-1,109,105,104,-1,106,110,107,-1,107,110,111,-1,107,111,112,-1,111,113,112,-1,112,113,114,-1,112,114,115,-1,116,117,118,-1,118,117,115,-1,118,115,119,-1,119,115,114,-1,116,120,117,-1,117,120,121,-1,117,121,122,-1,123,124,125,-1,125,124,122,-1,125,122,126,-1,126,122,121,-1,123,127,124,-1,124,127,128,-1,124,128,129,-1,130,131,132,-1,132,131,129,-1,132,129,133,-1,133,129,128,-1,130,134,131,-1,131,134,135,-1,131,135,136,-1,135,137,136,-1,136,137,138,-1,136,138,30,-1,30,138,139,-1,30,139,29,-1,140,141,142,-1,142,141,143,-1,142,143,144,-1,145,146,147,-1,147,146,148,-1,147,148,149,-1,150,151,152,-1,152,151,153,-1,152,153,142,-1,142,153,154,-1,142,154,140,-1,155,156,157,-1,157,156,158,-1,157,158,159,-1,144,160,142,-1,142,160,161,-1,142,161,147,-1,147,161,162,-1,147,162,145,-1,163,164,152,-1,152,164,165,-1,152,165,150,-1,149,166,147,-1,147,166,167,-1,147,167,157,-1,157,167,168,-1,157,168,155,-1,159,169,157,-1,157,169,170,-1,157,170,152,-1,152,170,171,-1,152,171,163,-1,172,173,174,-1,174,173,175,-1,176,177,178,-1,178,177,179,-1,180,181,182,-1,182,181,183,-1,184,185,186,-1,186,185,187,-1,188,189,190,-1,190,189,191,-1,190,191,192,-1,192,193,190,-1,190,193,194,-1,190,194,195,-1,195,194,196,-1,195,196,197,-1,197,198,195,-1,195,198,199,-1,195,199,200,-1,201,202,203,-1,203,202,204,-1,203,204,205,-1,205,206,203,-1,203,206,207,-1,203,207,190,-1,190,207,208,-1,190,208,188,-1,200,209,195,-1,195,209,210,-1,195,210,211,-1,211,210,212,-1,211,212,213,-1,213,214,211,-1,211,214,215,-1,211,215,216,-1,216,217,211,-1,211,217,218,-1,211,218,203,-1,203,218,219,-1,203,219,201,-1,220,221,222,-1,222,221,223,-1,224,225,226,-1,226,225,227,-1,228,229,230,-1,230,229,231,-1,232,233,234,-1,234,233,235,-1,236,237,238,-1,236,239,237,-1,237,239,240,-1,237,240,241,-1,240,242,241,-1,241,242,243,-1,241,243,244,-1,243,245,244,-1,244,245,246,-1,244,246,247,-1,246,248,247,-1,247,248,249,-1,247,249,250,-1,249,251,250,-1,250,251,252,-1,250,252,253,-1,252,254,253,-1,253,254,255,-1,253,255,256,-1,255,257,256,-1,256,257,258,-1,256,258,259,-1,258,260,259,-1,259,260,261,-1,259,261,262,-1,261,263,262,-1,262,263,264,-1,262,264,265,-1,264,266,265,-1,265,266,267,-1,265,267,268,-1,267,269,268,-1,268,269,270,-1,268,270,271,-1,270,272,271,-1,271,272,273,-1,271,273,274,-1,273,275,274,-1,274,275,276,-1,274,276,277,-1,276,278,277,-1,277,278,279,-1,277,279,280,-1,279,281,280,-1,280,281,282,-1,280,282,283,-1,282,284,283,-1,283,284,285,-1,283,285,286,-1,285,287,286,-1,286,287,288,-1,286,288,289,-1,288,290,289,-1,289,290,291,-1,289,291,292,-1,291,293,292,-1,292,293,294,-1,292,294,295,-1,294,296,295,-1,295,296,297,-1,295,297,298,-1,297,299,298,-1,298,299,300,-1,298,300,301,-1,300,302,301,-1,301,302,303,-1,301,303,304,-1,303,305,304,-1,304,305,306,-1,304,306,238,-1,238,306,307,-1,238,307,236,-1,301,304,308,-1,308,304,238,-1,308,238,237,-1,292,295,308,-1,308,295,298,-1,308,298,301,-1,283,286,308,-1,308,286,289,-1,308,289,292,-1,274,277,308,-1,308,277,280,-1,308,280,283,-1,265,268,308,-1,308,268,271,-1,308,271,274,-1,256,259,308,-1,308,259,262,-1,308,262,265,-1,247,250,308,-1,308,250,253,-1,308,253,256,-1,237,241,308,-1,308,241,244,-1,308,244,247,-1,225,224,309,-1,309,224,310,-1,309,310,311,-1,311,310,312,-1,311,312,313,-1,313,312,314,-1,313,314,315,-1,315,314,316,-1,315,316,317,-1,317,316,318,-1,317,318,161,-1,161,318,162,-1,154,319,140,-1,140,319,320,-1,140,320,141,-1,141,320,321,-1,141,321,143,-1,143,321,322,-1,143,322,144,-1,144,322,323,-1,144,323,160,-1,160,323,324,-1,160,324,161,-1,161,324,317,-1,319,325,320,-1,320,325,326,-1,320,326,321,-1,321,326,327,-1,321,327,322,-1,322,327,328,-1,322,328,323,-1,323,328,329,-1,323,329,324,-1,324,329,330,-1,324,330,317,-1,317,330,315,-1,325,331,326,-1,326,331,332,-1,326,332,327,-1,327,332,333,-1,327,333,328,-1,328,333,334,-1,328,334,329,-1,329,334,335,-1,329,335,330,-1,330,335,336,-1,330,336,315,-1,315,336,313,-1,331,337,332,-1,332,337,338,-1,332,338,333,-1,333,338,339,-1,333,339,334,-1,334,339,340,-1,334,340,335,-1,335,340,341,-1,335,341,336,-1,336,341,342,-1,336,342,313,-1,313,342,311,-1,337,343,338,-1,338,343,344,-1,338,344,339,-1,339,344,345,-1,339,345,340,-1,340,345,346,-1,340,346,341,-1,341,346,347,-1,341,347,342,-1,342,347,348,-1,342,348,311,-1,311,348,309,-1,343,231,344,-1,344,231,349,-1,344,349,345,-1,345,349,350,-1,345,350,346,-1,346,350,351,-1,346,351,347,-1,347,351,352,-1,347,352,348,-1,348,352,353,-1,348,353,309,-1,309,353,225,-1,162,318,145,-1,145,318,354,-1,145,354,146,-1,146,354,355,-1,146,355,148,-1,148,355,356,-1,148,356,149,-1,149,356,357,-1,149,357,166,-1,166,357,358,-1,166,358,167,-1,167,358,359,-1,318,316,354,-1,354,316,360,-1,354,360,355,-1,355,360,361,-1,355,361,356,-1,356,361,362,-1,356,362,357,-1,357,362,363,-1,357,363,358,-1,358,363,364,-1,358,364,359,-1,359,364,365,-1,316,314,360,-1,360,314,366,-1,360,366,361,-1,361,366,367,-1,361,367,362,-1,362,367,368,-1,362,368,363,-1,363,368,369,-1,363,369,364,-1,364,369,370,-1,364,370,365,-1,365,370,371,-1,314,312,366,-1,366,312,372,-1,366,372,367,-1,367,372,373,-1,367,373,368,-1,368,373,374,-1,368,374,369,-1,369,374,375,-1,369,375,370,-1,370,375,376,-1,370,376,371,-1,371,376,377,-1,312,310,372,-1,372,310,378,-1,372,378,373,-1,373,378,379,-1,373,379,374,-1,374,379,380,-1,374,380,375,-1,375,380,381,-1,375,381,376,-1,376,381,382,-1,376,382,377,-1,377,382,383,-1,310,224,378,-1,378,224,384,-1,378,384,379,-1,379,384,385,-1,379,385,380,-1,380,385,386,-1,380,386,381,-1,381,386,387,-1,381,387,382,-1,382,387,388,-1,382,388,383,-1,383,388,222,-1,230,231,389,-1,389,231,343,-1,389,343,390,-1,390,343,337,-1,390,337,391,-1,391,337,331,-1,391,331,392,-1,392,331,325,-1,392,325,393,-1,393,325,319,-1,393,319,153,-1,153,319,154,-1,227,225,353,-1,227,353,394,-1,394,353,352,-1,394,352,395,-1,395,352,351,-1,395,351,396,-1,396,351,350,-1,396,350,397,-1,397,350,349,-1,397,349,398,-1,398,349,231,-1,398,231,229,-1,399,400,401,-1,401,400,402,-1,401,402,403,-1,403,402,404,-1,403,404,405,-1,405,404,406,-1,405,406,407,-1,407,406,408,-1,407,408,409,-1,409,408,410,-1,409,410,227,-1,227,410,226,-1,220,222,388,-1,220,388,411,-1,411,388,387,-1,411,387,412,-1,412,387,386,-1,412,386,413,-1,413,386,385,-1,413,385,414,-1,414,385,384,-1,414,384,415,-1,415,384,224,-1,415,224,226,-1,222,223,383,-1,383,223,416,-1,383,416,377,-1,377,416,417,-1,377,417,371,-1,371,417,418,-1,371,418,365,-1,365,418,419,-1,365,419,359,-1,359,419,420,-1,359,420,167,-1,167,420,168,-1,233,232,421,-1,421,232,422,-1,421,422,423,-1,423,422,424,-1,423,424,425,-1,425,424,426,-1,425,426,427,-1,427,426,428,-1,427,428,429,-1,429,428,430,-1,429,430,170,-1,170,430,171,-1,171,430,163,-1,163,430,431,-1,163,431,164,-1,164,431,432,-1,164,432,165,-1,165,432,433,-1,165,433,150,-1,150,433,434,-1,150,434,151,-1,151,434,435,-1,151,435,153,-1,153,435,393,-1,430,428,431,-1,431,428,436,-1,431,436,432,-1,432,436,437,-1,432,437,433,-1,433,437,438,-1,433,438,434,-1,434,438,439,-1,434,439,435,-1,435,439,440,-1,435,440,393,-1,393,440,392,-1,428,426,436,-1,436,426,441,-1,436,441,437,-1,437,441,442,-1,437,442,438,-1,438,442,443,-1,438,443,439,-1,439,443,444,-1,439,444,440,-1,440,444,445,-1,440,445,392,-1,392,445,391,-1,426,424,441,-1,441,424,446,-1,441,446,442,-1,442,446,447,-1,442,447,443,-1,443,447,448,-1,443,448,444,-1,444,448,449,-1,444,449,445,-1,445,449,450,-1,445,450,391,-1,391,450,390,-1,424,422,446,-1,446,422,451,-1,446,451,447,-1,447,451,452,-1,447,452,448,-1,448,452,453,-1,448,453,449,-1,449,453,454,-1,449,454,450,-1,450,454,455,-1,450,455,390,-1,390,455,389,-1,422,232,451,-1,451,232,456,-1,451,456,452,-1,452,456,457,-1,452,457,453,-1,453,457,458,-1,453,458,454,-1,454,458,459,-1,454,459,455,-1,455,459,460,-1,455,460,389,-1,389,460,230,-1,399,401,461,-1,461,401,462,-1,461,462,463,-1,463,462,464,-1,463,464,465,-1,465,464,466,-1,465,466,467,-1,467,466,468,-1,467,468,469,-1,469,468,470,-1,469,470,471,-1,471,470,472,-1,401,403,462,-1,462,403,473,-1,462,473,464,-1,464,473,474,-1,464,474,466,-1,466,474,475,-1,466,475,468,-1,468,475,476,-1,468,476,470,-1,470,476,477,-1,470,477,472,-1,472,477,478,-1,403,405,473,-1,473,405,479,-1,473,479,474,-1,474,479,480,-1,474,480,475,-1,475,480,481,-1,475,481,476,-1,476,481,482,-1,476,482,477,-1,477,482,483,-1,477,483,478,-1,478,483,484,-1,405,407,479,-1,479,407,485,-1,479,485,480,-1,480,485,486,-1,480,486,481,-1,481,486,487,-1,481,487,482,-1,482,487,488,-1,482,488,483,-1,483,488,489,-1,483,489,484,-1,484,489,490,-1,407,409,485,-1,485,409,491,-1,485,491,486,-1,486,491,492,-1,486,492,487,-1,487,492,493,-1,487,493,488,-1,488,493,494,-1,488,494,489,-1,489,494,495,-1,489,495,490,-1,490,495,496,-1,409,227,491,-1,491,227,394,-1,491,394,492,-1,492,394,395,-1,492,395,493,-1,493,395,396,-1,493,396,494,-1,494,396,397,-1,494,397,495,-1,495,397,398,-1,495,398,496,-1,496,398,229,-1,497,498,499,-1,499,498,500,-1,499,500,501,-1,501,500,502,-1,501,502,503,-1,503,502,504,-1,503,504,505,-1,505,504,506,-1,505,506,507,-1,507,506,508,-1,507,508,400,-1,400,508,402,-1,498,509,500,-1,500,509,510,-1,500,510,502,-1,502,510,511,-1,502,511,504,-1,504,511,512,-1,504,512,506,-1,506,512,513,-1,506,513,508,-1,508,513,514,-1,508,514,402,-1,402,514,404,-1,509,515,510,-1,510,515,516,-1,510,516,511,-1,511,516,517,-1,511,517,512,-1,512,517,518,-1,512,518,513,-1,513,518,519,-1,513,519,514,-1,514,519,520,-1,514,520,404,-1,404,520,406,-1,515,521,516,-1,516,521,522,-1,516,522,517,-1,517,522,523,-1,517,523,518,-1,518,523,524,-1,518,524,519,-1,519,524,525,-1,519,525,520,-1,520,525,526,-1,520,526,406,-1,406,526,408,-1,521,527,522,-1,522,527,528,-1,522,528,523,-1,523,528,529,-1,523,529,524,-1,524,529,530,-1,524,530,525,-1,525,530,531,-1,525,531,526,-1,526,531,532,-1,526,532,408,-1,408,532,410,-1,527,220,528,-1,528,220,411,-1,528,411,529,-1,529,411,412,-1,529,412,530,-1,530,412,413,-1,530,413,531,-1,531,413,414,-1,531,414,532,-1,532,414,415,-1,532,415,410,-1,410,415,226,-1,168,420,155,-1,155,420,533,-1,155,533,156,-1,156,533,534,-1,156,534,158,-1,158,534,535,-1,158,535,159,-1,159,535,536,-1,159,536,169,-1,169,536,537,-1,169,537,170,-1,170,537,429,-1,420,419,533,-1,533,419,538,-1,533,538,534,-1,534,538,539,-1,534,539,535,-1,535,539,540,-1,535,540,536,-1,536,540,541,-1,536,541,537,-1,537,541,542,-1,537,542,429,-1,429,542,427,-1,419,418,538,-1,538,418,543,-1,538,543,539,-1,539,543,544,-1,539,544,540,-1,540,544,545,-1,540,545,541,-1,541,545,546,-1,541,546,542,-1,542,546,547,-1,542,547,427,-1,427,547,425,-1,418,417,543,-1,543,417,548,-1,543,548,544,-1,544,548,549,-1,544,549,545,-1,545,549,550,-1,545,550,546,-1,546,550,551,-1,546,551,547,-1,547,551,552,-1,547,552,425,-1,425,552,423,-1,417,416,548,-1,548,416,553,-1,548,553,549,-1,549,553,554,-1,549,554,550,-1,550,554,555,-1,550,555,551,-1,551,555,556,-1,551,556,552,-1,552,556,557,-1,552,557,423,-1,423,557,421,-1,416,223,553,-1,553,223,558,-1,553,558,554,-1,554,558,559,-1,554,559,555,-1,555,559,560,-1,555,560,556,-1,556,560,561,-1,556,561,557,-1,557,561,562,-1,557,562,421,-1,421,562,233,-1,228,230,460,-1,228,460,563,-1,563,460,459,-1,563,459,564,-1,564,459,458,-1,564,458,565,-1,565,458,457,-1,565,457,566,-1,566,457,456,-1,566,456,567,-1,567,456,232,-1,567,232,234,-1,568,471,569,-1,569,471,472,-1,569,472,570,-1,570,472,478,-1,570,478,571,-1,571,478,484,-1,571,484,572,-1,572,484,490,-1,572,490,573,-1,573,490,496,-1,573,496,228,-1,228,496,229,-1,497,574,498,-1,498,574,575,-1,498,575,509,-1,509,575,576,-1,509,576,515,-1,515,576,577,-1,515,577,521,-1,521,577,578,-1,521,578,527,-1,527,578,579,-1,527,579,220,-1,220,579,221,-1,235,233,562,-1,235,562,580,-1,580,562,561,-1,580,561,581,-1,581,561,560,-1,581,560,582,-1,582,560,559,-1,582,559,583,-1,583,559,558,-1,583,558,584,-1,584,558,223,-1,584,223,221,-1,568,569,585,-1,585,569,586,-1,585,586,587,-1,587,586,588,-1,587,588,589,-1,589,588,590,-1,589,590,591,-1,591,590,592,-1,591,592,593,-1,593,592,594,-1,593,594,595,-1,595,594,596,-1,569,570,586,-1,586,570,597,-1,586,597,588,-1,588,597,598,-1,588,598,590,-1,590,598,599,-1,590,599,592,-1,592,599,600,-1,592,600,594,-1,594,600,601,-1,594,601,596,-1,596,601,602,-1,570,571,597,-1,597,571,603,-1,597,603,598,-1,598,603,604,-1,598,604,599,-1,599,604,605,-1,599,605,600,-1,600,605,606,-1,600,606,601,-1,601,606,607,-1,601,607,602,-1,602,607,608,-1,571,572,603,-1,603,572,609,-1,603,609,604,-1,604,609,610,-1,604,610,605,-1,605,610,611,-1,605,611,606,-1,606,611,612,-1,606,612,607,-1,607,612,613,-1,607,613,608,-1,608,613,614,-1,572,573,609,-1,609,573,615,-1,609,615,610,-1,610,615,616,-1,610,616,611,-1,611,616,617,-1,611,617,612,-1,612,617,618,-1,612,618,613,-1,613,618,619,-1,613,619,614,-1,614,619,620,-1,573,228,615,-1,615,228,563,-1,615,563,616,-1,616,563,564,-1,616,564,617,-1,617,564,565,-1,617,565,618,-1,618,565,566,-1,618,566,619,-1,619,566,567,-1,619,567,620,-1,620,567,234,-1,621,622,623,-1,623,622,624,-1,623,624,625,-1,625,624,626,-1,625,626,627,-1,627,626,628,-1,627,628,629,-1,629,628,630,-1,629,630,631,-1,631,630,632,-1,631,632,574,-1,574,632,575,-1,622,633,624,-1,624,633,634,-1,624,634,626,-1,626,634,635,-1,626,635,628,-1,628,635,636,-1,628,636,630,-1,630,636,637,-1,630,637,632,-1,632,637,638,-1,632,638,575,-1,575,638,576,-1,633,639,634,-1,634,639,640,-1,634,640,635,-1,635,640,641,-1,635,641,636,-1,636,641,642,-1,636,642,637,-1,637,642,643,-1,637,643,638,-1,638,643,644,-1,638,644,576,-1,576,644,577,-1,639,645,640,-1,640,645,646,-1,640,646,641,-1,641,646,647,-1,641,647,642,-1,642,647,648,-1,642,648,643,-1,643,648,649,-1,643,649,644,-1,644,649,650,-1,644,650,577,-1,577,650,578,-1,645,651,646,-1,646,651,652,-1,646,652,647,-1,647,652,653,-1,647,653,648,-1,648,653,654,-1,648,654,649,-1,649,654,655,-1,649,655,650,-1,650,655,656,-1,650,656,578,-1,578,656,579,-1,651,235,652,-1,652,235,580,-1,652,580,653,-1,653,580,581,-1,653,581,654,-1,654,581,582,-1,654,582,655,-1,655,582,583,-1,655,583,656,-1,656,583,584,-1,656,584,579,-1,579,584,221,-1,621,595,622,-1,622,595,596,-1,622,596,633,-1,633,596,602,-1,633,602,639,-1,639,602,608,-1,639,608,645,-1,645,608,614,-1,645,614,651,-1,651,614,620,-1,651,620,235,-1,235,620,234,-1,178,179,657,-1,178,657,658,-1,658,657,659,-1,658,659,660,-1,660,659,661,-1,660,661,662,-1,662,661,663,-1,662,663,664,-1,664,663,665,-1,664,665,666,-1,666,665,190,-1,666,190,195,-1,178,658,667,-1,668,669,670,-1,195,671,672,-1,670,669,195,-1,673,195,669,-1,673,669,674,-1,674,669,668,-1,674,668,675,-1,666,195,673,-1,676,677,678,-1,678,677,672,-1,678,672,679,-1,679,672,671,-1,679,671,680,-1,666,673,664,-1,664,673,674,-1,664,674,662,-1,662,674,675,-1,662,675,660,-1,681,676,682,-1,682,676,678,-1,682,678,683,-1,683,678,679,-1,683,679,684,-1,684,679,680,-1,684,680,685,-1,686,681,687,-1,687,681,682,-1,687,682,688,-1,688,682,683,-1,688,683,689,-1,689,683,684,-1,689,684,690,-1,690,684,685,-1,690,685,691,-1,658,686,667,-1,667,686,687,-1,667,687,692,-1,692,687,688,-1,692,688,693,-1,693,688,689,-1,693,689,694,-1,694,689,690,-1,694,690,695,-1,695,690,691,-1,695,691,696,-1,178,667,697,-1,697,667,692,-1,697,692,698,-1,698,692,693,-1,698,693,699,-1,699,693,694,-1,699,694,700,-1,700,694,695,-1,700,695,701,-1,701,695,696,-1,701,696,180,-1,677,195,672,-1,658,660,686,-1,686,660,675,-1,686,675,681,-1,681,675,668,-1,681,668,676,-1,676,668,670,-1,676,670,677,-1,677,670,195,-1,190,665,702,-1,703,704,705,-1,179,706,707,-1,705,704,179,-1,708,179,704,-1,708,704,709,-1,709,704,703,-1,709,703,710,-1,657,179,708,-1,711,712,713,-1,713,712,707,-1,713,707,714,-1,714,707,706,-1,714,706,715,-1,657,708,659,-1,659,708,709,-1,659,709,661,-1,661,709,710,-1,661,710,663,-1,716,711,717,-1,717,711,713,-1,717,713,718,-1,718,713,714,-1,718,714,719,-1,719,714,715,-1,719,715,720,-1,721,716,722,-1,722,716,717,-1,722,717,723,-1,723,717,718,-1,723,718,724,-1,724,718,719,-1,724,719,725,-1,725,719,720,-1,725,720,726,-1,665,721,702,-1,702,721,722,-1,702,722,727,-1,727,722,723,-1,727,723,728,-1,728,723,724,-1,728,724,729,-1,729,724,725,-1,729,725,730,-1,730,725,726,-1,730,726,731,-1,190,702,732,-1,732,702,727,-1,732,727,733,-1,733,727,728,-1,733,728,734,-1,734,728,729,-1,734,729,735,-1,735,729,730,-1,735,730,736,-1,736,730,731,-1,736,731,173,-1,712,179,707,-1,665,663,721,-1,721,663,710,-1,721,710,716,-1,716,710,703,-1,716,703,711,-1,711,703,705,-1,711,705,712,-1,712,705,179,-1,181,180,696,-1,181,696,737,-1,737,696,691,-1,737,691,738,-1,738,691,685,-1,738,685,739,-1,739,685,680,-1,739,680,740,-1,740,680,671,-1,740,671,741,-1,741,671,195,-1,741,195,211,-1,176,178,697,-1,176,697,742,-1,742,697,698,-1,742,698,743,-1,743,698,699,-1,743,699,744,-1,744,699,700,-1,744,700,745,-1,745,700,701,-1,745,701,746,-1,746,701,180,-1,746,180,182,-1,177,176,747,-1,177,747,748,-1,748,747,749,-1,748,749,750,-1,750,749,751,-1,750,751,752,-1,752,751,753,-1,752,753,754,-1,754,753,755,-1,754,755,756,-1,756,755,142,-1,756,142,147,-1,175,173,731,-1,175,731,757,-1,757,731,726,-1,757,726,758,-1,758,726,720,-1,758,720,759,-1,759,720,715,-1,759,715,760,-1,760,715,706,-1,760,706,761,-1,761,706,179,-1,761,179,177,-1,173,172,762,-1,173,762,736,-1,736,762,763,-1,736,763,735,-1,735,763,764,-1,735,764,734,-1,734,764,765,-1,734,765,733,-1,733,765,766,-1,733,766,732,-1,732,766,203,-1,732,203,190,-1,186,187,767,-1,186,767,768,-1,768,767,769,-1,768,769,770,-1,770,769,771,-1,770,771,772,-1,772,771,773,-1,772,773,774,-1,774,773,775,-1,774,775,776,-1,776,775,211,-1,776,211,203,-1,181,737,777,-1,778,779,780,-1,211,775,781,-1,780,779,211,-1,782,211,779,-1,782,779,783,-1,783,779,778,-1,783,778,784,-1,741,211,782,-1,785,786,787,-1,787,786,781,-1,787,781,788,-1,788,781,775,-1,788,775,773,-1,741,782,740,-1,740,782,783,-1,740,783,739,-1,739,783,784,-1,739,784,738,-1,789,785,790,-1,790,785,787,-1,790,787,791,-1,791,787,788,-1,791,788,792,-1,792,788,773,-1,792,773,771,-1,793,789,794,-1,794,789,790,-1,794,790,795,-1,795,790,791,-1,795,791,796,-1,796,791,792,-1,796,792,797,-1,797,792,771,-1,797,771,769,-1,737,793,777,-1,777,793,794,-1,777,794,798,-1,798,794,795,-1,798,795,799,-1,799,795,796,-1,799,796,800,-1,800,796,797,-1,800,797,801,-1,801,797,769,-1,801,769,767,-1,181,777,802,-1,802,777,798,-1,802,798,803,-1,803,798,799,-1,803,799,804,-1,804,799,800,-1,804,800,805,-1,805,800,801,-1,805,801,806,-1,806,801,767,-1,806,767,187,-1,786,211,781,-1,737,738,793,-1,793,738,784,-1,793,784,789,-1,789,784,778,-1,789,778,785,-1,785,778,780,-1,785,780,786,-1,786,780,211,-1,142,755,807,-1,808,809,810,-1,176,742,811,-1,810,809,176,-1,812,176,809,-1,812,809,813,-1,813,809,808,-1,813,808,814,-1,747,176,812,-1,815,816,817,-1,817,816,811,-1,817,811,818,-1,818,811,742,-1,818,742,743,-1,747,812,749,-1,749,812,813,-1,749,813,751,-1,751,813,814,-1,751,814,753,-1,819,815,820,-1,820,815,817,-1,820,817,821,-1,821,817,818,-1,821,818,822,-1,822,818,743,-1,822,743,744,-1,823,819,824,-1,824,819,820,-1,824,820,825,-1,825,820,821,-1,825,821,826,-1,826,821,822,-1,826,822,827,-1,827,822,744,-1,827,744,745,-1,755,823,807,-1,807,823,824,-1,807,824,828,-1,828,824,825,-1,828,825,829,-1,829,825,826,-1,829,826,830,-1,830,826,827,-1,830,827,831,-1,831,827,745,-1,831,745,746,-1,142,807,832,-1,832,807,828,-1,832,828,833,-1,833,828,829,-1,833,829,834,-1,834,829,830,-1,834,830,835,-1,835,830,831,-1,835,831,836,-1,836,831,746,-1,836,746,182,-1,816,176,811,-1,755,753,823,-1,823,753,814,-1,823,814,819,-1,819,814,808,-1,819,808,815,-1,815,808,810,-1,815,810,816,-1,816,810,176,-1,175,757,837,-1,838,839,840,-1,177,748,841,-1,840,839,177,-1,842,177,839,-1,842,839,843,-1,843,839,838,-1,843,838,844,-1,761,177,842,-1,845,846,847,-1,847,846,841,-1,847,841,848,-1,848,841,748,-1,848,748,750,-1,761,842,760,-1,760,842,843,-1,760,843,759,-1,759,843,844,-1,759,844,758,-1,849,845,850,-1,850,845,847,-1,850,847,851,-1,851,847,848,-1,851,848,852,-1,852,848,750,-1,852,750,752,-1,853,849,854,-1,854,849,850,-1,854,850,855,-1,855,850,851,-1,855,851,856,-1,856,851,852,-1,856,852,857,-1,857,852,752,-1,857,752,754,-1,757,853,837,-1,837,853,854,-1,837,854,858,-1,858,854,855,-1,858,855,859,-1,859,855,856,-1,859,856,860,-1,860,856,857,-1,860,857,861,-1,861,857,754,-1,861,754,756,-1,175,837,862,-1,862,837,858,-1,862,858,863,-1,863,858,859,-1,863,859,864,-1,864,859,860,-1,864,860,865,-1,865,860,861,-1,865,861,866,-1,866,861,756,-1,866,756,147,-1,846,177,841,-1,757,758,853,-1,853,758,844,-1,853,844,849,-1,849,844,838,-1,849,838,845,-1,845,838,840,-1,845,840,846,-1,846,840,177,-1,186,768,867,-1,868,869,870,-1,203,766,871,-1,870,869,203,-1,872,203,869,-1,872,869,873,-1,873,869,868,-1,873,868,874,-1,776,203,872,-1,875,876,877,-1,877,876,871,-1,877,871,878,-1,878,871,766,-1,878,766,765,-1,776,872,774,-1,774,872,873,-1,774,873,772,-1,772,873,874,-1,772,874,770,-1,879,875,880,-1,880,875,877,-1,880,877,881,-1,881,877,878,-1,881,878,882,-1,882,878,765,-1,882,765,764,-1,883,879,884,-1,884,879,880,-1,884,880,885,-1,885,880,881,-1,885,881,886,-1,886,881,882,-1,886,882,887,-1,887,882,764,-1,887,764,763,-1,768,883,867,-1,867,883,884,-1,867,884,888,-1,888,884,885,-1,888,885,889,-1,889,885,886,-1,889,886,890,-1,890,886,887,-1,890,887,891,-1,891,887,763,-1,891,763,762,-1,186,867,892,-1,892,867,888,-1,892,888,893,-1,893,888,889,-1,893,889,894,-1,894,889,890,-1,894,890,895,-1,895,890,891,-1,895,891,896,-1,896,891,762,-1,896,762,172,-1,876,203,871,-1,768,770,883,-1,883,770,874,-1,883,874,879,-1,879,874,868,-1,879,868,875,-1,875,868,870,-1,875,870,876,-1,876,870,203,-1,183,181,802,-1,183,802,897,-1,897,802,803,-1,897,803,898,-1,898,803,804,-1,898,804,899,-1,899,804,805,-1,899,805,900,-1,900,805,806,-1,900,806,901,-1,901,806,187,-1,901,187,185,-1,182,183,902,-1,182,902,836,-1,836,902,903,-1,836,903,835,-1,835,903,904,-1,835,904,834,-1,834,904,905,-1,834,905,833,-1,833,905,906,-1,833,906,832,-1,832,906,152,-1,832,152,142,-1,174,175,862,-1,174,862,907,-1,907,862,863,-1,907,863,908,-1,908,863,864,-1,908,864,909,-1,909,864,865,-1,909,865,910,-1,910,865,866,-1,910,866,911,-1,911,866,147,-1,911,147,157,-1,184,186,892,-1,184,892,912,-1,912,892,893,-1,912,893,913,-1,913,893,894,-1,913,894,914,-1,914,894,895,-1,914,895,915,-1,915,895,896,-1,915,896,916,-1,916,896,172,-1,916,172,174,-1,152,906,917,-1,918,919,920,-1,183,897,921,-1,920,919,183,-1,922,183,919,-1,922,919,923,-1,923,919,918,-1,923,918,924,-1,902,183,922,-1,925,926,927,-1,927,926,921,-1,927,921,928,-1,928,921,897,-1,928,897,898,-1,902,922,903,-1,903,922,923,-1,903,923,904,-1,904,923,924,-1,904,924,905,-1,929,925,930,-1,930,925,927,-1,930,927,931,-1,931,927,928,-1,931,928,932,-1,932,928,898,-1,932,898,899,-1,933,929,934,-1,934,929,930,-1,934,930,935,-1,935,930,931,-1,935,931,936,-1,936,931,932,-1,936,932,937,-1,937,932,899,-1,937,899,900,-1,906,933,917,-1,917,933,934,-1,917,934,938,-1,938,934,935,-1,938,935,939,-1,939,935,936,-1,939,936,940,-1,940,936,937,-1,940,937,941,-1,941,937,900,-1,941,900,901,-1,152,917,942,-1,942,917,938,-1,942,938,943,-1,943,938,939,-1,943,939,944,-1,944,939,940,-1,944,940,945,-1,945,940,941,-1,945,941,946,-1,946,941,901,-1,946,901,185,-1,926,183,921,-1,906,905,933,-1,933,905,924,-1,933,924,929,-1,929,924,918,-1,929,918,925,-1,925,918,920,-1,925,920,926,-1,926,920,183,-1,184,912,947,-1,948,949,950,-1,174,907,951,-1,950,949,174,-1,952,174,949,-1,952,949,953,-1,953,949,948,-1,953,948,954,-1,916,174,952,-1,955,956,957,-1,957,956,951,-1,957,951,958,-1,958,951,907,-1,958,907,908,-1,916,952,915,-1,915,952,953,-1,915,953,914,-1,914,953,954,-1,914,954,913,-1,959,955,960,-1,960,955,957,-1,960,957,961,-1,961,957,958,-1,961,958,962,-1,962,958,908,-1,962,908,909,-1,963,959,964,-1,964,959,960,-1,964,960,965,-1,965,960,961,-1,965,961,966,-1,966,961,962,-1,966,962,967,-1,967,962,909,-1,967,909,910,-1,912,963,947,-1,947,963,964,-1,947,964,968,-1,968,964,965,-1,968,965,969,-1,969,965,966,-1,969,966,970,-1,970,966,967,-1,970,967,971,-1,971,967,910,-1,971,910,911,-1,184,947,972,-1,972,947,968,-1,972,968,973,-1,973,968,969,-1,973,969,974,-1,974,969,970,-1,974,970,975,-1,975,970,971,-1,975,971,976,-1,976,971,911,-1,976,911,157,-1,956,174,951,-1,912,913,963,-1,963,913,954,-1,963,954,959,-1,959,954,948,-1,959,948,955,-1,955,948,950,-1,955,950,956,-1,956,950,174,-1,185,184,972,-1,185,972,946,-1,946,972,973,-1,946,973,945,-1,945,973,974,-1,945,974,944,-1,944,974,975,-1,944,975,943,-1,943,975,976,-1,943,976,942,-1,942,976,157,-1,942,157,152,-1,977,302,978,-1,978,302,300,-1,978,300,979,-1,300,299,979,-1,979,299,297,-1,979,297,980,-1,297,296,980,-1,980,296,294,-1,980,294,981,-1,981,294,293,-1,293,291,981,-1,981,291,290,-1,981,290,982,-1,982,290,288,-1,982,288,983,-1,983,288,287,-1,983,287,984,-1,287,285,984,-1,984,285,284,-1,984,284,985,-1,985,284,282,-1,985,282,986,-1,282,281,986,-1,986,281,279,-1,986,279,987,-1,279,278,987,-1,987,278,276,-1,987,276,988,-1,988,276,275,-1,275,273,988,-1,988,273,272,-1,988,272,989,-1,989,272,270,-1,989,270,990,-1,990,270,269,-1,990,269,991,-1,269,267,991,-1,991,267,266,-1,991,266,992,-1,992,266,264,-1,992,264,993,-1,264,263,993,-1,993,263,261,-1,993,261,994,-1,261,260,994,-1,994,260,258,-1,994,258,995,-1,995,258,257,-1,257,255,995,-1,995,255,254,-1,995,254,996,-1,996,254,252,-1,996,252,997,-1,997,252,251,-1,997,251,998,-1,251,249,998,-1,998,249,248,-1,998,248,999,-1,248,246,999,-1,999,246,245,-1,999,245,1000,-1,1000,245,243,-1,1000,243,1001,-1,243,242,1001,-1,1001,242,240,-1,1001,240,1002,-1,1002,240,239,-1,239,236,1002,-1,1002,236,307,-1,1002,307,1003,-1,1003,307,306,-1,1003,306,1004,-1,1004,306,305,-1,1004,305,977,-1,977,305,303,-1,977,303,302,-1,1003,1005,1002,-1,1002,1005,1006,-1,1002,1006,1001,-1,1001,1006,1007,-1,1001,1007,1000,-1,1000,1007,1008,-1,1000,1008,999,-1,999,1008,1009,-1,999,1009,998,-1,998,1009,1010,-1,998,1010,997,-1,997,1010,1011,-1,997,1011,996,-1,996,1011,1012,-1,996,1012,995,-1,995,1012,1013,-1,995,1013,994,-1,994,1013,1014,-1,994,1014,993,-1,993,1014,1015,-1,993,1015,992,-1,992,1015,1016,-1,992,1016,991,-1,991,1016,1017,-1,991,1017,990,-1,990,1017,1018,-1,990,1018,989,-1,989,1018,1019,-1,989,1019,988,-1,988,1019,1020,-1,988,1020,987,-1,987,1020,1021,-1,987,1021,986,-1,986,1021,1022,-1,986,1022,985,-1,985,1022,1023,-1,985,1023,984,-1,984,1023,1024,-1,984,1024,983,-1,983,1024,1025,-1,983,1025,982,-1,982,1025,1026,-1,982,1026,981,-1,981,1026,1027,-1,981,1027,980,-1,980,1027,1028,-1,980,1028,979,-1,979,1028,1029,-1,979,1029,978,-1,978,1029,1030,-1,978,1030,977,-1,977,1030,1031,-1,977,1031,1004,-1,1004,1031,1032,-1,1004,1032,1003,-1,1003,1032,1005,-1,1032,1033,1005,-1,1005,1033,1034,-1,1005,1034,1006,-1,1006,1034,1035,-1,1006,1035,1007,-1,1007,1035,1036,-1,1007,1036,1008,-1,1008,1036,1037,-1,1008,1037,1009,-1,1009,1037,1038,-1,1009,1038,1010,-1,1010,1038,1039,-1,1010,1039,1011,-1,1011,1039,1040,-1,1011,1040,1012,-1,1012,1040,1041,-1,1012,1041,1013,-1,1013,1041,1042,-1,1013,1042,1014,-1,1014,1042,1043,-1,1014,1043,1015,-1,1015,1043,1044,-1,1015,1044,1016,-1,1016,1044,1045,-1,1016,1045,1017,-1,1017,1045,1046,-1,1017,1046,1018,-1,1018,1046,1047,-1,1018,1047,1019,-1,1019,1047,1048,-1,1019,1048,1020,-1,1020,1048,1049,-1,1020,1049,1021,-1,1021,1049,1050,-1,1021,1050,1022,-1,1022,1050,1051,-1,1022,1051,1023,-1,1023,1051,1052,-1,1023,1052,1024,-1,1024,1052,1053,-1,1024,1053,1025,-1,1025,1053,1054,-1,1025,1054,1026,-1,1026,1054,1055,-1,1026,1055,1027,-1,1027,1055,1056,-1,1027,1056,1028,-1,1028,1056,1057,-1,1028,1057,1029,-1,1029,1057,1058,-1,1029,1058,1030,-1,1030,1058,1059,-1,1030,1059,1031,-1,1031,1059,1060,-1,1031,1060,1032,-1,1032,1060,1033,-1,1060,1061,1033,-1,1033,1061,1062,-1,1033,1062,1034,-1,1034,1062,1063,-1,1034,1063,1035,-1,1035,1063,1064,-1,1035,1064,1036,-1,1036,1064,1065,-1,1036,1065,1037,-1,1037,1065,1066,-1,1037,1066,1038,-1,1038,1066,1067,-1,1038,1067,1039,-1,1039,1067,1068,-1,1039,1068,1040,-1,1040,1068,1069,-1,1040,1069,1041,-1,1041,1069,1070,-1,1041,1070,1042,-1,1042,1070,1071,-1,1042,1071,1043,-1,1043,1071,1072,-1,1043,1072,1044,-1,1044,1072,1073,-1,1044,1073,1045,-1,1045,1073,1074,-1,1045,1074,1046,-1,1046,1074,1075,-1,1046,1075,1047,-1,1047,1075,1076,-1,1047,1076,1048,-1,1048,1076,1077,-1,1048,1077,1049,-1,1049,1077,1078,-1,1049,1078,1050,-1,1050,1078,1079,-1,1050,1079,1051,-1,1051,1079,1080,-1,1051,1080,1052,-1,1052,1080,1081,-1,1052,1081,1053,-1,1053,1081,1082,-1,1053,1082,1054,-1,1054,1082,1083,-1,1054,1083,1055,-1,1055,1083,1084,-1,1055,1084,1056,-1,1056,1084,1085,-1,1056,1085,1057,-1,1057,1085,1086,-1,1057,1086,1058,-1,1058,1086,1087,-1,1058,1087,1059,-1,1059,1087,1088,-1,1059,1088,1060,-1,1060,1088,1061,-1,1088,1089,1061,-1,1061,1089,1090,-1,1061,1090,1062,-1,1062,1090,1091,-1,1062,1091,1063,-1,1063,1091,1092,-1,1063,1092,1064,-1,1064,1092,1093,-1,1064,1093,1065,-1,1065,1093,1094,-1,1065,1094,1066,-1,1066,1094,1095,-1,1066,1095,1067,-1,1067,1095,1096,-1,1067,1096,1068,-1,1068,1096,1097,-1,1068,1097,1069,-1,1069,1097,1098,-1,1069,1098,1070,-1,1070,1098,1099,-1,1070,1099,1071,-1,1071,1099,1100,-1,1071,1100,1072,-1,1072,1100,1101,-1,1072,1101,1073,-1,1073,1101,1102,-1,1073,1102,1074,-1,1074,1102,1103,-1,1074,1103,1075,-1,1075,1103,1104,-1,1075,1104,1076,-1,1076,1104,1105,-1,1076,1105,1077,-1,1077,1105,1106,-1,1077,1106,1078,-1,1078,1106,1107,-1,1078,1107,1079,-1,1079,1107,1108,-1,1079,1108,1080,-1,1080,1108,1109,-1,1080,1109,1081,-1,1081,1109,1110,-1,1081,1110,1082,-1,1082,1110,1111,-1,1082,1111,1083,-1,1083,1111,1112,-1,1083,1112,1084,-1,1084,1112,1113,-1,1084,1113,1085,-1,1085,1113,1114,-1,1085,1114,1086,-1,1086,1114,1115,-1,1086,1115,1087,-1,1087,1115,1116,-1,1087,1116,1088,-1,1088,1116,1089,-1,1116,206,1089,-1,1089,206,205,-1,1089,205,1090,-1,1090,205,204,-1,1090,204,1091,-1,1091,204,202,-1,1091,202,1092,-1,1092,202,201,-1,1092,201,1093,-1,1093,201,219,-1,1093,219,1094,-1,1094,219,218,-1,1094,218,1095,-1,1095,218,217,-1,1095,217,1096,-1,1096,217,216,-1,1096,216,1097,-1,1097,216,215,-1,1097,215,1098,-1,1098,215,214,-1,1098,214,1099,-1,1099,214,213,-1,1099,213,1100,-1,1100,213,212,-1,1100,212,1101,-1,1101,212,210,-1,1101,210,1102,-1,1102,210,209,-1,1102,209,1103,-1,1103,209,200,-1,1103,200,1104,-1,1104,200,199,-1,1104,199,1105,-1,1105,199,198,-1,1105,198,1106,-1,1106,198,197,-1,1106,197,1107,-1,1107,197,196,-1,1107,196,1108,-1,1108,196,194,-1,1108,194,1109,-1,1109,194,193,-1,1109,193,1110,-1,1110,193,192,-1,1110,192,1111,-1,1111,192,191,-1,1111,191,1112,-1,1112,191,189,-1,1112,189,1113,-1,1113,189,188,-1,1113,188,1114,-1,1114,188,208,-1,1114,208,1115,-1,1115,208,207,-1,1115,207,1116,-1,1116,207,206,-1,1117,80,79,-1,78,1118,1119,-1,1117,79,1120,-1,1120,79,75,-1,1120,75,1119,-1,1119,75,77,-1,1119,77,78,-1,78,73,1118,-1,1118,73,72,-1,1118,72,1121,-1,72,70,1121,-1,1121,70,69,-1,1121,69,1122,-1,1122,69,65,-1,1122,65,1123,-1,1123,65,67,-1,1123,67,1124,-1,1124,67,68,-1,68,63,1124,-1,1124,63,62,-1,1124,62,1125,-1,1125,62,58,-1,1125,58,1126,-1,1126,58,60,-1,1126,60,1127,-1,1127,60,61,-1,54,1128,1129,-1,61,56,1127,-1,1127,56,55,-1,1127,55,1130,-1,1130,55,51,-1,1130,51,1129,-1,1129,51,53,-1,1129,53,54,-1,54,49,1128,-1,1128,49,48,-1,1128,48,1131,-1,48,46,1131,-1,1131,46,45,-1,1131,45,1132,-1,1132,45,41,-1,1132,41,1133,-1,1133,41,43,-1,1133,43,1134,-1,1134,43,44,-1,37,1135,1136,-1,44,39,1134,-1,1134,39,38,-1,1134,38,1137,-1,1137,38,34,-1,1137,34,1136,-1,1136,34,36,-1,1136,36,37,-1,37,32,1135,-1,1135,32,31,-1,1135,31,1138,-1,1138,31,27,-1,1138,27,1139,-1,27,29,1139,-1,1139,29,139,-1,1139,139,1140,-1,1140,139,138,-1,1140,138,1141,-1,1141,138,137,-1,137,135,1141,-1,1141,135,134,-1,1141,134,1142,-1,1142,134,130,-1,1142,130,1143,-1,1143,130,132,-1,1143,132,1144,-1,1144,132,133,-1,126,1145,1146,-1,133,128,1144,-1,1144,128,127,-1,1144,127,1147,-1,1147,127,123,-1,1147,123,1146,-1,1146,123,125,-1,1146,125,126,-1,126,121,1145,-1,1145,121,120,-1,1145,120,1148,-1,1148,120,116,-1,1148,116,1149,-1,116,118,1149,-1,1149,118,119,-1,1149,119,1150,-1,1150,119,114,-1,1150,114,1151,-1,1151,114,113,-1,113,111,1151,-1,1151,111,110,-1,1151,110,1152,-1,1152,110,106,-1,1152,106,1153,-1,1153,106,108,-1,1153,108,1154,-1,1154,108,109,-1,102,1155,1156,-1,109,104,1154,-1,1154,104,103,-1,1154,103,1157,-1,1157,103,99,-1,1157,99,1156,-1,1156,99,101,-1,1156,101,102,-1,102,98,1155,-1,1155,98,97,-1,1155,97,1158,-1,1158,97,95,-1,1158,95,1159,-1,95,93,1159,-1,1159,93,92,-1,1159,92,1160,-1,1160,92,90,-1,1160,90,1161,-1,1161,90,89,-1,89,87,1161,-1,1161,87,86,-1,1161,86,1162,-1,1162,86,82,-1,1162,82,1163,-1,1163,82,84,-1,1163,84,1117,-1,1117,84,85,-1,1117,85,80,-1,1163,1164,1162,-1,1162,1164,1165,-1,1162,1165,1161,-1,1161,1165,1166,-1,1161,1166,1160,-1,1160,1166,1167,-1,1160,1167,1159,-1,1159,1167,1168,-1,1159,1168,1158,-1,1158,1168,1169,-1,1158,1169,1155,-1,1155,1169,1170,-1,1155,1170,1156,-1,1156,1170,1171,-1,1156,1171,1157,-1,1157,1171,1172,-1,1157,1172,1154,-1,1154,1172,1173,-1,1154,1173,1153,-1,1153,1173,1174,-1,1153,1174,1152,-1,1152,1174,1175,-1,1152,1175,1151,-1,1151,1175,1176,-1,1151,1176,1150,-1,1150,1176,1177,-1,1150,1177,1149,-1,1149,1177,1178,-1,1149,1178,1148,-1,1148,1178,1179,-1,1148,1179,1145,-1,1145,1179,1180,-1,1145,1180,1146,-1,1146,1180,1181,-1,1146,1181,1147,-1,1147,1181,1182,-1,1147,1182,1144,-1,1144,1182,1183,-1,1144,1183,1143,-1,1143,1183,1184,-1,1143,1184,1142,-1,1142,1184,1185,-1,1142,1185,1141,-1,1141,1185,1186,-1,1141,1186,1140,-1,1140,1186,1187,-1,1140,1187,1139,-1,1139,1187,1188,-1,1139,1188,1138,-1,1138,1188,1189,-1,1138,1189,1135,-1,1135,1189,1190,-1,1135,1190,1136,-1,1136,1190,1191,-1,1136,1191,1137,-1,1137,1191,1192,-1,1137,1192,1134,-1,1134,1192,1193,-1,1134,1193,1133,-1,1133,1193,1194,-1,1133,1194,1132,-1,1132,1194,1195,-1,1132,1195,1131,-1,1131,1195,1196,-1,1131,1196,1128,-1,1128,1196,1197,-1,1128,1197,1129,-1,1129,1197,1198,-1,1129,1198,1130,-1,1130,1198,1199,-1,1130,1199,1127,-1,1127,1199,1200,-1,1127,1200,1126,-1,1126,1200,1201,-1,1126,1201,1125,-1,1125,1201,1202,-1,1125,1202,1124,-1,1124,1202,1203,-1,1124,1203,1123,-1,1123,1203,1204,-1,1123,1204,1122,-1,1122,1204,1205,-1,1122,1205,1121,-1,1121,1205,1206,-1,1121,1206,1118,-1,1118,1206,1207,-1,1118,1207,1119,-1,1119,1207,1208,-1,1119,1208,1120,-1,1120,1208,1209,-1,1120,1209,1117,-1,1117,1209,1210,-1,1117,1210,1163,-1,1163,1210,1164,-1,1210,1211,1164,-1,1164,1211,1212,-1,1164,1212,1165,-1,1165,1212,1213,-1,1165,1213,1166,-1,1166,1213,1214,-1,1166,1214,1167,-1,1167,1214,1215,-1,1167,1215,1168,-1,1168,1215,1216,-1,1168,1216,1169,-1,1169,1216,1217,-1,1169,1217,1170,-1,1170,1217,1218,-1,1170,1218,1171,-1,1171,1218,1219,-1,1171,1219,1172,-1,1172,1219,1220,-1,1172,1220,1173,-1,1173,1220,1221,-1,1173,1221,1174,-1,1174,1221,1222,-1,1174,1222,1175,-1,1175,1222,1223,-1,1175,1223,1176,-1,1176,1223,1224,-1,1176,1224,1177,-1,1177,1224,1225,-1,1177,1225,1178,-1,1178,1225,1226,-1,1178,1226,1179,-1,1179,1226,1227,-1,1179,1227,1180,-1,1180,1227,1228,-1,1180,1228,1181,-1,1181,1228,1229,-1,1181,1229,1182,-1,1182,1229,1230,-1,1182,1230,1183,-1,1183,1230,1231,-1,1183,1231,1184,-1,1184,1231,1232,-1,1184,1232,1185,-1,1185,1232,1233,-1,1185,1233,1186,-1,1186,1233,1234,-1,1186,1234,1187,-1,1187,1234,1235,-1,1187,1235,1188,-1,1188,1235,1236,-1,1188,1236,1189,-1,1189,1236,1237,-1,1189,1237,1190,-1,1190,1237,1238,-1,1190,1238,1191,-1,1191,1238,1239,-1,1191,1239,1192,-1,1192,1239,1240,-1,1192,1240,1193,-1,1193,1240,1241,-1,1193,1241,1194,-1,1194,1241,1242,-1,1194,1242,1195,-1,1195,1242,1243,-1,1195,1243,1196,-1,1196,1243,1244,-1,1196,1244,1197,-1,1197,1244,1245,-1,1197,1245,1198,-1,1198,1245,1246,-1,1198,1246,1199,-1,1199,1246,1247,-1,1199,1247,1200,-1,1200,1247,1248,-1,1200,1248,1201,-1,1201,1248,1249,-1,1201,1249,1202,-1,1202,1249,1250,-1,1202,1250,1203,-1,1203,1250,1251,-1,1203,1251,1204,-1,1204,1251,1252,-1,1204,1252,1205,-1,1205,1252,1253,-1,1205,1253,1206,-1,1206,1253,1254,-1,1206,1254,1207,-1,1207,1254,1255,-1,1207,1255,1208,-1,1208,1255,1256,-1,1208,1256,1209,-1,1209,1256,1257,-1,1209,1257,1210,-1,1210,1257,1211,-1,1257,1258,1211,-1,1211,1258,1259,-1,1211,1259,1212,-1,1212,1259,1260,-1,1212,1260,1213,-1,1213,1260,1261,-1,1213,1261,1214,-1,1214,1261,1262,-1,1214,1262,1215,-1,1215,1262,1263,-1,1215,1263,1216,-1,1216,1263,1264,-1,1216,1264,1217,-1,1217,1264,1265,-1,1217,1265,1218,-1,1218,1265,1266,-1,1218,1266,1219,-1,1219,1266,1267,-1,1219,1267,1220,-1,1220,1267,1268,-1,1220,1268,1221,-1,1221,1268,1269,-1,1221,1269,1222,-1,1222,1269,1270,-1,1222,1270,1223,-1,1223,1270,1271,-1,1223,1271,1224,-1,1224,1271,1272,-1,1224,1272,1225,-1,1225,1272,1273,-1,1225,1273,1226,-1,1226,1273,1274,-1,1226,1274,1227,-1,1227,1274,1275,-1,1227,1275,1228,-1,1228,1275,1276,-1,1228,1276,1229,-1,1229,1276,1277,-1,1229,1277,1230,-1,1230,1277,1278,-1,1230,1278,1231,-1,1231,1278,1279,-1,1231,1279,1232,-1,1232,1279,1280,-1,1232,1280,1233,-1,1233,1280,1281,-1,1233,1281,1234,-1,1234,1281,1282,-1,1234,1282,1235,-1,1235,1282,1283,-1,1235,1283,1236,-1,1236,1283,1284,-1,1236,1284,1237,-1,1237,1284,1285,-1,1237,1285,1238,-1,1238,1285,1286,-1,1238,1286,1239,-1,1239,1286,1287,-1,1239,1287,1240,-1,1240,1287,1288,-1,1240,1288,1241,-1,1241,1288,1289,-1,1241,1289,1242,-1,1242,1289,1290,-1,1242,1290,1243,-1,1243,1290,1291,-1,1243,1291,1244,-1,1244,1291,1292,-1,1244,1292,1245,-1,1245,1292,1293,-1,1245,1293,1246,-1,1246,1293,1294,-1,1246,1294,1247,-1,1247,1294,1295,-1,1247,1295,1248,-1,1248,1295,1296,-1,1248,1296,1249,-1,1249,1296,1297,-1,1249,1297,1250,-1,1250,1297,1298,-1,1250,1298,1251,-1,1251,1298,1299,-1,1251,1299,1252,-1,1252,1299,1300,-1,1252,1300,1253,-1,1253,1300,1301,-1,1253,1301,1254,-1,1254,1301,1302,-1,1254,1302,1255,-1,1255,1302,1303,-1,1255,1303,1256,-1,1256,1303,1304,-1,1256,1304,1257,-1,1257,1304,1258,-1,1304,1305,1258,-1,1258,1305,1306,-1,1258,1306,1259,-1,1259,1306,1307,-1,1259,1307,1260,-1,1260,1307,1308,-1,1260,1308,1261,-1,1261,1308,1309,-1,1261,1309,1262,-1,1262,1309,1310,-1,1262,1310,1263,-1,1263,1310,1311,-1,1263,1311,1264,-1,1264,1311,1312,-1,1264,1312,1265,-1,1265,1312,1313,-1,1265,1313,1266,-1,1266,1313,1314,-1,1266,1314,1267,-1,1267,1314,1315,-1,1267,1315,1268,-1,1268,1315,1316,-1,1268,1316,1269,-1,1269,1316,1317,-1,1269,1317,1270,-1,1270,1317,1318,-1,1270,1318,1271,-1,1271,1318,1319,-1,1271,1319,1272,-1,1272,1319,1320,-1,1272,1320,1273,-1,1273,1320,1321,-1,1273,1321,1274,-1,1274,1321,1322,-1,1274,1322,1275,-1,1275,1322,1323,-1,1275,1323,1276,-1,1276,1323,1324,-1,1276,1324,1277,-1,1277,1324,1325,-1,1277,1325,1278,-1,1278,1325,1326,-1,1278,1326,1279,-1,1279,1326,1327,-1,1279,1327,1280,-1,1280,1327,1328,-1,1280,1328,1281,-1,1281,1328,1329,-1,1281,1329,1282,-1,1282,1329,1330,-1,1282,1330,1283,-1,1283,1330,1331,-1,1283,1331,1284,-1,1284,1331,1332,-1,1284,1332,1285,-1,1285,1332,1333,-1,1285,1333,1286,-1,1286,1333,1334,-1,1286,1334,1287,-1,1287,1334,1335,-1,1287,1335,1288,-1,1288,1335,1336,-1,1288,1336,1289,-1,1289,1336,1337,-1,1289,1337,1290,-1,1290,1337,1338,-1,1290,1338,1291,-1,1291,1338,1339,-1,1291,1339,1292,-1,1292,1339,1340,-1,1292,1340,1293,-1,1293,1340,1341,-1,1293,1341,1294,-1,1294,1341,1342,-1,1294,1342,1295,-1,1295,1342,1343,-1,1295,1343,1296,-1,1296,1343,1344,-1,1296,1344,1297,-1,1297,1344,1345,-1,1297,1345,1298,-1,1298,1345,1346,-1,1298,1346,1299,-1,1299,1346,1347,-1,1299,1347,1300,-1,1300,1347,1348,-1,1300,1348,1301,-1,1301,1348,1349,-1,1301,1349,1302,-1,1302,1349,1350,-1,1302,1350,1303,-1,1303,1350,1351,-1,1303,1351,1304,-1,1304,1351,1305,-1,1351,1352,1305,-1,1305,1352,1353,-1,1305,1353,1306,-1,1306,1353,1354,-1,1306,1354,1307,-1,1307,1354,1355,-1,1307,1355,1308,-1,1308,1355,1356,-1,1308,1356,1309,-1,1309,1356,1357,-1,1309,1357,1310,-1,1310,1357,1358,-1,1310,1358,1311,-1,1311,1358,1359,-1,1311,1359,1312,-1,1312,1359,1360,-1,1312,1360,1313,-1,1313,1360,1361,-1,1313,1361,1314,-1,1314,1361,1362,-1,1314,1362,1315,-1,1315,1362,1363,-1,1315,1363,1316,-1,1316,1363,1364,-1,1316,1364,1317,-1,1317,1364,1365,-1,1317,1365,1318,-1,1318,1365,1366,-1,1318,1366,1319,-1,1319,1366,1367,-1,1319,1367,1320,-1,1320,1367,1368,-1,1320,1368,1321,-1,1321,1368,1369,-1,1321,1369,1322,-1,1322,1369,1370,-1,1322,1370,1323,-1,1323,1370,1371,-1,1323,1371,1324,-1,1324,1371,1372,-1,1324,1372,1325,-1,1325,1372,1373,-1,1325,1373,1326,-1,1326,1373,1374,-1,1326,1374,1327,-1,1327,1374,1375,-1,1327,1375,1328,-1,1328,1375,1376,-1,1328,1376,1329,-1,1329,1376,1377,-1,1329,1377,1330,-1,1330,1377,1378,-1,1330,1378,1331,-1,1331,1378,1379,-1,1331,1379,1332,-1,1332,1379,1380,-1,1332,1380,1333,-1,1333,1380,1381,-1,1333,1381,1334,-1,1334,1381,1382,-1,1334,1382,1335,-1,1335,1382,1383,-1,1335,1383,1336,-1,1336,1383,1384,-1,1336,1384,1337,-1,1337,1384,1385,-1,1337,1385,1338,-1,1338,1385,1386,-1,1338,1386,1339,-1,1339,1386,1387,-1,1339,1387,1340,-1,1340,1387,1388,-1,1340,1388,1341,-1,1341,1388,1389,-1,1341,1389,1342,-1,1342,1389,1390,-1,1342,1390,1343,-1,1343,1390,1391,-1,1343,1391,1344,-1,1344,1391,1392,-1,1344,1392,1345,-1,1345,1392,1393,-1,1345,1393,1346,-1,1346,1393,1394,-1,1346,1394,1347,-1,1347,1394,1395,-1,1347,1395,1348,-1,1348,1395,1396,-1,1348,1396,1349,-1,1349,1396,1397,-1,1349,1397,1350,-1,1350,1397,1398,-1,1350,1398,1351,-1,1351,1398,1352,-1,
        ]
    }
}