#VRML V2.0 utf8
# 3D model generated by easyeda2kicad.py (https://github.com/uPesy/easyeda2kicad.py)

Shape{
    appearance Appearance {
        material  Material 	{
            diffuseColor 0.25098039215686274 0.25098039215686274 0.25098039215686274
            specularColor 0.12549019607843137 0.12549019607843137 0.12549019607843137
            ambientIntensity 0.2
            transparency 0
            shininess 0.5
        }
    }
    geometry IndexedFaceSet {
        ccw TRUE
        solid FALSE
        coord DEF co Coordinate {
            point [
                -0.8893 1.1253 0.6988, -0.8909 1.1253 0.6988, -0.8834 1.1122 0.6988, -0.8896 1.0978 0.6988, -0.8762 1.0997 0.6988, -0.6831 0.7941 0.6988, -0.8893 0.7941 0.6988, -0.4323 0.7539 0.6988, -0.9421 0.7941 0.6988, -1.3741 1.0875 0.6988, -1.3519 1.1246 0.6988, -1.4414 1.2899 0.6988, -0.9421 1.1878 0.6988, -0.8749 1.1878 0.6988, -0.6733 1.1878 0.6988, -0.4323 1.2899 0.6988, -0.6205 1.1878 0.6988, -0.6205 0.7941 0.6988, -0.8893 1.0703 0.6988, -1.0597 0.8577 0.6988, -1.0899 0.8268 0.6988, -1.1225 0.8067 0.6988, -1.1605 0.794 0.6988, -1.019 0.9956 0.6988, -1.0239 0.9404 0.6988, -1.038 0.8945 0.6988, -0.6718 0.8613 0.6988, -0.6707 0.8613 0.6988, -0.6793 0.875 0.6988, -0.6728 0.8898 0.6988, -0.6876 0.8884 0.6988, -0.6733 0.9184 0.6988, -1.2932 0.8071 0.6988, -1.4414 0.7539 0.6988, -1.2562 0.7944 0.6988, -1.208 0.7893 0.6988, -1.0826 1.1511 0.6988, -1.0534 1.1182 0.6988, -1.0329 1.0789 0.6988, -1.0217 1.035 0.6988, -1.3209 1.1557 0.6988, -1.2845 1.1771 0.6988, -1.2447 1.1888 0.6988, -1.3254 0.8276 0.6988, -1.3537 0.8569 0.6988, -1.3755 0.8936 0.6988, -1.2016 1.1926 0.6988, -1.1541 1.1873 0.6988, -1.1169 1.1741 0.6988, -1.3888 0.9362 0.6988, -1.3935 0.9863 0.6988, -1.3884 1.0415 0.6988, 0.7559 0.7185 0.6988, 1.2441 0.7185 0.6988, 1.4414 0.7539 0.6988, 0.2441 -0.4626 0.6988, -0.2441 -0.4626 0.6988, -0.4323 -1.034 0.6988, -0.2441 0.7185 0.6988, 0.2441 0.7185 0.6988, 1.4414 -1.034 0.6988, 1.2441 -0.4626 0.6988, 0.7559 -0.4626 0.6988, 1.4414 1.2899 0.6988, -0.7559 0.7185 0.6988, -0.7559 -0.4626 0.6988, -1.4414 -1.034 0.6988, -1.2441 -0.4626 0.6988, -1.2441 0.7185 0.6988, 1.4783 0.3049 0.1197, 1.4783 0.3302 0.1197, 1.4763 0.3302 0.1425, 1.4854 0.2186 0.0394, 1.4854 0.2178 0.0393, 1.4854 0.2366 0.0393, 1.5 -1.0925 -0.128, 1.5 -0.7191 -0.128, 1.4881 -0.7191 0.0077, 1.4727 0.1335 0.1836, 1.4725 0.1323 0.1868, 1.4743 0.1323 0.1658, 1.4673 0.1581 0.2462, 1.4672 0.1641 0.247, 1.4672 0.1323 0.247, 1.4743 0.1787 0.1663, 1.4743 0.1735 0.1658, 1.4743 0.2 0.1658, 1.4753 0.008 0.1549, 1.4763 0.013 0.1425, 1.4763 0.0504 0.1425, 1.4727 -0.019 0.1841, 1.4738 -0.0036 0.1711, 1.4672 0.0504 0.247, 1.4672 -0.0822 0.247, 1.468 -0.0695 0.2382, 1.4699 -0.0501 0.2157, 1.4719 -0.0388 0.1934, 1.472 -0.036 0.1925, 1.4665 -0.1996 0.2551, 1.4656 -0.1732 0.2647, 1.4414 -0.7191 0.5413, 1.4666 -0.0923 0.2538, 1.4414 0.0504 0.5413, 1.4657 -0.1206 0.2646, 1.4654 -0.1469 0.2677, 1.4672 -0.2129 0.247, 1.4672 -0.7191 0.247, 1.4673 -0.2152 0.2456, 1.4743 -0.7191 0.1658, 1.4743 -0.3375 0.1658, 1.4733 -0.3325 0.1771, 1.4718 -0.3189 0.1945, 1.4696 -0.2758 0.219, 1.4694 -0.2534 0.2217, 1.4683 -0.2286 0.2342, 1.4694 -0.2468 0.2214, 1.4695 -0.2403 0.2206, 1.4715 -0.315 0.1982, 1.4704 -0.2969 0.2108, 1.4842 -0.3039 0.053, 1.4829 -0.3217 0.0681, 1.4854 -0.7191 0.0393, 1.485 -0.2833 0.043, 1.4812 -0.3347 0.0866, 1.4794 -0.3429 0.1077, 1.4763 -0.7191 0.1425, 1.4774 -0.3456 0.1299, 1.477 -0.3454 0.1353, 1.4763 -0.3442 0.1425, 1.4751 -0.3416 0.1566, 1.4852 -0.2762 0.0408, 1.4854 -0.2754 0.0393, 1.4863 -0.2704 0.0287, 1.4872 -0.262 0.0183, 1.4881 -0.1985 0.0077, 1.4885 -0.2083 0.004, 1.5 0.0504 -0.128, 1.4886 -0.2221 0.0023, 1.4886 -0.2243 0.0023, 1.4884 -0.2377 0.0044, 1.4881 -0.2456 0.0077, 1.4879 -0.2508 0.0099, 1.4854 -0.1687 0.0393, 1.4854 -0.1688 0.0391, 1.4881 0.0504 0.0077, 1.4865 -0.1755 0.0264, 1.4873 -0.1843 0.0167, 1.488 -0.1956 0.0088, 1.4824 -0.096 0.0728, 1.4823 -0.0921 0.0743, 1.4795 -0.0854 0.1066, 1.4831 -0.0035 0.0652, 1.4842 -0.019 0.0522, 1.4854 0.0504 0.0393, 1.4803 -0.1794 0.097, 1.4768 -0.1031 0.1367, 1.4795 -0.1893 0.106, 1.479 -0.2014 0.1125, 1.4827 -0.0995 0.0703, 1.4817 0.0078 0.0809, 1.478 -0.018 0.1235, 1.477 -0.0207 0.1344, 1.4763 -0.025 0.1425, 1.4763 -0.3083 0.1425, 1.4768 0.015 0.1376, 1.4784 0.0176 0.1191, 1.4802 0.015 0.0989, 1.4823 -0.0877 0.0749, 1.4823 -0.0872 0.0748, 1.4823 -0.0855 0.0744, 1.4793 -0.305 0.1084, 1.4803 -0.2982 0.0969, 1.4808 -0.2693 0.091, 1.4812 -0.288 0.0864, 1.4819 -0.2756 0.0788, 1.4792 -0.2482 0.1098, 1.4799 -0.2599 0.1017, 1.4773 -0.3097 0.131, 1.4781 -0.3091 0.1223, 1.4788 -0.2357 0.1146, 1.4786 -0.2221 0.1163, 1.4787 -0.2152 0.1159, 1.4838 -0.1054 0.0573, 1.4836 -0.1052 0.0595, 1.4831 -0.1651 0.0647, 1.4832 -0.1041 0.0638, 1.4829 -0.1019 0.0677, 1.4811 -0.0293 0.0885, 1.4803 -0.023 0.0974, 1.4794 -0.0191 0.1075, 1.4784 -0.0177 0.1185, 1.4853 -0.0921 0.0402, 1.4852 -0.0958 0.0417, 1.4849 -0.0995 0.0443, 1.4848 -0.1008 0.0456, 1.4845 -0.1033 0.0492, 1.4842 -0.1048 0.0531, 1.4842 -0.1655 0.0531, 1.4836 -0.1651 0.059, 1.485 -0.0363 0.0437, 1.4853 -0.0553 0.0397, 1.4853 -0.0889 0.0397, 1.4823 -0.0843 0.0743, 1.4823 -0.0587 0.0743, 1.4821 -0.0485 0.0762, 1.4817 -0.0384 0.0809, 1.4811 -0.03 0.0877, 1.4746 -0.0667 0.1628, 1.475 -0.3032 0.1574, 1.4761 -0.308 0.1447, 1.4746 -0.0621 0.1628, 1.4762 -0.026 0.1442, 1.4756 -0.0325 0.1515, 1.475 -0.0413 0.1576, 1.4747 -0.0513 0.1614, 1.4716 -0.0789 0.1968, 1.4702 -0.0918 0.2121, 1.4731 -0.2226 0.1792, 1.4701 -0.0932 0.2134, 1.4692 -0.1092 0.2245, 1.4716 -0.2139 0.1972, 1.4743 -0.2973 0.1658, 1.4729 -0.2267 0.1814, 1.4743 -0.0673 0.1658, 1.4732 -0.0701 0.1786, 1.4725 -0.2395 0.1861, 1.4724 -0.2528 0.1877, 1.4724 -0.2587 0.1874, 1.4702 -0.2012 0.2123, 1.4686 -0.1271 0.2313, 1.4693 -0.1859 0.2235, 1.4684 -0.1464 0.2337, 1.4686 -0.1673 0.231, 1.4727 -0.2728 0.1841, 1.4733 -0.2855 0.1774, 1.474 -0.2953 0.1687, 1.4743 0.0002 0.1658, 1.4743 0.0504 0.1658, 1.4723 0.3849 0.1883, 1.4723 0.3555 0.1883, 1.4742 0.3931 0.1665, 1.4743 0.3555 0.1658, 1.4742 0.4045 0.1665, 1.4723 0.3516 0.1883, 1.4742 0.3439 0.1665, 1.4743 0.3302 0.1658, 1.4742 0.3325 0.1665, 1.4672 0.3302 0.247, 1.469 0.3555 0.2269, 1.4672 0.3555 0.247, 1.4673 0.363 0.2463, 1.4673 0.374 0.2463, 1.4711 0.2366 0.2024, 1.4711 0.215 0.2024, 1.4734 0.2366 0.1756, 1.4734 0.215 0.1756, 1.4743 0.2553 0.1658, 1.4672 0.2553 0.247, 1.4711 0.2436 0.2024, 1.4703 0.2436 0.2116, 1.4703 0.2366 0.2116, 1.4681 0.2459 0.2371, 1.4673 0.2459 0.2463, 1.4672 0.2366 0.247, 1.4673 0.2366 0.2463, 1.4734 0.2477 0.1756, 1.4742 0.2477 0.1665, 1.4743 0.2366 0.1658, 1.4681 0.2366 0.2371, 1.4681 0.215 0.2371, 1.4703 0.215 0.2116, 1.4673 0.2046 0.2463, 1.4672 0.2 0.247, 1.4742 0.2046 0.1665, 1.4672 0.1801 0.2468, 1.4674 0.1886 0.2444, 1.4742 0.2366 0.1665, 1.4684 0.1886 0.2336, 1.474 0.1873 0.1691, 1.468 0.1698 0.2383, 1.468 0.1661 0.2382, 1.4735 0.1608 0.1751, 1.4736 0.1679 0.1743, 1.4735 0.1717 0.1745, 1.4683 0.1877 0.2341, 1.4734 0.1807 0.1762, 1.4731 0.1886 0.1797, 1.4739 0.1886 0.1698, 1.4681 0.1796 0.2372, 1.4681 0.1592 0.2367, 1.4684 0.153 0.2337, 1.4687 0.1479 0.2295, 1.473 0.1496 0.1807, 1.4711 0.1396 0.2021, 1.4728 0.1474 0.1827, 1.4718 0.141 0.1942, 1.4724 0.1437 0.1878, 1.4688 0.1474 0.2289, 1.4693 0.1435 0.2233, 1.4699 0.1408 0.2164, 1.4708 0.1395 0.2055, 1.4733 0.1549 0.1771, 1.4414 0.1323 0.5413, 1.4671 0.1696 0.2476, 1.4672 0.1782 0.247, 1.4414 0.2 0.5413, 1.4696 0.1306 0.2195, 1.4693 0.1323 0.2233, 1.4688 0.1344 0.2283, 1.4682 0.1402 0.2359, 1.468 0.1422 0.2378, 1.4675 0.1497 0.243, 1.4743 0.1275 0.1658, 1.4705 0.1288 0.2091, 1.4672 0.1275 0.247, 1.4709 0.1287 0.2049, 1.472 0.1302 0.1919, 1.4741 0.1518 0.1676, 1.4738 0.1444 0.1714, 1.4734 0.1389 0.1761, 1.4733 0.1383 0.1768, 1.4763 0.2 0.1425, 1.4744 0.1665 0.1652, 1.4763 0.1323 0.1425, 1.4743 0.1602 0.1656, 1.4743 0.159 0.1658, 1.4414 1.2899 0.5413, 1.4672 1.3156 0.247, 1.4743 1.3227 0.1658, 1.4853 0.4934 0.04, 1.4834 0.4852 0.0618, 1.4834 0.4519 0.0618, 1.4853 0.3631 0.04, 1.4783 0.3631 0.1197, 1.4763 0.3555 0.1425, 1.4853 0.4442 0.04, 1.4853 0.4327 0.04, 1.4854 0.3555 0.0393, 1.4853 0.3851 0.04, 1.4854 1.3338 0.0393, 1.4763 1.3248 0.1425, 1.4783 0.4743 0.1197, 1.4853 0.5048 0.04, 1.4783 0.4632 0.1197, 1.4837 0.4222 0.0582, 1.4843 0.4162 0.0512, 1.4849 0.4078 0.0452, 1.4852 0.3987 0.0416, 1.4793 0.4162 0.1092, 1.4795 0.4191 0.1064, 1.4801 0.424 0.0995, 1.4808 0.427 0.0918, 1.4783 0.386 0.1197, 1.4784 0.3982 0.1184, 1.4788 0.4078 0.1149, 1.4817 0.4283 0.0809, 1.4822 0.4281 0.0758, 1.483 0.4261 0.0665, 1.5 0.3555 -0.128, 1.5 1.3484 -0.128, 1.4881 1.3366 0.0077, 1.4881 -1.0807 0.0077, 1.4854 -1.0779 0.0393, 1.4763 -1.0689 0.1425, 1.4743 -1.0668 0.1658, 1.4672 -1.0597 0.247, 1.4414 -1.034 0.5413, 1.4719 0.3258 0.193, 1.4726 0.3219 0.1847, 1.4672 0.2995 0.247, 1.4674 0.2995 0.2444, 1.4677 0.3076 0.2414, 1.4741 0.2995 0.1686, 1.4743 0.2995 0.1658, 1.4738 0.3076 0.1717, 1.4733 0.316 0.1777, 1.4682 0.316 0.2357, 1.4684 0.3188 0.2329, 1.469 0.3237 0.226, 1.4697 0.3267 0.2184, 1.4707 0.328 0.2074, 1.4711 0.3278 0.2023, 1.4673 0.2857 0.2463, 1.4674 0.2979 0.2449, 1.4741 0.2984 0.1682, 1.4742 0.2849 0.1665, 1.4742 0.2628 0.1665, 1.4673 0.2628 0.2463, 1.4832 0.1379 0.0644, 1.4829 0.14 0.0672, 1.4815 0.1414 0.0832, 1.4852 0.1632 0.0407, 1.4854 0.1594 0.0393, 1.4853 0.1718 0.04, 1.485 0.1667 0.043, 1.4854 0.148 0.0393, 1.4852 0.1441 0.0408, 1.4854 0.1323 0.0393, 1.4804 0.1714 0.0964, 1.4811 0.197 0.0884, 1.4808 0.1989 0.0911, 1.4827 0.1431 0.0699, 1.4825 0.1474 0.072, 1.4812 0.1474 0.0872, 1.4823 0.1548 0.0738, 1.481 0.1636 0.0898, 1.4809 0.1602 0.0901, 1.481 0.1537 0.0894, 1.485 0.1407 0.0431, 1.4849 0.1396 0.0442, 1.4847 0.1375 0.0473, 1.4845 0.1718 0.0488, 1.4845 0.1715 0.0488, 1.4848 0.1699 0.0463, 1.4844 0.1363 0.0507, 1.484 0.1358 0.0552, 1.4839 0.1359 0.0566, 1.4835 0.1365 0.0609, 1.4803 0.151 0.097, 1.4802 0.1611 0.0983, 1.4803 0.1672 0.0977, 1.4807 0.1414 0.093, 1.4806 0.1435 0.0942, 1.4805 0.1748 0.0945, 1.4808 0.1774 0.0919, 1.4814 0.1958 0.0851, 1.481 0.1795 0.0887, 1.4814 0.181 0.0841, 1.4821 0.1718 0.0762, 1.4818 0.1714 0.0806, 1.4814 0.1704 0.0842, 1.4813 0.1692 0.0862, 1.4826 0.1999 0.0709, 1.4842 0.1954 0.0523, 1.4826 0.2 0.0708, 1.4844 0.1993 0.0499, 1.4845 0.2 0.0496, 1.4825 0.1983 0.0726, 1.4823 0.197 0.0746, 1.4821 0.1818 0.0766, 1.482 0.1959 0.0777, 1.4817 0.1954 0.0816, 1.4811 0.1677 0.0878, 1.481 0.1659 0.089, 1.4854 0.1592 0.0392, 1.4881 0.2 0.0077, 1.4881 0.1323 0.0077, 1.4854 0.154 0.0386, 1.4854 0.1482 0.0393, 1.4851 0.1954 0.042, 1.4853 0.1818 0.04, 1.4853 0.2 0.0403, 1.4854 0.2 0.0393, 1.4853 0.2016 0.0397, 1.4854 0.205 0.0393, 1.4854 0.2109 0.0386, 1.4804 0.2313 0.0957, 1.4813 0.2313 0.086, 1.4806 0.2019 0.0937, 1.4804 0.205 0.0956, 1.4843 0.2335 0.0515, 1.4846 0.2323 0.0483, 1.4848 0.2304 0.0457, 1.4808 0.2 0.0921, 1.4803 0.2106 0.0975, 1.4802 0.2177 0.0983, 1.4763 0.2366 0.1425, 1.4803 0.2246 0.0977, 1.4831 0.2306 0.0649, 1.4834 0.2325 0.0621, 1.4836 0.2336 0.0592, 1.484 0.234 0.0555, 1.485 0.2276 0.0432, 1.4852 0.2242 0.0412, 1.4809 0.2167 0.0901, 1.4809 0.2138 0.0899, 1.4816 0.2058 0.0825, 1.481 0.2111 0.0892, 1.4811 0.2088 0.088, 1.4817 0.2059 0.0811, 1.4818 0.2063 0.0796, 1.482 0.207 0.0782, 1.4821 0.208 0.0772, 1.4822 0.2115 0.075, 1.481 0.2233 0.0894, 1.4825 0.2177 0.0723, 1.4812 0.2289 0.0873, 1.4826 0.2216 0.0707, 1.4829 0.2283 0.067, 1.4812 0.2073 0.0867, 1.4813 0.2065 0.0854, 1.4815 0.206 0.0841, 1.4846 0.2056 0.0475, 1.4831 0.2106 0.065, 1.4829 0.2046 0.0677, 1.4847 0.2119 0.0468, 1.4847 0.2123 0.0468, 1.4834 0.2172 0.0623, 1.4847 0.2175 0.0474, 1.484 0.2237 0.0545, 1.4839 0.2236 0.0557, 1.4846 0.22 0.0483, 1.4845 0.221 0.0489, 1.4844 0.2221 0.0499, 1.4843 0.223 0.0512, 1.4842 0.2235 0.0526, 1.4838 0.2231 0.0573, 1.4837 0.2224 0.0586, 1.4836 0.2211 0.0599, 1.4854 0.2713 0.0393, 1.4854 0.2995 0.0393, 1.4803 0.2941 0.0969, 1.4763 0.2995 0.1425, 1.4803 0.2837 0.0969, 1.4841 0.2654 0.0541, 1.4845 0.2666 0.0494, 1.4845 0.2669 0.0494, 1.4763 0.2553 0.1425, 1.4815 0.2553 0.0831, 1.4841 0.2681 0.054, 1.4843 0.2673 0.0514, 1.4854 0.2553 0.0393, 1.4839 0.2553 0.0563, 1.4803 0.2392 0.0969, 1.4803 0.2504 0.0969, 1.4853 0.2616 0.0401, 1.4854 0.2613 0.0393, 1.4862 0.2572 0.0297, 1.4881 0.2366 0.0077, 1.4876 0.2413 0.014, 1.4868 0.2413 0.0229, 1.4867 0.2534 0.0241, 1.4865 0.2553 0.0261, 1.4865 0.2553 0.0261, 1.4869 0.2433 0.0222, 1.4869 0.247 0.0217, 1.4875 0.2553 0.0149, 1.4876 0.2518 0.0136, 1.4881 0.2553 0.0077, 1.4877 0.2478 0.0131, 1.4876 0.2455 0.0132, 1.4869 0.2495 0.022, 1.4868 0.2517 0.0228, 1.4861 0.2682 0.0314, 1.4868 0.2636 0.0226, 1.4881 0.2995 0.0077, 1.4872 0.2599 0.0182, 1.4873 0.2593 0.0176, 1.4875 0.2558 0.0151, 1.4822 0.3153 0.0759, 1.4845 0.3153 0.0491, 1.4845 0.3302 0.0491, 1.4845 0.348 0.0491, 1.4853 0.348 0.04, 1.4854 0.3302 0.0393, 1.4783 0.3462 0.1197, 1.4791 0.3462 0.1106, 1.4822 0.3439 0.0759, 1.4814 0.3439 0.085, 1.4814 0.3302 0.085, 1.4822 0.3302 0.0759, 1.4791 0.3302 0.1106, 1.4791 0.3153 0.1106, 1.4814 0.3153 0.085, 1.4853 0.3302 0.04, 1.4853 0.3049 0.04, 1.4414 0.3555 0.5413, 1.4414 0.3302 0.5413, 1.4414 0.2995 0.5413, 1.4414 0.2553 0.5413, 1.4414 0.2366 0.5413, 1.4414 0.1275 0.5413, 1.4742 0.0832 0.1665, 1.4673 0.0832 0.2463, 1.4673 0.0935 0.2463, 1.4734 0.0935 0.1756, 1.4734 0.1254 0.1756, 1.4742 0.1254 0.1665, 1.4763 0.1275 0.1425, 1.4791 0.0935 0.1106, 1.4814 0.0935 0.085, 1.4791 0.1244 0.1106, 1.4814 0.1221 0.085, 1.4845 0.1262 0.0491, 1.4853 0.1262 0.04, 1.4854 0.1275 0.0393, 1.4853 0.0832 0.04, 1.4783 0.0832 0.1197, 1.4783 0.1244 0.1197, 1.4822 0.0935 0.0759, 1.4845 0.0935 0.0491, 1.4822 0.1221 0.0759, 1.4881 0.3555 0.0077, 1.4881 0.3302 0.0077, 1.4881 0.1275 0.0077, 1.5 0.1275 -0.128, 1.5 0.1323 -0.128, 1.5 0.2 -0.128, 1.5 0.2366 -0.128, 1.5 0.2553 -0.128, 1.5 0.2995 -0.128, 1.5 0.3302 -0.128, 1.5 0.3302 -0.128
            ]
        }
        coordIndex [
            0,1,2,-1,2,1,3,-1,2,3,4,-1,5,6,7,-1,7,6,8,-1,9,10,11,-1,12,13,11,-1,11,13,14,-1,11,14,15,-1,15,14,16,-1,15,16,7,-1,7,16,17,-1,7,17,5,-1,4,3,5,-1,5,3,18,-1,5,18,6,-1,19,20,8,-1,8,20,21,-1,8,21,22,-1,23,24,8,-1,8,24,25,-1,8,25,19,-1,26,27,28,-1,28,27,29,-1,28,29,30,-1,30,29,13,-1,13,29,31,-1,13,31,14,-1,32,33,34,-1,34,33,35,-1,36,37,12,-1,12,37,38,-1,12,38,8,-1,8,38,39,-1,8,39,23,-1,10,40,11,-1,11,40,41,-1,11,41,42,-1,32,43,33,-1,33,43,44,-1,33,44,45,-1,42,46,11,-1,11,46,47,-1,11,47,12,-1,12,47,48,-1,12,48,36,-1,45,49,33,-1,33,49,50,-1,33,50,11,-1,11,50,51,-1,11,51,9,-1,52,53,54,-1,55,56,57,-1,57,56,7,-1,7,56,58,-1,7,58,59,-1,54,53,60,-1,60,53,61,-1,60,61,62,-1,63,15,54,-1,54,15,7,-1,54,7,52,-1,52,7,59,-1,52,59,62,-1,62,59,55,-1,62,55,60,-1,60,55,57,-1,22,35,8,-1,8,35,33,-1,8,33,7,-1,7,33,64,-1,7,64,57,-1,57,64,65,-1,57,65,66,-1,66,65,67,-1,66,67,33,-1,33,67,68,-1,33,68,64,-1,69,70,71,-1,72,73,74,-1,75,76,77,-1,78,79,80,-1,81,82,83,-1,84,85,86,-1,87,88,89,-1,90,91,92,-1,93,94,92,-1,92,94,95,-1,95,96,92,-1,92,96,97,-1,92,97,90,-1,98,99,100,-1,93,92,101,-1,101,92,102,-1,101,102,103,-1,100,99,102,-1,102,99,104,-1,102,104,103,-1,98,100,105,-1,105,100,106,-1,105,106,107,-1,108,109,106,-1,106,109,110,-1,106,110,111,-1,106,112,107,-1,107,112,113,-1,107,113,114,-1,114,113,115,-1,114,115,116,-1,111,117,106,-1,106,117,118,-1,106,118,112,-1,119,120,121,-1,119,121,122,-1,120,123,121,-1,121,123,124,-1,121,124,125,-1,125,124,126,-1,126,127,125,-1,125,127,128,-1,125,128,108,-1,108,128,129,-1,108,129,109,-1,130,122,131,-1,131,122,121,-1,131,121,132,-1,132,121,133,-1,134,135,136,-1,135,137,136,-1,136,137,138,-1,136,138,76,-1,76,138,139,-1,76,139,77,-1,77,139,140,-1,77,140,121,-1,121,140,141,-1,121,141,133,-1,142,143,144,-1,144,143,145,-1,145,146,144,-1,144,146,147,-1,144,147,134,-1,148,149,150,-1,151,152,153,-1,154,155,156,-1,156,155,157,-1,148,150,158,-1,151,153,159,-1,160,161,155,-1,155,161,162,-1,155,162,163,-1,88,164,89,-1,89,164,165,-1,89,165,153,-1,153,165,166,-1,153,166,159,-1,149,167,150,-1,150,167,168,-1,150,168,169,-1,170,171,172,-1,172,171,173,-1,172,173,174,-1,175,163,176,-1,176,163,177,-1,176,177,172,-1,172,177,178,-1,172,178,170,-1,175,179,163,-1,163,179,180,-1,163,180,155,-1,155,180,181,-1,155,181,157,-1,182,183,184,-1,184,183,185,-1,184,185,150,-1,150,185,186,-1,150,186,158,-1,187,188,150,-1,150,188,189,-1,150,189,155,-1,155,189,190,-1,155,190,160,-1,191,192,142,-1,142,192,193,-1,142,193,194,-1,194,195,142,-1,142,195,196,-1,142,196,197,-1,197,196,182,-1,197,182,198,-1,198,182,184,-1,152,199,153,-1,153,199,200,-1,153,200,142,-1,142,200,201,-1,142,201,191,-1,169,202,150,-1,150,202,203,-1,150,203,204,-1,204,205,150,-1,150,205,206,-1,150,206,187,-1,207,208,209,-1,209,163,207,-1,207,163,162,-1,207,162,210,-1,210,162,211,-1,211,212,210,-1,210,212,213,-1,210,213,214,-1,215,216,217,-1,216,218,217,-1,217,218,219,-1,217,219,220,-1,221,217,222,-1,208,207,221,-1,221,207,223,-1,221,223,217,-1,217,223,224,-1,217,224,215,-1,222,225,221,-1,221,225,226,-1,221,226,227,-1,220,219,228,-1,228,219,229,-1,228,229,230,-1,230,229,231,-1,230,231,232,-1,233,234,227,-1,227,234,235,-1,227,235,221,-1,91,236,237,-1,237,236,87,-1,238,239,240,-1,240,239,241,-1,240,241,242,-1,239,243,241,-1,241,243,244,-1,241,244,245,-1,245,244,246,-1,245,246,247,-1,247,246,248,-1,247,248,249,-1,249,248,250,-1,249,250,251,-1,252,253,254,-1,254,253,255,-1,256,257,258,-1,258,257,259,-1,260,259,261,-1,261,259,257,-1,261,257,262,-1,262,257,263,-1,262,263,264,-1,252,254,258,-1,258,254,265,-1,258,265,256,-1,256,265,266,-1,256,266,267,-1,261,268,260,-1,260,268,269,-1,260,269,270,-1,264,263,271,-1,271,263,272,-1,271,272,273,-1,274,275,272,-1,266,276,267,-1,267,276,273,-1,267,273,86,-1,86,273,272,-1,86,272,277,-1,277,272,275,-1,84,86,278,-1,279,280,281,-1,282,283,284,-1,284,283,285,-1,284,285,277,-1,277,285,286,-1,277,286,86,-1,86,286,287,-1,86,287,278,-1,282,284,281,-1,281,284,288,-1,281,288,279,-1,280,289,281,-1,281,289,290,-1,281,290,291,-1,292,293,294,-1,294,293,295,-1,294,295,296,-1,291,297,281,-1,281,297,298,-1,281,298,299,-1,299,300,281,-1,281,300,293,-1,281,293,301,-1,301,293,292,-1,83,82,302,-1,82,303,302,-1,302,303,304,-1,302,304,305,-1,306,307,83,-1,83,307,308,-1,83,308,309,-1,309,310,83,-1,83,310,311,-1,83,311,81,-1,80,79,312,-1,313,314,315,-1,315,314,312,-1,315,312,316,-1,316,312,79,-1,80,317,318,-1,318,319,80,-1,80,319,320,-1,80,320,78,-1,321,322,323,-1,323,322,324,-1,323,324,325,-1,326,249,327,-1,327,249,251,-1,327,251,328,-1,329,330,331,-1,332,333,334,-1,335,336,337,-1,337,336,338,-1,339,340,341,-1,331,335,329,-1,329,335,337,-1,329,337,342,-1,343,341,334,-1,334,341,340,-1,334,340,328,-1,336,344,345,-1,345,346,336,-1,336,346,347,-1,336,347,338,-1,348,349,343,-1,343,349,350,-1,343,350,351,-1,333,352,334,-1,334,352,353,-1,334,353,343,-1,343,353,354,-1,343,354,348,-1,351,355,343,-1,343,355,356,-1,343,356,336,-1,336,356,357,-1,336,357,344,-1,358,359,360,-1,75,77,361,-1,361,77,121,-1,361,121,362,-1,362,121,125,-1,362,125,363,-1,363,125,108,-1,363,108,364,-1,364,108,106,-1,364,106,365,-1,365,106,100,-1,365,100,366,-1,367,368,245,-1,369,370,247,-1,247,370,371,-1,372,373,374,-1,374,373,245,-1,374,245,375,-1,375,245,368,-1,371,376,247,-1,247,376,377,-1,247,377,378,-1,378,379,247,-1,247,379,380,-1,247,380,245,-1,245,380,381,-1,245,381,367,-1,257,382,369,-1,369,382,383,-1,369,383,370,-1,372,384,373,-1,373,384,385,-1,373,385,256,-1,256,385,386,-1,256,386,257,-1,257,386,387,-1,257,387,382,-1,388,389,390,-1,391,392,393,-1,391,393,394,-1,395,396,397,-1,398,399,400,-1,389,401,390,-1,390,401,402,-1,390,402,403,-1,403,402,404,-1,405,406,404,-1,404,406,407,-1,404,407,403,-1,396,408,397,-1,397,408,409,-1,397,409,410,-1,411,412,393,-1,393,412,413,-1,393,413,394,-1,410,414,397,-1,397,414,415,-1,397,415,416,-1,323,416,417,-1,418,419,323,-1,323,419,420,-1,388,390,417,-1,417,390,421,-1,417,421,323,-1,323,421,422,-1,323,422,418,-1,398,423,399,-1,399,423,424,-1,399,424,425,-1,425,424,426,-1,425,426,427,-1,428,429,404,-1,404,429,430,-1,404,430,431,-1,432,433,434,-1,434,433,435,-1,434,435,436,-1,437,438,439,-1,439,438,440,-1,439,440,427,-1,427,440,441,-1,427,441,425,-1,431,442,404,-1,404,442,443,-1,404,443,405,-1,392,444,445,-1,445,444,446,-1,446,444,447,-1,446,447,448,-1,432,437,433,-1,433,437,439,-1,433,439,449,-1,449,439,450,-1,449,450,451,-1,451,450,452,-1,451,452,453,-1,453,452,454,-1,455,454,445,-1,445,454,452,-1,445,452,392,-1,392,452,450,-1,392,450,393,-1,456,457,74,-1,458,459,321,-1,460,461,74,-1,74,461,462,-1,420,398,323,-1,323,398,400,-1,323,400,321,-1,321,400,463,-1,321,463,458,-1,459,464,321,-1,321,464,465,-1,321,465,466,-1,466,465,467,-1,466,467,456,-1,468,469,457,-1,457,469,470,-1,457,470,74,-1,74,470,471,-1,74,471,460,-1,462,472,74,-1,74,472,473,-1,74,473,72,-1,474,475,476,-1,476,475,477,-1,476,477,478,-1,476,479,474,-1,474,479,480,-1,474,480,481,-1,481,482,474,-1,474,482,483,-1,474,483,484,-1,484,483,485,-1,484,485,486,-1,486,485,487,-1,486,487,457,-1,457,487,488,-1,457,488,468,-1,489,490,478,-1,478,490,491,-1,478,491,476,-1,492,493,436,-1,436,493,494,-1,436,494,434,-1,492,495,493,-1,493,495,496,-1,493,496,497,-1,497,496,498,-1,497,499,500,-1,498,501,497,-1,497,501,502,-1,497,502,503,-1,503,504,497,-1,497,504,505,-1,497,505,499,-1,500,506,497,-1,497,506,507,-1,497,507,508,-1,509,510,511,-1,511,510,512,-1,511,512,513,-1,514,515,516,-1,512,517,513,-1,513,517,518,-1,513,518,519,-1,519,518,514,-1,519,514,520,-1,520,514,516,-1,521,522,74,-1,74,522,523,-1,456,74,466,-1,466,74,523,-1,466,523,517,-1,517,523,524,-1,517,524,518,-1,525,522,526,-1,526,522,521,-1,526,521,527,-1,528,529,530,-1,531,532,521,-1,521,532,533,-1,521,533,527,-1,455,445,73,-1,73,445,528,-1,73,528,74,-1,74,528,530,-1,74,530,521,-1,521,530,534,-1,521,534,535,-1,536,537,538,-1,538,537,539,-1,538,539,528,-1,528,539,540,-1,528,540,529,-1,535,541,521,-1,521,541,542,-1,521,542,531,-1,543,544,545,-1,544,546,545,-1,545,546,547,-1,545,547,538,-1,538,547,548,-1,538,548,536,-1,549,550,551,-1,552,553,337,-1,337,553,554,-1,71,70,334,-1,334,70,555,-1,334,555,556,-1,557,334,558,-1,558,334,556,-1,558,556,559,-1,338,332,337,-1,337,332,334,-1,337,334,552,-1,552,334,557,-1,552,557,551,-1,551,557,560,-1,551,560,549,-1,556,561,559,-1,559,561,562,-1,559,562,563,-1,553,564,554,-1,554,564,565,-1,554,565,510,-1,510,565,69,-1,510,69,512,-1,512,69,71,-1,326,566,249,-1,249,566,567,-1,249,567,247,-1,247,567,568,-1,247,568,369,-1,369,568,569,-1,369,569,257,-1,257,569,570,-1,257,570,263,-1,263,570,305,-1,263,305,272,-1,272,305,304,-1,272,304,274,-1,302,571,83,-1,83,571,314,-1,83,314,306,-1,306,314,313,-1,572,237,312,-1,91,237,92,-1,92,237,572,-1,92,572,573,-1,571,102,314,-1,314,102,92,-1,314,92,574,-1,574,92,573,-1,574,575,314,-1,314,575,576,-1,314,576,312,-1,312,576,577,-1,312,577,572,-1,251,242,328,-1,328,242,241,-1,328,241,334,-1,334,241,245,-1,334,245,71,-1,71,245,373,-1,71,373,512,-1,512,373,256,-1,512,256,517,-1,517,256,267,-1,517,267,466,-1,466,267,86,-1,466,86,321,-1,321,86,85,-1,321,85,322,-1,87,89,237,-1,237,89,578,-1,237,578,312,-1,312,578,323,-1,312,323,80,-1,80,323,325,-1,80,325,317,-1,579,580,581,-1,581,580,582,-1,583,584,585,-1,585,584,586,-1,585,586,153,-1,153,586,89,-1,89,586,587,-1,89,587,578,-1,578,587,588,-1,578,588,581,-1,589,590,591,-1,591,590,583,-1,416,323,397,-1,397,323,578,-1,397,578,585,-1,585,578,581,-1,585,581,583,-1,583,581,582,-1,583,582,591,-1,341,342,339,-1,339,342,337,-1,339,337,592,-1,592,337,554,-1,592,554,593,-1,593,554,510,-1,593,510,545,-1,545,510,509,-1,545,509,543,-1,142,144,153,-1,153,144,594,-1,153,594,585,-1,585,594,446,-1,585,446,397,-1,397,446,448,-1,397,448,395,-1,134,136,144,-1,144,136,595,-1,144,595,594,-1,594,595,596,-1,594,596,446,-1,446,596,597,-1,446,597,445,-1,445,597,598,-1,445,598,528,-1,528,598,599,-1,528,599,538,-1,538,599,600,-1,538,600,545,-1,545,600,601,-1,545,601,593,-1,593,601,358,-1,593,358,592,-1,592,358,360,-1,592,360,339,-1,
        ]
    }
}
Shape{
    appearance Appearance {
        material  Material 	{
            diffuseColor 1.0 1.0 1.0
            specularColor 0.5019607843137255 0.5019607843137255 0.5019607843137255
            ambientIntensity 0.2
            transparency 0
            shininess 0.5
        }
    }
    geometry IndexedFaceSet {
        ccw TRUE
        solid FALSE
        coord DEF co Coordinate {
            point [
                1.1929 0.1476 0.6988, 1.1929 0.1476 0.3051, 0.8071 0.1476 0.6988, 0.8071 0.1476 0.3051, 1.1929 -0.2067 0.6988, 1.1929 -0.2067 0.3051, 0.8071 -0.2067 0.6988, 0.8071 -0.2067 0.3051, 0.1929 0.1476 0.6988, 0.1929 0.1476 0.3051, -0.1929 0.1476 0.6988, -0.1929 0.1476 0.3051, 0.1929 -0.2067 0.6988, 0.1929 -0.2067 0.3051, -0.1929 -0.2067 0.6988, -0.1929 -0.2067 0.3051, -0.8071 0.1476 0.6988, -0.8071 0.1476 0.3051, -1.1929 0.1476 0.6988, -1.1929 0.1476 0.3051, -0.8071 -0.2067 0.6988, -0.8071 -0.2067 0.3051, -1.1929 -0.2067 0.6988, -1.1929 -0.2067 0.3051, -1.1929 -0.2067 0.3051
            ]
        }
        coordIndex [
            0,1,2,-1,2,1,3,-1,4,5,0,-1,0,5,1,-1,6,7,4,-1,4,7,5,-1,2,3,6,-1,6,3,7,-1,8,9,10,-1,10,9,11,-1,12,13,8,-1,8,13,9,-1,14,15,12,-1,12,15,13,-1,10,11,14,-1,14,11,15,-1,16,17,18,-1,18,17,19,-1,20,21,16,-1,16,21,17,-1,22,23,20,-1,20,23,21,-1,18,19,22,-1,22,19,23,-1,
        ]
    }
}
Shape{
    appearance Appearance {
        material  Material 	{
            diffuseColor 0.25098039215686274 0.25098039215686274 0.25098039215686274
            specularColor 0.12549019607843137 0.12549019607843137 0.12549019607843137
            ambientIntensity 0.2
            transparency 0
            shininess 0.5
        }
    }
    geometry IndexedFaceSet {
        ccw TRUE
        solid FALSE
        coord DEF co Coordinate {
            point [
                1.4468 -1.0393 -0.561, -1.4468 -1.0393 -0.561, 1.4468 1.2953 -0.561, -1.4468 1.2953 -0.561, -1.5 -1.0925 -0.128, -1.5 1.3484 -0.128, -1.3031 1.3484 -0.128, -0.6969 1.3484 -0.128, -0.3031 1.3484 -0.128, 0.3031 1.3484 -0.128, 0.6969 1.3484 -0.128, 1.3031 1.3484 -0.128, 1.5 1.3484 -0.128, 1.5 1.3484 -0.128
            ]
        }
        coordIndex [
            0,1,2,-1,2,1,3,-1,4,5,1,-1,1,5,3,-1,3,5,6,-1,6,7,3,-1,3,7,8,-1,3,8,2,-1,2,8,9,-1,9,10,2,-1,2,10,11,-1,2,11,12,-1,
        ]
    }
}
Shape{
    appearance Appearance {
        material  Material 	{
            diffuseColor 1.0 1.0 0.5019607843137255
            specularColor 0.5019607843137255 0.5019607843137255 0.25098039215686274
            ambientIntensity 0.2
            transparency 0
            shininess 0.5
        }
    }
    geometry IndexedFaceSet {
        ccw TRUE
        solid FALSE
        coord DEF co Coordinate {
            point [
                -1.3031 1.3484 -0.128, -1.3031 1.581 -0.128, -0.6969 1.3484 -0.128, -0.6969 1.581 -0.128, -1.3031 1.6195 -0.1591, -0.6969 1.6195 -0.1591, -1.3031 1.6167 -0.1507, -0.6969 1.6167 -0.1507, -1.3031 1.6121 -0.1431, -0.6969 1.6121 -0.1431, -1.3031 1.6058 -0.1367, -0.6969 1.6058 -0.1367, -1.3031 1.5983 -0.1319, -0.6969 1.5983 -0.1319, -1.3031 1.5899 -0.129, -0.6969 1.5899 -0.129, -1.3031 1.3395 -0.0256, -1.3031 1.581 -0.0256, -1.3031 1.6129 -0.0292, -1.3031 1.6432 -0.0399, -1.3031 1.6702 -0.0572, -1.3031 1.6927 -0.0801, -1.3031 1.7095 -0.1074, -1.3031 1.7197 -0.1379, -1.3031 1.7104 -0.5866, -1.3031 1.8105 -0.5653, -1.3031 1.7206 -0.617, -1.3031 1.8126 -0.5721, -1.3031 1.7373 -0.6443, -1.3031 1.8175 -0.5806, -1.3031 1.7598 -0.6672, -1.3031 1.8242 -0.5877, -1.3031 1.7869 -0.6845, -1.3031 1.8326 -0.5928, -1.3031 1.8171 -0.6952, -1.3031 1.8327 -0.5929, -1.3031 1.8327 -0.6979, -1.1181 1.9508 -0.5965, -1.1181 1.9508 -0.6988, -1.2775 1.849 -0.5965, -1.2775 1.849 -0.6988, -1.2811 1.8468 -0.5964, -1.2904 1.8408 -0.6986, -1.2885 1.8421 -0.5952, -1.1181 2.0492 -0.6988, -1.1181 2.0492 -0.5965, -0.7225 1.849 -0.6988, -0.8819 2.0492 -0.6988, -0.8819 1.9508 -0.6988, -1.2904 1.8408 -0.6986, -0.6969 1.8171 -0.6952, -0.6969 1.8327 -0.6979, -0.7096 1.8408 -0.6986, -0.6969 1.7869 -0.6845, -0.6969 1.7598 -0.6672, -0.6969 1.7373 -0.6443, -0.6969 1.7206 -0.617, -0.6969 1.7104 -0.5866, -0.6969 1.8327 -0.5929, -0.6969 1.8326 -0.5928, -0.6969 1.3395 -0.0256, -0.6969 1.581 -0.0256, -0.6969 1.6129 -0.0292, -0.6969 1.6432 -0.0399, -0.6969 1.6702 -0.0572, -0.6969 1.6927 -0.0801, -0.6969 1.7095 -0.1074, -0.6969 1.7197 -0.1379, -0.6969 1.8105 -0.5653, -0.6969 1.8126 -0.5721, -0.6969 1.8175 -0.5806, -0.6969 1.8242 -0.5877, -0.7115 1.842 -0.5954, -0.7096 1.8408 -0.6986, -0.8819 1.9508 -0.5965, -0.7225 1.849 -0.5965, -0.7169 1.8455 -0.5963, -0.8819 2.0492 -0.5965, -0.8819 2.0492 -0.5965
            ]
        }
        coordIndex [
            0,1,2,-1,2,1,3,-1,4,5,6,-1,6,5,7,-1,6,7,8,-1,8,7,9,-1,8,9,10,-1,10,9,11,-1,10,11,12,-1,12,11,13,-1,12,13,14,-1,14,13,15,-1,14,15,1,-1,1,15,3,-1,0,16,1,-1,1,16,17,-1,1,17,14,-1,14,17,18,-1,14,18,12,-1,12,18,19,-1,12,19,10,-1,10,19,20,-1,10,20,8,-1,8,20,21,-1,8,21,6,-1,6,21,22,-1,6,22,4,-1,4,22,23,-1,4,23,24,-1,24,23,25,-1,24,25,26,-1,26,25,27,-1,26,27,28,-1,28,27,29,-1,28,29,30,-1,30,29,31,-1,30,31,32,-1,32,31,33,-1,32,33,34,-1,34,33,35,-1,34,35,36,-1,37,38,39,-1,39,38,40,-1,39,40,41,-1,41,40,42,-1,41,42,43,-1,43,42,36,-1,43,36,35,-1,44,38,45,-1,45,38,37,-1,46,40,38,-1,44,47,38,-1,38,47,48,-1,38,48,46,-1,36,49,50,-1,51,50,52,-1,52,50,49,-1,52,49,46,-1,46,49,40,-1,36,50,34,-1,34,50,53,-1,34,53,32,-1,32,53,54,-1,32,54,30,-1,30,54,55,-1,30,55,28,-1,28,55,56,-1,28,56,26,-1,26,56,57,-1,26,57,24,-1,4,24,5,-1,5,24,57,-1,51,58,50,-1,50,58,59,-1,60,2,61,-1,61,2,3,-1,61,3,62,-1,62,3,15,-1,62,15,63,-1,63,15,13,-1,63,13,64,-1,64,13,11,-1,64,11,65,-1,65,11,9,-1,65,9,66,-1,66,9,7,-1,66,7,67,-1,67,7,5,-1,67,5,68,-1,68,5,57,-1,68,57,69,-1,69,57,56,-1,69,56,70,-1,70,56,55,-1,70,55,71,-1,71,55,54,-1,71,54,59,-1,59,54,53,-1,59,53,50,-1,58,51,72,-1,72,51,73,-1,48,74,46,-1,46,74,75,-1,46,75,73,-1,73,75,76,-1,73,76,72,-1,77,74,47,-1,47,74,48,-1,77,45,74,-1,74,45,37,-1,74,37,75,-1,75,37,39,-1,47,44,77,-1,77,44,45,-1,43,35,33,-1,59,58,72,-1,75,39,76,-1,76,39,41,-1,76,41,43,-1,25,68,27,-1,27,68,69,-1,27,69,29,-1,29,69,70,-1,29,70,31,-1,31,70,71,-1,31,71,33,-1,33,71,59,-1,33,59,43,-1,43,59,72,-1,43,72,76,-1,25,23,68,-1,68,23,67,-1,67,23,22,-1,67,22,66,-1,66,22,21,-1,66,21,65,-1,65,21,20,-1,65,20,64,-1,64,20,19,-1,64,19,63,-1,63,19,18,-1,63,18,62,-1,62,18,17,-1,62,17,61,-1,60,61,16,-1,16,61,17,-1,
        ]
    }
}
Shape{
    appearance Appearance {
        material  Material 	{
            diffuseColor 0.25098039215686274 0.25098039215686274 0.25098039215686274
            specularColor 0.12549019607843137 0.12549019607843137 0.12549019607843137
            ambientIntensity 0.2
            transparency 0
            shininess 0.5
        }
    }
    geometry IndexedFaceSet {
        ccw TRUE
        solid FALSE
        coord DEF co Coordinate {
            point [
                1.5 1.3484 -0.128, 1.3031 1.3484 -0.128, 1.4881 1.3366 0.0077, 1.3031 1.3395 -0.0256, 1.4854 1.3338 0.0393, 1.4763 1.3248 0.1425, 1.4743 1.3227 0.1658, 0.6969 1.3395 -0.0256, 1.4672 1.3156 0.247, -1.4414 1.2899 0.5413, 1.4414 1.2899 0.5413, -0.3031 1.3395 -0.0256, 0.3031 1.3395 -0.0256, 0.3031 1.3484 -0.128, 0.6969 1.3484 -0.128, -1.3031 1.3484 -0.128, -1.5 1.3484 -0.128, -1.3031 1.3395 -0.0256, -0.6969 1.3395 -0.0256, -0.6969 1.3484 -0.128, -0.3031 1.3484 -0.128, -0.3031 1.3484 -0.128
            ]
        }
        coordIndex [
            0,1,2,-1,2,1,3,-1,2,3,4,-1,4,3,5,-1,5,3,6,-1,6,3,7,-1,6,7,8,-1,8,7,9,-1,8,9,10,-1,11,9,12,-1,12,9,7,-1,12,7,13,-1,13,7,14,-1,15,16,17,-1,17,16,9,-1,17,9,18,-1,18,9,11,-1,18,11,19,-1,19,11,20,-1,
        ]
    }
}
Shape{
    appearance Appearance {
        material  Material 	{
            diffuseColor 1.0 1.0 0.5019607843137255
            specularColor 0.5019607843137255 0.5019607843137255 0.25098039215686274
            ambientIntensity 0.2
            transparency 0
            shininess 0.5
        }
    }
    geometry IndexedFaceSet {
        ccw TRUE
        solid FALSE
        coord DEF co Coordinate {
            point [
                -0.3031 1.3484 -0.128, -0.3031 1.3395 -0.0256, -0.3031 1.581 -0.128, -0.3031 1.581 -0.0256, -0.3031 1.5899 -0.129, -0.3031 1.6129 -0.0292, -0.3031 1.5983 -0.1319, -0.3031 1.6432 -0.0399, -0.3031 1.6058 -0.1367, -0.3031 1.6702 -0.0572, -0.3031 1.6121 -0.1431, -0.3031 1.6927 -0.0801, -0.3031 1.6167 -0.1507, -0.3031 1.7095 -0.1074, -0.3031 1.6195 -0.1591, -0.3031 1.7197 -0.1379, -0.3031 1.7104 -0.5866, -0.3031 1.8105 -0.5653, -0.3031 1.7206 -0.617, -0.3031 1.8126 -0.5721, -0.3031 1.7373 -0.6443, -0.3031 1.8175 -0.5806, -0.3031 1.7598 -0.6672, -0.3031 1.8242 -0.5877, -0.3031 1.7869 -0.6845, -0.3031 1.8326 -0.5928, -0.3031 1.8171 -0.6952, -0.3031 1.8327 -0.5929, -0.3031 1.8327 -0.6979, -0.1181 1.9508 -0.5965, -0.1181 1.9508 -0.6988, -0.2775 1.849 -0.5965, -0.2775 1.849 -0.6988, -0.2811 1.8468 -0.5964, -0.2904 1.8408 -0.6986, -0.2885 1.8421 -0.5952, -0.1181 2.0492 -0.6988, -0.1181 2.0492 -0.5965, 0.1181 2.0492 -0.6988, 0.1181 1.9508 -0.6988, 0.2775 1.849 -0.6988, 0.2904 1.8408 -0.6986, 0.3031 1.8327 -0.6979, 0.3031 1.8171 -0.6952, -0.2904 1.8408 -0.6986, 0.3031 1.7869 -0.6845, 0.3031 1.7598 -0.6672, 0.3031 1.7373 -0.6443, 0.3031 1.7206 -0.617, 0.3031 1.7104 -0.5866, 0.3031 1.6195 -0.1591, 0.3031 1.6167 -0.1507, 0.3031 1.6121 -0.1431, 0.3031 1.6058 -0.1367, 0.3031 1.5983 -0.1319, 0.3031 1.5899 -0.129, 0.3031 1.581 -0.128, 0.3031 1.3484 -0.128, 0.3031 1.8327 -0.5929, 0.3031 1.8326 -0.5928, 0.3031 1.3395 -0.0256, 0.3031 1.581 -0.0256, 0.3031 1.6129 -0.0292, 0.3031 1.6432 -0.0399, 0.3031 1.6702 -0.0572, 0.3031 1.6927 -0.0801, 0.3031 1.7095 -0.1074, 0.3031 1.7197 -0.1379, 0.3031 1.8105 -0.5653, 0.3031 1.8126 -0.5721, 0.3031 1.8175 -0.5806, 0.3031 1.8242 -0.5877, 0.2885 1.842 -0.5954, 0.2904 1.8408 -0.6986, 0.1181 1.9508 -0.5965, 0.2775 1.849 -0.5965, 0.2831 1.8455 -0.5963, 0.1181 2.0492 -0.5965, 0.6969 1.3484 -0.128, 0.6969 1.3395 -0.0256, 0.6969 1.581 -0.128, 0.6969 1.581 -0.0256, 0.6969 1.5899 -0.129, 0.6969 1.6129 -0.0292, 0.6969 1.5983 -0.1319, 0.6969 1.6432 -0.0399, 0.6969 1.6058 -0.1367, 0.6969 1.6702 -0.0572, 0.6969 1.6121 -0.1431, 0.6969 1.6927 -0.0801, 0.6969 1.6167 -0.1507, 0.6969 1.7095 -0.1074, 0.6969 1.6195 -0.1591, 0.6969 1.7197 -0.1379, 0.6969 1.7104 -0.5866, 0.6969 1.8105 -0.5653, 0.6969 1.7206 -0.617, 0.6969 1.8126 -0.5721, 0.6969 1.7373 -0.6443, 0.6969 1.8175 -0.5806, 0.6969 1.7598 -0.6672, 0.6969 1.8242 -0.5877, 0.6969 1.7869 -0.6845, 0.6969 1.8326 -0.5928, 0.6969 1.8171 -0.6952, 0.6969 1.8327 -0.5929, 0.6969 1.8327 -0.6979, 0.8819 1.9508 -0.5965, 0.8819 1.9508 -0.6988, 0.7225 1.849 -0.5965, 0.7225 1.849 -0.6988, 0.7189 1.8468 -0.5964, 0.7096 1.8408 -0.6986, 0.7115 1.8421 -0.5952, 1.2904 1.8408 -0.6986, 1.3031 1.8327 -0.6979, 1.3031 1.8171 -0.6952, 1.2775 1.849 -0.6988, 0.7096 1.8408 -0.6986, 1.3031 1.7869 -0.6845, 1.3031 1.7598 -0.6672, 1.3031 1.7373 -0.6443, 1.3031 1.7206 -0.617, 1.3031 1.7104 -0.5866, 1.3031 1.6195 -0.1591, 1.3031 1.6167 -0.1507, 1.3031 1.6121 -0.1431, 1.3031 1.6058 -0.1367, 1.3031 1.5983 -0.1319, 1.3031 1.5899 -0.129, 1.3031 1.581 -0.128, 1.3031 1.3484 -0.128, 1.3031 1.8327 -0.5929, 1.3031 1.8326 -0.5928, 1.3031 1.3395 -0.0256, 1.3031 1.581 -0.0256, 1.3031 1.6129 -0.0292, 1.3031 1.6432 -0.0399, 1.3031 1.6702 -0.0572, 1.3031 1.6927 -0.0801, 1.3031 1.7095 -0.1074, 1.3031 1.7197 -0.1379, 1.3031 1.8105 -0.5653, 1.3031 1.8126 -0.5721, 1.3031 1.8175 -0.5806, 1.3031 1.8242 -0.5877, 1.2885 1.842 -0.5954, 1.2904 1.8408 -0.6986, 1.1181 1.9508 -0.6988, 1.1181 1.9508 -0.5965, 1.2775 1.849 -0.5965, 1.2831 1.8455 -0.5963, 1.1181 2.0492 -0.5965, 0.8819 2.0492 -0.5965, 0.8819 2.0492 -0.6988, 1.1181 2.0492 -0.6988, 1.1181 2.0492 -0.6988
            ]
        }
        coordIndex [
            0,1,2,-1,2,1,3,-1,2,3,4,-1,4,3,5,-1,4,5,6,-1,6,5,7,-1,6,7,8,-1,8,7,9,-1,8,9,10,-1,10,9,11,-1,10,11,12,-1,12,11,13,-1,12,13,14,-1,14,13,15,-1,14,15,16,-1,16,15,17,-1,16,17,18,-1,18,17,19,-1,18,19,20,-1,20,19,21,-1,20,21,22,-1,22,21,23,-1,22,23,24,-1,24,23,25,-1,24,25,26,-1,26,25,27,-1,26,27,28,-1,29,30,31,-1,31,30,32,-1,31,32,33,-1,33,32,34,-1,33,34,35,-1,35,34,28,-1,35,28,27,-1,36,30,37,-1,37,30,29,-1,36,38,30,-1,30,38,39,-1,30,39,32,-1,32,39,40,-1,41,42,43,-1,32,40,44,-1,44,40,41,-1,44,41,28,-1,28,41,26,-1,41,43,26,-1,26,43,45,-1,26,45,24,-1,24,45,46,-1,24,46,22,-1,22,46,47,-1,22,47,20,-1,20,47,48,-1,20,48,18,-1,18,48,49,-1,18,49,16,-1,14,16,50,-1,50,16,49,-1,14,50,12,-1,12,50,51,-1,12,51,10,-1,10,51,52,-1,10,52,8,-1,8,52,53,-1,8,53,6,-1,6,53,54,-1,6,54,4,-1,4,54,55,-1,4,55,2,-1,2,55,56,-1,0,2,57,-1,57,2,56,-1,42,58,43,-1,43,58,59,-1,60,57,61,-1,61,57,56,-1,61,56,62,-1,62,56,55,-1,62,55,63,-1,63,55,54,-1,63,54,64,-1,64,54,53,-1,64,53,65,-1,65,53,52,-1,65,52,66,-1,66,52,51,-1,66,51,67,-1,67,51,50,-1,67,50,68,-1,68,50,49,-1,68,49,69,-1,69,49,48,-1,69,48,70,-1,70,48,47,-1,70,47,71,-1,71,47,46,-1,71,46,59,-1,59,46,45,-1,59,45,43,-1,58,42,72,-1,72,42,73,-1,39,74,40,-1,40,74,75,-1,40,75,73,-1,73,75,76,-1,73,76,72,-1,77,74,38,-1,38,74,39,-1,31,75,74,-1,77,37,74,-1,74,37,29,-1,74,29,31,-1,38,36,77,-1,77,36,37,-1,35,27,25,-1,59,58,72,-1,75,31,76,-1,76,31,33,-1,76,33,35,-1,17,68,19,-1,19,68,69,-1,19,69,21,-1,21,69,70,-1,21,70,23,-1,23,70,71,-1,23,71,25,-1,25,71,59,-1,25,59,35,-1,35,59,72,-1,35,72,76,-1,17,15,68,-1,68,15,67,-1,67,15,13,-1,67,13,66,-1,66,13,11,-1,66,11,65,-1,65,11,9,-1,65,9,64,-1,64,9,7,-1,64,7,63,-1,63,7,5,-1,63,5,62,-1,62,5,3,-1,62,3,61,-1,60,61,1,-1,1,61,3,-1,78,79,80,-1,80,79,81,-1,80,81,82,-1,82,81,83,-1,82,83,84,-1,84,83,85,-1,84,85,86,-1,86,85,87,-1,86,87,88,-1,88,87,89,-1,88,89,90,-1,90,89,91,-1,90,91,92,-1,92,91,93,-1,92,93,94,-1,94,93,95,-1,94,95,96,-1,96,95,97,-1,96,97,98,-1,98,97,99,-1,98,99,100,-1,100,99,101,-1,100,101,102,-1,102,101,103,-1,102,103,104,-1,104,103,105,-1,104,105,106,-1,107,108,109,-1,109,108,110,-1,109,110,111,-1,111,110,112,-1,111,112,113,-1,113,112,106,-1,113,106,105,-1,114,115,116,-1,110,117,118,-1,118,117,114,-1,118,114,106,-1,106,114,104,-1,114,116,104,-1,104,116,119,-1,104,119,102,-1,102,119,120,-1,102,120,100,-1,100,120,121,-1,100,121,98,-1,98,121,122,-1,98,122,96,-1,96,122,123,-1,96,123,94,-1,92,94,124,-1,124,94,123,-1,92,124,90,-1,90,124,125,-1,90,125,88,-1,88,125,126,-1,88,126,86,-1,86,126,127,-1,86,127,84,-1,84,127,128,-1,84,128,82,-1,82,128,129,-1,82,129,80,-1,80,129,130,-1,78,80,131,-1,131,80,130,-1,115,132,116,-1,116,132,133,-1,134,131,135,-1,135,131,130,-1,135,130,136,-1,136,130,129,-1,136,129,137,-1,137,129,128,-1,137,128,138,-1,138,128,127,-1,138,127,139,-1,139,127,126,-1,139,126,140,-1,140,126,125,-1,140,125,141,-1,141,125,124,-1,141,124,142,-1,142,124,123,-1,142,123,143,-1,143,123,122,-1,143,122,144,-1,144,122,121,-1,144,121,145,-1,145,121,120,-1,145,120,133,-1,133,120,119,-1,133,119,116,-1,132,115,146,-1,146,115,147,-1,148,149,117,-1,117,149,150,-1,117,150,147,-1,147,150,151,-1,147,151,146,-1,113,105,103,-1,133,132,146,-1,150,109,151,-1,151,109,111,-1,151,111,113,-1,95,142,97,-1,97,142,143,-1,97,143,99,-1,99,143,144,-1,99,144,101,-1,101,144,145,-1,101,145,103,-1,103,145,133,-1,103,133,113,-1,113,133,146,-1,113,146,151,-1,109,150,149,-1,152,153,149,-1,149,153,107,-1,149,107,109,-1,154,153,155,-1,155,153,152,-1,108,107,154,-1,154,107,153,-1,154,155,108,-1,108,155,148,-1,108,148,110,-1,110,148,117,-1,155,152,148,-1,148,152,149,-1,95,93,142,-1,142,93,141,-1,141,93,91,-1,141,91,140,-1,140,91,89,-1,140,89,139,-1,139,89,87,-1,139,87,138,-1,138,87,85,-1,138,85,137,-1,137,85,83,-1,137,83,136,-1,136,83,81,-1,136,81,135,-1,134,135,79,-1,79,135,81,-1,
        ]
    }
}
Shape{
    appearance Appearance {
        material  Material 	{
            diffuseColor 0.25098039215686274 0.25098039215686274 0.25098039215686274
            specularColor 0.12549019607843137 0.12549019607843137 0.12549019607843137
            ambientIntensity 0.2
            transparency 0
            shininess 0.5
        }
    }
    geometry IndexedFaceSet {
        ccw TRUE
        solid FALSE
        coord DEF co Coordinate {
            point [
                1.4414 -1.034 0.6988, 1.4414 -1.034 0.5413, 1.4414 -0.7191 0.5413, 1.4414 0.0504 0.5413, 1.4414 0.1275 0.5413, 1.4414 1.2899 0.6988, 1.4414 0.1323 0.5413, 1.4414 0.2 0.5413, 1.4414 0.2366 0.5413, 1.4414 0.2553 0.5413, 1.4414 0.2995 0.5413, 1.4414 0.3302 0.5413, 1.4414 0.3555 0.5413, 1.4414 1.2899 0.5413, -1.4414 -1.034 0.6988, -1.4414 -1.034 0.5413, -1.5 -1.0925 -0.128, -1.3031 -1.0925 -0.128, -1.3031 -1.0836 -0.0256, -0.6969 -1.0836 -0.0256, 0.3031 -1.0836 -0.0256, 0.3031 -1.0925 -0.128, 0.6969 -1.0925 -0.128, 1.4672 -1.0597 0.247, 0.6969 -1.0836 -0.0256, -0.3031 -1.0836 -0.0256, -0.3031 -1.0925 -0.128, -0.6969 -1.0925 -0.128, 1.3031 -1.0925 -0.128, 1.5 -1.0925 -0.128, 1.3031 -1.0836 -0.0256, 1.4881 -1.0807 0.0077, 1.4854 -1.0779 0.0393, 1.4763 -1.0689 0.1425, 1.4743 -1.0668 0.1658, 1.4743 -1.0668 0.1658
            ]
        }
        coordIndex [
            0,1,2,-1,2,3,0,-1,0,3,4,-1,0,4,5,-1,5,4,6,-1,5,6,7,-1,7,8,5,-1,5,8,9,-1,5,9,10,-1,10,11,5,-1,5,11,12,-1,5,12,13,-1,14,15,0,-1,0,15,1,-1,16,17,18,-1,16,18,15,-1,15,18,19,-1,15,19,1,-1,20,21,22,-1,23,1,24,-1,22,24,20,-1,20,24,1,-1,20,1,25,-1,25,1,19,-1,25,19,26,-1,26,19,27,-1,28,29,30,-1,30,29,31,-1,31,32,30,-1,30,32,33,-1,30,33,24,-1,24,33,34,-1,24,34,23,-1,
        ]
    }
}
Shape{
    appearance Appearance {
        material  Material 	{
            diffuseColor 1.0 1.0 0.5019607843137255
            specularColor 0.5019607843137255 0.5019607843137255 0.25098039215686274
            ambientIntensity 0.2
            transparency 0
            shininess 0.5
        }
    }
    geometry IndexedFaceSet {
        ccw TRUE
        solid FALSE
        coord DEF co Coordinate {
            point [
                -1.3031 -1.5768 -0.6979, -1.3031 -1.5768 -0.5929, -1.3031 -1.5612 -0.6952, -1.3031 -1.5767 -0.5928, -1.3031 -1.0836 -0.0256, -1.3031 -1.0925 -0.128, -1.3031 -1.3251 -0.0256, -1.3031 -1.3251 -0.128, -1.3031 -1.357 -0.0292, -1.3031 -1.334 -0.129, -1.3031 -1.3873 -0.0399, -1.3031 -1.3424 -0.1319, -1.3031 -1.4143 -0.0572, -1.3031 -1.3499 -0.1367, -1.3031 -1.4368 -0.0801, -1.3031 -1.3561 -0.1431, -1.3031 -1.4536 -0.1074, -1.3031 -1.3608 -0.1507, -1.3031 -1.4638 -0.1379, -1.3031 -1.3636 -0.1591, -1.3031 -1.5546 -0.5653, -1.3031 -1.4545 -0.5866, -1.3031 -1.5567 -0.5721, -1.3031 -1.4647 -0.617, -1.3031 -1.5616 -0.5806, -1.3031 -1.4814 -0.6443, -1.3031 -1.5683 -0.5877, -1.3031 -1.5039 -0.6672, -1.3031 -1.531 -0.6845, -1.2885 -1.5861 -0.5954, -1.2904 -1.5849 -0.6986, -1.1181 -1.6949 -0.6988, -1.1181 -1.6949 -0.5965, -1.2775 -1.5931 -0.6988, -1.2775 -1.5931 -0.5965, -1.2831 -1.5896 -0.5963, -1.1181 -1.7933 -0.5965, -1.1181 -1.7933 -0.6988, -0.7225 -1.5931 -0.5965, -0.8819 -1.7933 -0.5965, -0.8819 -1.6949 -0.5965, -0.7115 -1.5861 -0.5952, -0.6969 -1.5768 -0.5929, -0.6969 -1.5767 -0.5928, -0.7189 -1.5909 -0.5964, -0.6969 -1.5546 -0.5653, -0.6969 -1.5567 -0.5721, -0.6969 -1.5616 -0.5806, -0.6969 -1.5683 -0.5877, -0.6969 -1.4638 -0.1379, -0.6969 -1.4536 -0.1074, -0.6969 -1.4368 -0.0801, -0.6969 -1.4143 -0.0572, -0.6969 -1.3873 -0.0399, -0.6969 -1.357 -0.0292, -0.6969 -1.3251 -0.0256, -0.6969 -1.0925 -0.128, -0.6969 -1.0836 -0.0256, -0.6969 -1.3251 -0.128, -0.6969 -1.334 -0.129, -0.6969 -1.3424 -0.1319, -0.6969 -1.3499 -0.1367, -0.6969 -1.3561 -0.1431, -0.6969 -1.3608 -0.1507, -0.6969 -1.3636 -0.1591, -0.6969 -1.4545 -0.5866, -0.6969 -1.4647 -0.617, -0.6969 -1.4814 -0.6443, -0.6969 -1.5039 -0.6672, -0.6969 -1.531 -0.6845, -0.6969 -1.5612 -0.6952, -0.6969 -1.5768 -0.6979, -0.8819 -1.6949 -0.6988, -0.7225 -1.5931 -0.6988, -0.7096 -1.5849 -0.6986, -0.8819 -1.7933 -0.6988, -1.2904 -1.5849 -0.6986, -0.7096 -1.5849 -0.6986, -0.7096 -1.5849 -0.6986
            ]
        }
        coordIndex [
            0,1,2,-1,2,1,3,-1,4,5,6,-1,6,5,7,-1,6,7,8,-1,8,7,9,-1,8,9,10,-1,10,9,11,-1,10,11,12,-1,12,11,13,-1,12,13,14,-1,14,13,15,-1,14,15,16,-1,16,15,17,-1,16,17,18,-1,18,17,19,-1,18,19,20,-1,20,19,21,-1,20,21,22,-1,22,21,23,-1,22,23,24,-1,24,23,25,-1,24,25,26,-1,26,25,27,-1,26,27,3,-1,3,27,28,-1,3,28,2,-1,1,0,29,-1,29,0,30,-1,31,32,33,-1,33,32,34,-1,33,34,30,-1,30,34,35,-1,30,35,29,-1,36,32,37,-1,37,32,31,-1,38,34,32,-1,36,39,32,-1,32,39,40,-1,32,40,38,-1,41,42,43,-1,34,38,35,-1,35,38,44,-1,35,44,41,-1,3,1,29,-1,45,20,46,-1,46,20,22,-1,46,22,47,-1,47,22,24,-1,47,24,48,-1,48,24,26,-1,48,26,43,-1,43,26,3,-1,43,3,41,-1,41,3,29,-1,41,29,35,-1,45,49,20,-1,20,49,18,-1,18,49,50,-1,18,50,16,-1,16,50,51,-1,16,51,14,-1,14,51,52,-1,14,52,12,-1,12,52,53,-1,12,53,10,-1,10,53,54,-1,10,54,8,-1,8,54,55,-1,8,55,6,-1,56,57,58,-1,58,57,55,-1,58,55,59,-1,59,55,54,-1,59,54,60,-1,60,54,53,-1,60,53,61,-1,61,53,52,-1,61,52,62,-1,62,52,51,-1,62,51,63,-1,63,51,50,-1,63,50,64,-1,64,50,49,-1,64,49,65,-1,65,49,45,-1,65,45,66,-1,66,45,46,-1,66,46,67,-1,67,46,47,-1,67,47,68,-1,68,47,48,-1,68,48,69,-1,69,48,43,-1,69,43,70,-1,70,43,42,-1,70,42,71,-1,40,72,38,-1,38,72,73,-1,38,73,44,-1,44,73,74,-1,44,74,41,-1,41,74,71,-1,41,71,42,-1,75,72,39,-1,39,72,40,-1,75,37,72,-1,72,37,31,-1,72,31,73,-1,73,31,33,-1,39,36,75,-1,75,36,37,-1,76,0,2,-1,73,33,77,-1,77,33,76,-1,77,76,71,-1,71,76,70,-1,76,2,70,-1,70,2,28,-1,70,28,69,-1,69,28,27,-1,69,27,68,-1,68,27,25,-1,68,25,67,-1,67,25,23,-1,67,23,66,-1,66,23,21,-1,66,21,65,-1,64,65,19,-1,19,65,21,-1,64,19,63,-1,63,19,17,-1,63,17,62,-1,62,17,15,-1,62,15,61,-1,61,15,13,-1,61,13,60,-1,60,13,11,-1,60,11,59,-1,59,11,9,-1,59,9,58,-1,58,9,7,-1,56,58,5,-1,5,58,7,-1,
        ]
    }
}
Shape{
    appearance Appearance {
        material  Material 	{
            diffuseColor 0.25098039215686274 0.25098039215686274 0.25098039215686274
            specularColor 0.12549019607843137 0.12549019607843137 0.12549019607843137
            ambientIntensity 0.2
            transparency 0
            shininess 0.5
        }
    }
    geometry IndexedFaceSet {
        ccw TRUE
        solid FALSE
        coord DEF co Coordinate {
            point [
                1.4468 -1.0393 -0.561, 1.5 -1.0925 -0.128, 1.3031 -1.0925 -0.128, 0.6969 -1.0925 -0.128, 0.3031 -1.0925 -0.128, -1.4468 -1.0393 -0.561, -0.3031 -1.0925 -0.128, -0.6969 -1.0925 -0.128, -1.3031 -1.0925 -0.128, -1.5 -1.0925 -0.128, -1.5 -1.0925 -0.128
            ]
        }
        coordIndex [
            0,1,2,-1,2,3,0,-1,0,3,4,-1,0,4,5,-1,5,4,6,-1,6,7,5,-1,5,7,8,-1,5,8,9,-1,
        ]
    }
}
Shape{
    appearance Appearance {
        material  Material 	{
            diffuseColor 1.0 1.0 0.5019607843137255
            specularColor 0.5019607843137255 0.5019607843137255 0.25098039215686274
            ambientIntensity 0.2
            transparency 0
            shininess 0.5
        }
    }
    geometry IndexedFaceSet {
        ccw TRUE
        solid FALSE
        coord DEF co Coordinate {
            point [
                0.3031 -1.0925 -0.128, 0.3031 -1.3251 -0.128, -0.3031 -1.0925 -0.128, -0.3031 -1.3251 -0.128, 0.3031 -1.3636 -0.1591, -0.3031 -1.3636 -0.1591, 0.3031 -1.3608 -0.1507, -0.3031 -1.3608 -0.1507, 0.3031 -1.3561 -0.1431, -0.3031 -1.3561 -0.1431, 0.3031 -1.3499 -0.1367, -0.3031 -1.3499 -0.1367, 0.3031 -1.3424 -0.1319, -0.3031 -1.3424 -0.1319, 0.3031 -1.334 -0.129, -0.3031 -1.334 -0.129, 0.3031 -1.0836 -0.0256, 0.3031 -1.3251 -0.0256, 0.3031 -1.357 -0.0292, 0.3031 -1.3873 -0.0399, 0.3031 -1.4143 -0.0572, 0.3031 -1.4368 -0.0801, 0.3031 -1.4536 -0.1074, 0.3031 -1.4638 -0.1379, 0.3031 -1.4545 -0.5866, 0.3031 -1.5546 -0.5653, 0.3031 -1.4647 -0.617, 0.3031 -1.5567 -0.5721, 0.3031 -1.4814 -0.6443, 0.3031 -1.5616 -0.5806, 0.3031 -1.5039 -0.6672, 0.3031 -1.5683 -0.5877, 0.3031 -1.531 -0.6845, 0.3031 -1.5767 -0.5928, 0.3031 -1.5612 -0.6952, 0.3031 -1.5768 -0.5929, 0.3031 -1.5768 -0.6979, 0.1181 -1.6949 -0.5965, 0.1181 -1.6949 -0.6988, 0.2775 -1.5931 -0.5965, 0.2775 -1.5931 -0.6988, 0.2811 -1.5909 -0.5964, 0.2904 -1.5849 -0.6986, 0.2885 -1.5861 -0.5952, 0.1181 -1.7933 -0.6988, 0.1181 -1.7933 -0.5965, -0.2775 -1.5931 -0.6988, -0.1181 -1.7933 -0.6988, -0.1181 -1.6949 -0.6988, -0.3031 -1.5768 -0.5929, -0.3031 -1.5768 -0.6979, -0.2885 -1.5861 -0.5954, -0.2904 -1.5849 -0.6986, -0.1181 -1.6949 -0.5965, -0.2775 -1.5931 -0.5965, -0.2831 -1.5896 -0.5963, -0.1181 -1.7933 -0.5965, -0.3031 -1.5767 -0.5928, -0.3031 -1.5546 -0.5653, -0.3031 -1.5567 -0.5721, -0.3031 -1.5616 -0.5806, -0.3031 -1.5683 -0.5877, -0.3031 -1.5612 -0.6952, -0.3031 -1.0836 -0.0256, -0.3031 -1.3251 -0.0256, -0.3031 -1.357 -0.0292, -0.3031 -1.3873 -0.0399, -0.3031 -1.4143 -0.0572, -0.3031 -1.4368 -0.0801, -0.3031 -1.4536 -0.1074, -0.3031 -1.4638 -0.1379, -0.3031 -1.4545 -0.5866, -0.3031 -1.4647 -0.617, -0.3031 -1.4814 -0.6443, -0.3031 -1.5039 -0.6672, -0.3031 -1.531 -0.6845, 0.2904 -1.5849 -0.6986, -0.2904 -1.5849 -0.6986, 1.3031 -1.0925 -0.128, 1.3031 -1.3251 -0.128, 0.6969 -1.0925 -0.128, 0.6969 -1.3251 -0.128, 1.3031 -1.3636 -0.1591, 0.6969 -1.3636 -0.1591, 1.3031 -1.3608 -0.1507, 0.6969 -1.3608 -0.1507, 1.3031 -1.3561 -0.1431, 0.6969 -1.3561 -0.1431, 1.3031 -1.3499 -0.1367, 0.6969 -1.3499 -0.1367, 1.3031 -1.3424 -0.1319, 0.6969 -1.3424 -0.1319, 1.3031 -1.334 -0.129, 0.6969 -1.334 -0.129, 1.3031 -1.0836 -0.0256, 1.3031 -1.3251 -0.0256, 1.3031 -1.357 -0.0292, 1.3031 -1.3873 -0.0399, 1.3031 -1.4143 -0.0572, 1.3031 -1.4368 -0.0801, 1.3031 -1.4536 -0.1074, 1.3031 -1.4638 -0.1379, 1.3031 -1.4545 -0.5866, 1.3031 -1.5546 -0.5653, 1.3031 -1.4647 -0.617, 1.3031 -1.5567 -0.5721, 1.3031 -1.4814 -0.6443, 1.3031 -1.5616 -0.5806, 1.3031 -1.5039 -0.6672, 1.3031 -1.5683 -0.5877, 1.3031 -1.531 -0.6845, 1.3031 -1.5767 -0.5928, 1.3031 -1.5612 -0.6952, 1.3031 -1.5768 -0.5929, 1.3031 -1.5768 -0.6979, 1.1181 -1.6949 -0.5965, 1.1181 -1.6949 -0.6988, 1.2775 -1.5931 -0.5965, 1.2775 -1.5931 -0.6988, 1.2811 -1.5909 -0.5964, 1.2904 -1.5849 -0.6986, 1.2885 -1.5861 -0.5952, 1.1181 -1.7933 -0.6988, 1.1181 -1.7933 -0.5965, 0.7225 -1.5931 -0.6988, 0.8819 -1.7933 -0.6988, 0.8819 -1.6949 -0.6988, 0.6969 -1.5768 -0.5929, 0.6969 -1.5768 -0.6979, 0.7115 -1.5861 -0.5954, 0.7096 -1.5849 -0.6986, 0.8819 -1.6949 -0.5965, 0.7225 -1.5931 -0.5965, 0.7169 -1.5896 -0.5963, 0.8819 -1.7933 -0.5965, 0.6969 -1.5767 -0.5928, 0.6969 -1.5546 -0.5653, 0.6969 -1.5567 -0.5721, 0.6969 -1.5616 -0.5806, 0.6969 -1.5683 -0.5877, 0.6969 -1.5612 -0.6952, 0.6969 -1.0836 -0.0256, 0.6969 -1.3251 -0.0256, 0.6969 -1.357 -0.0292, 0.6969 -1.3873 -0.0399, 0.6969 -1.4143 -0.0572, 0.6969 -1.4368 -0.0801, 0.6969 -1.4536 -0.1074, 0.6969 -1.4638 -0.1379, 0.6969 -1.4545 -0.5866, 0.6969 -1.4647 -0.617, 0.6969 -1.4814 -0.6443, 0.6969 -1.5039 -0.6672, 0.6969 -1.531 -0.6845, 1.2904 -1.5849 -0.6986, 0.7096 -1.5849 -0.6986, 0.7096 -1.5849 -0.6986
            ]
        }
        coordIndex [
            0,1,2,-1,2,1,3,-1,4,5,6,-1,6,5,7,-1,6,7,8,-1,8,7,9,-1,8,9,10,-1,10,9,11,-1,10,11,12,-1,12,11,13,-1,12,13,14,-1,14,13,15,-1,14,15,1,-1,1,15,3,-1,0,16,1,-1,1,16,17,-1,1,17,14,-1,14,17,18,-1,14,18,12,-1,12,18,19,-1,12,19,10,-1,10,19,20,-1,10,20,8,-1,8,20,21,-1,8,21,6,-1,6,21,22,-1,6,22,4,-1,4,22,23,-1,4,23,24,-1,24,23,25,-1,24,25,26,-1,26,25,27,-1,26,27,28,-1,28,27,29,-1,28,29,30,-1,30,29,31,-1,30,31,32,-1,32,31,33,-1,32,33,34,-1,34,33,35,-1,34,35,36,-1,37,38,39,-1,39,38,40,-1,39,40,41,-1,41,40,42,-1,41,42,43,-1,43,42,36,-1,43,36,35,-1,44,38,45,-1,45,38,37,-1,46,40,38,-1,44,47,38,-1,38,47,48,-1,38,48,46,-1,49,50,51,-1,51,50,52,-1,48,53,46,-1,46,53,54,-1,46,54,52,-1,52,54,55,-1,52,55,51,-1,56,53,47,-1,47,53,48,-1,56,45,53,-1,53,45,37,-1,53,37,54,-1,54,37,39,-1,43,35,33,-1,54,39,55,-1,55,39,41,-1,55,41,43,-1,57,49,51,-1,25,58,27,-1,27,58,59,-1,27,59,29,-1,29,59,60,-1,29,60,31,-1,31,60,61,-1,31,61,33,-1,33,61,57,-1,33,57,43,-1,43,57,51,-1,43,51,55,-1,50,49,62,-1,62,49,57,-1,63,2,64,-1,64,2,3,-1,64,3,65,-1,65,3,15,-1,65,15,66,-1,66,15,13,-1,66,13,67,-1,67,13,11,-1,67,11,68,-1,68,11,9,-1,68,9,69,-1,69,9,7,-1,69,7,70,-1,70,7,5,-1,70,5,58,-1,58,5,71,-1,58,71,59,-1,59,71,72,-1,59,72,60,-1,60,72,73,-1,60,73,61,-1,61,73,74,-1,61,74,57,-1,57,74,75,-1,57,75,62,-1,36,76,62,-1,50,62,77,-1,77,62,76,-1,77,76,46,-1,46,76,40,-1,36,62,34,-1,34,62,75,-1,34,75,32,-1,32,75,74,-1,32,74,30,-1,30,74,73,-1,30,73,28,-1,28,73,72,-1,28,72,26,-1,26,72,71,-1,26,71,24,-1,4,24,5,-1,5,24,71,-1,63,64,16,-1,16,64,17,-1,70,23,22,-1,70,22,69,-1,69,22,21,-1,69,21,68,-1,68,21,20,-1,68,20,67,-1,67,20,19,-1,67,19,66,-1,66,19,18,-1,66,18,65,-1,65,18,17,-1,65,17,64,-1,25,23,58,-1,58,23,70,-1,45,56,44,-1,44,56,47,-1,78,79,80,-1,80,79,81,-1,82,83,84,-1,84,83,85,-1,84,85,86,-1,86,85,87,-1,86,87,88,-1,88,87,89,-1,88,89,90,-1,90,89,91,-1,90,91,92,-1,92,91,93,-1,92,93,79,-1,79,93,81,-1,78,94,79,-1,79,94,95,-1,79,95,92,-1,92,95,96,-1,92,96,90,-1,90,96,97,-1,90,97,88,-1,88,97,98,-1,88,98,86,-1,86,98,99,-1,86,99,84,-1,84,99,100,-1,84,100,82,-1,82,100,101,-1,82,101,102,-1,102,101,103,-1,102,103,104,-1,104,103,105,-1,104,105,106,-1,106,105,107,-1,106,107,108,-1,108,107,109,-1,108,109,110,-1,110,109,111,-1,110,111,112,-1,112,111,113,-1,112,113,114,-1,115,116,117,-1,117,116,118,-1,117,118,119,-1,119,118,120,-1,119,120,121,-1,121,120,114,-1,121,114,113,-1,122,116,123,-1,123,116,115,-1,124,118,116,-1,122,125,116,-1,116,125,126,-1,116,126,124,-1,127,128,129,-1,129,128,130,-1,126,131,124,-1,124,131,132,-1,124,132,130,-1,130,132,133,-1,130,133,129,-1,134,131,125,-1,125,131,126,-1,134,123,131,-1,131,123,115,-1,131,115,132,-1,132,115,117,-1,121,113,111,-1,132,117,133,-1,133,117,119,-1,133,119,121,-1,135,127,129,-1,103,136,105,-1,105,136,137,-1,105,137,107,-1,107,137,138,-1,107,138,109,-1,109,138,139,-1,109,139,111,-1,111,139,135,-1,111,135,121,-1,121,135,129,-1,121,129,133,-1,128,127,140,-1,140,127,135,-1,141,80,142,-1,142,80,81,-1,142,81,143,-1,143,81,93,-1,143,93,144,-1,144,93,91,-1,144,91,145,-1,145,91,89,-1,145,89,146,-1,146,89,87,-1,146,87,147,-1,147,87,85,-1,147,85,148,-1,148,85,83,-1,148,83,136,-1,136,83,149,-1,136,149,137,-1,137,149,150,-1,137,150,138,-1,138,150,151,-1,138,151,139,-1,139,151,152,-1,139,152,135,-1,135,152,153,-1,135,153,140,-1,114,154,140,-1,128,140,155,-1,155,140,154,-1,155,154,124,-1,124,154,118,-1,114,140,112,-1,112,140,153,-1,112,153,110,-1,110,153,152,-1,110,152,108,-1,108,152,151,-1,108,151,106,-1,106,151,150,-1,106,150,104,-1,104,150,149,-1,104,149,102,-1,82,102,83,-1,83,102,149,-1,141,142,94,-1,94,142,95,-1,148,101,100,-1,148,100,147,-1,147,100,99,-1,147,99,146,-1,146,99,98,-1,146,98,145,-1,145,98,97,-1,145,97,144,-1,144,97,96,-1,144,96,143,-1,143,96,95,-1,143,95,142,-1,103,101,136,-1,136,101,148,-1,123,134,122,-1,122,134,125,-1,
        ]
    }
}
Shape{
    appearance Appearance {
        material  Material 	{
            diffuseColor 0.25098039215686274 0.25098039215686274 0.25098039215686274
            specularColor 0.12549019607843137 0.12549019607843137 0.12549019607843137
            ambientIntensity 0.2
            transparency 0
            shininess 0.5
        }
    }
    geometry IndexedFaceSet {
        ccw TRUE
        solid FALSE
        coord DEF co Coordinate {
            point [
                1.5 -1.0925 -0.128, 1.4468 -1.0393 -0.561, 1.5 -0.7191 -0.128, 1.5 0.0504 -0.128, 1.5 1.3484 -0.128, 1.5 0.3555 -0.128, 1.4468 1.2953 -0.561, 1.5 0.3302 -0.128, 1.5 0.2366 -0.128, 1.5 0.2 -0.128, 1.5 0.1323 -0.128, 1.5 0.1275 -0.128, 1.5 0.2995 -0.128, 1.5 0.2553 -0.128, 1.5 0.2553 -0.128
            ]
        }
        coordIndex [
            0,1,2,-1,2,1,3,-1,4,5,6,-1,6,5,7,-1,8,9,6,-1,6,9,10,-1,6,10,1,-1,1,10,11,-1,1,11,3,-1,7,12,6,-1,6,12,13,-1,6,13,8,-1,
        ]
    }
}
Shape{
    appearance Appearance {
        material  Material 	{
            diffuseColor 1.0 1.0 0.5019607843137255
            specularColor 0.5019607843137255 0.5019607843137255 0.25098039215686274
            ambientIntensity 0.2
            transparency 0
            shininess 0.5
        }
    }
    geometry IndexedFaceSet {
        ccw TRUE
        solid FALSE
        coord DEF co Coordinate {
            point [
                -1.3031 -1.0836 -0.0256, -1.3031 -1.3251 -0.0256, -0.6969 -1.0836 -0.0256, -0.6969 -1.3251 -0.0256, -0.6969 -1.3251 -0.0256
            ]
        }
        coordIndex [
            0,1,2,-1,2,1,3,-1,
        ]
    }
}
Shape{
    appearance Appearance {
        material  Material 	{
            diffuseColor 0.25098039215686274 0.25098039215686274 0.25098039215686274
            specularColor 0.12549019607843137 0.12549019607843137 0.12549019607843137
            ambientIntensity 0.2
            transparency 0
            shininess 0.5
        }
    }
    geometry IndexedFaceSet {
        ccw TRUE
        solid FALSE
        coord DEF co Coordinate {
            point [
                -1.4414 -1.034 0.5413, -1.4414 1.2899 0.5413, -1.5 -1.0925 -0.128, -1.5 1.3484 -0.128, -1.4414 1.2899 0.6988, -1.4414 -1.034 0.6988, 1.4414 1.2899 0.6988, 1.4414 1.2899 0.5413, 0.7874 -0.2264 0.3051, 0.7874 0.4823 0.3051, 0.7559 -0.4626 0.6988, 0.7559 0.7185 0.6988, 1.2441 0.7185 0.6988, 1.2126 0.4823 0.3051, 1.2126 -0.2264 0.3051, 1.2441 -0.4626 0.6988, 1.2441 -0.4626 0.6988
            ]
        }
        coordIndex [
            0,1,2,-1,2,1,3,-1,4,1,5,-1,5,1,0,-1,6,7,4,-1,4,7,1,-1,8,9,10,-1,10,9,11,-1,12,11,13,-1,13,11,9,-1,13,14,12,-1,12,14,15,-1,14,8,15,-1,15,8,10,-1,
        ]
    }
}
Shape{
    appearance Appearance {
        material  Material 	{
            diffuseColor 1.0 1.0 1.0
            specularColor 0.5019607843137255 0.5019607843137255 0.5019607843137255
            ambientIntensity 0.2
            transparency 0
            shininess 0.5
        }
    }
    geometry IndexedFaceSet {
        ccw TRUE
        solid FALSE
        coord DEF co Coordinate {
            point [
                0.7874 -0.2264 0.3051, 0.8071 -0.2067 0.3051, 0.8071 0.1476 0.3051, 1.1929 -0.2067 0.3051, 1.2126 -0.2264 0.3051, 1.1929 0.1476 0.3051, 1.2126 0.4823 0.3051, 0.7874 0.4823 0.3051, 0.7874 0.4823 0.3051
            ]
        }
        coordIndex [
            0,1,2,-1,1,0,3,-1,3,0,4,-1,3,4,5,-1,5,4,6,-1,5,6,2,-1,2,6,7,-1,2,7,0,-1,
        ]
    }
}
Shape{
    appearance Appearance {
        material  Material 	{
            diffuseColor 0.25098039215686274 0.25098039215686274 0.25098039215686274
            specularColor 0.12549019607843137 0.12549019607843137 0.12549019607843137
            ambientIntensity 0.2
            transparency 0
            shininess 0.5
        }
    }
    geometry IndexedFaceSet {
        ccw TRUE
        solid FALSE
        coord DEF co Coordinate {
            point [
                -0.2441 0.7185 0.6988, -0.2126 0.4823 0.3051, 0.2441 0.7185 0.6988, 0.2126 0.4823 0.3051, 0.2126 0.4823 0.3051
            ]
        }
        coordIndex [
            0,1,2,-1,2,1,3,-1,
        ]
    }
}
Shape{
    appearance Appearance {
        material  Material 	{
            diffuseColor 1.0 1.0 1.0
            specularColor 0.5019607843137255 0.5019607843137255 0.5019607843137255
            ambientIntensity 0.2
            transparency 0
            shininess 0.5
        }
    }
    geometry IndexedFaceSet {
        ccw TRUE
        solid FALSE
        coord DEF co Coordinate {
            point [
                -0.2126 -0.2264 0.3051, -0.1929 -0.2067 0.3051, -0.1929 0.1476 0.3051, 0.1929 -0.2067 0.3051, 0.2126 -0.2264 0.3051, 0.1929 0.1476 0.3051, 0.2126 0.4823 0.3051, -0.2126 0.4823 0.3051, -0.2126 0.4823 0.3051
            ]
        }
        coordIndex [
            0,1,2,-1,1,0,3,-1,3,0,4,-1,3,4,5,-1,5,4,6,-1,5,6,2,-1,2,6,7,-1,2,7,0,-1,
        ]
    }
}
Shape{
    appearance Appearance {
        material  Material 	{
            diffuseColor 0.25098039215686274 0.25098039215686274 0.25098039215686274
            specularColor 0.12549019607843137 0.12549019607843137 0.12549019607843137
            ambientIntensity 0.2
            transparency 0
            shininess 0.5
        }
    }
    geometry IndexedFaceSet {
        ccw TRUE
        solid FALSE
        coord DEF co Coordinate {
            point [
                0.2126 0.4823 0.3051, 0.2126 -0.2264 0.3051, 0.2441 0.7185 0.6988, 0.2441 -0.4626 0.6988, -0.2441 -0.4626 0.6988, -0.2126 -0.2264 0.3051, -0.2126 0.4823 0.3051, -0.2441 0.7185 0.6988, -1.2441 0.7185 0.6988, -1.2126 0.4823 0.3051, -0.7559 0.7185 0.6988, -0.7874 0.4823 0.3051, -0.7874 0.4823 0.3051
            ]
        }
        coordIndex [
            0,1,2,-1,2,1,3,-1,3,1,4,-1,4,1,5,-1,5,6,4,-1,4,6,7,-1,8,9,10,-1,10,9,11,-1,
        ]
    }
}
Shape{
    appearance Appearance {
        material  Material 	{
            diffuseColor 1.0 1.0 1.0
            specularColor 0.5019607843137255 0.5019607843137255 0.5019607843137255
            ambientIntensity 0.2
            transparency 0
            shininess 0.5
        }
    }
    geometry IndexedFaceSet {
        ccw TRUE
        solid FALSE
        coord DEF co Coordinate {
            point [
                -1.2126 -0.2264 0.3051, -1.1929 -0.2067 0.3051, -1.1929 0.1476 0.3051, -0.8071 -0.2067 0.3051, -0.7874 -0.2264 0.3051, -0.8071 0.1476 0.3051, -0.7874 0.4823 0.3051, -1.2126 0.4823 0.3051, -1.2126 0.4823 0.3051
            ]
        }
        coordIndex [
            0,1,2,-1,1,0,3,-1,3,0,4,-1,3,4,5,-1,5,4,6,-1,5,6,2,-1,2,6,7,-1,2,7,0,-1,
        ]
    }
}
Shape{
    appearance Appearance {
        material  Material 	{
            diffuseColor 0.25098039215686274 0.25098039215686274 0.25098039215686274
            specularColor 0.12549019607843137 0.12549019607843137 0.12549019607843137
            ambientIntensity 0.2
            transparency 0
            shininess 0.5
        }
    }
    geometry IndexedFaceSet {
        ccw TRUE
        solid FALSE
        coord DEF co Coordinate {
            point [
                -0.7874 0.4823 0.3051, -0.7874 -0.2264 0.3051, -0.7559 0.7185 0.6988, -0.7559 -0.4626 0.6988, -1.2441 -0.4626 0.6988, -1.2126 -0.2264 0.3051, -1.2126 0.4823 0.3051, -1.2441 0.7185 0.6988, -1.2441 0.7185 0.6988
            ]
        }
        coordIndex [
            0,1,2,-1,2,1,3,-1,3,1,4,-1,4,1,5,-1,5,6,4,-1,4,6,7,-1,
        ]
    }
}
Shape{
    appearance Appearance {
        material  Material 	{
            diffuseColor 1.0 1.0 1.0
            specularColor 0.5019607843137255 0.5019607843137255 0.5019607843137255
            ambientIntensity 0.2
            transparency 0
            shininess 0.5
        }
    }
    geometry IndexedFaceSet {
        ccw TRUE
        solid FALSE
        coord DEF co Coordinate {
            point [
                -0.8071 -0.2067 0.6988, -0.8071 0.1476 0.6988, -1.1929 -0.2067 0.6988, -1.1929 0.1476 0.6988, 0.1929 -0.2067 0.6988, 0.1929 0.1476 0.6988, -0.1929 -0.2067 0.6988, -0.1929 0.1476 0.6988, 1.1929 -0.2067 0.6988, 1.1929 0.1476 0.6988, 0.8071 -0.2067 0.6988, 0.8071 0.1476 0.6988, 1.4774 0.1254 0.176, 1.4782 0.1254 0.1669, 1.4734 0.1254 0.1756, 1.4742 0.1254 0.1665, 1.4774 0.0935 0.176, 1.4734 0.0935 0.1756, 1.4712 0.0935 0.2466, 1.4673 0.0935 0.2463, 1.4712 0.0832 0.2466, 1.4673 0.0832 0.2463, 1.4782 0.0832 0.1669, 1.4742 0.0832 0.1665, 1.4783 0.1665 0.1655, 1.4744 0.1665 0.1652, 1.4782 0.1787 0.1667, 1.4743 0.1735 0.1658, 1.4743 0.1787 0.1663, 1.474 0.1873 0.1691, 1.4779 0.1873 0.1695, 1.4739 0.1886 0.1698, 1.4779 0.1886 0.1702, 1.477 0.1886 0.18, 1.4731 0.1886 0.1797, 1.4734 0.1807 0.1762, 1.4773 0.1807 0.1765, 1.4735 0.1717 0.1745, 1.4775 0.1717 0.1748, 1.4736 0.1679 0.1743, 1.4775 0.1679 0.1747, 1.4735 0.1608 0.1751, 1.4774 0.1608 0.1754, 1.4733 0.1549 0.1771, 1.4772 0.1549 0.1775, 1.473 0.1496 0.1807, 1.4769 0.1496 0.181, 1.4728 0.1474 0.1827, 1.4767 0.1474 0.1831, 1.4724 0.1437 0.1878, 1.4763 0.1437 0.1882, 1.4718 0.141 0.1942, 1.4757 0.141 0.1945, 1.4711 0.1396 0.2021, 1.475 0.1396 0.2024, 1.4708 0.1395 0.2055, 1.4747 0.1395 0.2058, 1.4699 0.1408 0.2164, 1.4738 0.1408 0.2168, 1.4693 0.1435 0.2233, 1.4732 0.1435 0.2237, 1.4688 0.1474 0.2289, 1.4727 0.1474 0.2292, 1.4687 0.1479 0.2295, 1.4727 0.1479 0.2298, 1.4684 0.153 0.2337, 1.4723 0.153 0.234, 1.4681 0.1592 0.2367, 1.472 0.1592 0.2371, 1.468 0.1661 0.2382, 1.4719 0.1661 0.2385, 1.468 0.1698 0.2383, 1.4719 0.1698 0.2387, 1.4681 0.1796 0.2372, 1.472 0.1796 0.2375, 1.4683 0.1877 0.2341, 1.4722 0.1877 0.2344, 1.4684 0.1886 0.2336, 1.4723 0.1886 0.2339, 1.4713 0.1886 0.2447, 1.4674 0.1886 0.2444, 1.4671 0.1696 0.2476, 1.4711 0.1696 0.248, 1.4672 0.1782 0.247, 1.4711 0.1801 0.2472, 1.4672 0.1801 0.2468, 1.4672 0.1641 0.247, 1.4712 0.1581 0.2466, 1.4673 0.1581 0.2462, 1.4675 0.1497 0.243, 1.4715 0.1497 0.2433, 1.468 0.1422 0.2378, 1.4719 0.1422 0.2381, 1.4682 0.1402 0.2359, 1.4721 0.1402 0.2362, 1.4688 0.1344 0.2283, 1.4693 0.1323 0.2233, 1.4735 0.1306 0.2198, 1.4728 0.1344 0.2287, 1.4696 0.1306 0.2195, 1.4705 0.1288 0.2091, 1.4744 0.1288 0.2094, 1.4709 0.1287 0.2049, 1.4748 0.1287 0.2052, 1.472 0.1302 0.1919, 1.4725 0.1323 0.1868, 1.4767 0.1335 0.184, 1.4759 0.1302 0.1923, 1.4727 0.1335 0.1836, 1.4733 0.1383 0.1768, 1.4773 0.1383 0.1771, 1.4734 0.1389 0.1761, 1.4773 0.1389 0.1764, 1.4782 0.1602 0.1659, 1.4738 0.1444 0.1714, 1.4777 0.1444 0.1717, 1.4741 0.1518 0.1676, 1.4781 0.1518 0.1679, 1.4743 0.159 0.1658, 1.4743 0.1602 0.1656, 1.4774 0.2477 0.176, 1.4782 0.2477 0.1669, 1.4734 0.2477 0.1756, 1.4742 0.2477 0.1665, 1.4734 0.215 0.1756, 1.4774 0.215 0.176, 1.4734 0.2366 0.1756, 1.475 0.215 0.2028, 1.4711 0.215 0.2024, 1.475 0.2436 0.2028, 1.4711 0.2366 0.2024, 1.4711 0.2436 0.2024, 1.4742 0.2436 0.2119, 1.4703 0.2436 0.2116, 1.4703 0.215 0.2116, 1.4742 0.215 0.2119, 1.4703 0.2366 0.2116, 1.472 0.215 0.2374, 1.4681 0.215 0.2371, 1.472 0.2459 0.2374, 1.4681 0.2366 0.2371, 1.4681 0.2459 0.2371, 1.4712 0.2459 0.2466, 1.4673 0.2459 0.2463, 1.4673 0.2046 0.2463, 1.4712 0.2046 0.2466, 1.4673 0.2366 0.2463, 1.4782 0.2046 0.1669, 1.4742 0.2046 0.1665, 1.4742 0.2366 0.1665, 1.4772 0.316 0.178, 1.4767 0.3076 0.1834, 1.4777 0.3076 0.172, 1.477 0.3025 0.1798, 1.478 0.2984 0.1685, 1.4772 0.2959 0.1773, 1.4782 0.2849 0.1669, 1.4774 0.2848 0.176, 1.4782 0.2628 0.1669, 1.4774 0.2732 0.176, 1.4712 0.2628 0.2466, 1.472 0.2732 0.2374, 1.4712 0.2857 0.2466, 1.472 0.2853 0.2374, 1.472 0.2859 0.2374, 1.4713 0.2979 0.2453, 1.4721 0.2962 0.2362, 1.4716 0.3076 0.2418, 1.4723 0.303 0.2336, 1.4721 0.316 0.2361, 1.4726 0.3084 0.2299, 1.4723 0.3188 0.2333, 1.4728 0.3106 0.2277, 1.473 0.3237 0.2263, 1.4732 0.3137 0.2233, 1.4736 0.3267 0.2187, 1.4737 0.316 0.2174, 1.4746 0.328 0.2078, 1.4746 0.3172 0.2075, 1.475 0.3278 0.2027, 1.4751 0.3169 0.2022, 1.4758 0.3258 0.1933, 1.4757 0.3153 0.1949, 1.4766 0.3219 0.1851, 1.4762 0.3125 0.189, 1.4766 0.3086 0.1843, 1.4742 0.2849 0.1665, 1.4742 0.2628 0.1665, 1.4733 0.316 0.1777, 1.4741 0.2984 0.1682, 1.4741 0.2995 0.1686, 1.4738 0.3076 0.1717, 1.4726 0.3219 0.1847, 1.4719 0.3258 0.193, 1.4711 0.3278 0.2023, 1.4707 0.328 0.2074, 1.4697 0.3267 0.2184, 1.469 0.3237 0.226, 1.4684 0.3188 0.2329, 1.4682 0.316 0.2357, 1.4673 0.2857 0.2463, 1.4677 0.3076 0.2414, 1.4674 0.2995 0.2444, 1.4674 0.2979 0.2449, 1.4673 0.2628 0.2463, 1.4681 0.2853 0.2371, 1.4681 0.2732 0.2371, 1.4734 0.2732 0.1756, 1.4734 0.2848 0.1756, 1.4727 0.3086 0.1839, 1.4728 0.3076 0.183, 1.4731 0.3025 0.1795, 1.4733 0.2959 0.1769, 1.4707 0.3172 0.2071, 1.4711 0.3169 0.2018, 1.4718 0.3153 0.1946, 1.4723 0.3125 0.1887, 1.4687 0.3084 0.2296, 1.4689 0.3106 0.2274, 1.4693 0.3137 0.2229, 1.4698 0.316 0.2171, 1.4681 0.2859 0.2371, 1.4682 0.2962 0.2358, 1.4684 0.303 0.2332, 1.4684 0.303 0.2332
            ]
        }
        coordIndex [
            0,1,2,-1,2,1,3,-1,4,5,6,-1,6,5,7,-1,8,9,10,-1,10,9,11,-1,12,13,14,-1,14,13,15,-1,16,12,17,-1,17,12,14,-1,18,16,19,-1,19,16,17,-1,20,18,21,-1,21,18,19,-1,22,20,23,-1,23,20,21,-1,13,22,15,-1,15,22,23,-1,18,20,16,-1,16,20,22,-1,16,22,12,-1,12,22,13,-1,24,25,26,-1,26,25,27,-1,27,28,26,-1,26,28,29,-1,26,29,30,-1,30,29,31,-1,30,31,32,-1,33,32,34,-1,34,32,31,-1,33,34,35,-1,33,35,36,-1,36,35,37,-1,36,37,38,-1,38,37,39,-1,38,39,40,-1,40,39,41,-1,40,41,42,-1,42,41,43,-1,42,43,44,-1,44,43,45,-1,44,45,46,-1,46,45,47,-1,46,47,48,-1,48,47,49,-1,48,49,50,-1,50,49,51,-1,50,51,52,-1,52,51,53,-1,52,53,54,-1,54,53,55,-1,54,55,56,-1,56,55,57,-1,56,57,58,-1,58,57,59,-1,58,59,60,-1,60,59,61,-1,60,61,62,-1,62,61,63,-1,62,63,64,-1,64,63,65,-1,64,65,66,-1,66,65,67,-1,66,67,68,-1,68,67,69,-1,68,69,70,-1,70,69,71,-1,70,71,72,-1,72,71,73,-1,72,73,74,-1,74,73,75,-1,74,75,76,-1,76,75,77,-1,76,77,78,-1,79,78,80,-1,80,78,77,-1,81,82,83,-1,83,82,84,-1,83,84,85,-1,85,84,79,-1,85,79,80,-1,82,81,86,-1,82,86,87,-1,86,88,87,-1,87,88,89,-1,87,89,90,-1,90,89,91,-1,90,91,92,-1,92,91,93,-1,92,93,94,-1,94,93,95,-1,96,97,95,-1,95,97,98,-1,95,98,94,-1,96,99,97,-1,97,99,100,-1,97,100,101,-1,101,100,102,-1,101,102,103,-1,103,102,104,-1,105,106,104,-1,104,106,107,-1,104,107,103,-1,105,108,106,-1,106,108,109,-1,106,109,110,-1,110,109,111,-1,110,111,112,-1,25,24,113,-1,112,111,114,-1,112,114,115,-1,115,114,116,-1,115,116,117,-1,117,116,118,-1,117,118,113,-1,113,118,119,-1,113,119,25,-1,58,60,98,-1,98,60,94,-1,103,56,101,-1,101,56,58,-1,101,58,97,-1,97,58,98,-1,60,62,94,-1,94,62,64,-1,94,64,92,-1,92,64,66,-1,92,66,90,-1,90,66,87,-1,87,66,68,-1,87,68,82,-1,32,33,30,-1,30,33,36,-1,30,36,26,-1,26,36,38,-1,26,38,24,-1,24,38,40,-1,24,40,113,-1,113,40,42,-1,113,42,117,-1,117,42,44,-1,117,44,115,-1,115,44,46,-1,115,46,112,-1,112,46,48,-1,112,48,110,-1,110,48,50,-1,110,50,106,-1,106,50,107,-1,107,50,52,-1,107,52,103,-1,103,52,54,-1,103,54,56,-1,68,70,82,-1,82,70,72,-1,82,72,84,-1,84,72,74,-1,84,74,79,-1,79,74,76,-1,79,76,78,-1,120,121,122,-1,122,121,123,-1,124,125,126,-1,126,125,120,-1,126,120,122,-1,127,125,128,-1,128,125,124,-1,127,128,129,-1,129,128,130,-1,129,130,131,-1,132,129,133,-1,133,129,131,-1,134,135,136,-1,136,135,132,-1,136,132,133,-1,137,135,138,-1,138,135,134,-1,137,138,139,-1,139,138,140,-1,139,140,141,-1,142,139,143,-1,143,139,141,-1,144,145,146,-1,146,145,142,-1,146,142,143,-1,147,145,148,-1,148,145,144,-1,147,148,121,-1,121,148,149,-1,121,149,123,-1,147,121,120,-1,120,125,147,-1,147,125,127,-1,147,127,145,-1,139,142,137,-1,137,142,145,-1,137,145,135,-1,135,145,127,-1,135,127,132,-1,132,127,129,-1,150,151,152,-1,152,151,153,-1,152,153,154,-1,154,153,155,-1,154,155,156,-1,156,155,157,-1,156,157,158,-1,158,157,159,-1,158,159,160,-1,160,159,161,-1,160,161,162,-1,161,163,162,-1,162,163,164,-1,162,164,165,-1,165,164,166,-1,165,166,167,-1,167,166,168,-1,167,168,169,-1,169,168,170,-1,169,170,171,-1,171,170,172,-1,171,172,173,-1,173,172,174,-1,173,174,175,-1,175,174,176,-1,175,176,177,-1,177,176,178,-1,177,178,179,-1,179,178,180,-1,179,180,181,-1,181,180,182,-1,181,182,183,-1,183,182,184,-1,183,184,150,-1,150,184,185,-1,150,185,151,-1,156,158,186,-1,186,158,187,-1,188,150,152,-1,156,186,189,-1,156,189,154,-1,154,189,190,-1,154,190,152,-1,152,190,191,-1,152,191,188,-1,150,188,192,-1,150,192,183,-1,183,192,193,-1,183,193,181,-1,181,193,194,-1,181,194,179,-1,179,194,195,-1,179,195,177,-1,177,195,196,-1,177,196,175,-1,175,196,197,-1,175,197,173,-1,173,197,198,-1,173,198,171,-1,171,198,199,-1,171,199,169,-1,200,162,165,-1,169,199,201,-1,169,201,167,-1,167,201,202,-1,167,202,165,-1,165,202,203,-1,165,203,200,-1,160,162,204,-1,204,162,200,-1,158,160,187,-1,187,160,204,-1,163,161,205,-1,205,161,206,-1,161,159,206,-1,206,159,207,-1,159,157,207,-1,207,157,208,-1,185,209,210,-1,185,210,151,-1,151,210,211,-1,151,211,153,-1,153,211,212,-1,153,212,155,-1,155,212,208,-1,155,208,157,-1,178,213,214,-1,178,214,180,-1,180,214,215,-1,180,215,182,-1,182,215,216,-1,182,216,184,-1,184,216,209,-1,184,209,185,-1,170,217,218,-1,170,218,172,-1,172,218,219,-1,172,219,174,-1,174,219,220,-1,174,220,176,-1,176,220,213,-1,176,213,178,-1,163,205,221,-1,163,221,164,-1,164,221,222,-1,164,222,166,-1,166,222,223,-1,166,223,168,-1,168,223,217,-1,168,217,170,-1,
        ]
    }
}
Shape{
    appearance Appearance {
        material  Material 	{
            diffuseColor 0.25098039215686274 0.25098039215686274 0.25098039215686274
            specularColor 0.12549019607843137 0.12549019607843137 0.12549019607843137
            ambientIntensity 0.2
            transparency 0
            shininess 0.5
        }
    }
    geometry IndexedFaceSet {
        ccw TRUE
        solid FALSE
        coord DEF co Coordinate {
            point [
                1.4731 0.3025 0.1795, 1.4728 0.3076 0.183, 1.4681 0.2859 0.2371, 1.4681 0.2732 0.2371, 1.4734 0.2732 0.1756, 1.4681 0.2853 0.2371, 1.4734 0.2848 0.1756, 1.4733 0.2959 0.1769, 1.4727 0.3086 0.1839, 1.4723 0.3125 0.1887, 1.4718 0.3153 0.1946, 1.4707 0.3172 0.2071, 1.4687 0.3084 0.2296, 1.4684 0.303 0.2332, 1.4698 0.316 0.2171, 1.4693 0.3137 0.2229, 1.4689 0.3106 0.2274, 1.4711 0.3169 0.2018, 1.4682 0.2962 0.2358, 1.4682 0.2962 0.2358
            ]
        }
        coordIndex [
            0,1,2,-1,3,4,5,-1,5,4,6,-1,5,6,2,-1,2,6,7,-1,2,7,0,-1,1,8,2,-1,2,8,9,-1,2,9,10,-1,11,12,13,-1,14,15,11,-1,11,15,16,-1,11,16,12,-1,10,17,2,-1,2,17,11,-1,2,11,18,-1,18,11,13,-1,
        ]
    }
}
Shape{
    appearance Appearance {
        material  Material 	{
            diffuseColor 1.0 1.0 1.0
            specularColor 0.5019607843137255 0.5019607843137255 0.5019607843137255
            ambientIntensity 0.2
            transparency 0
            shininess 0.5
        }
    }
    geometry IndexedFaceSet {
        ccw TRUE
        solid FALSE
        coord DEF co Coordinate {
            point [
                1.4755 0.3549 0.1977, 1.4763 0.3516 0.1887, 1.4755 0.3817 0.1977, 1.4763 0.3849 0.1887, 1.4726 0.3668 0.2308, 1.4712 0.363 0.2466, 1.4782 0.3325 0.1669, 1.4782 0.3439 0.1669, 1.4724 0.3675 0.2332, 1.4721 0.3681 0.2364, 1.4712 0.374 0.2466, 1.4721 0.3684 0.2364, 1.4724 0.369 0.2331, 1.4726 0.3696 0.2308, 1.4782 0.4045 0.1669, 1.4782 0.3931 0.1669, 1.4673 0.374 0.2463, 1.4742 0.4045 0.1665, 1.4673 0.363 0.2463, 1.4742 0.3325 0.1665, 1.469 0.3555 0.2269, 1.4742 0.3439 0.1665, 1.4723 0.3516 0.1883, 1.4723 0.3849 0.1883, 1.4723 0.3555 0.1883, 1.4742 0.3931 0.1665, 1.4715 0.3549 0.1973, 1.4715 0.3817 0.1973, 1.4686 0.3696 0.2305, 1.4682 0.3684 0.2361, 1.4684 0.369 0.2327, 1.4682 0.3681 0.2361, 1.4686 0.3668 0.2305, 1.4684 0.3675 0.2329, 1.4684 0.3675 0.2329
            ]
        }
        coordIndex [
            0,1,2,-1,2,1,3,-1,4,5,0,-1,0,5,6,-1,0,6,1,-1,1,6,7,-1,4,8,5,-1,5,8,9,-1,5,9,10,-1,10,9,11,-1,10,11,12,-1,12,13,10,-1,10,13,2,-1,10,2,14,-1,14,2,3,-1,14,3,15,-1,10,14,16,-1,16,14,17,-1,5,10,18,-1,18,10,16,-1,19,6,20,-1,20,6,5,-1,20,5,18,-1,7,6,21,-1,21,6,19,-1,1,7,22,-1,22,7,21,-1,23,3,24,-1,24,3,1,-1,24,1,22,-1,15,3,25,-1,25,3,23,-1,14,15,17,-1,17,15,25,-1,0,2,26,-1,26,2,27,-1,2,13,27,-1,27,13,28,-1,11,29,30,-1,11,30,12,-1,12,30,28,-1,12,28,13,-1,11,9,29,-1,29,9,31,-1,4,32,33,-1,4,33,8,-1,8,33,31,-1,8,31,9,-1,4,0,32,-1,32,0,26,-1,
        ]
    }
}
Shape{
    appearance Appearance {
        material  Material 	{
            diffuseColor 0.25098039215686274 0.25098039215686274 0.25098039215686274
            specularColor 0.12549019607843137 0.12549019607843137 0.12549019607843137
            ambientIntensity 0.2
            transparency 0
            shininess 0.5
        }
    }
    geometry IndexedFaceSet {
        ccw TRUE
        solid FALSE
        coord DEF co Coordinate {
            point [
                1.4682 0.3684 0.2361, 1.4682 0.3681 0.2361, 1.4684 0.369 0.2327, 1.4684 0.3675 0.2329, 1.4686 0.3696 0.2305, 1.4686 0.3668 0.2305, 1.4715 0.3817 0.1973, 1.4715 0.3549 0.1973, 1.4715 0.3549 0.1973
            ]
        }
        coordIndex [
            0,1,2,-1,2,1,3,-1,2,3,4,-1,4,3,5,-1,4,5,6,-1,6,5,7,-1,
        ]
    }
}
Shape{
    appearance Appearance {
        material  Material 	{
            diffuseColor 1.0 1.0 1.0
            specularColor 0.5019607843137255 0.5019607843137255 0.5019607843137255
            ambientIntensity 0.2
            transparency 0
            shininess 0.5
        }
    }
    geometry IndexedFaceSet {
        ccw TRUE
        solid FALSE
        coord DEF co Coordinate {
            point [
                1.4884 0.1262 0.0494, 1.4892 0.1262 0.0403, 1.4845 0.1262 0.0491, 1.4853 0.1262 0.04, 1.4884 0.0935 0.0494, 1.4845 0.0935 0.0491, 1.4861 0.0935 0.0762, 1.4822 0.0935 0.0759, 1.4861 0.1221 0.0762, 1.4822 0.1221 0.0759, 1.4853 0.1221 0.0854, 1.4814 0.1221 0.085, 1.4853 0.0935 0.0854, 1.4814 0.0935 0.085, 1.4831 0.0935 0.1109, 1.4791 0.0935 0.1106, 1.4831 0.1244 0.1109, 1.4791 0.1244 0.1106, 1.4823 0.1244 0.1201, 1.4783 0.1244 0.1197, 1.4823 0.0832 0.1201, 1.4783 0.0832 0.1197, 1.4892 0.0832 0.0403, 1.4853 0.0832 0.04, 1.4885 0.1715 0.0491, 1.4885 0.1718 0.0491, 1.4877 0.1711 0.0583, 1.4873 0.1717 0.0628, 1.486 0.1818 0.077, 1.4872 0.1718 0.0634, 1.4867 0.1718 0.0689, 1.4892 0.1718 0.0403, 1.4892 0.1818 0.0403, 1.4877 0.1461 0.058, 1.4875 0.1466 0.0603, 1.4871 0.1379 0.0647, 1.488 0.1696 0.0548, 1.4882 0.1675 0.0518, 1.4887 0.1699 0.0467, 1.4883 0.1662 0.0506, 1.489 0.1667 0.0433, 1.4885 0.1634 0.0487, 1.4892 0.1632 0.041, 1.4886 0.1603 0.0476, 1.4893 0.1592 0.0396, 1.4886 0.1566 0.0472, 1.4893 0.154 0.039, 1.4886 0.1532 0.0476, 1.4893 0.148 0.0397, 1.4885 0.1509 0.0484, 1.4892 0.1441 0.0411, 1.4884 0.1489 0.0497, 1.489 0.1407 0.0435, 1.4883 0.1481 0.0506, 1.4868 0.14 0.0676, 1.4873 0.1475 0.0621, 1.4866 0.1431 0.0702, 1.4872 0.1487 0.0636, 1.4864 0.1474 0.0724, 1.4871 0.1499 0.0646, 1.487 0.1522 0.0657, 1.4863 0.1548 0.0742, 1.4869 0.1584 0.0671, 1.4861 0.1718 0.0765, 1.4874 0.1365 0.0612, 1.4878 0.1359 0.057, 1.4878 0.146 0.0564, 1.4879 0.1358 0.0556, 1.488 0.1463 0.0541, 1.4883 0.1363 0.051, 1.4882 0.1469 0.0523, 1.4886 0.1375 0.0476, 1.4889 0.1396 0.0446, 1.4846 0.1414 0.0933, 1.4854 0.1414 0.0836, 1.4845 0.1435 0.0945, 1.4851 0.1474 0.0875, 1.4842 0.151 0.0974, 1.4849 0.1537 0.0898, 1.4841 0.1611 0.0986, 1.4848 0.1602 0.0905, 1.4842 0.1672 0.098, 1.4849 0.1636 0.0901, 1.4843 0.1714 0.0968, 1.4849 0.1659 0.0893, 1.4845 0.1748 0.0948, 1.485 0.1677 0.0882, 1.4847 0.1774 0.0923, 1.4852 0.1692 0.0866, 1.485 0.1795 0.089, 1.4854 0.1704 0.0845, 1.4854 0.181 0.0845, 1.4857 0.1714 0.081, 1.4802 0.1611 0.0983, 1.4803 0.151 0.097, 1.4806 0.1435 0.0942, 1.4807 0.1414 0.093, 1.4815 0.1414 0.0832, 1.4812 0.1474 0.0872, 1.481 0.1537 0.0894, 1.4809 0.1602 0.0901, 1.481 0.1636 0.0898, 1.481 0.1659 0.089, 1.4811 0.1677 0.0878, 1.4813 0.1692 0.0862, 1.4814 0.1704 0.0842, 1.4818 0.1714 0.0806, 1.4821 0.1718 0.0762, 1.4823 0.1548 0.0738, 1.4825 0.1474 0.072, 1.4827 0.1431 0.0699, 1.4829 0.14 0.0672, 1.4832 0.1379 0.0644, 1.4835 0.1365 0.0609, 1.4839 0.1359 0.0566, 1.484 0.1358 0.0552, 1.4844 0.1363 0.0507, 1.4847 0.1375 0.0473, 1.4849 0.1396 0.0442, 1.485 0.1407 0.0431, 1.4854 0.154 0.0386, 1.4854 0.1482 0.0393, 1.4854 0.148 0.0393, 1.4852 0.1441 0.0408, 1.4854 0.1592 0.0392, 1.4854 0.1594 0.0393, 1.4852 0.1632 0.0407, 1.485 0.1667 0.043, 1.4848 0.1699 0.0463, 1.4845 0.1715 0.0488, 1.4845 0.1718 0.0488, 1.4853 0.1718 0.04, 1.4853 0.1818 0.04, 1.4821 0.1818 0.0766, 1.4814 0.181 0.0841, 1.481 0.1795 0.0887, 1.4808 0.1774 0.0919, 1.4805 0.1748 0.0945, 1.4804 0.1714 0.0964, 1.4803 0.1672 0.0977, 1.4833 0.1487 0.0633, 1.4832 0.1499 0.0642, 1.4831 0.1522 0.0653, 1.483 0.1584 0.0668, 1.4839 0.146 0.056, 1.4838 0.1461 0.0576, 1.4836 0.1466 0.0599, 1.4834 0.1475 0.0618, 1.4845 0.1489 0.0494, 1.4844 0.1481 0.0503, 1.4843 0.1469 0.0519, 1.4841 0.1463 0.0538, 1.4847 0.1566 0.0468, 1.4847 0.1532 0.0472, 1.4846 0.1509 0.048, 1.4843 0.1675 0.0515, 1.4844 0.1662 0.0503, 1.4846 0.1634 0.0483, 1.4847 0.1603 0.0472, 1.4833 0.1718 0.0631, 1.4833 0.1717 0.0624, 1.4837 0.1711 0.058, 1.484 0.1696 0.0544, 1.4828 0.1718 0.0686, 1.4828 0.1718 0.0686
            ]
        }
        coordIndex [
            0,1,2,-1,2,1,3,-1,4,0,5,-1,5,0,2,-1,6,4,7,-1,7,4,5,-1,8,6,9,-1,9,6,7,-1,10,8,11,-1,11,8,9,-1,12,10,13,-1,13,10,11,-1,14,12,15,-1,15,12,13,-1,16,14,17,-1,17,14,15,-1,18,16,19,-1,19,16,17,-1,20,18,21,-1,21,18,19,-1,22,20,23,-1,23,20,21,-1,1,22,3,-1,3,22,23,-1,16,18,14,-1,14,18,20,-1,14,20,12,-1,1,0,22,-1,22,0,4,-1,22,4,6,-1,8,10,6,-1,6,10,12,-1,6,12,22,-1,22,12,20,-1,24,25,26,-1,27,28,29,-1,29,28,30,-1,31,32,25,-1,25,32,28,-1,25,28,26,-1,26,28,27,-1,33,34,35,-1,26,36,24,-1,24,36,37,-1,24,37,38,-1,38,37,39,-1,38,39,40,-1,40,39,41,-1,40,41,42,-1,42,41,43,-1,42,43,44,-1,44,43,45,-1,44,45,46,-1,46,45,47,-1,46,47,48,-1,48,47,49,-1,48,49,50,-1,50,49,51,-1,50,51,52,-1,52,51,53,-1,35,34,54,-1,54,34,55,-1,54,55,56,-1,56,55,57,-1,56,57,58,-1,57,59,58,-1,58,59,60,-1,58,60,61,-1,61,60,62,-1,61,62,63,-1,35,64,33,-1,33,64,65,-1,33,65,66,-1,66,65,67,-1,66,67,68,-1,68,67,69,-1,68,69,70,-1,70,69,71,-1,70,71,53,-1,53,71,72,-1,53,72,52,-1,73,74,75,-1,75,74,76,-1,75,76,77,-1,77,76,78,-1,77,78,79,-1,79,78,80,-1,79,80,81,-1,81,80,82,-1,81,82,83,-1,83,82,84,-1,83,84,85,-1,85,84,86,-1,85,86,87,-1,87,86,88,-1,87,88,89,-1,89,88,90,-1,89,90,91,-1,91,90,92,-1,91,92,28,-1,28,92,63,-1,28,63,30,-1,30,63,62,-1,79,93,94,-1,79,94,77,-1,77,94,95,-1,77,95,75,-1,75,95,96,-1,75,96,73,-1,74,73,97,-1,97,73,96,-1,74,97,98,-1,74,98,76,-1,76,98,99,-1,76,99,78,-1,78,99,100,-1,78,100,80,-1,80,100,101,-1,80,101,82,-1,82,101,102,-1,82,102,84,-1,84,102,103,-1,84,103,86,-1,86,103,104,-1,86,104,88,-1,88,104,105,-1,88,105,90,-1,90,105,106,-1,90,106,92,-1,92,106,107,-1,92,107,63,-1,61,63,108,-1,108,63,107,-1,61,108,109,-1,61,109,58,-1,58,109,110,-1,58,110,56,-1,56,110,111,-1,56,111,54,-1,54,111,112,-1,54,112,35,-1,35,112,113,-1,35,113,64,-1,64,113,114,-1,64,114,65,-1,65,114,115,-1,65,115,67,-1,67,115,116,-1,67,116,69,-1,69,116,117,-1,69,117,71,-1,71,117,118,-1,71,118,72,-1,72,118,119,-1,72,119,52,-1,120,46,121,-1,121,46,48,-1,121,48,122,-1,122,48,50,-1,122,50,123,-1,123,50,52,-1,123,52,119,-1,46,120,124,-1,46,124,44,-1,44,124,125,-1,44,125,42,-1,125,126,42,-1,42,126,127,-1,42,127,40,-1,40,127,128,-1,40,128,38,-1,38,128,129,-1,38,129,24,-1,25,24,130,-1,130,24,129,-1,31,25,131,-1,131,25,130,-1,32,31,132,-1,132,31,131,-1,28,32,133,-1,133,32,132,-1,28,133,134,-1,28,134,91,-1,91,134,135,-1,91,135,89,-1,89,135,136,-1,89,136,87,-1,87,136,137,-1,87,137,85,-1,85,137,138,-1,85,138,83,-1,83,138,139,-1,83,139,81,-1,81,139,93,-1,81,93,79,-1,57,140,141,-1,57,141,59,-1,59,141,142,-1,59,142,60,-1,60,142,143,-1,60,143,62,-1,66,144,145,-1,66,145,33,-1,33,145,146,-1,33,146,34,-1,34,146,147,-1,34,147,55,-1,55,147,140,-1,55,140,57,-1,51,148,149,-1,51,149,53,-1,53,149,150,-1,53,150,70,-1,70,150,151,-1,70,151,68,-1,68,151,144,-1,68,144,66,-1,45,152,153,-1,45,153,47,-1,47,153,154,-1,47,154,49,-1,49,154,148,-1,49,148,51,-1,37,155,156,-1,37,156,39,-1,39,156,157,-1,39,157,41,-1,41,157,158,-1,41,158,43,-1,43,158,152,-1,43,152,45,-1,29,159,160,-1,29,160,27,-1,27,160,161,-1,27,161,26,-1,26,161,162,-1,26,162,36,-1,36,162,155,-1,36,155,37,-1,29,30,159,-1,159,30,163,-1,30,62,163,-1,163,62,143,-1,
        ]
    }
}
Shape{
    appearance Appearance {
        material  Material 	{
            diffuseColor 0.25098039215686274 0.25098039215686274 0.25098039215686274
            specularColor 0.12549019607843137 0.12549019607843137 0.12549019607843137
            ambientIntensity 0.2
            transparency 0
            shininess 0.5
        }
    }
    geometry IndexedFaceSet {
        ccw TRUE
        solid FALSE
        coord DEF co Coordinate {
            point [
                1.4833 0.1717 0.0624, 1.4833 0.1718 0.0631, 1.4833 0.1487 0.0633, 1.4828 0.1718 0.0686, 1.483 0.1584 0.0668, 1.4831 0.1522 0.0653, 1.4832 0.1499 0.0642, 1.4837 0.1711 0.058, 1.4834 0.1475 0.0618, 1.484 0.1696 0.0544, 1.4844 0.1481 0.0503, 1.4845 0.1489 0.0494, 1.4844 0.1662 0.0503, 1.4843 0.1469 0.0519, 1.4846 0.1634 0.0483, 1.4847 0.1603 0.0472, 1.4847 0.1566 0.0468, 1.4836 0.1466 0.0599, 1.4838 0.1461 0.0576, 1.4843 0.1675 0.0515, 1.4839 0.146 0.056, 1.4841 0.1463 0.0538, 1.4846 0.1509 0.048, 1.4847 0.1532 0.0472, 1.4847 0.1532 0.0472
            ]
        }
        coordIndex [
            0,1,2,-1,1,3,4,-1,4,5,1,-1,1,5,6,-1,1,6,2,-1,0,2,7,-1,7,2,8,-1,7,8,9,-1,10,11,12,-1,10,12,13,-1,14,12,15,-1,15,12,16,-1,8,17,9,-1,9,17,18,-1,9,18,19,-1,19,18,20,-1,19,20,12,-1,12,20,21,-1,12,21,13,-1,11,22,12,-1,12,22,23,-1,12,23,16,-1,
        ]
    }
}
Shape{
    appearance Appearance {
        material  Material 	{
            diffuseColor 1.0 1.0 1.0
            specularColor 0.5019607843137255 0.5019607843137255 0.5019607843137255
            ambientIntensity 0.2
            transparency 0
            shininess 0.5
        }
    }
    geometry IndexedFaceSet {
        ccw TRUE
        solid FALSE
        coord DEF co Coordinate {
            point [
                1.4842 0.1954 0.0523, 1.4882 0.1954 0.0526, 1.4884 0.1993 0.0502, 1.4886 0.2119 0.0471, 1.4847 0.2119 0.0468, 1.4846 0.2056 0.0475, 1.4886 0.2056 0.0479, 1.4845 0.2 0.0496, 1.4844 0.1993 0.0499, 1.4891 0.1954 0.0423, 1.4851 0.1954 0.042, 1.4853 0.2 0.0403, 1.4893 0.2016 0.04, 1.4854 0.2109 0.0386, 1.4893 0.2109 0.039, 1.4854 0.205 0.0393, 1.4853 0.2016 0.0397, 1.4854 0.2178 0.0393, 1.4893 0.2186 0.0397, 1.4854 0.2186 0.0394, 1.4852 0.2242 0.0412, 1.4891 0.2242 0.0416, 1.485 0.2276 0.0432, 1.489 0.2276 0.0435, 1.4848 0.2304 0.0457, 1.4887 0.2304 0.046, 1.4846 0.2323 0.0483, 1.4885 0.2323 0.0486, 1.4843 0.2335 0.0515, 1.4882 0.2335 0.0518, 1.484 0.234 0.0555, 1.4879 0.234 0.0558, 1.4836 0.2336 0.0592, 1.4875 0.2336 0.0595, 1.4834 0.2325 0.0621, 1.4873 0.2325 0.0625, 1.4831 0.2306 0.0649, 1.487 0.2306 0.0652, 1.4829 0.2283 0.067, 1.4869 0.2283 0.0674, 1.4826 0.2216 0.0707, 1.4865 0.2216 0.0711, 1.4825 0.2177 0.0723, 1.4864 0.2177 0.0726, 1.4822 0.2115 0.075, 1.4862 0.2115 0.0753, 1.4821 0.208 0.0772, 1.486 0.208 0.0775, 1.482 0.207 0.0782, 1.4859 0.207 0.0786, 1.4818 0.2063 0.0796, 1.4858 0.2063 0.0799, 1.4817 0.2059 0.0811, 1.4856 0.2059 0.0815, 1.4816 0.2058 0.0825, 1.4855 0.2058 0.0828, 1.4815 0.206 0.0841, 1.4854 0.206 0.0844, 1.4813 0.2065 0.0854, 1.4853 0.2065 0.0858, 1.4812 0.2073 0.0867, 1.4851 0.2073 0.087, 1.4811 0.2088 0.088, 1.485 0.2088 0.0884, 1.481 0.2111 0.0892, 1.4849 0.2111 0.0896, 1.4809 0.2138 0.0899, 1.4849 0.2138 0.0903, 1.4809 0.2167 0.0901, 1.4848 0.2167 0.0905, 1.481 0.2233 0.0894, 1.4849 0.2233 0.0897, 1.4812 0.2289 0.0873, 1.4851 0.2289 0.0877, 1.4813 0.2313 0.086, 1.4852 0.2313 0.0864, 1.4844 0.2313 0.0961, 1.4804 0.2313 0.0957, 1.4803 0.2246 0.0977, 1.4842 0.2246 0.098, 1.4802 0.2177 0.0983, 1.4841 0.2177 0.0986, 1.4803 0.2106 0.0975, 1.4842 0.2106 0.0978, 1.4804 0.205 0.0956, 1.4844 0.205 0.0959, 1.4806 0.2019 0.0937, 1.4845 0.2019 0.0941, 1.4808 0.2 0.0921, 1.4848 0.1989 0.0914, 1.4808 0.1989 0.0911, 1.4811 0.197 0.0884, 1.485 0.197 0.0887, 1.4814 0.1958 0.0851, 1.4853 0.1958 0.0855, 1.4817 0.1954 0.0816, 1.4856 0.1954 0.0819, 1.482 0.1959 0.0777, 1.4859 0.1959 0.078, 1.4823 0.197 0.0746, 1.4862 0.197 0.075, 1.4825 0.1983 0.0726, 1.4864 0.1983 0.0729, 1.4831 0.2106 0.065, 1.487 0.2106 0.0654, 1.4868 0.2046 0.0681, 1.4826 0.1999 0.0709, 1.4865 0.1999 0.0712, 1.4826 0.2 0.0708, 1.4829 0.2046 0.0677, 1.4834 0.2172 0.0623, 1.4873 0.2172 0.0626, 1.4836 0.2211 0.0599, 1.4875 0.2211 0.0603, 1.4837 0.2224 0.0586, 1.4876 0.2224 0.059, 1.4838 0.2231 0.0573, 1.4877 0.2231 0.0576, 1.4839 0.2236 0.0557, 1.4879 0.2236 0.0561, 1.484 0.2237 0.0545, 1.488 0.2237 0.0548, 1.4842 0.2235 0.0526, 1.4881 0.2235 0.0529, 1.4843 0.223 0.0512, 1.4883 0.223 0.0515, 1.4844 0.2221 0.0499, 1.4884 0.2221 0.0502, 1.4845 0.221 0.0489, 1.4885 0.221 0.0492, 1.4846 0.22 0.0483, 1.4885 0.22 0.0487, 1.4847 0.2175 0.0474, 1.4886 0.2175 0.0477, 1.4847 0.2123 0.0468, 1.4886 0.2123 0.0471, 1.4842 0.2837 0.0973, 1.4842 0.2941 0.0973, 1.4803 0.2837 0.0969, 1.4803 0.2941 0.0969, 1.488 0.2681 0.0544, 1.4841 0.2681 0.054, 1.4843 0.2673 0.0514, 1.4882 0.2673 0.0517, 1.4845 0.2669 0.0494, 1.4884 0.2669 0.0498, 1.4884 0.2666 0.0498, 1.4845 0.2666 0.0494, 1.488 0.2654 0.0545, 1.4841 0.2654 0.0541, 1.4803 0.2504 0.0969, 1.4842 0.2504 0.0973, 1.4815 0.2553 0.0831, 1.4842 0.2392 0.0973, 1.4803 0.2392 0.0969, 1.4853 0.2616 0.0401, 1.4892 0.2616 0.0404, 1.4839 0.2553 0.0563, 1.4862 0.2572 0.0297, 1.4901 0.2572 0.0301, 1.4854 0.2613 0.0393, 1.4865 0.2553 0.0261, 1.4904 0.2553 0.0265, 1.4865 0.2553 0.0261, 1.4867 0.2534 0.0241, 1.4906 0.2534 0.0244, 1.4868 0.2517 0.0228, 1.4907 0.2517 0.0232, 1.4869 0.2495 0.022, 1.4908 0.2495 0.0223, 1.4869 0.247 0.0217, 1.4908 0.247 0.0221, 1.4869 0.2433 0.0222, 1.4908 0.2433 0.0225, 1.4868 0.2413 0.0229, 1.4907 0.2413 0.0232, 1.4915 0.2413 0.0143, 1.4876 0.2413 0.014, 1.4876 0.2455 0.0132, 1.4916 0.2455 0.0136, 1.4877 0.2478 0.0131, 1.4916 0.2478 0.0135, 1.4876 0.2518 0.0136, 1.4915 0.2518 0.014, 1.4875 0.2553 0.0149, 1.4914 0.2558 0.0155, 1.4875 0.2558 0.0151, 1.4873 0.2593 0.0176, 1.4912 0.2593 0.0179, 1.4872 0.2599 0.0182, 1.4911 0.2599 0.0185, 1.4868 0.2636 0.0226, 1.4908 0.2636 0.0229, 1.4861 0.2682 0.0314, 1.49 0.2682 0.0317, 1.4854 0.2713 0.0393, 1.4884 0.348 0.0494, 1.4892 0.348 0.0403, 1.4845 0.348 0.0491, 1.4853 0.348 0.04, 1.4845 0.3153 0.0491, 1.4884 0.3153 0.0494, 1.4845 0.3302 0.0491, 1.4861 0.3153 0.0762, 1.4822 0.3153 0.0759, 1.4822 0.3439 0.0759, 1.4861 0.3439 0.0762, 1.4822 0.3302 0.0759, 1.4853 0.3439 0.0854, 1.4814 0.3439 0.085, 1.4814 0.3153 0.085, 1.4853 0.3153 0.0854, 1.4814 0.3302 0.085, 1.4831 0.3153 0.1109, 1.4791 0.3153 0.1106, 1.4791 0.3462 0.1106, 1.4831 0.3462 0.1109, 1.4791 0.3302 0.1106, 1.4823 0.3462 0.1201, 1.4783 0.3462 0.1197, 1.4783 0.3049 0.1197, 1.4823 0.3049 0.1201, 1.4783 0.3302 0.1197, 1.4892 0.3049 0.0403, 1.4853 0.3049 0.04, 1.4853 0.3302 0.04, 1.4883 0.4162 0.0515, 1.4878 0.4079 0.0568, 1.4888 0.4078 0.0455, 1.4881 0.4027 0.0533, 1.4891 0.3987 0.042, 1.4883 0.3961 0.0507, 1.4892 0.3851 0.0403, 1.4884 0.3851 0.0494, 1.4892 0.3631 0.0403, 1.4884 0.3734 0.0494, 1.4823 0.3631 0.1201, 1.4831 0.3734 0.1109, 1.4823 0.386 0.1201, 1.4831 0.3855 0.1109, 1.4831 0.3861 0.1109, 1.4824 0.3982 0.1187, 1.4832 0.3964 0.1096, 1.4827 0.4078 0.1152, 1.4834 0.4033 0.107, 1.4832 0.4162 0.1095, 1.4837 0.4086 0.1034, 1.4834 0.4191 0.1068, 1.4839 0.4109 0.1012, 1.484 0.424 0.0998, 1.4843 0.414 0.0967, 1.4847 0.427 0.0922, 1.4848 0.4163 0.0909, 1.4857 0.4283 0.0812, 1.4857 0.4174 0.0809, 1.4861 0.4281 0.0761, 1.4861 0.4171 0.0756, 1.4869 0.4261 0.0668, 1.4868 0.4155 0.0684, 1.4876 0.4222 0.0585, 1.4873 0.4128 0.0625, 1.4877 0.4089 0.0577, 1.4853 0.3851 0.04, 1.4853 0.3631 0.04, 1.4852 0.3987 0.0416, 1.4849 0.4078 0.0452, 1.4843 0.4162 0.0512, 1.4837 0.4222 0.0582, 1.483 0.4261 0.0665, 1.4822 0.4281 0.0758, 1.4817 0.4283 0.0809, 1.4808 0.427 0.0918, 1.4801 0.424 0.0995, 1.4795 0.4191 0.1064, 1.4793 0.4162 0.1092, 1.4788 0.4078 0.1149, 1.4784 0.3982 0.1184, 1.4783 0.386 0.1197, 1.4783 0.3631 0.1197, 1.4791 0.3855 0.1106, 1.4791 0.3734 0.1106, 1.4845 0.3734 0.0491, 1.4845 0.3851 0.0491, 1.4838 0.4089 0.0574, 1.4839 0.4079 0.0565, 1.4842 0.4027 0.0529, 1.4844 0.3961 0.0504, 1.4818 0.4174 0.0806, 1.4822 0.4171 0.0753, 1.4829 0.4155 0.068, 1.4834 0.4128 0.0622, 1.4798 0.4086 0.1031, 1.48 0.4109 0.1008, 1.4804 0.414 0.0964, 1.4809 0.4163 0.0905, 1.4791 0.3861 0.1106, 1.4792 0.3964 0.1093, 1.4795 0.4033 0.1067, 1.4795 0.4033 0.1067
            ]
        }
        coordIndex [
            0,1,2,-1,3,4,5,-1,3,5,6,-1,6,5,7,-1,6,7,2,-1,2,7,8,-1,2,8,0,-1,9,1,10,-1,10,1,0,-1,10,11,9,-1,9,11,12,-1,13,14,15,-1,15,14,12,-1,15,12,16,-1,16,12,11,-1,13,17,14,-1,14,17,18,-1,17,19,18,-1,18,19,20,-1,18,20,21,-1,21,20,22,-1,21,22,23,-1,23,22,24,-1,23,24,25,-1,25,24,26,-1,25,26,27,-1,27,26,28,-1,27,28,29,-1,29,28,30,-1,29,30,31,-1,31,30,32,-1,31,32,33,-1,33,32,34,-1,33,34,35,-1,35,34,36,-1,35,36,37,-1,37,36,38,-1,37,38,39,-1,39,38,40,-1,39,40,41,-1,41,40,42,-1,41,42,43,-1,43,42,44,-1,43,44,45,-1,45,44,46,-1,45,46,47,-1,47,46,48,-1,47,48,49,-1,49,48,50,-1,49,50,51,-1,51,50,52,-1,51,52,53,-1,53,52,54,-1,53,54,55,-1,55,54,56,-1,55,56,57,-1,57,56,58,-1,57,58,59,-1,59,58,60,-1,59,60,61,-1,61,60,62,-1,61,62,63,-1,63,62,64,-1,63,64,65,-1,65,64,66,-1,65,66,67,-1,67,66,68,-1,67,68,69,-1,69,68,70,-1,69,70,71,-1,71,70,72,-1,71,72,73,-1,73,72,74,-1,73,74,75,-1,76,75,77,-1,77,75,74,-1,76,77,78,-1,76,78,79,-1,79,78,80,-1,79,80,81,-1,81,80,82,-1,81,82,83,-1,83,82,84,-1,83,84,85,-1,85,84,86,-1,85,86,87,-1,86,88,87,-1,87,88,89,-1,88,90,89,-1,89,90,91,-1,89,91,92,-1,92,91,93,-1,92,93,94,-1,94,93,95,-1,94,95,96,-1,96,95,97,-1,96,97,98,-1,98,97,99,-1,98,99,100,-1,100,99,101,-1,100,101,102,-1,103,104,105,-1,102,101,106,-1,102,106,107,-1,107,106,108,-1,107,108,105,-1,105,108,109,-1,105,109,103,-1,104,103,110,-1,104,110,111,-1,111,110,112,-1,111,112,113,-1,113,112,114,-1,113,114,115,-1,115,114,116,-1,115,116,117,-1,117,116,118,-1,117,118,119,-1,119,118,120,-1,119,120,121,-1,121,120,122,-1,121,122,123,-1,123,122,124,-1,123,124,125,-1,125,124,126,-1,125,126,127,-1,127,126,128,-1,127,128,129,-1,129,128,130,-1,129,130,131,-1,131,130,132,-1,131,132,133,-1,133,132,134,-1,133,134,135,-1,135,134,4,-1,135,4,3,-1,61,63,85,-1,85,63,83,-1,45,104,43,-1,43,104,111,-1,43,111,41,-1,14,3,12,-1,12,3,6,-1,12,6,9,-1,9,6,2,-1,9,2,1,-1,63,65,83,-1,83,65,67,-1,83,67,81,-1,81,67,69,-1,81,69,79,-1,79,69,71,-1,79,71,76,-1,76,71,73,-1,76,73,75,-1,41,111,39,-1,39,111,113,-1,39,113,37,-1,37,113,115,-1,37,115,35,-1,35,115,117,-1,35,117,33,-1,33,117,119,-1,33,119,31,-1,31,119,121,-1,31,121,29,-1,29,121,123,-1,29,123,27,-1,27,123,125,-1,27,125,25,-1,25,125,127,-1,25,127,23,-1,23,127,129,-1,23,129,21,-1,21,129,131,-1,21,131,18,-1,18,131,133,-1,18,133,14,-1,14,133,135,-1,14,135,3,-1,85,87,61,-1,61,87,89,-1,61,89,59,-1,59,89,92,-1,59,92,57,-1,57,92,94,-1,57,94,55,-1,55,94,96,-1,55,96,53,-1,53,96,98,-1,53,98,51,-1,51,98,100,-1,51,100,49,-1,49,100,102,-1,49,102,47,-1,47,102,107,-1,47,107,45,-1,45,107,105,-1,45,105,104,-1,136,137,138,-1,138,137,139,-1,140,136,141,-1,141,136,138,-1,140,141,142,-1,140,142,143,-1,143,142,144,-1,143,144,145,-1,146,145,147,-1,147,145,144,-1,148,146,149,-1,149,146,147,-1,150,151,152,-1,152,151,148,-1,152,148,149,-1,153,151,154,-1,154,151,150,-1,155,156,157,-1,157,156,153,-1,157,153,154,-1,158,159,160,-1,160,159,156,-1,160,156,155,-1,158,161,159,-1,159,161,162,-1,161,163,162,-1,162,163,164,-1,162,164,165,-1,165,164,166,-1,165,166,167,-1,167,166,168,-1,167,168,169,-1,169,168,170,-1,169,170,171,-1,171,170,172,-1,171,172,173,-1,173,172,174,-1,173,174,175,-1,176,175,177,-1,177,175,174,-1,176,177,178,-1,176,178,179,-1,179,178,180,-1,179,180,181,-1,181,180,182,-1,181,182,183,-1,183,182,184,-1,183,184,185,-1,184,186,185,-1,185,186,187,-1,185,187,188,-1,188,187,189,-1,188,189,190,-1,190,189,191,-1,190,191,192,-1,192,191,193,-1,192,193,194,-1,139,137,195,-1,195,137,194,-1,195,194,193,-1,143,145,194,-1,137,136,194,-1,194,136,140,-1,194,140,143,-1,151,153,148,-1,148,153,156,-1,148,156,146,-1,175,176,173,-1,173,176,179,-1,173,179,171,-1,171,179,181,-1,171,181,169,-1,169,181,183,-1,169,183,167,-1,167,183,185,-1,167,185,165,-1,145,146,194,-1,194,146,156,-1,194,156,192,-1,156,159,192,-1,192,159,162,-1,192,162,190,-1,190,162,165,-1,190,165,188,-1,188,165,185,-1,196,197,198,-1,198,197,199,-1,200,201,202,-1,202,201,196,-1,202,196,198,-1,203,201,204,-1,204,201,200,-1,205,206,207,-1,207,206,203,-1,207,203,204,-1,208,206,209,-1,209,206,205,-1,210,211,212,-1,212,211,208,-1,212,208,209,-1,213,211,214,-1,214,211,210,-1,215,216,217,-1,217,216,213,-1,217,213,214,-1,218,216,219,-1,219,216,215,-1,220,221,222,-1,222,221,218,-1,222,218,219,-1,223,221,224,-1,224,221,220,-1,199,197,225,-1,225,197,223,-1,225,223,224,-1,216,218,213,-1,213,218,221,-1,213,221,211,-1,197,196,223,-1,223,196,201,-1,223,201,203,-1,206,208,203,-1,203,208,211,-1,203,211,223,-1,223,211,221,-1,226,227,228,-1,228,227,229,-1,228,229,230,-1,230,229,231,-1,230,231,232,-1,232,231,233,-1,232,233,234,-1,234,233,235,-1,234,235,236,-1,236,235,237,-1,236,237,238,-1,237,239,238,-1,238,239,240,-1,238,240,241,-1,241,240,242,-1,241,242,243,-1,243,242,244,-1,243,244,245,-1,245,244,246,-1,245,246,247,-1,247,246,248,-1,247,248,249,-1,249,248,250,-1,249,250,251,-1,251,250,252,-1,251,252,253,-1,253,252,254,-1,253,254,255,-1,255,254,256,-1,255,256,257,-1,257,256,258,-1,257,258,259,-1,259,258,260,-1,259,260,226,-1,226,260,261,-1,226,261,227,-1,232,234,262,-1,262,234,263,-1,232,262,264,-1,232,264,230,-1,230,264,265,-1,230,265,228,-1,228,265,266,-1,228,266,226,-1,226,266,267,-1,226,267,259,-1,259,267,268,-1,259,268,257,-1,257,268,269,-1,257,269,255,-1,255,269,270,-1,255,270,253,-1,253,270,271,-1,253,271,251,-1,251,271,272,-1,251,272,249,-1,249,272,273,-1,249,273,247,-1,247,273,274,-1,247,274,245,-1,245,274,275,-1,245,275,243,-1,243,275,276,-1,243,276,241,-1,241,276,277,-1,241,277,238,-1,236,238,278,-1,278,238,277,-1,234,236,263,-1,263,236,278,-1,239,237,279,-1,279,237,280,-1,237,235,280,-1,280,235,281,-1,235,233,281,-1,281,233,282,-1,261,283,284,-1,261,284,227,-1,227,284,285,-1,227,285,229,-1,229,285,286,-1,229,286,231,-1,231,286,282,-1,231,282,233,-1,254,287,288,-1,254,288,256,-1,256,288,289,-1,256,289,258,-1,258,289,290,-1,258,290,260,-1,260,290,283,-1,260,283,261,-1,246,291,292,-1,246,292,248,-1,248,292,293,-1,248,293,250,-1,250,293,294,-1,250,294,252,-1,252,294,287,-1,252,287,254,-1,239,279,295,-1,239,295,240,-1,240,295,296,-1,240,296,242,-1,242,296,297,-1,242,297,244,-1,244,297,291,-1,244,291,246,-1,
        ]
    }
}
Shape{
    appearance Appearance {
        material  Material 	{
            diffuseColor 0.25098039215686274 0.25098039215686274 0.25098039215686274
            specularColor 0.12549019607843137 0.12549019607843137 0.12549019607843137
            ambientIntensity 0.2
            transparency 0
            shininess 0.5
        }
    }
    geometry IndexedFaceSet {
        ccw TRUE
        solid FALSE
        coord DEF co Coordinate {
            point [
                1.4842 0.4027 0.0529, 1.4839 0.4079 0.0565, 1.4791 0.3861 0.1106, 1.4791 0.3734 0.1106, 1.4845 0.3734 0.0491, 1.4791 0.3855 0.1106, 1.4845 0.3851 0.0491, 1.4844 0.3961 0.0504, 1.4838 0.4089 0.0574, 1.4834 0.4128 0.0622, 1.4829 0.4155 0.068, 1.4818 0.4174 0.0806, 1.4798 0.4086 0.1031, 1.4795 0.4033 0.1067, 1.4809 0.4163 0.0905, 1.4804 0.414 0.0964, 1.48 0.4109 0.1008, 1.4822 0.4171 0.0753, 1.4792 0.3964 0.1093, 1.4792 0.3964 0.1093
            ]
        }
        coordIndex [
            0,1,2,-1,3,4,5,-1,5,4,6,-1,5,6,2,-1,2,6,7,-1,2,7,0,-1,1,8,2,-1,2,8,9,-1,2,9,10,-1,11,12,13,-1,14,15,11,-1,11,15,16,-1,11,16,12,-1,10,17,2,-1,2,17,11,-1,2,11,18,-1,18,11,13,-1,
        ]
    }
}
Shape{
    appearance Appearance {
        material  Material 	{
            diffuseColor 1.0 1.0 1.0
            specularColor 0.5019607843137255 0.5019607843137255 0.5019607843137255
            ambientIntensity 0.2
            transparency 0
            shininess 0.5
        }
    }
    geometry IndexedFaceSet {
        ccw TRUE
        solid FALSE
        coord DEF co Coordinate {
            point [
                1.4865 0.4551 0.0712, 1.4873 0.4519 0.0621, 1.4865 0.482 0.0712, 1.4873 0.4852 0.0621, 1.4836 0.4671 0.1043, 1.4823 0.4632 0.1201, 1.4892 0.4327 0.0403, 1.4892 0.4442 0.0403, 1.4834 0.4678 0.1067, 1.4831 0.4684 0.1099, 1.4823 0.4743 0.1201, 1.4831 0.4687 0.1099, 1.4834 0.4693 0.1065, 1.4836 0.4699 0.1043, 1.4892 0.5048 0.0403, 1.4892 0.4934 0.0403, 1.4783 0.4743 0.1197, 1.4853 0.5048 0.04, 1.4783 0.4632 0.1197, 1.4853 0.4327 0.04, 1.4853 0.4442 0.04, 1.4834 0.4519 0.0618, 1.4834 0.4852 0.0618, 1.4853 0.4934 0.04, 1.4826 0.4551 0.0708, 1.4826 0.482 0.0708, 1.4797 0.4699 0.104, 1.4792 0.4687 0.1095, 1.4795 0.4693 0.1062, 1.4792 0.4684 0.1095, 1.4797 0.4671 0.104, 1.4795 0.4678 0.1063, 1.4795 0.4678 0.1063
            ]
        }
        coordIndex [
            0,1,2,-1,2,1,3,-1,4,5,0,-1,0,5,6,-1,0,6,1,-1,1,6,7,-1,4,8,5,-1,5,8,9,-1,5,9,10,-1,10,9,11,-1,10,11,12,-1,12,13,10,-1,10,13,2,-1,10,2,14,-1,14,2,3,-1,14,3,15,-1,10,14,16,-1,16,14,17,-1,5,10,18,-1,18,10,16,-1,6,5,19,-1,19,5,18,-1,7,6,20,-1,20,6,19,-1,1,7,21,-1,21,7,20,-1,3,1,22,-1,22,1,21,-1,15,3,23,-1,23,3,22,-1,14,15,17,-1,17,15,23,-1,0,2,24,-1,24,2,25,-1,2,13,25,-1,25,13,26,-1,11,27,28,-1,11,28,12,-1,12,28,26,-1,12,26,13,-1,11,9,27,-1,27,9,29,-1,4,30,31,-1,4,31,8,-1,8,31,29,-1,8,29,9,-1,4,0,30,-1,30,0,24,-1,
        ]
    }
}
Shape{
    appearance Appearance {
        material  Material 	{
            diffuseColor 0.25098039215686274 0.25098039215686274 0.25098039215686274
            specularColor 0.12549019607843137 0.12549019607843137 0.12549019607843137
            ambientIntensity 0.2
            transparency 0
            shininess 0.5
        }
    }
    geometry IndexedFaceSet {
        ccw TRUE
        solid FALSE
        coord DEF co Coordinate {
            point [
                1.4792 0.4687 0.1095, 1.4792 0.4684 0.1095, 1.4795 0.4693 0.1062, 1.4795 0.4678 0.1063, 1.4797 0.4699 0.104, 1.4797 0.4671 0.104, 1.4826 0.482 0.0708, 1.4826 0.4551 0.0708, 1.4826 0.4551 0.0708
            ]
        }
        coordIndex [
            0,1,2,-1,2,1,3,-1,2,3,4,-1,4,3,5,-1,4,5,6,-1,6,5,7,-1,
        ]
    }
}
Shape{
    appearance Appearance {
        material  Material 	{
            diffuseColor 1.0 1.0 1.0
            specularColor 0.5019607843137255 0.5019607843137255 0.5019607843137255
            ambientIntensity 0.2
            transparency 0
            shininess 0.5
        }
    }
    geometry IndexedFaceSet {
        ccw TRUE
        solid FALSE
        coord DEF co Coordinate {
            point [
                1.4772 -0.2855 0.1777, 1.4766 -0.2728 0.1844, 1.4736 -0.2758 0.2193, 1.4904 -0.1755 0.0268, 1.4893 -0.1688 0.0394, 1.4881 -0.1655 0.0534, 1.4734 -0.2403 0.221, 1.477 -0.2226 0.1796, 1.4755 -0.2139 0.1975, 1.4882 -0.2437 0.0517, 1.4878 -0.2448 0.057, 1.4858 -0.2756 0.0792, 1.4892 -0.2762 0.0412, 1.489 -0.2833 0.0433, 1.4852 -0.288 0.0868, 1.4733 -0.2534 0.2221, 1.4834 -0.0854 0.107, 1.4808 -0.1031 0.137, 1.4871 -0.1651 0.065, 1.4842 -0.1794 0.0973, 1.4876 -0.1651 0.0593, 1.492 -0.1956 0.0092, 1.4913 -0.1843 0.017, 1.4869 -0.2022 0.0674, 1.4873 -0.2007 0.0622, 1.4878 -0.2005 0.0567, 1.4883 -0.2018 0.0512, 1.4887 -0.2043 0.0463, 1.4887 -0.2414 0.0469, 1.4911 -0.262 0.0186, 1.4902 -0.2704 0.029, 1.4785 -0.0667 0.1631, 1.4785 -0.0621 0.1631, 1.4758 -0.0388 0.1937, 1.4786 -0.0513 0.1618, 1.4759 -0.036 0.1928, 1.4789 -0.0413 0.158, 1.4766 -0.019 0.1844, 1.4778 -0.0036 0.1714, 1.4722 -0.2286 0.2345, 1.4741 -0.2012 0.2127, 1.4712 -0.2152 0.2459, 1.4732 -0.1859 0.2238, 1.4704 -0.1996 0.2554, 1.4763 -0.2587 0.1878, 1.4763 -0.2528 0.1881, 1.4734 -0.2468 0.2217, 1.4764 -0.2395 0.1864, 1.4769 -0.2267 0.1818, 1.4891 -0.2078 0.0423, 1.4893 -0.2121 0.0393, 1.4924 -0.2083 0.0043, 1.4895 -0.2171 0.0373, 1.4925 -0.2221 0.0026, 1.4896 -0.2226 0.0366, 1.4925 -0.2243 0.0027, 1.4895 -0.2236 0.0367, 1.4923 -0.2377 0.0047, 1.4895 -0.2287 0.0375, 1.4919 -0.2508 0.0102, 1.4893 -0.2339 0.0397, 1.489 -0.2382 0.043, 1.487 -0.0035 0.0656, 1.4851 -0.03 0.0881, 1.4882 -0.019 0.0525, 1.4857 -0.0384 0.0812, 1.4889 -0.0363 0.044, 1.4861 -0.0485 0.0766, 1.4893 -0.0553 0.04, 1.4862 -0.0587 0.0746, 1.4893 -0.0889 0.04, 1.4862 -0.0843 0.0746, 1.4892 -0.0921 0.0406, 1.4795 -0.0325 0.1518, 1.4801 -0.026 0.1445, 1.4792 0.008 0.1553, 1.481 -0.0207 0.1347, 1.4807 0.015 0.138, 1.4819 -0.018 0.1239, 1.4823 0.0176 0.1194, 1.4824 -0.0177 0.1189, 1.4841 0.015 0.0992, 1.4833 -0.0191 0.1078, 1.4856 0.0078 0.0812, 1.4842 -0.023 0.0977, 1.485 -0.0293 0.0889, 1.4719 -0.0695 0.2385, 1.4742 -0.0918 0.2125, 1.4739 -0.0501 0.216, 1.4755 -0.0789 0.1972, 1.4771 -0.0701 0.1789, 1.4801 -0.308 0.1451, 1.4809 -0.3454 0.1357, 1.4813 -0.3097 0.1314, 1.4814 -0.3456 0.1302, 1.482 -0.3091 0.1226, 1.4833 -0.3429 0.108, 1.4832 -0.305 0.1087, 1.4852 -0.3347 0.0869, 1.4843 -0.2982 0.0972, 1.4868 -0.3217 0.0684, 1.4881 -0.3039 0.0533, 1.4873 -0.2445 0.0625, 1.4868 -0.2429 0.0678, 1.4848 -0.2693 0.0914, 1.4864 -0.24 0.0726, 1.4838 -0.2599 0.1021, 1.4862 -0.2376 0.0751, 1.4831 -0.2482 0.1101, 1.4859 -0.2331 0.0782, 1.4827 -0.2357 0.1149, 1.4857 -0.2282 0.0802, 1.4826 -0.2221 0.1166, 1.4857 -0.2226 0.0809, 1.4826 -0.2152 0.1162, 1.4857 -0.2187 0.0805, 1.4829 -0.2014 0.1128, 1.4859 -0.2133 0.0788, 1.4835 -0.1893 0.1064, 1.4861 -0.2086 0.0759, 1.4865 -0.2048 0.0719, 1.4696 -0.1732 0.265, 1.4725 -0.1673 0.2313, 1.4693 -0.1469 0.268, 1.4723 -0.1464 0.234, 1.4696 -0.1206 0.2649, 1.4725 -0.1271 0.2316, 1.4705 -0.0923 0.2542, 1.4731 -0.1092 0.2248, 1.4741 -0.0932 0.2138, 1.4743 -0.2969 0.2112, 1.4754 -0.315 0.1985, 1.478 -0.2953 0.169, 1.4757 -0.3189 0.1949, 1.479 -0.3032 0.1577, 1.4772 -0.3325 0.1774, 1.479 -0.3416 0.157, 1.4862 -0.0872 0.0752, 1.4887 -0.1008 0.046, 1.4889 -0.0995 0.0447, 1.4862 -0.0855 0.0748, 1.4891 -0.0958 0.042, 1.4877 -0.1054 0.0576, 1.4881 -0.1048 0.0534, 1.4884 -0.1033 0.0496, 1.4862 -0.0921 0.0746, 1.4864 -0.096 0.0731, 1.4875 -0.1052 0.0599, 1.4866 -0.0995 0.0706, 1.4868 -0.1019 0.068, 1.4871 -0.1041 0.0642, 1.4862 -0.0877 0.0752, 1.4743 0.0002 0.1658, 1.4753 0.008 0.1549, 1.4763 0.013 0.1425, 1.4768 0.015 0.1376, 1.4784 0.0176 0.1191, 1.4738 -0.0036 0.1711, 1.4727 -0.019 0.1841, 1.472 -0.036 0.1925, 1.4719 -0.0388 0.1934, 1.4699 -0.0501 0.2157, 1.468 -0.0695 0.2382, 1.4672 -0.0822 0.247, 1.4666 -0.0923 0.2538, 1.4657 -0.1206 0.2646, 1.4654 -0.1469 0.2677, 1.4656 -0.1732 0.2647, 1.4665 -0.1996 0.2551, 1.4672 -0.2129 0.247, 1.4673 -0.2152 0.2456, 1.4683 -0.2286 0.2342, 1.4695 -0.2403 0.2206, 1.4694 -0.2468 0.2214, 1.4694 -0.2534 0.2217, 1.4696 -0.2758 0.219, 1.4704 -0.2969 0.2108, 1.4715 -0.315 0.1982, 1.4718 -0.3189 0.1945, 1.4733 -0.3325 0.1771, 1.4743 -0.3375 0.1658, 1.4751 -0.3416 0.1566, 1.4763 -0.3442 0.1425, 1.477 -0.3454 0.1353, 1.4774 -0.3456 0.1299, 1.4794 -0.3429 0.1077, 1.4812 -0.3347 0.0866, 1.4829 -0.3217 0.0681, 1.4842 -0.3039 0.053, 1.485 -0.2833 0.043, 1.4852 -0.2762 0.0408, 1.4854 -0.2754 0.0393, 1.4863 -0.2704 0.0287, 1.4872 -0.262 0.0183, 1.4879 -0.2508 0.0099, 1.4881 -0.2456 0.0077, 1.4884 -0.2377 0.0044, 1.4886 -0.2243 0.0023, 1.4886 -0.2221 0.0023, 1.4836 -0.1651 0.059, 1.4885 -0.2083 0.004, 1.4881 -0.1985 0.0077, 1.488 -0.1956 0.0088, 1.4873 -0.1843 0.0167, 1.4865 -0.1755 0.0264, 1.4854 -0.1688 0.0391, 1.4854 -0.1687 0.0393, 1.4842 -0.1655 0.0531, 1.4831 -0.1651 0.0647, 1.4795 -0.0854 0.1066, 1.4768 -0.1031 0.1367, 1.4803 -0.1794 0.097, 1.4795 -0.1893 0.106, 1.479 -0.2014 0.1125, 1.4787 -0.2152 0.1159, 1.4786 -0.2221 0.1163, 1.4788 -0.2357 0.1146, 1.4792 -0.2482 0.1098, 1.4799 -0.2599 0.1017, 1.4808 -0.2693 0.091, 1.4819 -0.2756 0.0788, 1.4812 -0.288 0.0864, 1.4803 -0.2982 0.0969, 1.4793 -0.305 0.1084, 1.4781 -0.3091 0.1223, 1.4773 -0.3097 0.131, 1.4763 -0.3083 0.1425, 1.4761 -0.308 0.1447, 1.475 -0.3032 0.1574, 1.4743 -0.2973 0.1658, 1.474 -0.2953 0.1687, 1.4733 -0.2855 0.1774, 1.4727 -0.2728 0.1841, 1.4724 -0.2587 0.1874, 1.4724 -0.2528 0.1877, 1.4725 -0.2395 0.1861, 1.4729 -0.2267 0.1814, 1.4731 -0.2226 0.1792, 1.4716 -0.2139 0.1972, 1.4702 -0.2012 0.2123, 1.4693 -0.1859 0.2235, 1.4686 -0.1673 0.231, 1.4684 -0.1464 0.2337, 1.4686 -0.1271 0.2313, 1.4692 -0.1092 0.2245, 1.4701 -0.0932 0.2134, 1.4702 -0.0918 0.2121, 1.4716 -0.0789 0.1968, 1.4732 -0.0701 0.1786, 1.4743 -0.0673 0.1658, 1.4746 -0.0667 0.1628, 1.4746 -0.0621 0.1628, 1.4747 -0.0513 0.1614, 1.475 -0.0413 0.1576, 1.4756 -0.0325 0.1515, 1.4762 -0.026 0.1442, 1.4763 -0.025 0.1425, 1.477 -0.0207 0.1344, 1.478 -0.018 0.1235, 1.4784 -0.0177 0.1185, 1.4794 -0.0191 0.1075, 1.4803 -0.023 0.0974, 1.4811 -0.0293 0.0885, 1.4811 -0.03 0.0877, 1.4817 -0.0384 0.0809, 1.4821 -0.0485 0.0762, 1.4823 -0.0587 0.0743, 1.4823 -0.0843 0.0743, 1.4823 -0.0855 0.0744, 1.4823 -0.0872 0.0748, 1.4823 -0.0877 0.0749, 1.4823 -0.0921 0.0743, 1.4824 -0.096 0.0728, 1.4827 -0.0995 0.0703, 1.4829 -0.1019 0.0677, 1.4832 -0.1041 0.0638, 1.4836 -0.1052 0.0595, 1.4838 -0.1054 0.0573, 1.4842 -0.1048 0.0531, 1.4845 -0.1033 0.0492, 1.4848 -0.1008 0.0456, 1.4849 -0.0995 0.0443, 1.4852 -0.0958 0.0417, 1.4853 -0.0921 0.0402, 1.4853 -0.0889 0.0397, 1.4853 -0.0553 0.0397, 1.485 -0.0363 0.0437, 1.4842 -0.019 0.0522, 1.4831 -0.0035 0.0652, 1.4817 0.0078 0.0809, 1.4802 0.015 0.0989, 1.4818 -0.2226 0.0805, 1.4818 -0.2187 0.0802, 1.4819 -0.2133 0.0785, 1.4822 -0.2086 0.0755, 1.4825 -0.2048 0.0716, 1.4829 -0.2022 0.067, 1.4834 -0.2007 0.0618, 1.4839 -0.2005 0.0563, 1.4844 -0.2018 0.0509, 1.4848 -0.2043 0.0459, 1.4851 -0.2078 0.042, 1.4854 -0.2121 0.0389, 1.4856 -0.2171 0.037, 1.4856 -0.2226 0.0363, 1.4856 -0.2236 0.0363, 1.4856 -0.2287 0.0372, 1.4854 -0.2339 0.0394, 1.4851 -0.2382 0.0427, 1.4847 -0.2414 0.0466, 1.4843 -0.2437 0.0513, 1.4839 -0.2448 0.0566, 1.4834 -0.2445 0.0621, 1.4829 -0.2429 0.0675, 1.4825 -0.24 0.0722, 1.4823 -0.2376 0.0748, 1.482 -0.2331 0.0779, 1.4818 -0.2282 0.0798, 1.4818 -0.2282 0.0798
            ]
        }
        coordIndex [
            0,1,2,-1,3,4,5,-1,6,7,8,-1,9,10,11,-1,12,11,13,-1,13,11,14,-1,2,1,15,-1,16,17,18,-1,18,17,19,-1,18,19,20,-1,20,19,21,-1,20,21,5,-1,5,21,22,-1,5,22,3,-1,23,24,19,-1,19,24,25,-1,19,25,21,-1,21,25,26,-1,21,26,27,-1,28,9,29,-1,29,9,11,-1,29,11,30,-1,30,11,12,-1,31,32,33,-1,33,32,34,-1,33,34,35,-1,35,34,36,-1,35,36,37,-1,37,36,38,-1,6,8,39,-1,39,8,40,-1,39,40,41,-1,41,40,42,-1,41,42,43,-1,1,44,15,-1,15,44,45,-1,15,45,46,-1,46,45,47,-1,46,47,6,-1,6,47,48,-1,6,48,7,-1,27,49,21,-1,21,49,50,-1,21,50,51,-1,51,50,52,-1,51,52,53,-1,53,52,54,-1,53,54,55,-1,55,54,56,-1,55,56,57,-1,57,56,58,-1,57,58,59,-1,59,58,60,-1,59,60,29,-1,29,60,61,-1,29,61,28,-1,62,63,64,-1,64,63,65,-1,64,65,66,-1,66,65,67,-1,66,67,68,-1,68,67,69,-1,68,69,70,-1,70,69,71,-1,70,71,72,-1,36,73,38,-1,38,73,74,-1,38,74,75,-1,75,74,76,-1,75,76,77,-1,77,76,78,-1,77,78,79,-1,79,78,80,-1,79,80,81,-1,81,80,82,-1,81,82,83,-1,83,82,84,-1,83,84,62,-1,62,84,85,-1,62,85,63,-1,86,87,88,-1,88,87,89,-1,88,89,33,-1,33,89,90,-1,33,90,31,-1,91,92,93,-1,93,92,94,-1,93,94,95,-1,95,94,96,-1,95,96,97,-1,97,96,98,-1,97,98,99,-1,99,98,100,-1,99,100,14,-1,14,100,101,-1,14,101,13,-1,10,102,11,-1,11,102,103,-1,11,103,104,-1,104,103,105,-1,104,105,106,-1,106,105,107,-1,106,107,108,-1,108,107,109,-1,108,109,110,-1,110,109,111,-1,110,111,112,-1,112,111,113,-1,112,113,114,-1,114,113,115,-1,114,115,116,-1,116,115,117,-1,116,117,118,-1,118,117,119,-1,118,119,19,-1,19,119,120,-1,19,120,23,-1,43,42,121,-1,121,42,122,-1,121,122,123,-1,123,122,124,-1,123,124,125,-1,125,124,126,-1,125,126,127,-1,127,126,128,-1,127,128,86,-1,86,128,129,-1,86,129,87,-1,2,130,0,-1,0,130,131,-1,0,131,132,-1,132,131,133,-1,132,133,134,-1,134,133,135,-1,134,135,91,-1,91,135,136,-1,91,136,92,-1,137,138,139,-1,71,140,72,-1,72,140,137,-1,72,137,141,-1,141,137,139,-1,142,143,137,-1,137,143,144,-1,137,144,138,-1,145,146,147,-1,146,148,147,-1,147,148,149,-1,147,149,150,-1,142,137,147,-1,147,137,151,-1,147,151,145,-1,152,38,153,-1,153,38,75,-1,153,75,154,-1,154,75,77,-1,154,77,155,-1,155,77,79,-1,155,79,156,-1,152,157,38,-1,38,157,158,-1,38,158,37,-1,37,158,159,-1,37,159,35,-1,35,159,160,-1,35,160,33,-1,33,160,161,-1,33,161,88,-1,88,161,162,-1,88,162,86,-1,127,86,163,-1,163,86,162,-1,163,164,127,-1,127,164,165,-1,127,165,125,-1,125,165,166,-1,125,166,123,-1,123,166,167,-1,123,167,121,-1,121,167,168,-1,121,168,43,-1,43,168,41,-1,41,168,169,-1,41,169,170,-1,41,170,171,-1,41,171,39,-1,39,171,172,-1,39,172,6,-1,6,172,173,-1,6,173,46,-1,46,173,174,-1,46,174,15,-1,15,174,175,-1,15,175,2,-1,2,175,176,-1,2,176,130,-1,130,176,177,-1,130,177,131,-1,131,177,178,-1,131,178,133,-1,136,135,179,-1,179,135,133,-1,179,133,178,-1,179,180,136,-1,136,180,181,-1,136,181,92,-1,92,181,182,-1,182,183,92,-1,92,183,184,-1,92,184,94,-1,94,184,185,-1,94,185,96,-1,96,185,186,-1,96,186,98,-1,98,186,187,-1,98,187,100,-1,100,187,188,-1,100,188,101,-1,101,188,189,-1,101,189,13,-1,13,189,190,-1,13,190,12,-1,12,190,191,-1,12,191,30,-1,191,192,30,-1,30,192,193,-1,30,193,29,-1,29,193,194,-1,29,194,59,-1,59,194,195,-1,59,195,57,-1,195,196,57,-1,57,196,197,-1,57,197,55,-1,55,197,198,-1,55,198,53,-1,199,20,5,-1,53,198,200,-1,201,21,200,-1,200,21,51,-1,200,51,53,-1,201,202,21,-1,21,202,203,-1,21,203,22,-1,22,203,204,-1,22,204,3,-1,3,204,205,-1,3,205,4,-1,4,205,206,-1,4,206,5,-1,5,206,207,-1,5,207,199,-1,18,20,208,-1,208,20,199,-1,16,18,209,-1,209,18,208,-1,17,16,210,-1,210,16,209,-1,19,17,211,-1,211,17,210,-1,19,211,212,-1,19,212,118,-1,118,212,213,-1,118,213,116,-1,116,213,214,-1,116,214,114,-1,114,214,215,-1,114,215,112,-1,112,215,216,-1,112,216,110,-1,110,216,217,-1,110,217,108,-1,108,217,218,-1,108,218,106,-1,106,218,219,-1,106,219,104,-1,104,219,220,-1,104,220,11,-1,11,220,221,-1,11,221,14,-1,14,221,222,-1,14,222,99,-1,99,222,223,-1,99,223,97,-1,97,223,224,-1,97,224,95,-1,95,224,225,-1,95,225,93,-1,91,93,225,-1,225,226,91,-1,91,226,227,-1,91,227,228,-1,229,132,228,-1,228,132,134,-1,228,134,91,-1,229,230,132,-1,132,230,231,-1,132,231,0,-1,0,231,232,-1,0,232,1,-1,1,232,233,-1,1,233,44,-1,44,233,234,-1,44,234,45,-1,45,234,235,-1,45,235,47,-1,47,235,236,-1,47,236,48,-1,48,236,237,-1,48,237,7,-1,7,237,238,-1,7,238,8,-1,8,238,239,-1,8,239,40,-1,40,239,240,-1,40,240,42,-1,42,240,241,-1,42,241,122,-1,122,241,242,-1,122,242,124,-1,124,242,243,-1,124,243,126,-1,126,243,244,-1,126,244,128,-1,128,244,245,-1,128,245,129,-1,129,245,246,-1,129,246,87,-1,87,246,247,-1,87,247,89,-1,89,247,248,-1,89,248,90,-1,90,248,31,-1,31,248,249,-1,31,249,250,-1,32,31,251,-1,251,31,250,-1,32,251,252,-1,32,252,34,-1,34,252,253,-1,34,253,36,-1,36,253,254,-1,36,254,73,-1,73,254,255,-1,73,255,74,-1,74,255,256,-1,74,256,76,-1,256,257,76,-1,76,257,258,-1,76,258,78,-1,78,258,259,-1,78,259,80,-1,80,259,260,-1,80,260,82,-1,82,260,261,-1,82,261,84,-1,84,261,262,-1,84,262,85,-1,85,262,263,-1,85,263,63,-1,63,263,264,-1,63,264,65,-1,65,264,265,-1,65,265,67,-1,67,265,266,-1,67,266,69,-1,71,69,267,-1,267,69,266,-1,71,267,268,-1,71,268,140,-1,140,268,269,-1,140,269,137,-1,137,269,270,-1,137,270,151,-1,151,270,271,-1,151,271,145,-1,145,271,272,-1,145,272,146,-1,146,272,273,-1,146,273,148,-1,148,273,274,-1,148,274,149,-1,149,274,275,-1,149,275,150,-1,150,275,276,-1,150,276,147,-1,147,276,277,-1,147,277,142,-1,142,277,278,-1,142,278,143,-1,143,278,279,-1,143,279,144,-1,144,279,280,-1,144,280,138,-1,138,280,281,-1,138,281,139,-1,139,281,282,-1,139,282,141,-1,141,282,283,-1,141,283,72,-1,72,283,284,-1,72,284,70,-1,68,70,285,-1,285,70,284,-1,68,285,286,-1,68,286,66,-1,66,286,287,-1,66,287,64,-1,64,287,288,-1,64,288,62,-1,62,288,289,-1,62,289,83,-1,83,289,290,-1,83,290,81,-1,81,290,156,-1,81,156,79,-1,113,291,292,-1,113,292,115,-1,115,292,293,-1,115,293,117,-1,117,293,294,-1,117,294,119,-1,119,294,295,-1,119,295,120,-1,120,295,296,-1,120,296,23,-1,23,296,297,-1,23,297,24,-1,24,297,298,-1,24,298,25,-1,25,298,299,-1,25,299,26,-1,26,299,300,-1,26,300,27,-1,27,300,301,-1,27,301,49,-1,49,301,302,-1,49,302,50,-1,50,302,303,-1,50,303,52,-1,52,303,304,-1,52,304,54,-1,54,304,305,-1,54,305,56,-1,56,305,306,-1,56,306,58,-1,58,306,307,-1,58,307,60,-1,60,307,308,-1,60,308,61,-1,61,308,309,-1,61,309,28,-1,28,309,310,-1,28,310,9,-1,9,310,311,-1,9,311,10,-1,10,311,312,-1,10,312,102,-1,102,312,313,-1,102,313,103,-1,103,313,314,-1,103,314,105,-1,105,314,315,-1,105,315,107,-1,107,315,316,-1,107,316,109,-1,109,316,317,-1,109,317,111,-1,111,317,291,-1,111,291,113,-1,
        ]
    }
}
Shape{
    appearance Appearance {
        material  Material 	{
            diffuseColor 0.25098039215686274 0.25098039215686274 0.25098039215686274
            specularColor 0.12549019607843137 0.12549019607843137 0.12549019607843137
            ambientIntensity 0.2
            transparency 0
            shininess 0.5
        }
    }
    geometry IndexedFaceSet {
        ccw TRUE
        solid FALSE
        coord DEF co Coordinate {
            point [
                1.4856 -0.2236 0.0363, 1.4823 -0.2376 0.0748, 1.4825 -0.24 0.0722, 1.4856 -0.2171 0.037, 1.4854 -0.2121 0.0389, 1.4818 -0.2187 0.0802, 1.4818 -0.2226 0.0805, 1.4818 -0.2282 0.0798, 1.482 -0.2331 0.0779, 1.4843 -0.2437 0.0513, 1.4847 -0.2414 0.0466, 1.4851 -0.2382 0.0427, 1.4856 -0.2226 0.0363, 1.4829 -0.2022 0.067, 1.4825 -0.2048 0.0716, 1.4848 -0.2043 0.0459, 1.4822 -0.2086 0.0755, 1.4829 -0.2429 0.0675, 1.4834 -0.2445 0.0621, 1.4839 -0.2448 0.0566, 1.4854 -0.2339 0.0394, 1.4856 -0.2287 0.0372, 1.4851 -0.2078 0.042, 1.4819 -0.2133 0.0785, 1.4844 -0.2018 0.0509, 1.4839 -0.2005 0.0563, 1.4834 -0.2007 0.0618, 1.4834 -0.2007 0.0618
            ]
        }
        coordIndex [
            0,1,2,-1,3,4,5,-1,6,7,0,-1,0,7,8,-1,0,8,1,-1,9,10,2,-1,2,10,11,-1,6,0,5,-1,5,0,12,-1,5,12,3,-1,13,14,15,-1,15,14,16,-1,17,18,2,-1,2,18,19,-1,2,19,9,-1,11,20,2,-1,2,20,21,-1,2,21,0,-1,4,22,5,-1,5,22,15,-1,5,15,23,-1,23,15,16,-1,24,25,15,-1,15,25,26,-1,15,26,13,-1,
        ]
    }
}
Shape{
    appearance Appearance {
        material  Material 	{
            diffuseColor 1.0 1.0 1.0
            specularColor 0.5019607843137255 0.5019607843137255 0.5019607843137255
            ambientIntensity 0.2
            transparency 0
            shininess 0.5
        }
    }
    geometry IndexedFaceSet {
        ccw TRUE
        solid FALSE
        coord DEF co Coordinate {
            point [
                -0.6205 1.1878 0.6949, -0.6205 0.7941 0.6949, -0.6205 1.1878 0.6988, -0.6205 0.7941 0.6988, -0.6831 0.7941 0.6949, -0.6831 0.7941 0.6988, -0.8762 1.0997 0.6949, -0.8762 1.0997 0.6988, -0.8893 1.1253 0.6949, -0.8893 1.1253 0.6988, -0.8834 1.1122 0.6988, -0.8834 1.1122 0.6949, -0.8909 1.1253 0.6949, -0.8909 1.1253 0.6988, -0.8893 1.0703 0.6949, -0.8893 1.0703 0.6988, -0.8896 1.0978 0.6988, -0.8896 1.0978 0.6949, -0.8893 0.7941 0.6949, -0.8893 0.7941 0.6988, -0.9421 0.7941 0.6949, -0.9421 0.7941 0.6988, -0.9421 1.1878 0.6949, -0.9421 1.1878 0.6988, -0.8749 1.1878 0.6949, -0.8749 1.1878 0.6988, -0.6876 0.8884 0.6949, -0.6876 0.8884 0.6988, -0.6718 0.8613 0.6949, -0.6718 0.8613 0.6988, -0.6793 0.875 0.6988, -0.6793 0.875 0.6949, -0.6707 0.8613 0.6949, -0.6707 0.8613 0.6988, -0.6733 0.9184 0.6949, -0.6733 0.9184 0.6988, -0.6728 0.8898 0.6988, -0.6728 0.8898 0.6949, -0.6733 1.1878 0.6949, -0.6733 1.1878 0.6988, -1.3935 0.9863 0.6949, -1.3935 0.9863 0.6988, -1.3888 0.9362 0.6988, -1.3888 0.9362 0.6949, -1.3755 0.8936 0.6988, -1.3755 0.8936 0.6949, -1.3537 0.8569 0.6988, -1.3537 0.8569 0.6949, -1.3254 0.8276 0.6988, -1.3254 0.8276 0.6949, -1.2932 0.8071 0.6988, -1.2932 0.8071 0.6949, -1.2562 0.7944 0.6988, -1.2562 0.7944 0.6949, -1.208 0.7893 0.6988, -1.208 0.7893 0.6949, -1.2016 1.1926 0.6949, -1.2016 1.1926 0.6988, -1.2447 1.1888 0.6988, -1.2447 1.1888 0.6949, -1.2845 1.1771 0.6988, -1.2845 1.1771 0.6949, -1.3209 1.1557 0.6988, -1.3209 1.1557 0.6949, -1.3519 1.1246 0.6988, -1.3519 1.1246 0.6949, -1.3741 1.0875 0.6988, -1.3741 1.0875 0.6949, -1.3884 1.0415 0.6988, -1.3884 1.0415 0.6949, -1.019 0.9956 0.6949, -1.019 0.9956 0.6988, -1.0217 1.035 0.6988, -1.0217 1.035 0.6949, -1.0329 1.0789 0.6988, -1.0329 1.0789 0.6949, -1.0534 1.1182 0.6988, -1.0534 1.1182 0.6949, -1.0826 1.1511 0.6988, -1.0826 1.1511 0.6949, -1.1169 1.1741 0.6988, -1.1169 1.1741 0.6949, -1.1541 1.1873 0.6988, -1.1541 1.1873 0.6949, -1.1605 0.794 0.6988, -1.1605 0.794 0.6949, -1.1225 0.8067 0.6988, -1.1225 0.8067 0.6949, -1.0899 0.8268 0.6988, -1.0899 0.8268 0.6949, -1.0597 0.8577 0.6988, -1.0597 0.8577 0.6949, -1.038 0.8945 0.6988, -1.038 0.8945 0.6949, -1.0239 0.9404 0.6988, -1.0239 0.9404 0.6949, -1.0718 0.9898 0.6949, -1.0757 1.0363 0.6949, -1.0859 1.0722 0.6949, -1.1021 1.1014 0.6949, -1.1214 1.1218 0.6949, -1.1433 1.1362 0.6949, -1.1693 1.1455 0.6949, -1.2046 1.1493 0.6949, -1.2398 1.1452 0.6949, -1.2662 1.1351 0.6949, -1.2898 1.1189 0.6949, -1.3125 1.0931 0.6949, -1.3286 1.0623 0.6949, -1.3391 1.0187 0.6949, -1.3406 0.9905 0.6949, -1.3364 0.9452 0.6949, -1.325 0.9091 0.6949, -1.3084 0.8812 0.6949, -1.2871 0.8591 0.6949, -1.2639 0.8444 0.6949, -1.2367 0.8353 0.6949, -1.2079 0.8325 0.6949, -1.1725 0.8362 0.6949, -1.1452 0.8455 0.6949, -1.1223 0.8601 0.6949, -1.1041 0.8787 0.6949, -1.0886 0.9037 0.6949, -1.0763 0.9412 0.6949, -1.3406 0.9905 0.6988, -1.3391 1.0187 0.6988, -1.3286 1.0623 0.6988, -1.3125 1.0931 0.6988, -1.2898 1.1189 0.6988, -1.2662 1.1351 0.6988, -1.2398 1.1452 0.6988, -1.2046 1.1493 0.6988, -1.1693 1.1455 0.6988, -1.1433 1.1362 0.6988, -1.1214 1.1218 0.6988, -1.1021 1.1014 0.6988, -1.0859 1.0722 0.6988, -1.0757 1.0363 0.6988, -1.0718 0.9898 0.6988, -1.0763 0.9412 0.6988, -1.0886 0.9037 0.6988, -1.1041 0.8787 0.6988, -1.1223 0.8601 0.6988, -1.1452 0.8455 0.6988, -1.1725 0.8362 0.6988, -1.2079 0.8325 0.6988, -1.2367 0.8353 0.6988, -1.2639 0.8444 0.6988, -1.2871 0.8591 0.6988, -1.3084 0.8812 0.6988, -1.325 0.9091 0.6988, -1.3364 0.9452 0.6988, -1.3364 0.9452 0.6988
            ]
        }
        coordIndex [
            0,1,2,-1,2,1,3,-1,1,4,3,-1,3,4,5,-1,4,6,5,-1,5,6,7,-1,8,9,10,-1,8,10,11,-1,11,10,7,-1,11,7,6,-1,8,12,9,-1,9,12,13,-1,14,15,16,-1,14,16,17,-1,17,16,13,-1,17,13,12,-1,14,18,15,-1,15,18,19,-1,18,20,19,-1,19,20,21,-1,20,22,21,-1,21,22,23,-1,22,24,23,-1,23,24,25,-1,24,26,25,-1,25,26,27,-1,28,29,30,-1,28,30,31,-1,31,30,27,-1,31,27,26,-1,28,32,29,-1,29,32,33,-1,34,35,36,-1,34,36,37,-1,37,36,33,-1,37,33,32,-1,34,38,35,-1,35,38,39,-1,38,0,39,-1,39,0,2,-1,0,38,1,-1,1,38,34,-1,20,18,22,-1,22,18,14,-1,14,17,22,-1,22,17,12,-1,22,12,24,-1,24,12,8,-1,34,37,1,-1,1,37,32,-1,1,32,4,-1,4,32,28,-1,28,31,4,-1,4,31,26,-1,4,26,6,-1,6,26,24,-1,6,24,11,-1,11,24,8,-1,40,41,42,-1,40,42,43,-1,43,42,44,-1,43,44,45,-1,45,44,46,-1,45,46,47,-1,47,46,48,-1,47,48,49,-1,49,48,50,-1,49,50,51,-1,51,50,52,-1,51,52,53,-1,53,52,54,-1,53,54,55,-1,56,57,58,-1,56,58,59,-1,59,58,60,-1,59,60,61,-1,61,60,62,-1,61,62,63,-1,63,62,64,-1,63,64,65,-1,65,64,66,-1,65,66,67,-1,67,66,68,-1,67,68,69,-1,69,68,41,-1,69,41,40,-1,70,71,72,-1,70,72,73,-1,73,72,74,-1,73,74,75,-1,75,74,76,-1,75,76,77,-1,77,76,78,-1,77,78,79,-1,79,78,80,-1,79,80,81,-1,81,80,82,-1,81,82,83,-1,83,82,57,-1,83,57,56,-1,55,54,84,-1,55,84,85,-1,85,84,86,-1,85,86,87,-1,87,86,88,-1,87,88,89,-1,89,88,90,-1,89,90,91,-1,91,90,92,-1,91,92,93,-1,93,92,94,-1,93,94,95,-1,95,94,71,-1,95,71,70,-1,96,70,97,-1,97,70,73,-1,97,73,98,-1,98,73,75,-1,98,75,99,-1,99,75,77,-1,99,77,100,-1,100,77,79,-1,100,79,101,-1,101,79,81,-1,101,81,102,-1,102,81,83,-1,102,83,103,-1,103,83,56,-1,103,56,104,-1,104,56,59,-1,104,59,105,-1,105,59,61,-1,105,61,106,-1,106,61,63,-1,106,63,107,-1,107,63,65,-1,107,65,108,-1,108,65,67,-1,108,67,109,-1,109,67,69,-1,109,69,110,-1,110,69,40,-1,110,40,111,-1,111,40,43,-1,111,43,112,-1,112,43,45,-1,112,45,113,-1,113,45,47,-1,113,47,114,-1,114,47,49,-1,114,49,115,-1,115,49,51,-1,115,51,116,-1,116,51,53,-1,116,53,117,-1,117,53,55,-1,117,55,118,-1,118,55,85,-1,118,85,119,-1,119,85,87,-1,119,87,120,-1,120,87,89,-1,120,89,121,-1,121,89,91,-1,121,91,122,-1,122,91,93,-1,122,93,123,-1,123,93,95,-1,123,95,96,-1,96,95,70,-1,110,124,125,-1,110,125,109,-1,109,125,126,-1,109,126,108,-1,108,126,127,-1,108,127,107,-1,107,127,128,-1,107,128,106,-1,106,128,129,-1,106,129,105,-1,105,129,130,-1,105,130,104,-1,104,130,131,-1,104,131,103,-1,103,131,132,-1,103,132,102,-1,102,132,133,-1,102,133,101,-1,101,133,134,-1,101,134,100,-1,100,134,135,-1,100,135,99,-1,99,135,136,-1,99,136,98,-1,98,136,137,-1,98,137,97,-1,97,137,138,-1,97,138,96,-1,96,138,139,-1,96,139,123,-1,123,139,140,-1,123,140,122,-1,122,140,141,-1,122,141,121,-1,121,141,142,-1,121,142,120,-1,120,142,143,-1,120,143,119,-1,119,143,144,-1,119,144,118,-1,118,144,145,-1,118,145,117,-1,117,145,146,-1,117,146,116,-1,116,146,147,-1,116,147,115,-1,115,147,148,-1,115,148,114,-1,114,148,149,-1,114,149,113,-1,113,149,150,-1,113,150,112,-1,112,150,151,-1,112,151,111,-1,111,151,124,-1,111,124,110,-1,
        ]
    }
}
Shape{
    appearance Appearance {
        material  Material 	{
            diffuseColor 0.25098039215686274 0.25098039215686274 0.25098039215686274
            specularColor 0.12549019607843137 0.12549019607843137 0.12549019607843137
            ambientIntensity 0.2
            transparency 0
            shininess 0.5
        }
    }
    geometry IndexedFaceSet {
        ccw TRUE
        solid FALSE
        coord DEF co Coordinate {
            point [
                -1.3406 0.9905 0.6988, -1.0718 0.9898 0.6988, -1.3391 1.0187 0.6988, -1.0757 1.0363 0.6988, -1.1223 0.8601 0.6988, -1.1041 0.8787 0.6988, -1.1452 0.8455 0.6988, -1.0886 0.9037 0.6988, -1.0763 0.9412 0.6988, -1.2662 1.1351 0.6988, -1.2398 1.1452 0.6988, -1.2046 1.1493 0.6988, -1.325 0.9091 0.6988, -1.3084 0.8812 0.6988, -1.2367 0.8353 0.6988, -1.2871 0.8591 0.6988, -1.2639 0.8444 0.6988, -1.3364 0.9452 0.6988, -1.2079 0.8325 0.6988, -1.1725 0.8362 0.6988, -1.2898 1.1189 0.6988, -1.3125 1.0931 0.6988, -1.3286 1.0623 0.6988, -1.0859 1.0722 0.6988, -1.1021 1.1014 0.6988, -1.1214 1.1218 0.6988, -1.1433 1.1362 0.6988, -1.1693 1.1455 0.6988, -1.1693 1.1455 0.6988
            ]
        }
        coordIndex [
            0,1,2,-1,2,1,3,-1,4,5,0,-1,4,0,6,-1,5,7,0,-1,0,7,8,-1,0,8,1,-1,9,2,10,-1,10,2,11,-1,12,13,14,-1,14,13,15,-1,14,15,16,-1,12,14,17,-1,17,14,18,-1,17,18,0,-1,0,18,19,-1,0,19,6,-1,9,20,2,-1,2,20,21,-1,2,21,22,-1,3,23,2,-1,2,23,24,-1,2,24,25,-1,25,26,2,-1,2,26,27,-1,2,27,11,-1,
        ]
    }
}